setting,test_year,source_year,source_week,week_label,analysis_week,target_year,target_week,target_analysis_week,horizon_weeks,model,actual,predicted
Brazil,2023,2022,52,2022-W52,364,2023,1,365,1,moving_average_4,28533.0,10503.0
Brazil,2023,2023,1,2023-W01,365,2023,2,366,1,moving_average_4,30645.0,13637.0
Brazil,2023,2023,2,2023-W02,366,2023,3,367,1,moving_average_4,36999.0,17721.0
Brazil,2023,2023,3,2023-W03,367,2023,4,368,1,moving_average_4,42470.0,24775.75
Brazil,2023,2023,4,2023-W04,368,2023,5,369,1,moving_average_4,52668.0,34661.75
Brazil,2023,2023,5,2023-W05,369,2023,6,370,1,moving_average_4,64987.0,40695.5
Brazil,2023,2023,6,2023-W06,370,2023,7,371,1,moving_average_4,66762.0,49281.0
Brazil,2023,2023,7,2023-W07,371,2023,8,372,1,moving_average_4,77027.0,56721.75
Brazil,2023,2023,8,2023-W08,372,2023,9,373,1,moving_average_4,98392.0,65361.0
Brazil,2023,2023,9,2023-W09,373,2023,10,374,1,moving_average_4,115216.0,76792.0
Brazil,2023,2023,10,2023-W10,374,2023,11,375,1,moving_average_4,131868.0,89349.25
Brazil,2023,2023,11,2023-W11,375,2023,12,376,1,moving_average_4,160054.0,105625.75
Brazil,2023,2023,12,2023-W12,376,2023,13,377,1,moving_average_4,171176.0,126382.5
Brazil,2023,2023,13,2023-W13,377,2023,14,378,1,moving_average_4,161477.0,144578.5
Brazil,2023,2023,14,2023-W14,378,2023,15,379,1,moving_average_4,186718.0,156143.75
Brazil,2023,2023,15,2023-W15,379,2023,16,380,1,moving_average_4,165002.0,169856.25
Brazil,2023,2023,16,2023-W16,380,2023,17,381,1,moving_average_4,148400.0,171093.25
Brazil,2023,2023,17,2023-W17,381,2023,18,382,1,moving_average_4,158352.0,165399.25
Brazil,2023,2023,18,2023-W18,382,2023,19,383,1,moving_average_4,144376.0,164618.0
Brazil,2023,2023,19,2023-W19,383,2023,20,384,1,moving_average_4,121825.0,154032.5
Brazil,2023,2023,20,2023-W20,384,2023,21,385,1,moving_average_4,90703.0,143238.25
Brazil,2023,2023,21,2023-W21,385,2023,22,386,1,moving_average_4,72095.0,128814.0
Brazil,2023,2023,22,2023-W22,386,2023,23,387,1,moving_average_4,55721.0,107249.75
Brazil,2023,2023,23,2023-W23,387,2023,24,388,1,moving_average_4,48059.0,85086.0
Brazil,2023,2023,24,2023-W24,388,2023,25,389,1,moving_average_4,39160.0,66644.5
Brazil,2023,2023,25,2023-W25,389,2023,26,390,1,moving_average_4,33459.0,53758.75
Brazil,2023,2023,26,2023-W26,390,2023,27,391,1,moving_average_4,27767.0,44099.75
Brazil,2023,2023,27,2023-W27,391,2023,28,392,1,moving_average_4,24236.0,37111.25
Brazil,2023,2023,28,2023-W28,392,2023,29,393,1,moving_average_4,20558.0,31155.5
Brazil,2023,2023,29,2023-W29,393,2023,30,394,1,moving_average_4,18393.0,26505.0
Brazil,2023,2023,30,2023-W30,394,2023,31,395,1,moving_average_4,19179.0,22738.5
Brazil,2023,2023,31,2023-W31,395,2023,32,396,1,moving_average_4,17728.0,20591.5
Brazil,2023,2023,32,2023-W32,396,2023,33,397,1,moving_average_4,17804.0,18964.5
Brazil,2023,2023,33,2023-W33,397,2023,34,398,1,moving_average_4,17132.0,18276.0
Brazil,2023,2023,34,2023-W34,398,2023,35,399,1,moving_average_4,15933.0,17960.75
Brazil,2023,2023,35,2023-W35,399,2023,36,400,1,moving_average_4,14827.0,17149.25
Brazil,2023,2023,36,2023-W36,400,2023,37,401,1,moving_average_4,17637.0,16424.0
Brazil,2023,2023,37,2023-W37,401,2023,38,402,1,moving_average_4,18790.0,16382.25
Brazil,2023,2023,38,2023-W38,402,2023,39,403,1,moving_average_4,17681.0,16796.75
Brazil,2023,2023,39,2023-W39,403,2023,40,404,1,moving_average_4,19313.0,17233.75
Brazil,2023,2023,40,2023-W40,404,2023,41,405,1,moving_average_4,17341.0,18355.25
Brazil,2023,2023,41,2023-W41,405,2023,42,406,1,moving_average_4,21013.0,18281.25
Brazil,2023,2023,42,2023-W42,406,2023,43,407,1,moving_average_4,19662.0,18837.0
Brazil,2023,2023,43,2023-W43,407,2023,44,408,1,moving_average_4,18785.0,19332.25
Brazil,2023,2023,44,2023-W44,408,2023,45,409,1,moving_average_4,24393.0,19200.25
Brazil,2023,2023,45,2023-W45,409,2023,46,410,1,moving_average_4,22124.0,20963.25
Brazil,2023,2023,46,2023-W46,410,2023,47,411,1,moving_average_4,27767.0,21241.0
Brazil,2023,2023,47,2023-W47,411,2023,48,412,1,moving_average_4,30045.0,23267.25
Brazil,2023,2023,48,2023-W48,412,2023,49,413,1,moving_average_4,33247.0,26082.25
Brazil,2023,2023,49,2023-W49,413,2023,50,414,1,moving_average_4,40789.0,28295.75
Brazil,2023,2023,50,2023-W50,414,2023,51,415,1,moving_average_4,38305.0,32962.0
Brazil,2023,2023,51,2023-W51,415,2023,52,416,1,moving_average_4,2146.0,35596.5
Brazil,2023,2022,52,2022-W52,364,2023,1,365,1,persistence,28533.0,2926.0
Brazil,2023,2023,1,2023-W01,365,2023,2,366,1,persistence,30645.0,28533.0
Brazil,2023,2023,2,2023-W02,366,2023,3,367,1,persistence,36999.0,30645.0
Brazil,2023,2023,3,2023-W03,367,2023,4,368,1,persistence,42470.0,36999.0
Brazil,2023,2023,4,2023-W04,368,2023,5,369,1,persistence,52668.0,42470.0
Brazil,2023,2023,5,2023-W05,369,2023,6,370,1,persistence,64987.0,52668.0
Brazil,2023,2023,6,2023-W06,370,2023,7,371,1,persistence,66762.0,64987.0
Brazil,2023,2023,7,2023-W07,371,2023,8,372,1,persistence,77027.0,66762.0
Brazil,2023,2023,8,2023-W08,372,2023,9,373,1,persistence,98392.0,77027.0
Brazil,2023,2023,9,2023-W09,373,2023,10,374,1,persistence,115216.0,98392.0
Brazil,2023,2023,10,2023-W10,374,2023,11,375,1,persistence,131868.0,115216.0
Brazil,2023,2023,11,2023-W11,375,2023,12,376,1,persistence,160054.0,131868.0
Brazil,2023,2023,12,2023-W12,376,2023,13,377,1,persistence,171176.0,160054.0
Brazil,2023,2023,13,2023-W13,377,2023,14,378,1,persistence,161477.0,171176.0
Brazil,2023,2023,14,2023-W14,378,2023,15,379,1,persistence,186718.0,161477.0
Brazil,2023,2023,15,2023-W15,379,2023,16,380,1,persistence,165002.0,186718.0
Brazil,2023,2023,16,2023-W16,380,2023,17,381,1,persistence,148400.0,165002.0
Brazil,2023,2023,17,2023-W17,381,2023,18,382,1,persistence,158352.0,148400.0
Brazil,2023,2023,18,2023-W18,382,2023,19,383,1,persistence,144376.0,158352.0
Brazil,2023,2023,19,2023-W19,383,2023,20,384,1,persistence,121825.0,144376.0
Brazil,2023,2023,20,2023-W20,384,2023,21,385,1,persistence,90703.0,121825.0
Brazil,2023,2023,21,2023-W21,385,2023,22,386,1,persistence,72095.0,90703.0
Brazil,2023,2023,22,2023-W22,386,2023,23,387,1,persistence,55721.0,72095.0
Brazil,2023,2023,23,2023-W23,387,2023,24,388,1,persistence,48059.0,55721.0
Brazil,2023,2023,24,2023-W24,388,2023,25,389,1,persistence,39160.0,48059.0
Brazil,2023,2023,25,2023-W25,389,2023,26,390,1,persistence,33459.0,39160.0
Brazil,2023,2023,26,2023-W26,390,2023,27,391,1,persistence,27767.0,33459.0
Brazil,2023,2023,27,2023-W27,391,2023,28,392,1,persistence,24236.0,27767.0
Brazil,2023,2023,28,2023-W28,392,2023,29,393,1,persistence,20558.0,24236.0
Brazil,2023,2023,29,2023-W29,393,2023,30,394,1,persistence,18393.0,20558.0
Brazil,2023,2023,30,2023-W30,394,2023,31,395,1,persistence,19179.0,18393.0
Brazil,2023,2023,31,2023-W31,395,2023,32,396,1,persistence,17728.0,19179.0
Brazil,2023,2023,32,2023-W32,396,2023,33,397,1,persistence,17804.0,17728.0
Brazil,2023,2023,33,2023-W33,397,2023,34,398,1,persistence,17132.0,17804.0
Brazil,2023,2023,34,2023-W34,398,2023,35,399,1,persistence,15933.0,17132.0
Brazil,2023,2023,35,2023-W35,399,2023,36,400,1,persistence,14827.0,15933.0
Brazil,2023,2023,36,2023-W36,400,2023,37,401,1,persistence,17637.0,14827.0
Brazil,2023,2023,37,2023-W37,401,2023,38,402,1,persistence,18790.0,17637.0
Brazil,2023,2023,38,2023-W38,402,2023,39,403,1,persistence,17681.0,18790.0
Brazil,2023,2023,39,2023-W39,403,2023,40,404,1,persistence,19313.0,17681.0
Brazil,2023,2023,40,2023-W40,404,2023,41,405,1,persistence,17341.0,19313.0
Brazil,2023,2023,41,2023-W41,405,2023,42,406,1,persistence,21013.0,17341.0
Brazil,2023,2023,42,2023-W42,406,2023,43,407,1,persistence,19662.0,21013.0
Brazil,2023,2023,43,2023-W43,407,2023,44,408,1,persistence,18785.0,19662.0
Brazil,2023,2023,44,2023-W44,408,2023,45,409,1,persistence,24393.0,18785.0
Brazil,2023,2023,45,2023-W45,409,2023,46,410,1,persistence,22124.0,24393.0
Brazil,2023,2023,46,2023-W46,410,2023,47,411,1,persistence,27767.0,22124.0
Brazil,2023,2023,47,2023-W47,411,2023,48,412,1,persistence,30045.0,27767.0
Brazil,2023,2023,48,2023-W48,412,2023,49,413,1,persistence,33247.0,30045.0
Brazil,2023,2023,49,2023-W49,413,2023,50,414,1,persistence,40789.0,33247.0
Brazil,2023,2023,50,2023-W50,414,2023,51,415,1,persistence,38305.0,40789.0
Brazil,2023,2023,51,2023-W51,415,2023,52,416,1,persistence,2146.0,38305.0
Brazil,2023,2022,52,2022-W52,364,2023,1,365,1,seasonal_naive,28533.0,23775.0
Brazil,2023,2023,1,2023-W01,365,2023,2,366,1,seasonal_naive,30645.0,24356.0
Brazil,2023,2023,2,2023-W02,366,2023,3,367,1,seasonal_naive,36999.0,25555.0
Brazil,2023,2023,3,2023-W03,367,2023,4,368,1,seasonal_naive,42470.0,24592.0
Brazil,2023,2023,4,2023-W04,368,2023,5,369,1,seasonal_naive,52668.0,28695.0
Brazil,2023,2023,5,2023-W05,369,2023,6,370,1,seasonal_naive,64987.0,31006.0
Brazil,2023,2023,6,2023-W06,370,2023,7,371,1,seasonal_naive,66762.0,33534.0
Brazil,2023,2023,7,2023-W07,371,2023,8,372,1,seasonal_naive,77027.0,33993.0
Brazil,2023,2023,8,2023-W08,372,2023,9,373,1,seasonal_naive,98392.0,50089.0
Brazil,2023,2023,9,2023-W09,373,2023,10,374,1,seasonal_naive,115216.0,65071.0
Brazil,2023,2023,10,2023-W10,374,2023,11,375,1,seasonal_naive,131868.0,79634.0
Brazil,2023,2023,11,2023-W11,375,2023,12,376,1,seasonal_naive,160054.0,100950.0
Brazil,2023,2023,12,2023-W12,376,2023,13,377,1,seasonal_naive,171176.0,113359.0
Brazil,2023,2023,13,2023-W13,377,2023,14,378,1,seasonal_naive,161477.0,122981.0
Brazil,2023,2023,14,2023-W14,378,2023,15,379,1,seasonal_naive,186718.0,130956.0
Brazil,2023,2023,15,2023-W15,379,2023,16,380,1,seasonal_naive,165002.0,144148.0
Brazil,2023,2023,16,2023-W16,380,2023,17,381,1,seasonal_naive,148400.0,150494.0
Brazil,2023,2023,17,2023-W17,381,2023,18,382,1,seasonal_naive,158352.0,156194.0
Brazil,2023,2023,18,2023-W18,382,2023,19,383,1,seasonal_naive,144376.0,135258.0
Brazil,2023,2023,19,2023-W19,383,2023,20,384,1,seasonal_naive,121825.0,104449.0
Brazil,2023,2023,20,2023-W20,384,2023,21,385,1,seasonal_naive,90703.0,84418.0
Brazil,2023,2023,21,2023-W21,385,2023,22,386,1,seasonal_naive,72095.0,75749.0
Brazil,2023,2023,22,2023-W22,386,2023,23,387,1,seasonal_naive,55721.0,62242.0
Brazil,2023,2023,23,2023-W23,387,2023,24,388,1,seasonal_naive,48059.0,49103.0
Brazil,2023,2023,24,2023-W24,388,2023,25,389,1,seasonal_naive,39160.0,46551.0
Brazil,2023,2023,25,2023-W25,389,2023,26,390,1,seasonal_naive,33459.0,39090.0
Brazil,2023,2023,26,2023-W26,390,2023,27,391,1,seasonal_naive,27767.0,33238.0
Brazil,2023,2023,27,2023-W27,391,2023,28,392,1,seasonal_naive,24236.0,29619.0
Brazil,2023,2023,28,2023-W28,392,2023,29,393,1,seasonal_naive,20558.0,25425.0
Brazil,2023,2023,29,2023-W29,393,2023,30,394,1,seasonal_naive,18393.0,22702.0
Brazil,2023,2023,30,2023-W30,394,2023,31,395,1,seasonal_naive,19179.0,22132.0
Brazil,2023,2023,31,2023-W31,395,2023,32,396,1,seasonal_naive,17728.0,18921.0
Brazil,2023,2023,32,2023-W32,396,2023,33,397,1,seasonal_naive,17804.0,17661.0
Brazil,2023,2023,33,2023-W33,397,2023,34,398,1,seasonal_naive,17132.0,16043.0
Brazil,2023,2023,34,2023-W34,398,2023,35,399,1,seasonal_naive,15933.0,14651.0
Brazil,2023,2023,35,2023-W35,399,2023,36,400,1,seasonal_naive,14827.0,14313.0
Brazil,2023,2023,36,2023-W36,400,2023,37,401,1,seasonal_naive,17637.0,13779.0
Brazil,2023,2023,37,2023-W37,401,2023,38,402,1,seasonal_naive,18790.0,13212.0
Brazil,2023,2023,38,2023-W38,402,2023,39,403,1,seasonal_naive,17681.0,12830.0
Brazil,2023,2023,39,2023-W39,403,2023,40,404,1,seasonal_naive,19313.0,13291.0
Brazil,2023,2023,40,2023-W40,404,2023,41,405,1,seasonal_naive,17341.0,13221.0
Brazil,2023,2023,41,2023-W41,405,2023,42,406,1,seasonal_naive,21013.0,14254.0
Brazil,2023,2023,42,2023-W42,406,2023,43,407,1,seasonal_naive,19662.0,13490.0
Brazil,2023,2023,43,2023-W43,407,2023,44,408,1,seasonal_naive,18785.0,12854.0
Brazil,2023,2023,44,2023-W44,408,2023,45,409,1,seasonal_naive,24393.0,14918.0
Brazil,2023,2023,45,2023-W45,409,2023,46,410,1,seasonal_naive,22124.0,16331.0
Brazil,2023,2023,46,2023-W46,410,2023,47,411,1,seasonal_naive,27767.0,16357.0
Brazil,2023,2023,47,2023-W47,411,2023,48,412,1,seasonal_naive,30045.0,15994.0
Brazil,2023,2023,48,2023-W48,412,2023,49,413,1,seasonal_naive,33247.0,15997.0
Brazil,2023,2023,49,2023-W49,413,2023,50,414,1,seasonal_naive,40789.0,14309.0
Brazil,2023,2023,50,2023-W50,414,2023,51,415,1,seasonal_naive,38305.0,8780.0
Brazil,2023,2023,51,2023-W51,415,2023,52,416,1,seasonal_naive,2146.0,2926.0
Brazil,2023,2022,51,2022-W51,363,2023,1,365,2,moving_average_4,28533.0,13770.0
Brazil,2023,2022,52,2022-W52,364,2023,2,366,2,moving_average_4,30645.0,10503.0
Brazil,2023,2023,1,2023-W01,365,2023,3,367,2,moving_average_4,36999.0,13637.0
Brazil,2023,2023,2,2023-W02,366,2023,4,368,2,moving_average_4,42470.0,17721.0
Brazil,2023,2023,3,2023-W03,367,2023,5,369,2,moving_average_4,52668.0,24775.75
Brazil,2023,2023,4,2023-W04,368,2023,6,370,2,moving_average_4,64987.0,34661.75
Brazil,2023,2023,5,2023-W05,369,2023,7,371,2,moving_average_4,66762.0,40695.5
Brazil,2023,2023,6,2023-W06,370,2023,8,372,2,moving_average_4,77027.0,49281.0
Brazil,2023,2023,7,2023-W07,371,2023,9,373,2,moving_average_4,98392.0,56721.75
Brazil,2023,2023,8,2023-W08,372,2023,10,374,2,moving_average_4,115216.0,65361.0
Brazil,2023,2023,9,2023-W09,373,2023,11,375,2,moving_average_4,131868.0,76792.0
Brazil,2023,2023,10,2023-W10,374,2023,12,376,2,moving_average_4,160054.0,89349.25
Brazil,2023,2023,11,2023-W11,375,2023,13,377,2,moving_average_4,171176.0,105625.75
Brazil,2023,2023,12,2023-W12,376,2023,14,378,2,moving_average_4,161477.0,126382.5
Brazil,2023,2023,13,2023-W13,377,2023,15,379,2,moving_average_4,186718.0,144578.5
Brazil,2023,2023,14,2023-W14,378,2023,16,380,2,moving_average_4,165002.0,156143.75
Brazil,2023,2023,15,2023-W15,379,2023,17,381,2,moving_average_4,148400.0,169856.25
Brazil,2023,2023,16,2023-W16,380,2023,18,382,2,moving_average_4,158352.0,171093.25
Brazil,2023,2023,17,2023-W17,381,2023,19,383,2,moving_average_4,144376.0,165399.25
Brazil,2023,2023,18,2023-W18,382,2023,20,384,2,moving_average_4,121825.0,164618.0
Brazil,2023,2023,19,2023-W19,383,2023,21,385,2,moving_average_4,90703.0,154032.5
Brazil,2023,2023,20,2023-W20,384,2023,22,386,2,moving_average_4,72095.0,143238.25
Brazil,2023,2023,21,2023-W21,385,2023,23,387,2,moving_average_4,55721.0,128814.0
Brazil,2023,2023,22,2023-W22,386,2023,24,388,2,moving_average_4,48059.0,107249.75
Brazil,2023,2023,23,2023-W23,387,2023,25,389,2,moving_average_4,39160.0,85086.0
Brazil,2023,2023,24,2023-W24,388,2023,26,390,2,moving_average_4,33459.0,66644.5
Brazil,2023,2023,25,2023-W25,389,2023,27,391,2,moving_average_4,27767.0,53758.75
Brazil,2023,2023,26,2023-W26,390,2023,28,392,2,moving_average_4,24236.0,44099.75
Brazil,2023,2023,27,2023-W27,391,2023,29,393,2,moving_average_4,20558.0,37111.25
Brazil,2023,2023,28,2023-W28,392,2023,30,394,2,moving_average_4,18393.0,31155.5
Brazil,2023,2023,29,2023-W29,393,2023,31,395,2,moving_average_4,19179.0,26505.0
Brazil,2023,2023,30,2023-W30,394,2023,32,396,2,moving_average_4,17728.0,22738.5
Brazil,2023,2023,31,2023-W31,395,2023,33,397,2,moving_average_4,17804.0,20591.5
Brazil,2023,2023,32,2023-W32,396,2023,34,398,2,moving_average_4,17132.0,18964.5
Brazil,2023,2023,33,2023-W33,397,2023,35,399,2,moving_average_4,15933.0,18276.0
Brazil,2023,2023,34,2023-W34,398,2023,36,400,2,moving_average_4,14827.0,17960.75
Brazil,2023,2023,35,2023-W35,399,2023,37,401,2,moving_average_4,17637.0,17149.25
Brazil,2023,2023,36,2023-W36,400,2023,38,402,2,moving_average_4,18790.0,16424.0
Brazil,2023,2023,37,2023-W37,401,2023,39,403,2,moving_average_4,17681.0,16382.25
Brazil,2023,2023,38,2023-W38,402,2023,40,404,2,moving_average_4,19313.0,16796.75
Brazil,2023,2023,39,2023-W39,403,2023,41,405,2,moving_average_4,17341.0,17233.75
Brazil,2023,2023,40,2023-W40,404,2023,42,406,2,moving_average_4,21013.0,18355.25
Brazil,2023,2023,41,2023-W41,405,2023,43,407,2,moving_average_4,19662.0,18281.25
Brazil,2023,2023,42,2023-W42,406,2023,44,408,2,moving_average_4,18785.0,18837.0
Brazil,2023,2023,43,2023-W43,407,2023,45,409,2,moving_average_4,24393.0,19332.25
Brazil,2023,2023,44,2023-W44,408,2023,46,410,2,moving_average_4,22124.0,19200.25
Brazil,2023,2023,45,2023-W45,409,2023,47,411,2,moving_average_4,27767.0,20963.25
Brazil,2023,2023,46,2023-W46,410,2023,48,412,2,moving_average_4,30045.0,21241.0
Brazil,2023,2023,47,2023-W47,411,2023,49,413,2,moving_average_4,33247.0,23267.25
Brazil,2023,2023,48,2023-W48,412,2023,50,414,2,moving_average_4,40789.0,26082.25
Brazil,2023,2023,49,2023-W49,413,2023,51,415,2,moving_average_4,38305.0,28295.75
Brazil,2023,2023,50,2023-W50,414,2023,52,416,2,moving_average_4,2146.0,32962.0
Brazil,2023,2022,51,2022-W51,363,2023,1,365,2,persistence,28533.0,8780.0
Brazil,2023,2022,52,2022-W52,364,2023,2,366,2,persistence,30645.0,2926.0
Brazil,2023,2023,1,2023-W01,365,2023,3,367,2,persistence,36999.0,28533.0
Brazil,2023,2023,2,2023-W02,366,2023,4,368,2,persistence,42470.0,30645.0
Brazil,2023,2023,3,2023-W03,367,2023,5,369,2,persistence,52668.0,36999.0
Brazil,2023,2023,4,2023-W04,368,2023,6,370,2,persistence,64987.0,42470.0
Brazil,2023,2023,5,2023-W05,369,2023,7,371,2,persistence,66762.0,52668.0
Brazil,2023,2023,6,2023-W06,370,2023,8,372,2,persistence,77027.0,64987.0
Brazil,2023,2023,7,2023-W07,371,2023,9,373,2,persistence,98392.0,66762.0
Brazil,2023,2023,8,2023-W08,372,2023,10,374,2,persistence,115216.0,77027.0
Brazil,2023,2023,9,2023-W09,373,2023,11,375,2,persistence,131868.0,98392.0
Brazil,2023,2023,10,2023-W10,374,2023,12,376,2,persistence,160054.0,115216.0
Brazil,2023,2023,11,2023-W11,375,2023,13,377,2,persistence,171176.0,131868.0
Brazil,2023,2023,12,2023-W12,376,2023,14,378,2,persistence,161477.0,160054.0
Brazil,2023,2023,13,2023-W13,377,2023,15,379,2,persistence,186718.0,171176.0
Brazil,2023,2023,14,2023-W14,378,2023,16,380,2,persistence,165002.0,161477.0
Brazil,2023,2023,15,2023-W15,379,2023,17,381,2,persistence,148400.0,186718.0
Brazil,2023,2023,16,2023-W16,380,2023,18,382,2,persistence,158352.0,165002.0
Brazil,2023,2023,17,2023-W17,381,2023,19,383,2,persistence,144376.0,148400.0
Brazil,2023,2023,18,2023-W18,382,2023,20,384,2,persistence,121825.0,158352.0
Brazil,2023,2023,19,2023-W19,383,2023,21,385,2,persistence,90703.0,144376.0
Brazil,2023,2023,20,2023-W20,384,2023,22,386,2,persistence,72095.0,121825.0
Brazil,2023,2023,21,2023-W21,385,2023,23,387,2,persistence,55721.0,90703.0
Brazil,2023,2023,22,2023-W22,386,2023,24,388,2,persistence,48059.0,72095.0
Brazil,2023,2023,23,2023-W23,387,2023,25,389,2,persistence,39160.0,55721.0
Brazil,2023,2023,24,2023-W24,388,2023,26,390,2,persistence,33459.0,48059.0
Brazil,2023,2023,25,2023-W25,389,2023,27,391,2,persistence,27767.0,39160.0
Brazil,2023,2023,26,2023-W26,390,2023,28,392,2,persistence,24236.0,33459.0
Brazil,2023,2023,27,2023-W27,391,2023,29,393,2,persistence,20558.0,27767.0
Brazil,2023,2023,28,2023-W28,392,2023,30,394,2,persistence,18393.0,24236.0
Brazil,2023,2023,29,2023-W29,393,2023,31,395,2,persistence,19179.0,20558.0
Brazil,2023,2023,30,2023-W30,394,2023,32,396,2,persistence,17728.0,18393.0
Brazil,2023,2023,31,2023-W31,395,2023,33,397,2,persistence,17804.0,19179.0
Brazil,2023,2023,32,2023-W32,396,2023,34,398,2,persistence,17132.0,17728.0
Brazil,2023,2023,33,2023-W33,397,2023,35,399,2,persistence,15933.0,17804.0
Brazil,2023,2023,34,2023-W34,398,2023,36,400,2,persistence,14827.0,17132.0
Brazil,2023,2023,35,2023-W35,399,2023,37,401,2,persistence,17637.0,15933.0
Brazil,2023,2023,36,2023-W36,400,2023,38,402,2,persistence,18790.0,14827.0
Brazil,2023,2023,37,2023-W37,401,2023,39,403,2,persistence,17681.0,17637.0
Brazil,2023,2023,38,2023-W38,402,2023,40,404,2,persistence,19313.0,18790.0
Brazil,2023,2023,39,2023-W39,403,2023,41,405,2,persistence,17341.0,17681.0
Brazil,2023,2023,40,2023-W40,404,2023,42,406,2,persistence,21013.0,19313.0
Brazil,2023,2023,41,2023-W41,405,2023,43,407,2,persistence,19662.0,17341.0
Brazil,2023,2023,42,2023-W42,406,2023,44,408,2,persistence,18785.0,21013.0
Brazil,2023,2023,43,2023-W43,407,2023,45,409,2,persistence,24393.0,19662.0
Brazil,2023,2023,44,2023-W44,408,2023,46,410,2,persistence,22124.0,18785.0
Brazil,2023,2023,45,2023-W45,409,2023,47,411,2,persistence,27767.0,24393.0
Brazil,2023,2023,46,2023-W46,410,2023,48,412,2,persistence,30045.0,22124.0
Brazil,2023,2023,47,2023-W47,411,2023,49,413,2,persistence,33247.0,27767.0
Brazil,2023,2023,48,2023-W48,412,2023,50,414,2,persistence,40789.0,30045.0
Brazil,2023,2023,49,2023-W49,413,2023,51,415,2,persistence,38305.0,33247.0
Brazil,2023,2023,50,2023-W50,414,2023,52,416,2,persistence,2146.0,40789.0
Brazil,2023,2022,51,2022-W51,363,2023,1,365,2,seasonal_naive,28533.0,23775.0
Brazil,2023,2022,52,2022-W52,364,2023,2,366,2,seasonal_naive,30645.0,24356.0
Brazil,2023,2023,1,2023-W01,365,2023,3,367,2,seasonal_naive,36999.0,25555.0
Brazil,2023,2023,2,2023-W02,366,2023,4,368,2,seasonal_naive,42470.0,24592.0
Brazil,2023,2023,3,2023-W03,367,2023,5,369,2,seasonal_naive,52668.0,28695.0
Brazil,2023,2023,4,2023-W04,368,2023,6,370,2,seasonal_naive,64987.0,31006.0
Brazil,2023,2023,5,2023-W05,369,2023,7,371,2,seasonal_naive,66762.0,33534.0
Brazil,2023,2023,6,2023-W06,370,2023,8,372,2,seasonal_naive,77027.0,33993.0
Brazil,2023,2023,7,2023-W07,371,2023,9,373,2,seasonal_naive,98392.0,50089.0
Brazil,2023,2023,8,2023-W08,372,2023,10,374,2,seasonal_naive,115216.0,65071.0
Brazil,2023,2023,9,2023-W09,373,2023,11,375,2,seasonal_naive,131868.0,79634.0
Brazil,2023,2023,10,2023-W10,374,2023,12,376,2,seasonal_naive,160054.0,100950.0
Brazil,2023,2023,11,2023-W11,375,2023,13,377,2,seasonal_naive,171176.0,113359.0
Brazil,2023,2023,12,2023-W12,376,2023,14,378,2,seasonal_naive,161477.0,122981.0
Brazil,2023,2023,13,2023-W13,377,2023,15,379,2,seasonal_naive,186718.0,130956.0
Brazil,2023,2023,14,2023-W14,378,2023,16,380,2,seasonal_naive,165002.0,144148.0
Brazil,2023,2023,15,2023-W15,379,2023,17,381,2,seasonal_naive,148400.0,150494.0
Brazil,2023,2023,16,2023-W16,380,2023,18,382,2,seasonal_naive,158352.0,156194.0
Brazil,2023,2023,17,2023-W17,381,2023,19,383,2,seasonal_naive,144376.0,135258.0
Brazil,2023,2023,18,2023-W18,382,2023,20,384,2,seasonal_naive,121825.0,104449.0
Brazil,2023,2023,19,2023-W19,383,2023,21,385,2,seasonal_naive,90703.0,84418.0
Brazil,2023,2023,20,2023-W20,384,2023,22,386,2,seasonal_naive,72095.0,75749.0
Brazil,2023,2023,21,2023-W21,385,2023,23,387,2,seasonal_naive,55721.0,62242.0
Brazil,2023,2023,22,2023-W22,386,2023,24,388,2,seasonal_naive,48059.0,49103.0
Brazil,2023,2023,23,2023-W23,387,2023,25,389,2,seasonal_naive,39160.0,46551.0
Brazil,2023,2023,24,2023-W24,388,2023,26,390,2,seasonal_naive,33459.0,39090.0
Brazil,2023,2023,25,2023-W25,389,2023,27,391,2,seasonal_naive,27767.0,33238.0
Brazil,2023,2023,26,2023-W26,390,2023,28,392,2,seasonal_naive,24236.0,29619.0
Brazil,2023,2023,27,2023-W27,391,2023,29,393,2,seasonal_naive,20558.0,25425.0
Brazil,2023,2023,28,2023-W28,392,2023,30,394,2,seasonal_naive,18393.0,22702.0
Brazil,2023,2023,29,2023-W29,393,2023,31,395,2,seasonal_naive,19179.0,22132.0
Brazil,2023,2023,30,2023-W30,394,2023,32,396,2,seasonal_naive,17728.0,18921.0
Brazil,2023,2023,31,2023-W31,395,2023,33,397,2,seasonal_naive,17804.0,17661.0
Brazil,2023,2023,32,2023-W32,396,2023,34,398,2,seasonal_naive,17132.0,16043.0
Brazil,2023,2023,33,2023-W33,397,2023,35,399,2,seasonal_naive,15933.0,14651.0
Brazil,2023,2023,34,2023-W34,398,2023,36,400,2,seasonal_naive,14827.0,14313.0
Brazil,2023,2023,35,2023-W35,399,2023,37,401,2,seasonal_naive,17637.0,13779.0
Brazil,2023,2023,36,2023-W36,400,2023,38,402,2,seasonal_naive,18790.0,13212.0
Brazil,2023,2023,37,2023-W37,401,2023,39,403,2,seasonal_naive,17681.0,12830.0
Brazil,2023,2023,38,2023-W38,402,2023,40,404,2,seasonal_naive,19313.0,13291.0
Brazil,2023,2023,39,2023-W39,403,2023,41,405,2,seasonal_naive,17341.0,13221.0
Brazil,2023,2023,40,2023-W40,404,2023,42,406,2,seasonal_naive,21013.0,14254.0
Brazil,2023,2023,41,2023-W41,405,2023,43,407,2,seasonal_naive,19662.0,13490.0
Brazil,2023,2023,42,2023-W42,406,2023,44,408,2,seasonal_naive,18785.0,12854.0
Brazil,2023,2023,43,2023-W43,407,2023,45,409,2,seasonal_naive,24393.0,14918.0
Brazil,2023,2023,44,2023-W44,408,2023,46,410,2,seasonal_naive,22124.0,16331.0
Brazil,2023,2023,45,2023-W45,409,2023,47,411,2,seasonal_naive,27767.0,16357.0
Brazil,2023,2023,46,2023-W46,410,2023,48,412,2,seasonal_naive,30045.0,15994.0
Brazil,2023,2023,47,2023-W47,411,2023,49,413,2,seasonal_naive,33247.0,15997.0
Brazil,2023,2023,48,2023-W48,412,2023,50,414,2,seasonal_naive,40789.0,14309.0
Brazil,2023,2023,49,2023-W49,413,2023,51,415,2,seasonal_naive,38305.0,8780.0
Brazil,2023,2023,50,2023-W50,414,2023,52,416,2,seasonal_naive,2146.0,2926.0
Brazil,2023,2022,49,2022-W49,361,2023,1,365,4,moving_average_4,28533.0,16169.75
Brazil,2023,2022,50,2022-W50,362,2023,2,366,4,moving_average_4,30645.0,15664.25
Brazil,2023,2022,51,2022-W51,363,2023,3,367,4,moving_average_4,36999.0,13770.0
Brazil,2023,2022,52,2022-W52,364,2023,4,368,4,moving_average_4,42470.0,10503.0
Brazil,2023,2023,1,2023-W01,365,2023,5,369,4,moving_average_4,52668.0,13637.0
Brazil,2023,2023,2,2023-W02,366,2023,6,370,4,moving_average_4,64987.0,17721.0
Brazil,2023,2023,3,2023-W03,367,2023,7,371,4,moving_average_4,66762.0,24775.75
Brazil,2023,2023,4,2023-W04,368,2023,8,372,4,moving_average_4,77027.0,34661.75
Brazil,2023,2023,5,2023-W05,369,2023,9,373,4,moving_average_4,98392.0,40695.5
Brazil,2023,2023,6,2023-W06,370,2023,10,374,4,moving_average_4,115216.0,49281.0
Brazil,2023,2023,7,2023-W07,371,2023,11,375,4,moving_average_4,131868.0,56721.75
Brazil,2023,2023,8,2023-W08,372,2023,12,376,4,moving_average_4,160054.0,65361.0
Brazil,2023,2023,9,2023-W09,373,2023,13,377,4,moving_average_4,171176.0,76792.0
Brazil,2023,2023,10,2023-W10,374,2023,14,378,4,moving_average_4,161477.0,89349.25
Brazil,2023,2023,11,2023-W11,375,2023,15,379,4,moving_average_4,186718.0,105625.75
Brazil,2023,2023,12,2023-W12,376,2023,16,380,4,moving_average_4,165002.0,126382.5
Brazil,2023,2023,13,2023-W13,377,2023,17,381,4,moving_average_4,148400.0,144578.5
Brazil,2023,2023,14,2023-W14,378,2023,18,382,4,moving_average_4,158352.0,156143.75
Brazil,2023,2023,15,2023-W15,379,2023,19,383,4,moving_average_4,144376.0,169856.25
Brazil,2023,2023,16,2023-W16,380,2023,20,384,4,moving_average_4,121825.0,171093.25
Brazil,2023,2023,17,2023-W17,381,2023,21,385,4,moving_average_4,90703.0,165399.25
Brazil,2023,2023,18,2023-W18,382,2023,22,386,4,moving_average_4,72095.0,164618.0
Brazil,2023,2023,19,2023-W19,383,2023,23,387,4,moving_average_4,55721.0,154032.5
Brazil,2023,2023,20,2023-W20,384,2023,24,388,4,moving_average_4,48059.0,143238.25
Brazil,2023,2023,21,2023-W21,385,2023,25,389,4,moving_average_4,39160.0,128814.0
Brazil,2023,2023,22,2023-W22,386,2023,26,390,4,moving_average_4,33459.0,107249.75
Brazil,2023,2023,23,2023-W23,387,2023,27,391,4,moving_average_4,27767.0,85086.0
Brazil,2023,2023,24,2023-W24,388,2023,28,392,4,moving_average_4,24236.0,66644.5
Brazil,2023,2023,25,2023-W25,389,2023,29,393,4,moving_average_4,20558.0,53758.75
Brazil,2023,2023,26,2023-W26,390,2023,30,394,4,moving_average_4,18393.0,44099.75
Brazil,2023,2023,27,2023-W27,391,2023,31,395,4,moving_average_4,19179.0,37111.25
Brazil,2023,2023,28,2023-W28,392,2023,32,396,4,moving_average_4,17728.0,31155.5
Brazil,2023,2023,29,2023-W29,393,2023,33,397,4,moving_average_4,17804.0,26505.0
Brazil,2023,2023,30,2023-W30,394,2023,34,398,4,moving_average_4,17132.0,22738.5
Brazil,2023,2023,31,2023-W31,395,2023,35,399,4,moving_average_4,15933.0,20591.5
Brazil,2023,2023,32,2023-W32,396,2023,36,400,4,moving_average_4,14827.0,18964.5
Brazil,2023,2023,33,2023-W33,397,2023,37,401,4,moving_average_4,17637.0,18276.0
Brazil,2023,2023,34,2023-W34,398,2023,38,402,4,moving_average_4,18790.0,17960.75
Brazil,2023,2023,35,2023-W35,399,2023,39,403,4,moving_average_4,17681.0,17149.25
Brazil,2023,2023,36,2023-W36,400,2023,40,404,4,moving_average_4,19313.0,16424.0
Brazil,2023,2023,37,2023-W37,401,2023,41,405,4,moving_average_4,17341.0,16382.25
Brazil,2023,2023,38,2023-W38,402,2023,42,406,4,moving_average_4,21013.0,16796.75
Brazil,2023,2023,39,2023-W39,403,2023,43,407,4,moving_average_4,19662.0,17233.75
Brazil,2023,2023,40,2023-W40,404,2023,44,408,4,moving_average_4,18785.0,18355.25
Brazil,2023,2023,41,2023-W41,405,2023,45,409,4,moving_average_4,24393.0,18281.25
Brazil,2023,2023,42,2023-W42,406,2023,46,410,4,moving_average_4,22124.0,18837.0
Brazil,2023,2023,43,2023-W43,407,2023,47,411,4,moving_average_4,27767.0,19332.25
Brazil,2023,2023,44,2023-W44,408,2023,48,412,4,moving_average_4,30045.0,19200.25
Brazil,2023,2023,45,2023-W45,409,2023,49,413,4,moving_average_4,33247.0,20963.25
Brazil,2023,2023,46,2023-W46,410,2023,50,414,4,moving_average_4,40789.0,21241.0
Brazil,2023,2023,47,2023-W47,411,2023,51,415,4,moving_average_4,38305.0,23267.25
Brazil,2023,2023,48,2023-W48,412,2023,52,416,4,moving_average_4,2146.0,26082.25
Brazil,2023,2022,49,2022-W49,361,2023,1,365,4,persistence,28533.0,15997.0
Brazil,2023,2022,50,2022-W50,362,2023,2,366,4,persistence,30645.0,14309.0
Brazil,2023,2022,51,2022-W51,363,2023,3,367,4,persistence,36999.0,8780.0
Brazil,2023,2022,52,2022-W52,364,2023,4,368,4,persistence,42470.0,2926.0
Brazil,2023,2023,1,2023-W01,365,2023,5,369,4,persistence,52668.0,28533.0
Brazil,2023,2023,2,2023-W02,366,2023,6,370,4,persistence,64987.0,30645.0
Brazil,2023,2023,3,2023-W03,367,2023,7,371,4,persistence,66762.0,36999.0
Brazil,2023,2023,4,2023-W04,368,2023,8,372,4,persistence,77027.0,42470.0
Brazil,2023,2023,5,2023-W05,369,2023,9,373,4,persistence,98392.0,52668.0
Brazil,2023,2023,6,2023-W06,370,2023,10,374,4,persistence,115216.0,64987.0
Brazil,2023,2023,7,2023-W07,371,2023,11,375,4,persistence,131868.0,66762.0
Brazil,2023,2023,8,2023-W08,372,2023,12,376,4,persistence,160054.0,77027.0
Brazil,2023,2023,9,2023-W09,373,2023,13,377,4,persistence,171176.0,98392.0
Brazil,2023,2023,10,2023-W10,374,2023,14,378,4,persistence,161477.0,115216.0
Brazil,2023,2023,11,2023-W11,375,2023,15,379,4,persistence,186718.0,131868.0
Brazil,2023,2023,12,2023-W12,376,2023,16,380,4,persistence,165002.0,160054.0
Brazil,2023,2023,13,2023-W13,377,2023,17,381,4,persistence,148400.0,171176.0
Brazil,2023,2023,14,2023-W14,378,2023,18,382,4,persistence,158352.0,161477.0
Brazil,2023,2023,15,2023-W15,379,2023,19,383,4,persistence,144376.0,186718.0
Brazil,2023,2023,16,2023-W16,380,2023,20,384,4,persistence,121825.0,165002.0
Brazil,2023,2023,17,2023-W17,381,2023,21,385,4,persistence,90703.0,148400.0
Brazil,2023,2023,18,2023-W18,382,2023,22,386,4,persistence,72095.0,158352.0
Brazil,2023,2023,19,2023-W19,383,2023,23,387,4,persistence,55721.0,144376.0
Brazil,2023,2023,20,2023-W20,384,2023,24,388,4,persistence,48059.0,121825.0
Brazil,2023,2023,21,2023-W21,385,2023,25,389,4,persistence,39160.0,90703.0
Brazil,2023,2023,22,2023-W22,386,2023,26,390,4,persistence,33459.0,72095.0
Brazil,2023,2023,23,2023-W23,387,2023,27,391,4,persistence,27767.0,55721.0
Brazil,2023,2023,24,2023-W24,388,2023,28,392,4,persistence,24236.0,48059.0
Brazil,2023,2023,25,2023-W25,389,2023,29,393,4,persistence,20558.0,39160.0
Brazil,2023,2023,26,2023-W26,390,2023,30,394,4,persistence,18393.0,33459.0
Brazil,2023,2023,27,2023-W27,391,2023,31,395,4,persistence,19179.0,27767.0
Brazil,2023,2023,28,2023-W28,392,2023,32,396,4,persistence,17728.0,24236.0
Brazil,2023,2023,29,2023-W29,393,2023,33,397,4,persistence,17804.0,20558.0
Brazil,2023,2023,30,2023-W30,394,2023,34,398,4,persistence,17132.0,18393.0
Brazil,2023,2023,31,2023-W31,395,2023,35,399,4,persistence,15933.0,19179.0
Brazil,2023,2023,32,2023-W32,396,2023,36,400,4,persistence,14827.0,17728.0
Brazil,2023,2023,33,2023-W33,397,2023,37,401,4,persistence,17637.0,17804.0
Brazil,2023,2023,34,2023-W34,398,2023,38,402,4,persistence,18790.0,17132.0
Brazil,2023,2023,35,2023-W35,399,2023,39,403,4,persistence,17681.0,15933.0
Brazil,2023,2023,36,2023-W36,400,2023,40,404,4,persistence,19313.0,14827.0
Brazil,2023,2023,37,2023-W37,401,2023,41,405,4,persistence,17341.0,17637.0
Brazil,2023,2023,38,2023-W38,402,2023,42,406,4,persistence,21013.0,18790.0
Brazil,2023,2023,39,2023-W39,403,2023,43,407,4,persistence,19662.0,17681.0
Brazil,2023,2023,40,2023-W40,404,2023,44,408,4,persistence,18785.0,19313.0
Brazil,2023,2023,41,2023-W41,405,2023,45,409,4,persistence,24393.0,17341.0
Brazil,2023,2023,42,2023-W42,406,2023,46,410,4,persistence,22124.0,21013.0
Brazil,2023,2023,43,2023-W43,407,2023,47,411,4,persistence,27767.0,19662.0
Brazil,2023,2023,44,2023-W44,408,2023,48,412,4,persistence,30045.0,18785.0
Brazil,2023,2023,45,2023-W45,409,2023,49,413,4,persistence,33247.0,24393.0
Brazil,2023,2023,46,2023-W46,410,2023,50,414,4,persistence,40789.0,22124.0
Brazil,2023,2023,47,2023-W47,411,2023,51,415,4,persistence,38305.0,27767.0
Brazil,2023,2023,48,2023-W48,412,2023,52,416,4,persistence,2146.0,30045.0
Brazil,2023,2022,49,2022-W49,361,2023,1,365,4,seasonal_naive,28533.0,23775.0
Brazil,2023,2022,50,2022-W50,362,2023,2,366,4,seasonal_naive,30645.0,24356.0
Brazil,2023,2022,51,2022-W51,363,2023,3,367,4,seasonal_naive,36999.0,25555.0
Brazil,2023,2022,52,2022-W52,364,2023,4,368,4,seasonal_naive,42470.0,24592.0
Brazil,2023,2023,1,2023-W01,365,2023,5,369,4,seasonal_naive,52668.0,28695.0
Brazil,2023,2023,2,2023-W02,366,2023,6,370,4,seasonal_naive,64987.0,31006.0
Brazil,2023,2023,3,2023-W03,367,2023,7,371,4,seasonal_naive,66762.0,33534.0
Brazil,2023,2023,4,2023-W04,368,2023,8,372,4,seasonal_naive,77027.0,33993.0
Brazil,2023,2023,5,2023-W05,369,2023,9,373,4,seasonal_naive,98392.0,50089.0
Brazil,2023,2023,6,2023-W06,370,2023,10,374,4,seasonal_naive,115216.0,65071.0
Brazil,2023,2023,7,2023-W07,371,2023,11,375,4,seasonal_naive,131868.0,79634.0
Brazil,2023,2023,8,2023-W08,372,2023,12,376,4,seasonal_naive,160054.0,100950.0
Brazil,2023,2023,9,2023-W09,373,2023,13,377,4,seasonal_naive,171176.0,113359.0
Brazil,2023,2023,10,2023-W10,374,2023,14,378,4,seasonal_naive,161477.0,122981.0
Brazil,2023,2023,11,2023-W11,375,2023,15,379,4,seasonal_naive,186718.0,130956.0
Brazil,2023,2023,12,2023-W12,376,2023,16,380,4,seasonal_naive,165002.0,144148.0
Brazil,2023,2023,13,2023-W13,377,2023,17,381,4,seasonal_naive,148400.0,150494.0
Brazil,2023,2023,14,2023-W14,378,2023,18,382,4,seasonal_naive,158352.0,156194.0
Brazil,2023,2023,15,2023-W15,379,2023,19,383,4,seasonal_naive,144376.0,135258.0
Brazil,2023,2023,16,2023-W16,380,2023,20,384,4,seasonal_naive,121825.0,104449.0
Brazil,2023,2023,17,2023-W17,381,2023,21,385,4,seasonal_naive,90703.0,84418.0
Brazil,2023,2023,18,2023-W18,382,2023,22,386,4,seasonal_naive,72095.0,75749.0
Brazil,2023,2023,19,2023-W19,383,2023,23,387,4,seasonal_naive,55721.0,62242.0
Brazil,2023,2023,20,2023-W20,384,2023,24,388,4,seasonal_naive,48059.0,49103.0
Brazil,2023,2023,21,2023-W21,385,2023,25,389,4,seasonal_naive,39160.0,46551.0
Brazil,2023,2023,22,2023-W22,386,2023,26,390,4,seasonal_naive,33459.0,39090.0
Brazil,2023,2023,23,2023-W23,387,2023,27,391,4,seasonal_naive,27767.0,33238.0
Brazil,2023,2023,24,2023-W24,388,2023,28,392,4,seasonal_naive,24236.0,29619.0
Brazil,2023,2023,25,2023-W25,389,2023,29,393,4,seasonal_naive,20558.0,25425.0
Brazil,2023,2023,26,2023-W26,390,2023,30,394,4,seasonal_naive,18393.0,22702.0
Brazil,2023,2023,27,2023-W27,391,2023,31,395,4,seasonal_naive,19179.0,22132.0
Brazil,2023,2023,28,2023-W28,392,2023,32,396,4,seasonal_naive,17728.0,18921.0
Brazil,2023,2023,29,2023-W29,393,2023,33,397,4,seasonal_naive,17804.0,17661.0
Brazil,2023,2023,30,2023-W30,394,2023,34,398,4,seasonal_naive,17132.0,16043.0
Brazil,2023,2023,31,2023-W31,395,2023,35,399,4,seasonal_naive,15933.0,14651.0
Brazil,2023,2023,32,2023-W32,396,2023,36,400,4,seasonal_naive,14827.0,14313.0
Brazil,2023,2023,33,2023-W33,397,2023,37,401,4,seasonal_naive,17637.0,13779.0
Brazil,2023,2023,34,2023-W34,398,2023,38,402,4,seasonal_naive,18790.0,13212.0
Brazil,2023,2023,35,2023-W35,399,2023,39,403,4,seasonal_naive,17681.0,12830.0
Brazil,2023,2023,36,2023-W36,400,2023,40,404,4,seasonal_naive,19313.0,13291.0
Brazil,2023,2023,37,2023-W37,401,2023,41,405,4,seasonal_naive,17341.0,13221.0
Brazil,2023,2023,38,2023-W38,402,2023,42,406,4,seasonal_naive,21013.0,14254.0
Brazil,2023,2023,39,2023-W39,403,2023,43,407,4,seasonal_naive,19662.0,13490.0
Brazil,2023,2023,40,2023-W40,404,2023,44,408,4,seasonal_naive,18785.0,12854.0
Brazil,2023,2023,41,2023-W41,405,2023,45,409,4,seasonal_naive,24393.0,14918.0
Brazil,2023,2023,42,2023-W42,406,2023,46,410,4,seasonal_naive,22124.0,16331.0
Brazil,2023,2023,43,2023-W43,407,2023,47,411,4,seasonal_naive,27767.0,16357.0
Brazil,2023,2023,44,2023-W44,408,2023,48,412,4,seasonal_naive,30045.0,15994.0
Brazil,2023,2023,45,2023-W45,409,2023,49,413,4,seasonal_naive,33247.0,15997.0
Brazil,2023,2023,46,2023-W46,410,2023,50,414,4,seasonal_naive,40789.0,14309.0
Brazil,2023,2023,47,2023-W47,411,2023,51,415,4,seasonal_naive,38305.0,8780.0
Brazil,2023,2023,48,2023-W48,412,2023,52,416,4,seasonal_naive,2146.0,2926.0
Colombia,2023,2022,52,2022-W52,364,2023,1,365,1,moving_average_4,1071.0,1627.5
Colombia,2023,2023,1,2023-W01,365,2023,2,366,1,moving_average_4,2389.0,1422.75
Colombia,2023,2023,2,2023-W02,366,2023,3,367,1,moving_average_4,2177.0,1606.5
Colombia,2023,2023,3,2023-W03,367,2023,4,368,1,moving_average_4,2237.0,1831.5
Colombia,2023,2023,4,2023-W04,368,2023,5,369,1,moving_average_4,2016.0,1968.5
Colombia,2023,2023,5,2023-W05,369,2023,6,370,1,moving_average_4,1870.0,2204.75
Colombia,2023,2023,6,2023-W06,370,2023,7,371,1,moving_average_4,1918.0,2075.0
Colombia,2023,2023,7,2023-W07,371,2023,8,372,1,moving_average_4,2294.0,2010.25
Colombia,2023,2023,8,2023-W08,372,2023,9,373,1,moving_average_4,1311.0,2024.5
Colombia,2023,2023,9,2023-W09,373,2023,10,374,1,moving_average_4,1735.0,1848.25
Colombia,2023,2023,10,2023-W10,374,2023,11,375,1,moving_average_4,1752.0,1814.5
Colombia,2023,2023,11,2023-W11,375,2023,12,376,1,moving_average_4,2015.0,1773.0
Colombia,2023,2023,12,2023-W12,376,2023,13,377,1,moving_average_4,2217.0,1703.25
Colombia,2023,2023,13,2023-W13,377,2023,14,378,1,moving_average_4,1627.0,1929.75
Colombia,2023,2023,14,2023-W14,378,2023,15,379,1,moving_average_4,1682.0,1902.75
Colombia,2023,2023,15,2023-W15,379,2023,16,380,1,moving_average_4,1751.0,1885.25
Colombia,2023,2023,16,2023-W16,380,2023,17,381,1,moving_average_4,2144.0,1819.25
Colombia,2023,2023,17,2023-W17,381,2023,18,382,1,moving_average_4,2689.0,1801.0
Colombia,2023,2023,18,2023-W18,382,2023,19,383,1,moving_average_4,2729.0,2066.5
Colombia,2023,2023,19,2023-W19,383,2023,20,384,1,moving_average_4,2179.0,2328.25
Colombia,2023,2023,20,2023-W20,384,2023,21,385,1,moving_average_4,2133.0,2435.25
Colombia,2023,2023,21,2023-W21,385,2023,22,386,1,moving_average_4,2569.0,2432.5
Colombia,2023,2023,22,2023-W22,386,2023,23,387,1,moving_average_4,2152.0,2402.5
Colombia,2023,2023,23,2023-W23,387,2023,24,388,1,moving_average_4,2079.0,2258.25
Colombia,2023,2023,24,2023-W24,388,2023,25,389,1,moving_average_4,2082.0,2233.25
Colombia,2023,2023,25,2023-W25,389,2023,26,390,1,moving_average_4,1768.0,2220.5
Colombia,2023,2023,26,2023-W26,390,2023,27,391,1,moving_average_4,2203.0,2020.25
Colombia,2023,2023,27,2023-W27,391,2023,28,392,1,moving_average_4,2617.0,2033.0
Colombia,2023,2023,28,2023-W28,392,2023,29,393,1,moving_average_4,2458.0,2167.5
Colombia,2023,2023,29,2023-W29,393,2023,30,394,1,moving_average_4,2609.0,2261.5
Colombia,2023,2023,30,2023-W30,394,2023,31,395,1,moving_average_4,2595.0,2471.75
Colombia,2023,2023,31,2023-W31,395,2023,32,396,1,moving_average_4,2876.0,2569.75
Colombia,2023,2023,32,2023-W32,396,2023,33,397,1,moving_average_4,2474.0,2634.5
Colombia,2023,2023,33,2023-W33,397,2023,34,398,1,moving_average_4,2299.0,2638.5
Colombia,2023,2023,34,2023-W34,398,2023,35,399,1,moving_average_4,2504.0,2561.0
Colombia,2023,2023,35,2023-W35,399,2023,36,400,1,moving_average_4,2559.0,2538.25
Colombia,2023,2023,36,2023-W36,400,2023,37,401,1,moving_average_4,2681.0,2459.0
Colombia,2023,2023,37,2023-W37,401,2023,38,402,1,moving_average_4,2677.0,2510.75
Colombia,2023,2023,38,2023-W38,402,2023,39,403,1,moving_average_4,2809.0,2605.25
Colombia,2023,2023,39,2023-W39,403,2023,40,404,1,moving_average_4,2984.0,2681.5
Colombia,2023,2023,40,2023-W40,404,2023,41,405,1,moving_average_4,2632.0,2787.75
Colombia,2023,2023,41,2023-W41,405,2023,42,406,1,moving_average_4,2964.0,2775.5
Colombia,2023,2023,42,2023-W42,406,2023,43,407,1,moving_average_4,2969.0,2847.25
Colombia,2023,2023,43,2023-W43,407,2023,44,408,1,moving_average_4,2852.0,2887.25
Colombia,2023,2023,44,2023-W44,408,2023,45,409,1,moving_average_4,3322.0,2854.25
Colombia,2023,2023,45,2023-W45,409,2023,46,410,1,moving_average_4,3638.0,3026.75
Colombia,2023,2023,46,2023-W46,410,2023,47,411,1,moving_average_4,3999.0,3195.25
Colombia,2023,2023,47,2023-W47,411,2023,48,412,1,moving_average_4,3916.0,3452.75
Colombia,2023,2023,48,2023-W48,412,2023,49,413,1,moving_average_4,4130.0,3718.75
Colombia,2023,2023,49,2023-W49,413,2023,50,414,1,moving_average_4,4650.0,3920.75
Colombia,2023,2023,50,2023-W50,414,2023,51,415,1,moving_average_4,3922.0,4173.75
Colombia,2023,2023,51,2023-W51,415,2023,52,416,1,moving_average_4,3859.0,4154.5
Colombia,2023,2022,52,2022-W52,364,2023,1,365,1,persistence,1071.0,1689.0
Colombia,2023,2023,1,2023-W01,365,2023,2,366,1,persistence,2389.0,1071.0
Colombia,2023,2023,2,2023-W02,366,2023,3,367,1,persistence,2177.0,2389.0
Colombia,2023,2023,3,2023-W03,367,2023,4,368,1,persistence,2237.0,2177.0
Colombia,2023,2023,4,2023-W04,368,2023,5,369,1,persistence,2016.0,2237.0
Colombia,2023,2023,5,2023-W05,369,2023,6,370,1,persistence,1870.0,2016.0
Colombia,2023,2023,6,2023-W06,370,2023,7,371,1,persistence,1918.0,1870.0
Colombia,2023,2023,7,2023-W07,371,2023,8,372,1,persistence,2294.0,1918.0
Colombia,2023,2023,8,2023-W08,372,2023,9,373,1,persistence,1311.0,2294.0
Colombia,2023,2023,9,2023-W09,373,2023,10,374,1,persistence,1735.0,1311.0
Colombia,2023,2023,10,2023-W10,374,2023,11,375,1,persistence,1752.0,1735.0
Colombia,2023,2023,11,2023-W11,375,2023,12,376,1,persistence,2015.0,1752.0
Colombia,2023,2023,12,2023-W12,376,2023,13,377,1,persistence,2217.0,2015.0
Colombia,2023,2023,13,2023-W13,377,2023,14,378,1,persistence,1627.0,2217.0
Colombia,2023,2023,14,2023-W14,378,2023,15,379,1,persistence,1682.0,1627.0
Colombia,2023,2023,15,2023-W15,379,2023,16,380,1,persistence,1751.0,1682.0
Colombia,2023,2023,16,2023-W16,380,2023,17,381,1,persistence,2144.0,1751.0
Colombia,2023,2023,17,2023-W17,381,2023,18,382,1,persistence,2689.0,2144.0
Colombia,2023,2023,18,2023-W18,382,2023,19,383,1,persistence,2729.0,2689.0
Colombia,2023,2023,19,2023-W19,383,2023,20,384,1,persistence,2179.0,2729.0
Colombia,2023,2023,20,2023-W20,384,2023,21,385,1,persistence,2133.0,2179.0
Colombia,2023,2023,21,2023-W21,385,2023,22,386,1,persistence,2569.0,2133.0
Colombia,2023,2023,22,2023-W22,386,2023,23,387,1,persistence,2152.0,2569.0
Colombia,2023,2023,23,2023-W23,387,2023,24,388,1,persistence,2079.0,2152.0
Colombia,2023,2023,24,2023-W24,388,2023,25,389,1,persistence,2082.0,2079.0
Colombia,2023,2023,25,2023-W25,389,2023,26,390,1,persistence,1768.0,2082.0
Colombia,2023,2023,26,2023-W26,390,2023,27,391,1,persistence,2203.0,1768.0
Colombia,2023,2023,27,2023-W27,391,2023,28,392,1,persistence,2617.0,2203.0
Colombia,2023,2023,28,2023-W28,392,2023,29,393,1,persistence,2458.0,2617.0
Colombia,2023,2023,29,2023-W29,393,2023,30,394,1,persistence,2609.0,2458.0
Colombia,2023,2023,30,2023-W30,394,2023,31,395,1,persistence,2595.0,2609.0
Colombia,2023,2023,31,2023-W31,395,2023,32,396,1,persistence,2876.0,2595.0
Colombia,2023,2023,32,2023-W32,396,2023,33,397,1,persistence,2474.0,2876.0
Colombia,2023,2023,33,2023-W33,397,2023,34,398,1,persistence,2299.0,2474.0
Colombia,2023,2023,34,2023-W34,398,2023,35,399,1,persistence,2504.0,2299.0
Colombia,2023,2023,35,2023-W35,399,2023,36,400,1,persistence,2559.0,2504.0
Colombia,2023,2023,36,2023-W36,400,2023,37,401,1,persistence,2681.0,2559.0
Colombia,2023,2023,37,2023-W37,401,2023,38,402,1,persistence,2677.0,2681.0
Colombia,2023,2023,38,2023-W38,402,2023,39,403,1,persistence,2809.0,2677.0
Colombia,2023,2023,39,2023-W39,403,2023,40,404,1,persistence,2984.0,2809.0
Colombia,2023,2023,40,2023-W40,404,2023,41,405,1,persistence,2632.0,2984.0
Colombia,2023,2023,41,2023-W41,405,2023,42,406,1,persistence,2964.0,2632.0
Colombia,2023,2023,42,2023-W42,406,2023,43,407,1,persistence,2969.0,2964.0
Colombia,2023,2023,43,2023-W43,407,2023,44,408,1,persistence,2852.0,2969.0
Colombia,2023,2023,44,2023-W44,408,2023,45,409,1,persistence,3322.0,2852.0
Colombia,2023,2023,45,2023-W45,409,2023,46,410,1,persistence,3638.0,3322.0
Colombia,2023,2023,46,2023-W46,410,2023,47,411,1,persistence,3999.0,3638.0
Colombia,2023,2023,47,2023-W47,411,2023,48,412,1,persistence,3916.0,3999.0
Colombia,2023,2023,48,2023-W48,412,2023,49,413,1,persistence,4130.0,3916.0
Colombia,2023,2023,49,2023-W49,413,2023,50,414,1,persistence,4650.0,4130.0
Colombia,2023,2023,50,2023-W50,414,2023,51,415,1,persistence,3922.0,4650.0
Colombia,2023,2023,51,2023-W51,415,2023,52,416,1,persistence,3859.0,3922.0
Colombia,2023,2022,52,2022-W52,364,2023,1,365,1,seasonal_naive,1071.0,675.0
Colombia,2023,2023,1,2023-W01,365,2023,2,366,1,seasonal_naive,2389.0,1338.0
Colombia,2023,2023,2,2023-W02,366,2023,3,367,1,seasonal_naive,2177.0,1169.0
Colombia,2023,2023,3,2023-W03,367,2023,4,368,1,seasonal_naive,2237.0,1189.0
Colombia,2023,2023,4,2023-W04,368,2023,5,369,1,seasonal_naive,2016.0,987.0
Colombia,2023,2023,5,2023-W05,369,2023,6,370,1,seasonal_naive,1870.0,1087.0
Colombia,2023,2023,6,2023-W06,370,2023,7,371,1,seasonal_naive,1918.0,935.0
Colombia,2023,2023,7,2023-W07,371,2023,8,372,1,seasonal_naive,2294.0,885.0
Colombia,2023,2023,8,2023-W08,372,2023,9,373,1,seasonal_naive,1311.0,986.0
Colombia,2023,2023,9,2023-W09,373,2023,10,374,1,seasonal_naive,1735.0,925.0
Colombia,2023,2023,10,2023-W10,374,2023,11,375,1,seasonal_naive,1752.0,867.0
Colombia,2023,2023,11,2023-W11,375,2023,12,376,1,seasonal_naive,2015.0,924.0
Colombia,2023,2023,12,2023-W12,376,2023,13,377,1,seasonal_naive,2217.0,1105.0
Colombia,2023,2023,13,2023-W13,377,2023,14,378,1,seasonal_naive,1627.0,1084.0
Colombia,2023,2023,14,2023-W14,378,2023,15,379,1,seasonal_naive,1682.0,983.0
Colombia,2023,2023,15,2023-W15,379,2023,16,380,1,seasonal_naive,1751.0,1040.0
Colombia,2023,2023,16,2023-W16,380,2023,17,381,1,seasonal_naive,2144.0,1080.0
Colombia,2023,2023,17,2023-W17,381,2023,18,382,1,seasonal_naive,2689.0,1385.0
Colombia,2023,2023,18,2023-W18,382,2023,19,383,1,seasonal_naive,2729.0,1399.0
Colombia,2023,2023,19,2023-W19,383,2023,20,384,1,seasonal_naive,2179.0,1533.0
Colombia,2023,2023,20,2023-W20,384,2023,21,385,1,seasonal_naive,2133.0,1706.0
Colombia,2023,2023,21,2023-W21,385,2023,22,386,1,seasonal_naive,2569.0,1904.0
Colombia,2023,2023,22,2023-W22,386,2023,23,387,1,seasonal_naive,2152.0,1471.0
Colombia,2023,2023,23,2023-W23,387,2023,24,388,1,seasonal_naive,2079.0,1415.0
Colombia,2023,2023,24,2023-W24,388,2023,25,389,1,seasonal_naive,2082.0,1403.0
Colombia,2023,2023,25,2023-W25,389,2023,26,390,1,seasonal_naive,1768.0,1224.0
Colombia,2023,2023,26,2023-W26,390,2023,27,391,1,seasonal_naive,2203.0,1628.0
Colombia,2023,2023,27,2023-W27,391,2023,28,392,1,seasonal_naive,2617.0,1687.0
Colombia,2023,2023,28,2023-W28,392,2023,29,393,1,seasonal_naive,2458.0,1684.0
Colombia,2023,2023,29,2023-W29,393,2023,30,394,1,seasonal_naive,2609.0,1542.0
Colombia,2023,2023,30,2023-W30,394,2023,31,395,1,seasonal_naive,2595.0,1604.0
Colombia,2023,2023,31,2023-W31,395,2023,32,396,1,seasonal_naive,2876.0,1270.0
Colombia,2023,2023,32,2023-W32,396,2023,33,397,1,seasonal_naive,2474.0,1537.0
Colombia,2023,2023,33,2023-W33,397,2023,34,398,1,seasonal_naive,2299.0,1472.0
Colombia,2023,2023,34,2023-W34,398,2023,35,399,1,seasonal_naive,2504.0,1156.0
Colombia,2023,2023,35,2023-W35,399,2023,36,400,1,seasonal_naive,2559.0,1452.0
Colombia,2023,2023,36,2023-W36,400,2023,37,401,1,seasonal_naive,2681.0,1251.0
Colombia,2023,2023,37,2023-W37,401,2023,38,402,1,seasonal_naive,2677.0,1111.0
Colombia,2023,2023,38,2023-W38,402,2023,39,403,1,seasonal_naive,2809.0,1171.0
Colombia,2023,2023,39,2023-W39,403,2023,40,404,1,seasonal_naive,2984.0,1424.0
Colombia,2023,2023,40,2023-W40,404,2023,41,405,1,seasonal_naive,2632.0,1132.0
Colombia,2023,2023,41,2023-W41,405,2023,42,406,1,seasonal_naive,2964.0,1270.0
Colombia,2023,2023,42,2023-W42,406,2023,43,407,1,seasonal_naive,2969.0,1590.0
Colombia,2023,2023,43,2023-W43,407,2023,44,408,1,seasonal_naive,2852.0,1672.0
Colombia,2023,2023,44,2023-W44,408,2023,45,409,1,seasonal_naive,3322.0,1533.0
Colombia,2023,2023,45,2023-W45,409,2023,46,410,1,seasonal_naive,3638.0,1582.0
Colombia,2023,2023,46,2023-W46,410,2023,47,411,1,seasonal_naive,3999.0,1714.0
Colombia,2023,2023,47,2023-W47,411,2023,48,412,1,seasonal_naive,3916.0,1806.0
Colombia,2023,2023,48,2023-W48,412,2023,49,413,1,seasonal_naive,4130.0,1890.0
Colombia,2023,2023,49,2023-W49,413,2023,50,414,1,seasonal_naive,4650.0,1654.0
Colombia,2023,2023,50,2023-W50,414,2023,51,415,1,seasonal_naive,3922.0,1277.0
Colombia,2023,2023,51,2023-W51,415,2023,52,416,1,seasonal_naive,3859.0,1689.0
Colombia,2023,2022,51,2022-W51,363,2023,1,365,2,moving_average_4,1071.0,1656.75
Colombia,2023,2022,52,2022-W52,364,2023,2,366,2,moving_average_4,2389.0,1627.5
Colombia,2023,2023,1,2023-W01,365,2023,3,367,2,moving_average_4,2177.0,1422.75
Colombia,2023,2023,2,2023-W02,366,2023,4,368,2,moving_average_4,2237.0,1606.5
Colombia,2023,2023,3,2023-W03,367,2023,5,369,2,moving_average_4,2016.0,1831.5
Colombia,2023,2023,4,2023-W04,368,2023,6,370,2,moving_average_4,1870.0,1968.5
Colombia,2023,2023,5,2023-W05,369,2023,7,371,2,moving_average_4,1918.0,2204.75
Colombia,2023,2023,6,2023-W06,370,2023,8,372,2,moving_average_4,2294.0,2075.0
Colombia,2023,2023,7,2023-W07,371,2023,9,373,2,moving_average_4,1311.0,2010.25
Colombia,2023,2023,8,2023-W08,372,2023,10,374,2,moving_average_4,1735.0,2024.5
Colombia,2023,2023,9,2023-W09,373,2023,11,375,2,moving_average_4,1752.0,1848.25
Colombia,2023,2023,10,2023-W10,374,2023,12,376,2,moving_average_4,2015.0,1814.5
Colombia,2023,2023,11,2023-W11,375,2023,13,377,2,moving_average_4,2217.0,1773.0
Colombia,2023,2023,12,2023-W12,376,2023,14,378,2,moving_average_4,1627.0,1703.25
Colombia,2023,2023,13,2023-W13,377,2023,15,379,2,moving_average_4,1682.0,1929.75
Colombia,2023,2023,14,2023-W14,378,2023,16,380,2,moving_average_4,1751.0,1902.75
Colombia,2023,2023,15,2023-W15,379,2023,17,381,2,moving_average_4,2144.0,1885.25
Colombia,2023,2023,16,2023-W16,380,2023,18,382,2,moving_average_4,2689.0,1819.25
Colombia,2023,2023,17,2023-W17,381,2023,19,383,2,moving_average_4,2729.0,1801.0
Colombia,2023,2023,18,2023-W18,382,2023,20,384,2,moving_average_4,2179.0,2066.5
Colombia,2023,2023,19,2023-W19,383,2023,21,385,2,moving_average_4,2133.0,2328.25
Colombia,2023,2023,20,2023-W20,384,2023,22,386,2,moving_average_4,2569.0,2435.25
Colombia,2023,2023,21,2023-W21,385,2023,23,387,2,moving_average_4,2152.0,2432.5
Colombia,2023,2023,22,2023-W22,386,2023,24,388,2,moving_average_4,2079.0,2402.5
Colombia,2023,2023,23,2023-W23,387,2023,25,389,2,moving_average_4,2082.0,2258.25
Colombia,2023,2023,24,2023-W24,388,2023,26,390,2,moving_average_4,1768.0,2233.25
Colombia,2023,2023,25,2023-W25,389,2023,27,391,2,moving_average_4,2203.0,2220.5
Colombia,2023,2023,26,2023-W26,390,2023,28,392,2,moving_average_4,2617.0,2020.25
Colombia,2023,2023,27,2023-W27,391,2023,29,393,2,moving_average_4,2458.0,2033.0
Colombia,2023,2023,28,2023-W28,392,2023,30,394,2,moving_average_4,2609.0,2167.5
Colombia,2023,2023,29,2023-W29,393,2023,31,395,2,moving_average_4,2595.0,2261.5
Colombia,2023,2023,30,2023-W30,394,2023,32,396,2,moving_average_4,2876.0,2471.75
Colombia,2023,2023,31,2023-W31,395,2023,33,397,2,moving_average_4,2474.0,2569.75
Colombia,2023,2023,32,2023-W32,396,2023,34,398,2,moving_average_4,2299.0,2634.5
Colombia,2023,2023,33,2023-W33,397,2023,35,399,2,moving_average_4,2504.0,2638.5
Colombia,2023,2023,34,2023-W34,398,2023,36,400,2,moving_average_4,2559.0,2561.0
Colombia,2023,2023,35,2023-W35,399,2023,37,401,2,moving_average_4,2681.0,2538.25
Colombia,2023,2023,36,2023-W36,400,2023,38,402,2,moving_average_4,2677.0,2459.0
Colombia,2023,2023,37,2023-W37,401,2023,39,403,2,moving_average_4,2809.0,2510.75
Colombia,2023,2023,38,2023-W38,402,2023,40,404,2,moving_average_4,2984.0,2605.25
Colombia,2023,2023,39,2023-W39,403,2023,41,405,2,moving_average_4,2632.0,2681.5
Colombia,2023,2023,40,2023-W40,404,2023,42,406,2,moving_average_4,2964.0,2787.75
Colombia,2023,2023,41,2023-W41,405,2023,43,407,2,moving_average_4,2969.0,2775.5
Colombia,2023,2023,42,2023-W42,406,2023,44,408,2,moving_average_4,2852.0,2847.25
Colombia,2023,2023,43,2023-W43,407,2023,45,409,2,moving_average_4,3322.0,2887.25
Colombia,2023,2023,44,2023-W44,408,2023,46,410,2,moving_average_4,3638.0,2854.25
Colombia,2023,2023,45,2023-W45,409,2023,47,411,2,moving_average_4,3999.0,3026.75
Colombia,2023,2023,46,2023-W46,410,2023,48,412,2,moving_average_4,3916.0,3195.25
Colombia,2023,2023,47,2023-W47,411,2023,49,413,2,moving_average_4,4130.0,3452.75
Colombia,2023,2023,48,2023-W48,412,2023,50,414,2,moving_average_4,4650.0,3718.75
Colombia,2023,2023,49,2023-W49,413,2023,51,415,2,moving_average_4,3922.0,3920.75
Colombia,2023,2023,50,2023-W50,414,2023,52,416,2,moving_average_4,3859.0,4173.75
Colombia,2023,2022,51,2022-W51,363,2023,1,365,2,persistence,1071.0,1277.0
Colombia,2023,2022,52,2022-W52,364,2023,2,366,2,persistence,2389.0,1689.0
Colombia,2023,2023,1,2023-W01,365,2023,3,367,2,persistence,2177.0,1071.0
Colombia,2023,2023,2,2023-W02,366,2023,4,368,2,persistence,2237.0,2389.0
Colombia,2023,2023,3,2023-W03,367,2023,5,369,2,persistence,2016.0,2177.0
Colombia,2023,2023,4,2023-W04,368,2023,6,370,2,persistence,1870.0,2237.0
Colombia,2023,2023,5,2023-W05,369,2023,7,371,2,persistence,1918.0,2016.0
Colombia,2023,2023,6,2023-W06,370,2023,8,372,2,persistence,2294.0,1870.0
Colombia,2023,2023,7,2023-W07,371,2023,9,373,2,persistence,1311.0,1918.0
Colombia,2023,2023,8,2023-W08,372,2023,10,374,2,persistence,1735.0,2294.0
Colombia,2023,2023,9,2023-W09,373,2023,11,375,2,persistence,1752.0,1311.0
Colombia,2023,2023,10,2023-W10,374,2023,12,376,2,persistence,2015.0,1735.0
Colombia,2023,2023,11,2023-W11,375,2023,13,377,2,persistence,2217.0,1752.0
Colombia,2023,2023,12,2023-W12,376,2023,14,378,2,persistence,1627.0,2015.0
Colombia,2023,2023,13,2023-W13,377,2023,15,379,2,persistence,1682.0,2217.0
Colombia,2023,2023,14,2023-W14,378,2023,16,380,2,persistence,1751.0,1627.0
Colombia,2023,2023,15,2023-W15,379,2023,17,381,2,persistence,2144.0,1682.0
Colombia,2023,2023,16,2023-W16,380,2023,18,382,2,persistence,2689.0,1751.0
Colombia,2023,2023,17,2023-W17,381,2023,19,383,2,persistence,2729.0,2144.0
Colombia,2023,2023,18,2023-W18,382,2023,20,384,2,persistence,2179.0,2689.0
Colombia,2023,2023,19,2023-W19,383,2023,21,385,2,persistence,2133.0,2729.0
Colombia,2023,2023,20,2023-W20,384,2023,22,386,2,persistence,2569.0,2179.0
Colombia,2023,2023,21,2023-W21,385,2023,23,387,2,persistence,2152.0,2133.0
Colombia,2023,2023,22,2023-W22,386,2023,24,388,2,persistence,2079.0,2569.0
Colombia,2023,2023,23,2023-W23,387,2023,25,389,2,persistence,2082.0,2152.0
Colombia,2023,2023,24,2023-W24,388,2023,26,390,2,persistence,1768.0,2079.0
Colombia,2023,2023,25,2023-W25,389,2023,27,391,2,persistence,2203.0,2082.0
Colombia,2023,2023,26,2023-W26,390,2023,28,392,2,persistence,2617.0,1768.0
Colombia,2023,2023,27,2023-W27,391,2023,29,393,2,persistence,2458.0,2203.0
Colombia,2023,2023,28,2023-W28,392,2023,30,394,2,persistence,2609.0,2617.0
Colombia,2023,2023,29,2023-W29,393,2023,31,395,2,persistence,2595.0,2458.0
Colombia,2023,2023,30,2023-W30,394,2023,32,396,2,persistence,2876.0,2609.0
Colombia,2023,2023,31,2023-W31,395,2023,33,397,2,persistence,2474.0,2595.0
Colombia,2023,2023,32,2023-W32,396,2023,34,398,2,persistence,2299.0,2876.0
Colombia,2023,2023,33,2023-W33,397,2023,35,399,2,persistence,2504.0,2474.0
Colombia,2023,2023,34,2023-W34,398,2023,36,400,2,persistence,2559.0,2299.0
Colombia,2023,2023,35,2023-W35,399,2023,37,401,2,persistence,2681.0,2504.0
Colombia,2023,2023,36,2023-W36,400,2023,38,402,2,persistence,2677.0,2559.0
Colombia,2023,2023,37,2023-W37,401,2023,39,403,2,persistence,2809.0,2681.0
Colombia,2023,2023,38,2023-W38,402,2023,40,404,2,persistence,2984.0,2677.0
Colombia,2023,2023,39,2023-W39,403,2023,41,405,2,persistence,2632.0,2809.0
Colombia,2023,2023,40,2023-W40,404,2023,42,406,2,persistence,2964.0,2984.0
Colombia,2023,2023,41,2023-W41,405,2023,43,407,2,persistence,2969.0,2632.0
Colombia,2023,2023,42,2023-W42,406,2023,44,408,2,persistence,2852.0,2964.0
Colombia,2023,2023,43,2023-W43,407,2023,45,409,2,persistence,3322.0,2969.0
Colombia,2023,2023,44,2023-W44,408,2023,46,410,2,persistence,3638.0,2852.0
Colombia,2023,2023,45,2023-W45,409,2023,47,411,2,persistence,3999.0,3322.0
Colombia,2023,2023,46,2023-W46,410,2023,48,412,2,persistence,3916.0,3638.0
Colombia,2023,2023,47,2023-W47,411,2023,49,413,2,persistence,4130.0,3999.0
Colombia,2023,2023,48,2023-W48,412,2023,50,414,2,persistence,4650.0,3916.0
Colombia,2023,2023,49,2023-W49,413,2023,51,415,2,persistence,3922.0,4130.0
Colombia,2023,2023,50,2023-W50,414,2023,52,416,2,persistence,3859.0,4650.0
Colombia,2023,2022,51,2022-W51,363,2023,1,365,2,seasonal_naive,1071.0,675.0
Colombia,2023,2022,52,2022-W52,364,2023,2,366,2,seasonal_naive,2389.0,1338.0
Colombia,2023,2023,1,2023-W01,365,2023,3,367,2,seasonal_naive,2177.0,1169.0
Colombia,2023,2023,2,2023-W02,366,2023,4,368,2,seasonal_naive,2237.0,1189.0
Colombia,2023,2023,3,2023-W03,367,2023,5,369,2,seasonal_naive,2016.0,987.0
Colombia,2023,2023,4,2023-W04,368,2023,6,370,2,seasonal_naive,1870.0,1087.0
Colombia,2023,2023,5,2023-W05,369,2023,7,371,2,seasonal_naive,1918.0,935.0
Colombia,2023,2023,6,2023-W06,370,2023,8,372,2,seasonal_naive,2294.0,885.0
Colombia,2023,2023,7,2023-W07,371,2023,9,373,2,seasonal_naive,1311.0,986.0
Colombia,2023,2023,8,2023-W08,372,2023,10,374,2,seasonal_naive,1735.0,925.0
Colombia,2023,2023,9,2023-W09,373,2023,11,375,2,seasonal_naive,1752.0,867.0
Colombia,2023,2023,10,2023-W10,374,2023,12,376,2,seasonal_naive,2015.0,924.0
Colombia,2023,2023,11,2023-W11,375,2023,13,377,2,seasonal_naive,2217.0,1105.0
Colombia,2023,2023,12,2023-W12,376,2023,14,378,2,seasonal_naive,1627.0,1084.0
Colombia,2023,2023,13,2023-W13,377,2023,15,379,2,seasonal_naive,1682.0,983.0
Colombia,2023,2023,14,2023-W14,378,2023,16,380,2,seasonal_naive,1751.0,1040.0
Colombia,2023,2023,15,2023-W15,379,2023,17,381,2,seasonal_naive,2144.0,1080.0
Colombia,2023,2023,16,2023-W16,380,2023,18,382,2,seasonal_naive,2689.0,1385.0
Colombia,2023,2023,17,2023-W17,381,2023,19,383,2,seasonal_naive,2729.0,1399.0
Colombia,2023,2023,18,2023-W18,382,2023,20,384,2,seasonal_naive,2179.0,1533.0
Colombia,2023,2023,19,2023-W19,383,2023,21,385,2,seasonal_naive,2133.0,1706.0
Colombia,2023,2023,20,2023-W20,384,2023,22,386,2,seasonal_naive,2569.0,1904.0
Colombia,2023,2023,21,2023-W21,385,2023,23,387,2,seasonal_naive,2152.0,1471.0
Colombia,2023,2023,22,2023-W22,386,2023,24,388,2,seasonal_naive,2079.0,1415.0
Colombia,2023,2023,23,2023-W23,387,2023,25,389,2,seasonal_naive,2082.0,1403.0
Colombia,2023,2023,24,2023-W24,388,2023,26,390,2,seasonal_naive,1768.0,1224.0
Colombia,2023,2023,25,2023-W25,389,2023,27,391,2,seasonal_naive,2203.0,1628.0
Colombia,2023,2023,26,2023-W26,390,2023,28,392,2,seasonal_naive,2617.0,1687.0
Colombia,2023,2023,27,2023-W27,391,2023,29,393,2,seasonal_naive,2458.0,1684.0
Colombia,2023,2023,28,2023-W28,392,2023,30,394,2,seasonal_naive,2609.0,1542.0
Colombia,2023,2023,29,2023-W29,393,2023,31,395,2,seasonal_naive,2595.0,1604.0
Colombia,2023,2023,30,2023-W30,394,2023,32,396,2,seasonal_naive,2876.0,1270.0
Colombia,2023,2023,31,2023-W31,395,2023,33,397,2,seasonal_naive,2474.0,1537.0
Colombia,2023,2023,32,2023-W32,396,2023,34,398,2,seasonal_naive,2299.0,1472.0
Colombia,2023,2023,33,2023-W33,397,2023,35,399,2,seasonal_naive,2504.0,1156.0
Colombia,2023,2023,34,2023-W34,398,2023,36,400,2,seasonal_naive,2559.0,1452.0
Colombia,2023,2023,35,2023-W35,399,2023,37,401,2,seasonal_naive,2681.0,1251.0
Colombia,2023,2023,36,2023-W36,400,2023,38,402,2,seasonal_naive,2677.0,1111.0
Colombia,2023,2023,37,2023-W37,401,2023,39,403,2,seasonal_naive,2809.0,1171.0
Colombia,2023,2023,38,2023-W38,402,2023,40,404,2,seasonal_naive,2984.0,1424.0
Colombia,2023,2023,39,2023-W39,403,2023,41,405,2,seasonal_naive,2632.0,1132.0
Colombia,2023,2023,40,2023-W40,404,2023,42,406,2,seasonal_naive,2964.0,1270.0
Colombia,2023,2023,41,2023-W41,405,2023,43,407,2,seasonal_naive,2969.0,1590.0
Colombia,2023,2023,42,2023-W42,406,2023,44,408,2,seasonal_naive,2852.0,1672.0
Colombia,2023,2023,43,2023-W43,407,2023,45,409,2,seasonal_naive,3322.0,1533.0
Colombia,2023,2023,44,2023-W44,408,2023,46,410,2,seasonal_naive,3638.0,1582.0
Colombia,2023,2023,45,2023-W45,409,2023,47,411,2,seasonal_naive,3999.0,1714.0
Colombia,2023,2023,46,2023-W46,410,2023,48,412,2,seasonal_naive,3916.0,1806.0
Colombia,2023,2023,47,2023-W47,411,2023,49,413,2,seasonal_naive,4130.0,1890.0
Colombia,2023,2023,48,2023-W48,412,2023,50,414,2,seasonal_naive,4650.0,1654.0
Colombia,2023,2023,49,2023-W49,413,2023,51,415,2,seasonal_naive,3922.0,1277.0
Colombia,2023,2023,50,2023-W50,414,2023,52,416,2,seasonal_naive,3859.0,1689.0
Colombia,2023,2022,49,2022-W49,361,2023,1,365,4,moving_average_4,1071.0,1748.0
Colombia,2023,2022,50,2022-W50,362,2023,2,366,4,moving_average_4,2389.0,1766.0
Colombia,2023,2022,51,2022-W51,363,2023,3,367,4,moving_average_4,2177.0,1656.75
Colombia,2023,2022,52,2022-W52,364,2023,4,368,4,moving_average_4,2237.0,1627.5
Colombia,2023,2023,1,2023-W01,365,2023,5,369,4,moving_average_4,2016.0,1422.75
Colombia,2023,2023,2,2023-W02,366,2023,6,370,4,moving_average_4,1870.0,1606.5
Colombia,2023,2023,3,2023-W03,367,2023,7,371,4,moving_average_4,1918.0,1831.5
Colombia,2023,2023,4,2023-W04,368,2023,8,372,4,moving_average_4,2294.0,1968.5
Colombia,2023,2023,5,2023-W05,369,2023,9,373,4,moving_average_4,1311.0,2204.75
Colombia,2023,2023,6,2023-W06,370,2023,10,374,4,moving_average_4,1735.0,2075.0
Colombia,2023,2023,7,2023-W07,371,2023,11,375,4,moving_average_4,1752.0,2010.25
Colombia,2023,2023,8,2023-W08,372,2023,12,376,4,moving_average_4,2015.0,2024.5
Colombia,2023,2023,9,2023-W09,373,2023,13,377,4,moving_average_4,2217.0,1848.25
Colombia,2023,2023,10,2023-W10,374,2023,14,378,4,moving_average_4,1627.0,1814.5
Colombia,2023,2023,11,2023-W11,375,2023,15,379,4,moving_average_4,1682.0,1773.0
Colombia,2023,2023,12,2023-W12,376,2023,16,380,4,moving_average_4,1751.0,1703.25
Colombia,2023,2023,13,2023-W13,377,2023,17,381,4,moving_average_4,2144.0,1929.75
Colombia,2023,2023,14,2023-W14,378,2023,18,382,4,moving_average_4,2689.0,1902.75
Colombia,2023,2023,15,2023-W15,379,2023,19,383,4,moving_average_4,2729.0,1885.25
Colombia,2023,2023,16,2023-W16,380,2023,20,384,4,moving_average_4,2179.0,1819.25
Colombia,2023,2023,17,2023-W17,381,2023,21,385,4,moving_average_4,2133.0,1801.0
Colombia,2023,2023,18,2023-W18,382,2023,22,386,4,moving_average_4,2569.0,2066.5
Colombia,2023,2023,19,2023-W19,383,2023,23,387,4,moving_average_4,2152.0,2328.25
Colombia,2023,2023,20,2023-W20,384,2023,24,388,4,moving_average_4,2079.0,2435.25
Colombia,2023,2023,21,2023-W21,385,2023,25,389,4,moving_average_4,2082.0,2432.5
Colombia,2023,2023,22,2023-W22,386,2023,26,390,4,moving_average_4,1768.0,2402.5
Colombia,2023,2023,23,2023-W23,387,2023,27,391,4,moving_average_4,2203.0,2258.25
Colombia,2023,2023,24,2023-W24,388,2023,28,392,4,moving_average_4,2617.0,2233.25
Colombia,2023,2023,25,2023-W25,389,2023,29,393,4,moving_average_4,2458.0,2220.5
Colombia,2023,2023,26,2023-W26,390,2023,30,394,4,moving_average_4,2609.0,2020.25
Colombia,2023,2023,27,2023-W27,391,2023,31,395,4,moving_average_4,2595.0,2033.0
Colombia,2023,2023,28,2023-W28,392,2023,32,396,4,moving_average_4,2876.0,2167.5
Colombia,2023,2023,29,2023-W29,393,2023,33,397,4,moving_average_4,2474.0,2261.5
Colombia,2023,2023,30,2023-W30,394,2023,34,398,4,moving_average_4,2299.0,2471.75
Colombia,2023,2023,31,2023-W31,395,2023,35,399,4,moving_average_4,2504.0,2569.75
Colombia,2023,2023,32,2023-W32,396,2023,36,400,4,moving_average_4,2559.0,2634.5
Colombia,2023,2023,33,2023-W33,397,2023,37,401,4,moving_average_4,2681.0,2638.5
Colombia,2023,2023,34,2023-W34,398,2023,38,402,4,moving_average_4,2677.0,2561.0
Colombia,2023,2023,35,2023-W35,399,2023,39,403,4,moving_average_4,2809.0,2538.25
Colombia,2023,2023,36,2023-W36,400,2023,40,404,4,moving_average_4,2984.0,2459.0
Colombia,2023,2023,37,2023-W37,401,2023,41,405,4,moving_average_4,2632.0,2510.75
Colombia,2023,2023,38,2023-W38,402,2023,42,406,4,moving_average_4,2964.0,2605.25
Colombia,2023,2023,39,2023-W39,403,2023,43,407,4,moving_average_4,2969.0,2681.5
Colombia,2023,2023,40,2023-W40,404,2023,44,408,4,moving_average_4,2852.0,2787.75
Colombia,2023,2023,41,2023-W41,405,2023,45,409,4,moving_average_4,3322.0,2775.5
Colombia,2023,2023,42,2023-W42,406,2023,46,410,4,moving_average_4,3638.0,2847.25
Colombia,2023,2023,43,2023-W43,407,2023,47,411,4,moving_average_4,3999.0,2887.25
Colombia,2023,2023,44,2023-W44,408,2023,48,412,4,moving_average_4,3916.0,2854.25
Colombia,2023,2023,45,2023-W45,409,2023,49,413,4,moving_average_4,4130.0,3026.75
Colombia,2023,2023,46,2023-W46,410,2023,50,414,4,moving_average_4,4650.0,3195.25
Colombia,2023,2023,47,2023-W47,411,2023,51,415,4,moving_average_4,3922.0,3452.75
Colombia,2023,2023,48,2023-W48,412,2023,52,416,4,moving_average_4,3859.0,3718.75
Colombia,2023,2022,49,2022-W49,361,2023,1,365,4,persistence,1071.0,1890.0
Colombia,2023,2022,50,2022-W50,362,2023,2,366,4,persistence,2389.0,1654.0
Colombia,2023,2022,51,2022-W51,363,2023,3,367,4,persistence,2177.0,1277.0
Colombia,2023,2022,52,2022-W52,364,2023,4,368,4,persistence,2237.0,1689.0
Colombia,2023,2023,1,2023-W01,365,2023,5,369,4,persistence,2016.0,1071.0
Colombia,2023,2023,2,2023-W02,366,2023,6,370,4,persistence,1870.0,2389.0
Colombia,2023,2023,3,2023-W03,367,2023,7,371,4,persistence,1918.0,2177.0
Colombia,2023,2023,4,2023-W04,368,2023,8,372,4,persistence,2294.0,2237.0
Colombia,2023,2023,5,2023-W05,369,2023,9,373,4,persistence,1311.0,2016.0
Colombia,2023,2023,6,2023-W06,370,2023,10,374,4,persistence,1735.0,1870.0
Colombia,2023,2023,7,2023-W07,371,2023,11,375,4,persistence,1752.0,1918.0
Colombia,2023,2023,8,2023-W08,372,2023,12,376,4,persistence,2015.0,2294.0
Colombia,2023,2023,9,2023-W09,373,2023,13,377,4,persistence,2217.0,1311.0
Colombia,2023,2023,10,2023-W10,374,2023,14,378,4,persistence,1627.0,1735.0
Colombia,2023,2023,11,2023-W11,375,2023,15,379,4,persistence,1682.0,1752.0
Colombia,2023,2023,12,2023-W12,376,2023,16,380,4,persistence,1751.0,2015.0
Colombia,2023,2023,13,2023-W13,377,2023,17,381,4,persistence,2144.0,2217.0
Colombia,2023,2023,14,2023-W14,378,2023,18,382,4,persistence,2689.0,1627.0
Colombia,2023,2023,15,2023-W15,379,2023,19,383,4,persistence,2729.0,1682.0
Colombia,2023,2023,16,2023-W16,380,2023,20,384,4,persistence,2179.0,1751.0
Colombia,2023,2023,17,2023-W17,381,2023,21,385,4,persistence,2133.0,2144.0
Colombia,2023,2023,18,2023-W18,382,2023,22,386,4,persistence,2569.0,2689.0
Colombia,2023,2023,19,2023-W19,383,2023,23,387,4,persistence,2152.0,2729.0
Colombia,2023,2023,20,2023-W20,384,2023,24,388,4,persistence,2079.0,2179.0
Colombia,2023,2023,21,2023-W21,385,2023,25,389,4,persistence,2082.0,2133.0
Colombia,2023,2023,22,2023-W22,386,2023,26,390,4,persistence,1768.0,2569.0
Colombia,2023,2023,23,2023-W23,387,2023,27,391,4,persistence,2203.0,2152.0
Colombia,2023,2023,24,2023-W24,388,2023,28,392,4,persistence,2617.0,2079.0
Colombia,2023,2023,25,2023-W25,389,2023,29,393,4,persistence,2458.0,2082.0
Colombia,2023,2023,26,2023-W26,390,2023,30,394,4,persistence,2609.0,1768.0
Colombia,2023,2023,27,2023-W27,391,2023,31,395,4,persistence,2595.0,2203.0
Colombia,2023,2023,28,2023-W28,392,2023,32,396,4,persistence,2876.0,2617.0
Colombia,2023,2023,29,2023-W29,393,2023,33,397,4,persistence,2474.0,2458.0
Colombia,2023,2023,30,2023-W30,394,2023,34,398,4,persistence,2299.0,2609.0
Colombia,2023,2023,31,2023-W31,395,2023,35,399,4,persistence,2504.0,2595.0
Colombia,2023,2023,32,2023-W32,396,2023,36,400,4,persistence,2559.0,2876.0
Colombia,2023,2023,33,2023-W33,397,2023,37,401,4,persistence,2681.0,2474.0
Colombia,2023,2023,34,2023-W34,398,2023,38,402,4,persistence,2677.0,2299.0
Colombia,2023,2023,35,2023-W35,399,2023,39,403,4,persistence,2809.0,2504.0
Colombia,2023,2023,36,2023-W36,400,2023,40,404,4,persistence,2984.0,2559.0
Colombia,2023,2023,37,2023-W37,401,2023,41,405,4,persistence,2632.0,2681.0
Colombia,2023,2023,38,2023-W38,402,2023,42,406,4,persistence,2964.0,2677.0
Colombia,2023,2023,39,2023-W39,403,2023,43,407,4,persistence,2969.0,2809.0
Colombia,2023,2023,40,2023-W40,404,2023,44,408,4,persistence,2852.0,2984.0
Colombia,2023,2023,41,2023-W41,405,2023,45,409,4,persistence,3322.0,2632.0
Colombia,2023,2023,42,2023-W42,406,2023,46,410,4,persistence,3638.0,2964.0
Colombia,2023,2023,43,2023-W43,407,2023,47,411,4,persistence,3999.0,2969.0
Colombia,2023,2023,44,2023-W44,408,2023,48,412,4,persistence,3916.0,2852.0
Colombia,2023,2023,45,2023-W45,409,2023,49,413,4,persistence,4130.0,3322.0
Colombia,2023,2023,46,2023-W46,410,2023,50,414,4,persistence,4650.0,3638.0
Colombia,2023,2023,47,2023-W47,411,2023,51,415,4,persistence,3922.0,3999.0
Colombia,2023,2023,48,2023-W48,412,2023,52,416,4,persistence,3859.0,3916.0
Colombia,2023,2022,49,2022-W49,361,2023,1,365,4,seasonal_naive,1071.0,675.0
Colombia,2023,2022,50,2022-W50,362,2023,2,366,4,seasonal_naive,2389.0,1338.0
Colombia,2023,2022,51,2022-W51,363,2023,3,367,4,seasonal_naive,2177.0,1169.0
Colombia,2023,2022,52,2022-W52,364,2023,4,368,4,seasonal_naive,2237.0,1189.0
Colombia,2023,2023,1,2023-W01,365,2023,5,369,4,seasonal_naive,2016.0,987.0
Colombia,2023,2023,2,2023-W02,366,2023,6,370,4,seasonal_naive,1870.0,1087.0
Colombia,2023,2023,3,2023-W03,367,2023,7,371,4,seasonal_naive,1918.0,935.0
Colombia,2023,2023,4,2023-W04,368,2023,8,372,4,seasonal_naive,2294.0,885.0
Colombia,2023,2023,5,2023-W05,369,2023,9,373,4,seasonal_naive,1311.0,986.0
Colombia,2023,2023,6,2023-W06,370,2023,10,374,4,seasonal_naive,1735.0,925.0
Colombia,2023,2023,7,2023-W07,371,2023,11,375,4,seasonal_naive,1752.0,867.0
Colombia,2023,2023,8,2023-W08,372,2023,12,376,4,seasonal_naive,2015.0,924.0
Colombia,2023,2023,9,2023-W09,373,2023,13,377,4,seasonal_naive,2217.0,1105.0
Colombia,2023,2023,10,2023-W10,374,2023,14,378,4,seasonal_naive,1627.0,1084.0
Colombia,2023,2023,11,2023-W11,375,2023,15,379,4,seasonal_naive,1682.0,983.0
Colombia,2023,2023,12,2023-W12,376,2023,16,380,4,seasonal_naive,1751.0,1040.0
Colombia,2023,2023,13,2023-W13,377,2023,17,381,4,seasonal_naive,2144.0,1080.0
Colombia,2023,2023,14,2023-W14,378,2023,18,382,4,seasonal_naive,2689.0,1385.0
Colombia,2023,2023,15,2023-W15,379,2023,19,383,4,seasonal_naive,2729.0,1399.0
Colombia,2023,2023,16,2023-W16,380,2023,20,384,4,seasonal_naive,2179.0,1533.0
Colombia,2023,2023,17,2023-W17,381,2023,21,385,4,seasonal_naive,2133.0,1706.0
Colombia,2023,2023,18,2023-W18,382,2023,22,386,4,seasonal_naive,2569.0,1904.0
Colombia,2023,2023,19,2023-W19,383,2023,23,387,4,seasonal_naive,2152.0,1471.0
Colombia,2023,2023,20,2023-W20,384,2023,24,388,4,seasonal_naive,2079.0,1415.0
Colombia,2023,2023,21,2023-W21,385,2023,25,389,4,seasonal_naive,2082.0,1403.0
Colombia,2023,2023,22,2023-W22,386,2023,26,390,4,seasonal_naive,1768.0,1224.0
Colombia,2023,2023,23,2023-W23,387,2023,27,391,4,seasonal_naive,2203.0,1628.0
Colombia,2023,2023,24,2023-W24,388,2023,28,392,4,seasonal_naive,2617.0,1687.0
Colombia,2023,2023,25,2023-W25,389,2023,29,393,4,seasonal_naive,2458.0,1684.0
Colombia,2023,2023,26,2023-W26,390,2023,30,394,4,seasonal_naive,2609.0,1542.0
Colombia,2023,2023,27,2023-W27,391,2023,31,395,4,seasonal_naive,2595.0,1604.0
Colombia,2023,2023,28,2023-W28,392,2023,32,396,4,seasonal_naive,2876.0,1270.0
Colombia,2023,2023,29,2023-W29,393,2023,33,397,4,seasonal_naive,2474.0,1537.0
Colombia,2023,2023,30,2023-W30,394,2023,34,398,4,seasonal_naive,2299.0,1472.0
Colombia,2023,2023,31,2023-W31,395,2023,35,399,4,seasonal_naive,2504.0,1156.0
Colombia,2023,2023,32,2023-W32,396,2023,36,400,4,seasonal_naive,2559.0,1452.0
Colombia,2023,2023,33,2023-W33,397,2023,37,401,4,seasonal_naive,2681.0,1251.0
Colombia,2023,2023,34,2023-W34,398,2023,38,402,4,seasonal_naive,2677.0,1111.0
Colombia,2023,2023,35,2023-W35,399,2023,39,403,4,seasonal_naive,2809.0,1171.0
Colombia,2023,2023,36,2023-W36,400,2023,40,404,4,seasonal_naive,2984.0,1424.0
Colombia,2023,2023,37,2023-W37,401,2023,41,405,4,seasonal_naive,2632.0,1132.0
Colombia,2023,2023,38,2023-W38,402,2023,42,406,4,seasonal_naive,2964.0,1270.0
Colombia,2023,2023,39,2023-W39,403,2023,43,407,4,seasonal_naive,2969.0,1590.0
Colombia,2023,2023,40,2023-W40,404,2023,44,408,4,seasonal_naive,2852.0,1672.0
Colombia,2023,2023,41,2023-W41,405,2023,45,409,4,seasonal_naive,3322.0,1533.0
Colombia,2023,2023,42,2023-W42,406,2023,46,410,4,seasonal_naive,3638.0,1582.0
Colombia,2023,2023,43,2023-W43,407,2023,47,411,4,seasonal_naive,3999.0,1714.0
Colombia,2023,2023,44,2023-W44,408,2023,48,412,4,seasonal_naive,3916.0,1806.0
Colombia,2023,2023,45,2023-W45,409,2023,49,413,4,seasonal_naive,4130.0,1890.0
Colombia,2023,2023,46,2023-W46,410,2023,50,414,4,seasonal_naive,4650.0,1654.0
Colombia,2023,2023,47,2023-W47,411,2023,51,415,4,seasonal_naive,3922.0,1277.0
Colombia,2023,2023,48,2023-W48,412,2023,52,416,4,seasonal_naive,3859.0,1689.0
Mexico,2023,2022,52,2022-W52,364,2023,1,365,1,moving_average_4,739.0,904.25
Mexico,2023,2023,1,2023-W01,365,2023,2,366,1,moving_average_4,900.0,732.25
Mexico,2023,2023,2,2023-W02,366,2023,3,367,1,moving_average_4,806.0,957.25
Mexico,2023,2023,3,2023-W03,367,2023,4,368,1,moving_average_4,886.0,1158.75
Mexico,2023,2023,4,2023-W04,368,2023,5,369,1,moving_average_4,826.0,832.75
Mexico,2023,2023,5,2023-W05,369,2023,6,370,1,moving_average_4,829.0,854.5
Mexico,2023,2023,6,2023-W06,370,2023,7,371,1,moving_average_4,863.0,836.75
Mexico,2023,2023,7,2023-W07,371,2023,8,372,1,moving_average_4,847.0,851.0
Mexico,2023,2023,8,2023-W08,372,2023,9,373,1,moving_average_4,1031.0,841.25
Mexico,2023,2023,9,2023-W09,373,2023,10,374,1,moving_average_4,1078.0,892.5
Mexico,2023,2023,10,2023-W10,374,2023,11,375,1,moving_average_4,895.0,954.75
Mexico,2023,2023,11,2023-W11,375,2023,12,376,1,moving_average_4,951.0,962.75
Mexico,2023,2023,12,2023-W12,376,2023,13,377,1,moving_average_4,936.0,988.75
Mexico,2023,2023,13,2023-W13,377,2023,14,378,1,moving_average_4,655.0,965.0
Mexico,2023,2023,14,2023-W14,378,2023,15,379,1,moving_average_4,941.0,859.25
Mexico,2023,2023,15,2023-W15,379,2023,16,380,1,moving_average_4,1109.0,870.75
Mexico,2023,2023,16,2023-W16,380,2023,17,381,1,moving_average_4,1048.0,910.25
Mexico,2023,2023,17,2023-W17,381,2023,18,382,1,moving_average_4,1091.0,938.25
Mexico,2023,2023,18,2023-W18,382,2023,19,383,1,moving_average_4,1223.0,1047.25
Mexico,2023,2023,19,2023-W19,383,2023,20,384,1,moving_average_4,1381.0,1117.75
Mexico,2023,2023,20,2023-W20,384,2023,21,385,1,moving_average_4,1501.0,1185.75
Mexico,2023,2023,21,2023-W21,385,2023,22,386,1,moving_average_4,1864.0,1299.0
Mexico,2023,2023,22,2023-W22,386,2023,23,387,1,moving_average_4,2210.0,1492.25
Mexico,2023,2023,23,2023-W23,387,2023,24,388,1,moving_average_4,2410.0,1739.0
Mexico,2023,2023,24,2023-W24,388,2023,25,389,1,moving_average_4,2932.0,1996.25
Mexico,2023,2023,25,2023-W25,389,2023,26,390,1,moving_average_4,3086.0,2354.0
Mexico,2023,2023,26,2023-W26,390,2023,27,391,1,moving_average_4,3460.0,2659.5
Mexico,2023,2023,27,2023-W27,391,2023,28,392,1,moving_average_4,4109.0,2972.0
Mexico,2023,2023,28,2023-W28,392,2023,29,393,1,moving_average_4,4701.0,3396.75
Mexico,2023,2023,29,2023-W29,393,2023,30,394,1,moving_average_4,4807.0,3839.0
Mexico,2023,2023,30,2023-W30,394,2023,31,395,1,moving_average_4,5426.0,4269.25
Mexico,2023,2023,31,2023-W31,395,2023,32,396,1,moving_average_4,7016.0,4760.75
Mexico,2023,2023,32,2023-W32,396,2023,33,397,1,moving_average_4,8307.0,5487.5
Mexico,2023,2023,33,2023-W33,397,2023,34,398,1,moving_average_4,9892.0,6389.0
Mexico,2023,2023,34,2023-W34,398,2023,35,399,1,moving_average_4,12946.0,7660.25
Mexico,2023,2023,35,2023-W35,399,2023,36,400,1,moving_average_4,15379.0,9540.25
Mexico,2023,2023,36,2023-W36,400,2023,37,401,1,moving_average_4,15067.0,11631.0
Mexico,2023,2023,37,2023-W37,401,2023,38,402,1,moving_average_4,18425.0,13321.0
Mexico,2023,2023,38,2023-W38,402,2023,39,403,1,moving_average_4,17723.0,15454.25
Mexico,2023,2023,39,2023-W39,403,2023,40,404,1,moving_average_4,18141.0,16648.5
Mexico,2023,2023,40,2023-W40,404,2023,41,405,1,moving_average_4,17289.0,17339.0
Mexico,2023,2023,41,2023-W41,405,2023,42,406,1,moving_average_4,15234.0,17894.5
Mexico,2023,2023,42,2023-W42,406,2023,43,407,1,moving_average_4,11399.0,17096.75
Mexico,2023,2023,43,2023-W43,407,2023,44,408,1,moving_average_4,8997.0,15515.75
Mexico,2023,2023,44,2023-W44,408,2023,45,409,1,moving_average_4,9098.0,13229.75
Mexico,2023,2023,45,2023-W45,409,2023,46,410,1,moving_average_4,4057.0,11182.0
Mexico,2023,2023,46,2023-W46,410,2023,47,411,1,moving_average_4,6719.0,8387.75
Mexico,2023,2023,47,2023-W47,411,2023,48,412,1,moving_average_4,7376.0,7217.75
Mexico,2023,2023,48,2023-W48,412,2023,49,413,1,moving_average_4,6300.0,6812.5
Mexico,2023,2023,49,2023-W49,413,2023,50,414,1,moving_average_4,5415.0,6113.0
Mexico,2023,2023,50,2023-W50,414,2023,51,415,1,moving_average_4,4036.0,6452.5
Mexico,2023,2023,51,2023-W51,415,2023,52,416,1,moving_average_4,3606.0,5781.75
Mexico,2023,2022,52,2022-W52,364,2023,1,365,1,persistence,739.0,2190.0
Mexico,2023,2023,1,2023-W01,365,2023,2,366,1,persistence,900.0,739.0
Mexico,2023,2023,2,2023-W02,366,2023,3,367,1,persistence,806.0,900.0
Mexico,2023,2023,3,2023-W03,367,2023,4,368,1,persistence,886.0,806.0
Mexico,2023,2023,4,2023-W04,368,2023,5,369,1,persistence,826.0,886.0
Mexico,2023,2023,5,2023-W05,369,2023,6,370,1,persistence,829.0,826.0
Mexico,2023,2023,6,2023-W06,370,2023,7,371,1,persistence,863.0,829.0
Mexico,2023,2023,7,2023-W07,371,2023,8,372,1,persistence,847.0,863.0
Mexico,2023,2023,8,2023-W08,372,2023,9,373,1,persistence,1031.0,847.0
Mexico,2023,2023,9,2023-W09,373,2023,10,374,1,persistence,1078.0,1031.0
Mexico,2023,2023,10,2023-W10,374,2023,11,375,1,persistence,895.0,1078.0
Mexico,2023,2023,11,2023-W11,375,2023,12,376,1,persistence,951.0,895.0
Mexico,2023,2023,12,2023-W12,376,2023,13,377,1,persistence,936.0,951.0
Mexico,2023,2023,13,2023-W13,377,2023,14,378,1,persistence,655.0,936.0
Mexico,2023,2023,14,2023-W14,378,2023,15,379,1,persistence,941.0,655.0
Mexico,2023,2023,15,2023-W15,379,2023,16,380,1,persistence,1109.0,941.0
Mexico,2023,2023,16,2023-W16,380,2023,17,381,1,persistence,1048.0,1109.0
Mexico,2023,2023,17,2023-W17,381,2023,18,382,1,persistence,1091.0,1048.0
Mexico,2023,2023,18,2023-W18,382,2023,19,383,1,persistence,1223.0,1091.0
Mexico,2023,2023,19,2023-W19,383,2023,20,384,1,persistence,1381.0,1223.0
Mexico,2023,2023,20,2023-W20,384,2023,21,385,1,persistence,1501.0,1381.0
Mexico,2023,2023,21,2023-W21,385,2023,22,386,1,persistence,1864.0,1501.0
Mexico,2023,2023,22,2023-W22,386,2023,23,387,1,persistence,2210.0,1864.0
Mexico,2023,2023,23,2023-W23,387,2023,24,388,1,persistence,2410.0,2210.0
Mexico,2023,2023,24,2023-W24,388,2023,25,389,1,persistence,2932.0,2410.0
Mexico,2023,2023,25,2023-W25,389,2023,26,390,1,persistence,3086.0,2932.0
Mexico,2023,2023,26,2023-W26,390,2023,27,391,1,persistence,3460.0,3086.0
Mexico,2023,2023,27,2023-W27,391,2023,28,392,1,persistence,4109.0,3460.0
Mexico,2023,2023,28,2023-W28,392,2023,29,393,1,persistence,4701.0,4109.0
Mexico,2023,2023,29,2023-W29,393,2023,30,394,1,persistence,4807.0,4701.0
Mexico,2023,2023,30,2023-W30,394,2023,31,395,1,persistence,5426.0,4807.0
Mexico,2023,2023,31,2023-W31,395,2023,32,396,1,persistence,7016.0,5426.0
Mexico,2023,2023,32,2023-W32,396,2023,33,397,1,persistence,8307.0,7016.0
Mexico,2023,2023,33,2023-W33,397,2023,34,398,1,persistence,9892.0,8307.0
Mexico,2023,2023,34,2023-W34,398,2023,35,399,1,persistence,12946.0,9892.0
Mexico,2023,2023,35,2023-W35,399,2023,36,400,1,persistence,15379.0,12946.0
Mexico,2023,2023,36,2023-W36,400,2023,37,401,1,persistence,15067.0,15379.0
Mexico,2023,2023,37,2023-W37,401,2023,38,402,1,persistence,18425.0,15067.0
Mexico,2023,2023,38,2023-W38,402,2023,39,403,1,persistence,17723.0,18425.0
Mexico,2023,2023,39,2023-W39,403,2023,40,404,1,persistence,18141.0,17723.0
Mexico,2023,2023,40,2023-W40,404,2023,41,405,1,persistence,17289.0,18141.0
Mexico,2023,2023,41,2023-W41,405,2023,42,406,1,persistence,15234.0,17289.0
Mexico,2023,2023,42,2023-W42,406,2023,43,407,1,persistence,11399.0,15234.0
Mexico,2023,2023,43,2023-W43,407,2023,44,408,1,persistence,8997.0,11399.0
Mexico,2023,2023,44,2023-W44,408,2023,45,409,1,persistence,9098.0,8997.0
Mexico,2023,2023,45,2023-W45,409,2023,46,410,1,persistence,4057.0,9098.0
Mexico,2023,2023,46,2023-W46,410,2023,47,411,1,persistence,6719.0,4057.0
Mexico,2023,2023,47,2023-W47,411,2023,48,412,1,persistence,7376.0,6719.0
Mexico,2023,2023,48,2023-W48,412,2023,49,413,1,persistence,6300.0,7376.0
Mexico,2023,2023,49,2023-W49,413,2023,50,414,1,persistence,5415.0,6300.0
Mexico,2023,2023,50,2023-W50,414,2023,51,415,1,persistence,4036.0,5415.0
Mexico,2023,2023,51,2023-W51,415,2023,52,416,1,persistence,3606.0,4036.0
Mexico,2023,2022,52,2022-W52,364,2023,1,365,1,seasonal_naive,739.0,247.0
Mexico,2023,2023,1,2023-W01,365,2023,2,366,1,seasonal_naive,900.0,303.0
Mexico,2023,2023,2,2023-W02,366,2023,3,367,1,seasonal_naive,806.0,241.0
Mexico,2023,2023,3,2023-W03,367,2023,4,368,1,seasonal_naive,886.0,274.0
Mexico,2023,2023,4,2023-W04,368,2023,5,369,1,seasonal_naive,826.0,210.0
Mexico,2023,2023,5,2023-W05,369,2023,6,370,1,seasonal_naive,829.0,206.0
Mexico,2023,2023,6,2023-W06,370,2023,7,371,1,seasonal_naive,863.0,215.0
Mexico,2023,2023,7,2023-W07,371,2023,8,372,1,seasonal_naive,847.0,264.0
Mexico,2023,2023,8,2023-W08,372,2023,9,373,1,seasonal_naive,1031.0,259.0
Mexico,2023,2023,9,2023-W09,373,2023,10,374,1,seasonal_naive,1078.0,312.0
Mexico,2023,2023,10,2023-W10,374,2023,11,375,1,seasonal_naive,895.0,287.0
Mexico,2023,2023,11,2023-W11,375,2023,12,376,1,seasonal_naive,951.0,301.0
Mexico,2023,2023,12,2023-W12,376,2023,13,377,1,seasonal_naive,936.0,343.0
Mexico,2023,2023,13,2023-W13,377,2023,14,378,1,seasonal_naive,655.0,384.0
Mexico,2023,2023,14,2023-W14,378,2023,15,379,1,seasonal_naive,941.0,272.0
Mexico,2023,2023,15,2023-W15,379,2023,16,380,1,seasonal_naive,1109.0,471.0
Mexico,2023,2023,16,2023-W16,380,2023,17,381,1,seasonal_naive,1048.0,503.0
Mexico,2023,2023,17,2023-W17,381,2023,18,382,1,seasonal_naive,1091.0,519.0
Mexico,2023,2023,18,2023-W18,382,2023,19,383,1,seasonal_naive,1223.0,517.0
Mexico,2023,2023,19,2023-W19,383,2023,20,384,1,seasonal_naive,1381.0,773.0
Mexico,2023,2023,20,2023-W20,384,2023,21,385,1,seasonal_naive,1501.0,825.0
Mexico,2023,2023,21,2023-W21,385,2023,22,386,1,seasonal_naive,1864.0,780.0
Mexico,2023,2023,22,2023-W22,386,2023,23,387,1,seasonal_naive,2210.0,1065.0
Mexico,2023,2023,23,2023-W23,387,2023,24,388,1,seasonal_naive,2410.0,1065.0
Mexico,2023,2023,24,2023-W24,388,2023,25,389,1,seasonal_naive,2932.0,1086.0
Mexico,2023,2023,25,2023-W25,389,2023,26,390,1,seasonal_naive,3086.0,1120.0
Mexico,2023,2023,26,2023-W26,390,2023,27,391,1,seasonal_naive,3460.0,1215.0
Mexico,2023,2023,27,2023-W27,391,2023,28,392,1,seasonal_naive,4109.0,1184.0
Mexico,2023,2023,28,2023-W28,392,2023,29,393,1,seasonal_naive,4701.0,1103.0
Mexico,2023,2023,29,2023-W29,393,2023,30,394,1,seasonal_naive,4807.0,939.0
Mexico,2023,2023,30,2023-W30,394,2023,31,395,1,seasonal_naive,5426.0,1033.0
Mexico,2023,2023,31,2023-W31,395,2023,32,396,1,seasonal_naive,7016.0,1141.0
Mexico,2023,2023,32,2023-W32,396,2023,33,397,1,seasonal_naive,8307.0,1248.0
Mexico,2023,2023,33,2023-W33,397,2023,34,398,1,seasonal_naive,9892.0,1667.0
Mexico,2023,2023,34,2023-W34,398,2023,35,399,1,seasonal_naive,12946.0,1950.0
Mexico,2023,2023,35,2023-W35,399,2023,36,400,1,seasonal_naive,15379.0,2464.0
Mexico,2023,2023,36,2023-W36,400,2023,37,401,1,seasonal_naive,15067.0,1834.0
Mexico,2023,2023,37,2023-W37,401,2023,38,402,1,seasonal_naive,18425.0,2502.0
Mexico,2023,2023,38,2023-W38,402,2023,39,403,1,seasonal_naive,17723.0,2756.0
Mexico,2023,2023,39,2023-W39,403,2023,40,404,1,seasonal_naive,18141.0,3048.0
Mexico,2023,2023,40,2023-W40,404,2023,41,405,1,seasonal_naive,17289.0,3027.0
Mexico,2023,2023,41,2023-W41,405,2023,42,406,1,seasonal_naive,15234.0,2810.0
Mexico,2023,2023,42,2023-W42,406,2023,43,407,1,seasonal_naive,11399.0,3176.0
Mexico,2023,2023,43,2023-W43,407,2023,44,408,1,seasonal_naive,8997.0,2248.0
Mexico,2023,2023,44,2023-W44,408,2023,45,409,1,seasonal_naive,9098.0,2702.0
Mexico,2023,2023,45,2023-W45,409,2023,46,410,1,seasonal_naive,4057.0,2386.0
Mexico,2023,2023,46,2023-W46,410,2023,47,411,1,seasonal_naive,6719.0,1504.0
Mexico,2023,2023,47,2023-W47,411,2023,48,412,1,seasonal_naive,7376.0,1522.0
Mexico,2023,2023,48,2023-W48,412,2023,49,413,1,seasonal_naive,6300.0,1427.0
Mexico,2023,2023,49,2023-W49,413,2023,50,414,1,seasonal_naive,5415.0,0.0
Mexico,2023,2023,50,2023-W50,414,2023,51,415,1,seasonal_naive,4036.0,0.0
Mexico,2023,2023,51,2023-W51,415,2023,52,416,1,seasonal_naive,3606.0,2190.0
Mexico,2023,2022,51,2022-W51,363,2023,1,365,2,moving_average_4,739.0,737.25
Mexico,2023,2022,52,2022-W52,364,2023,2,366,2,moving_average_4,900.0,904.25
Mexico,2023,2023,1,2023-W01,365,2023,3,367,2,moving_average_4,806.0,732.25
Mexico,2023,2023,2,2023-W02,366,2023,4,368,2,moving_average_4,886.0,957.25
Mexico,2023,2023,3,2023-W03,367,2023,5,369,2,moving_average_4,826.0,1158.75
Mexico,2023,2023,4,2023-W04,368,2023,6,370,2,moving_average_4,829.0,832.75
Mexico,2023,2023,5,2023-W05,369,2023,7,371,2,moving_average_4,863.0,854.5
Mexico,2023,2023,6,2023-W06,370,2023,8,372,2,moving_average_4,847.0,836.75
Mexico,2023,2023,7,2023-W07,371,2023,9,373,2,moving_average_4,1031.0,851.0
Mexico,2023,2023,8,2023-W08,372,2023,10,374,2,moving_average_4,1078.0,841.25
Mexico,2023,2023,9,2023-W09,373,2023,11,375,2,moving_average_4,895.0,892.5
Mexico,2023,2023,10,2023-W10,374,2023,12,376,2,moving_average_4,951.0,954.75
Mexico,2023,2023,11,2023-W11,375,2023,13,377,2,moving_average_4,936.0,962.75
Mexico,2023,2023,12,2023-W12,376,2023,14,378,2,moving_average_4,655.0,988.75
Mexico,2023,2023,13,2023-W13,377,2023,15,379,2,moving_average_4,941.0,965.0
Mexico,2023,2023,14,2023-W14,378,2023,16,380,2,moving_average_4,1109.0,859.25
Mexico,2023,2023,15,2023-W15,379,2023,17,381,2,moving_average_4,1048.0,870.75
Mexico,2023,2023,16,2023-W16,380,2023,18,382,2,moving_average_4,1091.0,910.25
Mexico,2023,2023,17,2023-W17,381,2023,19,383,2,moving_average_4,1223.0,938.25
Mexico,2023,2023,18,2023-W18,382,2023,20,384,2,moving_average_4,1381.0,1047.25
Mexico,2023,2023,19,2023-W19,383,2023,21,385,2,moving_average_4,1501.0,1117.75
Mexico,2023,2023,20,2023-W20,384,2023,22,386,2,moving_average_4,1864.0,1185.75
Mexico,2023,2023,21,2023-W21,385,2023,23,387,2,moving_average_4,2210.0,1299.0
Mexico,2023,2023,22,2023-W22,386,2023,24,388,2,moving_average_4,2410.0,1492.25
Mexico,2023,2023,23,2023-W23,387,2023,25,389,2,moving_average_4,2932.0,1739.0
Mexico,2023,2023,24,2023-W24,388,2023,26,390,2,moving_average_4,3086.0,1996.25
Mexico,2023,2023,25,2023-W25,389,2023,27,391,2,moving_average_4,3460.0,2354.0
Mexico,2023,2023,26,2023-W26,390,2023,28,392,2,moving_average_4,4109.0,2659.5
Mexico,2023,2023,27,2023-W27,391,2023,29,393,2,moving_average_4,4701.0,2972.0
Mexico,2023,2023,28,2023-W28,392,2023,30,394,2,moving_average_4,4807.0,3396.75
Mexico,2023,2023,29,2023-W29,393,2023,31,395,2,moving_average_4,5426.0,3839.0
Mexico,2023,2023,30,2023-W30,394,2023,32,396,2,moving_average_4,7016.0,4269.25
Mexico,2023,2023,31,2023-W31,395,2023,33,397,2,moving_average_4,8307.0,4760.75
Mexico,2023,2023,32,2023-W32,396,2023,34,398,2,moving_average_4,9892.0,5487.5
Mexico,2023,2023,33,2023-W33,397,2023,35,399,2,moving_average_4,12946.0,6389.0
Mexico,2023,2023,34,2023-W34,398,2023,36,400,2,moving_average_4,15379.0,7660.25
Mexico,2023,2023,35,2023-W35,399,2023,37,401,2,moving_average_4,15067.0,9540.25
Mexico,2023,2023,36,2023-W36,400,2023,38,402,2,moving_average_4,18425.0,11631.0
Mexico,2023,2023,37,2023-W37,401,2023,39,403,2,moving_average_4,17723.0,13321.0
Mexico,2023,2023,38,2023-W38,402,2023,40,404,2,moving_average_4,18141.0,15454.25
Mexico,2023,2023,39,2023-W39,403,2023,41,405,2,moving_average_4,17289.0,16648.5
Mexico,2023,2023,40,2023-W40,404,2023,42,406,2,moving_average_4,15234.0,17339.0
Mexico,2023,2023,41,2023-W41,405,2023,43,407,2,moving_average_4,11399.0,17894.5
Mexico,2023,2023,42,2023-W42,406,2023,44,408,2,moving_average_4,8997.0,17096.75
Mexico,2023,2023,43,2023-W43,407,2023,45,409,2,moving_average_4,9098.0,15515.75
Mexico,2023,2023,44,2023-W44,408,2023,46,410,2,moving_average_4,4057.0,13229.75
Mexico,2023,2023,45,2023-W45,409,2023,47,411,2,moving_average_4,6719.0,11182.0
Mexico,2023,2023,46,2023-W46,410,2023,48,412,2,moving_average_4,7376.0,8387.75
Mexico,2023,2023,47,2023-W47,411,2023,49,413,2,moving_average_4,6300.0,7217.75
Mexico,2023,2023,48,2023-W48,412,2023,50,414,2,moving_average_4,5415.0,6812.5
Mexico,2023,2023,49,2023-W49,413,2023,51,415,2,moving_average_4,4036.0,6113.0
Mexico,2023,2023,50,2023-W50,414,2023,52,416,2,moving_average_4,3606.0,6452.5
Mexico,2023,2022,51,2022-W51,363,2023,1,365,2,persistence,739.0,0.0
Mexico,2023,2022,52,2022-W52,364,2023,2,366,2,persistence,900.0,2190.0
Mexico,2023,2023,1,2023-W01,365,2023,3,367,2,persistence,806.0,739.0
Mexico,2023,2023,2,2023-W02,366,2023,4,368,2,persistence,886.0,900.0
Mexico,2023,2023,3,2023-W03,367,2023,5,369,2,persistence,826.0,806.0
Mexico,2023,2023,4,2023-W04,368,2023,6,370,2,persistence,829.0,886.0
Mexico,2023,2023,5,2023-W05,369,2023,7,371,2,persistence,863.0,826.0
Mexico,2023,2023,6,2023-W06,370,2023,8,372,2,persistence,847.0,829.0
Mexico,2023,2023,7,2023-W07,371,2023,9,373,2,persistence,1031.0,863.0
Mexico,2023,2023,8,2023-W08,372,2023,10,374,2,persistence,1078.0,847.0
Mexico,2023,2023,9,2023-W09,373,2023,11,375,2,persistence,895.0,1031.0
Mexico,2023,2023,10,2023-W10,374,2023,12,376,2,persistence,951.0,1078.0
Mexico,2023,2023,11,2023-W11,375,2023,13,377,2,persistence,936.0,895.0
Mexico,2023,2023,12,2023-W12,376,2023,14,378,2,persistence,655.0,951.0
Mexico,2023,2023,13,2023-W13,377,2023,15,379,2,persistence,941.0,936.0
Mexico,2023,2023,14,2023-W14,378,2023,16,380,2,persistence,1109.0,655.0
Mexico,2023,2023,15,2023-W15,379,2023,17,381,2,persistence,1048.0,941.0
Mexico,2023,2023,16,2023-W16,380,2023,18,382,2,persistence,1091.0,1109.0
Mexico,2023,2023,17,2023-W17,381,2023,19,383,2,persistence,1223.0,1048.0
Mexico,2023,2023,18,2023-W18,382,2023,20,384,2,persistence,1381.0,1091.0
Mexico,2023,2023,19,2023-W19,383,2023,21,385,2,persistence,1501.0,1223.0
Mexico,2023,2023,20,2023-W20,384,2023,22,386,2,persistence,1864.0,1381.0
Mexico,2023,2023,21,2023-W21,385,2023,23,387,2,persistence,2210.0,1501.0
Mexico,2023,2023,22,2023-W22,386,2023,24,388,2,persistence,2410.0,1864.0
Mexico,2023,2023,23,2023-W23,387,2023,25,389,2,persistence,2932.0,2210.0
Mexico,2023,2023,24,2023-W24,388,2023,26,390,2,persistence,3086.0,2410.0
Mexico,2023,2023,25,2023-W25,389,2023,27,391,2,persistence,3460.0,2932.0
Mexico,2023,2023,26,2023-W26,390,2023,28,392,2,persistence,4109.0,3086.0
Mexico,2023,2023,27,2023-W27,391,2023,29,393,2,persistence,4701.0,3460.0
Mexico,2023,2023,28,2023-W28,392,2023,30,394,2,persistence,4807.0,4109.0
Mexico,2023,2023,29,2023-W29,393,2023,31,395,2,persistence,5426.0,4701.0
Mexico,2023,2023,30,2023-W30,394,2023,32,396,2,persistence,7016.0,4807.0
Mexico,2023,2023,31,2023-W31,395,2023,33,397,2,persistence,8307.0,5426.0
Mexico,2023,2023,32,2023-W32,396,2023,34,398,2,persistence,9892.0,7016.0
Mexico,2023,2023,33,2023-W33,397,2023,35,399,2,persistence,12946.0,8307.0
Mexico,2023,2023,34,2023-W34,398,2023,36,400,2,persistence,15379.0,9892.0
Mexico,2023,2023,35,2023-W35,399,2023,37,401,2,persistence,15067.0,12946.0
Mexico,2023,2023,36,2023-W36,400,2023,38,402,2,persistence,18425.0,15379.0
Mexico,2023,2023,37,2023-W37,401,2023,39,403,2,persistence,17723.0,15067.0
Mexico,2023,2023,38,2023-W38,402,2023,40,404,2,persistence,18141.0,18425.0
Mexico,2023,2023,39,2023-W39,403,2023,41,405,2,persistence,17289.0,17723.0
Mexico,2023,2023,40,2023-W40,404,2023,42,406,2,persistence,15234.0,18141.0
Mexico,2023,2023,41,2023-W41,405,2023,43,407,2,persistence,11399.0,17289.0
Mexico,2023,2023,42,2023-W42,406,2023,44,408,2,persistence,8997.0,15234.0
Mexico,2023,2023,43,2023-W43,407,2023,45,409,2,persistence,9098.0,11399.0
Mexico,2023,2023,44,2023-W44,408,2023,46,410,2,persistence,4057.0,8997.0
Mexico,2023,2023,45,2023-W45,409,2023,47,411,2,persistence,6719.0,9098.0
Mexico,2023,2023,46,2023-W46,410,2023,48,412,2,persistence,7376.0,4057.0
Mexico,2023,2023,47,2023-W47,411,2023,49,413,2,persistence,6300.0,6719.0
Mexico,2023,2023,48,2023-W48,412,2023,50,414,2,persistence,5415.0,7376.0
Mexico,2023,2023,49,2023-W49,413,2023,51,415,2,persistence,4036.0,6300.0
Mexico,2023,2023,50,2023-W50,414,2023,52,416,2,persistence,3606.0,5415.0
Mexico,2023,2022,51,2022-W51,363,2023,1,365,2,seasonal_naive,739.0,247.0
Mexico,2023,2022,52,2022-W52,364,2023,2,366,2,seasonal_naive,900.0,303.0
Mexico,2023,2023,1,2023-W01,365,2023,3,367,2,seasonal_naive,806.0,241.0
Mexico,2023,2023,2,2023-W02,366,2023,4,368,2,seasonal_naive,886.0,274.0
Mexico,2023,2023,3,2023-W03,367,2023,5,369,2,seasonal_naive,826.0,210.0
Mexico,2023,2023,4,2023-W04,368,2023,6,370,2,seasonal_naive,829.0,206.0
Mexico,2023,2023,5,2023-W05,369,2023,7,371,2,seasonal_naive,863.0,215.0
Mexico,2023,2023,6,2023-W06,370,2023,8,372,2,seasonal_naive,847.0,264.0
Mexico,2023,2023,7,2023-W07,371,2023,9,373,2,seasonal_naive,1031.0,259.0
Mexico,2023,2023,8,2023-W08,372,2023,10,374,2,seasonal_naive,1078.0,312.0
Mexico,2023,2023,9,2023-W09,373,2023,11,375,2,seasonal_naive,895.0,287.0
Mexico,2023,2023,10,2023-W10,374,2023,12,376,2,seasonal_naive,951.0,301.0
Mexico,2023,2023,11,2023-W11,375,2023,13,377,2,seasonal_naive,936.0,343.0
Mexico,2023,2023,12,2023-W12,376,2023,14,378,2,seasonal_naive,655.0,384.0
Mexico,2023,2023,13,2023-W13,377,2023,15,379,2,seasonal_naive,941.0,272.0
Mexico,2023,2023,14,2023-W14,378,2023,16,380,2,seasonal_naive,1109.0,471.0
Mexico,2023,2023,15,2023-W15,379,2023,17,381,2,seasonal_naive,1048.0,503.0
Mexico,2023,2023,16,2023-W16,380,2023,18,382,2,seasonal_naive,1091.0,519.0
Mexico,2023,2023,17,2023-W17,381,2023,19,383,2,seasonal_naive,1223.0,517.0
Mexico,2023,2023,18,2023-W18,382,2023,20,384,2,seasonal_naive,1381.0,773.0
Mexico,2023,2023,19,2023-W19,383,2023,21,385,2,seasonal_naive,1501.0,825.0
Mexico,2023,2023,20,2023-W20,384,2023,22,386,2,seasonal_naive,1864.0,780.0
Mexico,2023,2023,21,2023-W21,385,2023,23,387,2,seasonal_naive,2210.0,1065.0
Mexico,2023,2023,22,2023-W22,386,2023,24,388,2,seasonal_naive,2410.0,1065.0
Mexico,2023,2023,23,2023-W23,387,2023,25,389,2,seasonal_naive,2932.0,1086.0
Mexico,2023,2023,24,2023-W24,388,2023,26,390,2,seasonal_naive,3086.0,1120.0
Mexico,2023,2023,25,2023-W25,389,2023,27,391,2,seasonal_naive,3460.0,1215.0
Mexico,2023,2023,26,2023-W26,390,2023,28,392,2,seasonal_naive,4109.0,1184.0
Mexico,2023,2023,27,2023-W27,391,2023,29,393,2,seasonal_naive,4701.0,1103.0
Mexico,2023,2023,28,2023-W28,392,2023,30,394,2,seasonal_naive,4807.0,939.0
Mexico,2023,2023,29,2023-W29,393,2023,31,395,2,seasonal_naive,5426.0,1033.0
Mexico,2023,2023,30,2023-W30,394,2023,32,396,2,seasonal_naive,7016.0,1141.0
Mexico,2023,2023,31,2023-W31,395,2023,33,397,2,seasonal_naive,8307.0,1248.0
Mexico,2023,2023,32,2023-W32,396,2023,34,398,2,seasonal_naive,9892.0,1667.0
Mexico,2023,2023,33,2023-W33,397,2023,35,399,2,seasonal_naive,12946.0,1950.0
Mexico,2023,2023,34,2023-W34,398,2023,36,400,2,seasonal_naive,15379.0,2464.0
Mexico,2023,2023,35,2023-W35,399,2023,37,401,2,seasonal_naive,15067.0,1834.0
Mexico,2023,2023,36,2023-W36,400,2023,38,402,2,seasonal_naive,18425.0,2502.0
Mexico,2023,2023,37,2023-W37,401,2023,39,403,2,seasonal_naive,17723.0,2756.0
Mexico,2023,2023,38,2023-W38,402,2023,40,404,2,seasonal_naive,18141.0,3048.0
Mexico,2023,2023,39,2023-W39,403,2023,41,405,2,seasonal_naive,17289.0,3027.0
Mexico,2023,2023,40,2023-W40,404,2023,42,406,2,seasonal_naive,15234.0,2810.0
Mexico,2023,2023,41,2023-W41,405,2023,43,407,2,seasonal_naive,11399.0,3176.0
Mexico,2023,2023,42,2023-W42,406,2023,44,408,2,seasonal_naive,8997.0,2248.0
Mexico,2023,2023,43,2023-W43,407,2023,45,409,2,seasonal_naive,9098.0,2702.0
Mexico,2023,2023,44,2023-W44,408,2023,46,410,2,seasonal_naive,4057.0,2386.0
Mexico,2023,2023,45,2023-W45,409,2023,47,411,2,seasonal_naive,6719.0,1504.0
Mexico,2023,2023,46,2023-W46,410,2023,48,412,2,seasonal_naive,7376.0,1522.0
Mexico,2023,2023,47,2023-W47,411,2023,49,413,2,seasonal_naive,6300.0,1427.0
Mexico,2023,2023,48,2023-W48,412,2023,50,414,2,seasonal_naive,5415.0,0.0
Mexico,2023,2023,49,2023-W49,413,2023,51,415,2,seasonal_naive,4036.0,0.0
Mexico,2023,2023,50,2023-W50,414,2023,52,416,2,seasonal_naive,3606.0,2190.0
Mexico,2023,2022,49,2022-W49,361,2023,1,365,4,moving_average_4,739.0,1709.75
Mexico,2023,2022,50,2022-W50,362,2023,2,366,4,moving_average_4,900.0,1113.25
Mexico,2023,2022,51,2022-W51,363,2023,3,367,4,moving_average_4,806.0,737.25
Mexico,2023,2022,52,2022-W52,364,2023,4,368,4,moving_average_4,886.0,904.25
Mexico,2023,2023,1,2023-W01,365,2023,5,369,4,moving_average_4,826.0,732.25
Mexico,2023,2023,2,2023-W02,366,2023,6,370,4,moving_average_4,829.0,957.25
Mexico,2023,2023,3,2023-W03,367,2023,7,371,4,moving_average_4,863.0,1158.75
Mexico,2023,2023,4,2023-W04,368,2023,8,372,4,moving_average_4,847.0,832.75
Mexico,2023,2023,5,2023-W05,369,2023,9,373,4,moving_average_4,1031.0,854.5
Mexico,2023,2023,6,2023-W06,370,2023,10,374,4,moving_average_4,1078.0,836.75
Mexico,2023,2023,7,2023-W07,371,2023,11,375,4,moving_average_4,895.0,851.0
Mexico,2023,2023,8,2023-W08,372,2023,12,376,4,moving_average_4,951.0,841.25
Mexico,2023,2023,9,2023-W09,373,2023,13,377,4,moving_average_4,936.0,892.5
Mexico,2023,2023,10,2023-W10,374,2023,14,378,4,moving_average_4,655.0,954.75
Mexico,2023,2023,11,2023-W11,375,2023,15,379,4,moving_average_4,941.0,962.75
Mexico,2023,2023,12,2023-W12,376,2023,16,380,4,moving_average_4,1109.0,988.75
Mexico,2023,2023,13,2023-W13,377,2023,17,381,4,moving_average_4,1048.0,965.0
Mexico,2023,2023,14,2023-W14,378,2023,18,382,4,moving_average_4,1091.0,859.25
Mexico,2023,2023,15,2023-W15,379,2023,19,383,4,moving_average_4,1223.0,870.75
Mexico,2023,2023,16,2023-W16,380,2023,20,384,4,moving_average_4,1381.0,910.25
Mexico,2023,2023,17,2023-W17,381,2023,21,385,4,moving_average_4,1501.0,938.25
Mexico,2023,2023,18,2023-W18,382,2023,22,386,4,moving_average_4,1864.0,1047.25
Mexico,2023,2023,19,2023-W19,383,2023,23,387,4,moving_average_4,2210.0,1117.75
Mexico,2023,2023,20,2023-W20,384,2023,24,388,4,moving_average_4,2410.0,1185.75
Mexico,2023,2023,21,2023-W21,385,2023,25,389,4,moving_average_4,2932.0,1299.0
Mexico,2023,2023,22,2023-W22,386,2023,26,390,4,moving_average_4,3086.0,1492.25
Mexico,2023,2023,23,2023-W23,387,2023,27,391,4,moving_average_4,3460.0,1739.0
Mexico,2023,2023,24,2023-W24,388,2023,28,392,4,moving_average_4,4109.0,1996.25
Mexico,2023,2023,25,2023-W25,389,2023,29,393,4,moving_average_4,4701.0,2354.0
Mexico,2023,2023,26,2023-W26,390,2023,30,394,4,moving_average_4,4807.0,2659.5
Mexico,2023,2023,27,2023-W27,391,2023,31,395,4,moving_average_4,5426.0,2972.0
Mexico,2023,2023,28,2023-W28,392,2023,32,396,4,moving_average_4,7016.0,3396.75
Mexico,2023,2023,29,2023-W29,393,2023,33,397,4,moving_average_4,8307.0,3839.0
Mexico,2023,2023,30,2023-W30,394,2023,34,398,4,moving_average_4,9892.0,4269.25
Mexico,2023,2023,31,2023-W31,395,2023,35,399,4,moving_average_4,12946.0,4760.75
Mexico,2023,2023,32,2023-W32,396,2023,36,400,4,moving_average_4,15379.0,5487.5
Mexico,2023,2023,33,2023-W33,397,2023,37,401,4,moving_average_4,15067.0,6389.0
Mexico,2023,2023,34,2023-W34,398,2023,38,402,4,moving_average_4,18425.0,7660.25
Mexico,2023,2023,35,2023-W35,399,2023,39,403,4,moving_average_4,17723.0,9540.25
Mexico,2023,2023,36,2023-W36,400,2023,40,404,4,moving_average_4,18141.0,11631.0
Mexico,2023,2023,37,2023-W37,401,2023,41,405,4,moving_average_4,17289.0,13321.0
Mexico,2023,2023,38,2023-W38,402,2023,42,406,4,moving_average_4,15234.0,15454.25
Mexico,2023,2023,39,2023-W39,403,2023,43,407,4,moving_average_4,11399.0,16648.5
Mexico,2023,2023,40,2023-W40,404,2023,44,408,4,moving_average_4,8997.0,17339.0
Mexico,2023,2023,41,2023-W41,405,2023,45,409,4,moving_average_4,9098.0,17894.5
Mexico,2023,2023,42,2023-W42,406,2023,46,410,4,moving_average_4,4057.0,17096.75
Mexico,2023,2023,43,2023-W43,407,2023,47,411,4,moving_average_4,6719.0,15515.75
Mexico,2023,2023,44,2023-W44,408,2023,48,412,4,moving_average_4,7376.0,13229.75
Mexico,2023,2023,45,2023-W45,409,2023,49,413,4,moving_average_4,6300.0,11182.0
Mexico,2023,2023,46,2023-W46,410,2023,50,414,4,moving_average_4,5415.0,8387.75
Mexico,2023,2023,47,2023-W47,411,2023,51,415,4,moving_average_4,4036.0,7217.75
Mexico,2023,2023,48,2023-W48,412,2023,52,416,4,moving_average_4,3606.0,6812.5
Mexico,2023,2022,49,2022-W49,361,2023,1,365,4,persistence,739.0,1427.0
Mexico,2023,2022,50,2022-W50,362,2023,2,366,4,persistence,900.0,0.0
Mexico,2023,2022,51,2022-W51,363,2023,3,367,4,persistence,806.0,0.0
Mexico,2023,2022,52,2022-W52,364,2023,4,368,4,persistence,886.0,2190.0
Mexico,2023,2023,1,2023-W01,365,2023,5,369,4,persistence,826.0,739.0
Mexico,2023,2023,2,2023-W02,366,2023,6,370,4,persistence,829.0,900.0
Mexico,2023,2023,3,2023-W03,367,2023,7,371,4,persistence,863.0,806.0
Mexico,2023,2023,4,2023-W04,368,2023,8,372,4,persistence,847.0,886.0
Mexico,2023,2023,5,2023-W05,369,2023,9,373,4,persistence,1031.0,826.0
Mexico,2023,2023,6,2023-W06,370,2023,10,374,4,persistence,1078.0,829.0
Mexico,2023,2023,7,2023-W07,371,2023,11,375,4,persistence,895.0,863.0
Mexico,2023,2023,8,2023-W08,372,2023,12,376,4,persistence,951.0,847.0
Mexico,2023,2023,9,2023-W09,373,2023,13,377,4,persistence,936.0,1031.0
Mexico,2023,2023,10,2023-W10,374,2023,14,378,4,persistence,655.0,1078.0
Mexico,2023,2023,11,2023-W11,375,2023,15,379,4,persistence,941.0,895.0
Mexico,2023,2023,12,2023-W12,376,2023,16,380,4,persistence,1109.0,951.0
Mexico,2023,2023,13,2023-W13,377,2023,17,381,4,persistence,1048.0,936.0
Mexico,2023,2023,14,2023-W14,378,2023,18,382,4,persistence,1091.0,655.0
Mexico,2023,2023,15,2023-W15,379,2023,19,383,4,persistence,1223.0,941.0
Mexico,2023,2023,16,2023-W16,380,2023,20,384,4,persistence,1381.0,1109.0
Mexico,2023,2023,17,2023-W17,381,2023,21,385,4,persistence,1501.0,1048.0
Mexico,2023,2023,18,2023-W18,382,2023,22,386,4,persistence,1864.0,1091.0
Mexico,2023,2023,19,2023-W19,383,2023,23,387,4,persistence,2210.0,1223.0
Mexico,2023,2023,20,2023-W20,384,2023,24,388,4,persistence,2410.0,1381.0
Mexico,2023,2023,21,2023-W21,385,2023,25,389,4,persistence,2932.0,1501.0
Mexico,2023,2023,22,2023-W22,386,2023,26,390,4,persistence,3086.0,1864.0
Mexico,2023,2023,23,2023-W23,387,2023,27,391,4,persistence,3460.0,2210.0
Mexico,2023,2023,24,2023-W24,388,2023,28,392,4,persistence,4109.0,2410.0
Mexico,2023,2023,25,2023-W25,389,2023,29,393,4,persistence,4701.0,2932.0
Mexico,2023,2023,26,2023-W26,390,2023,30,394,4,persistence,4807.0,3086.0
Mexico,2023,2023,27,2023-W27,391,2023,31,395,4,persistence,5426.0,3460.0
Mexico,2023,2023,28,2023-W28,392,2023,32,396,4,persistence,7016.0,4109.0
Mexico,2023,2023,29,2023-W29,393,2023,33,397,4,persistence,8307.0,4701.0
Mexico,2023,2023,30,2023-W30,394,2023,34,398,4,persistence,9892.0,4807.0
Mexico,2023,2023,31,2023-W31,395,2023,35,399,4,persistence,12946.0,5426.0
Mexico,2023,2023,32,2023-W32,396,2023,36,400,4,persistence,15379.0,7016.0
Mexico,2023,2023,33,2023-W33,397,2023,37,401,4,persistence,15067.0,8307.0
Mexico,2023,2023,34,2023-W34,398,2023,38,402,4,persistence,18425.0,9892.0
Mexico,2023,2023,35,2023-W35,399,2023,39,403,4,persistence,17723.0,12946.0
Mexico,2023,2023,36,2023-W36,400,2023,40,404,4,persistence,18141.0,15379.0
Mexico,2023,2023,37,2023-W37,401,2023,41,405,4,persistence,17289.0,15067.0
Mexico,2023,2023,38,2023-W38,402,2023,42,406,4,persistence,15234.0,18425.0
Mexico,2023,2023,39,2023-W39,403,2023,43,407,4,persistence,11399.0,17723.0
Mexico,2023,2023,40,2023-W40,404,2023,44,408,4,persistence,8997.0,18141.0
Mexico,2023,2023,41,2023-W41,405,2023,45,409,4,persistence,9098.0,17289.0
Mexico,2023,2023,42,2023-W42,406,2023,46,410,4,persistence,4057.0,15234.0
Mexico,2023,2023,43,2023-W43,407,2023,47,411,4,persistence,6719.0,11399.0
Mexico,2023,2023,44,2023-W44,408,2023,48,412,4,persistence,7376.0,8997.0
Mexico,2023,2023,45,2023-W45,409,2023,49,413,4,persistence,6300.0,9098.0
Mexico,2023,2023,46,2023-W46,410,2023,50,414,4,persistence,5415.0,4057.0
Mexico,2023,2023,47,2023-W47,411,2023,51,415,4,persistence,4036.0,6719.0
Mexico,2023,2023,48,2023-W48,412,2023,52,416,4,persistence,3606.0,7376.0
Mexico,2023,2022,49,2022-W49,361,2023,1,365,4,seasonal_naive,739.0,247.0
Mexico,2023,2022,50,2022-W50,362,2023,2,366,4,seasonal_naive,900.0,303.0
Mexico,2023,2022,51,2022-W51,363,2023,3,367,4,seasonal_naive,806.0,241.0
Mexico,2023,2022,52,2022-W52,364,2023,4,368,4,seasonal_naive,886.0,274.0
Mexico,2023,2023,1,2023-W01,365,2023,5,369,4,seasonal_naive,826.0,210.0
Mexico,2023,2023,2,2023-W02,366,2023,6,370,4,seasonal_naive,829.0,206.0
Mexico,2023,2023,3,2023-W03,367,2023,7,371,4,seasonal_naive,863.0,215.0
Mexico,2023,2023,4,2023-W04,368,2023,8,372,4,seasonal_naive,847.0,264.0
Mexico,2023,2023,5,2023-W05,369,2023,9,373,4,seasonal_naive,1031.0,259.0
Mexico,2023,2023,6,2023-W06,370,2023,10,374,4,seasonal_naive,1078.0,312.0
Mexico,2023,2023,7,2023-W07,371,2023,11,375,4,seasonal_naive,895.0,287.0
Mexico,2023,2023,8,2023-W08,372,2023,12,376,4,seasonal_naive,951.0,301.0
Mexico,2023,2023,9,2023-W09,373,2023,13,377,4,seasonal_naive,936.0,343.0
Mexico,2023,2023,10,2023-W10,374,2023,14,378,4,seasonal_naive,655.0,384.0
Mexico,2023,2023,11,2023-W11,375,2023,15,379,4,seasonal_naive,941.0,272.0
Mexico,2023,2023,12,2023-W12,376,2023,16,380,4,seasonal_naive,1109.0,471.0
Mexico,2023,2023,13,2023-W13,377,2023,17,381,4,seasonal_naive,1048.0,503.0
Mexico,2023,2023,14,2023-W14,378,2023,18,382,4,seasonal_naive,1091.0,519.0
Mexico,2023,2023,15,2023-W15,379,2023,19,383,4,seasonal_naive,1223.0,517.0
Mexico,2023,2023,16,2023-W16,380,2023,20,384,4,seasonal_naive,1381.0,773.0
Mexico,2023,2023,17,2023-W17,381,2023,21,385,4,seasonal_naive,1501.0,825.0
Mexico,2023,2023,18,2023-W18,382,2023,22,386,4,seasonal_naive,1864.0,780.0
Mexico,2023,2023,19,2023-W19,383,2023,23,387,4,seasonal_naive,2210.0,1065.0
Mexico,2023,2023,20,2023-W20,384,2023,24,388,4,seasonal_naive,2410.0,1065.0
Mexico,2023,2023,21,2023-W21,385,2023,25,389,4,seasonal_naive,2932.0,1086.0
Mexico,2023,2023,22,2023-W22,386,2023,26,390,4,seasonal_naive,3086.0,1120.0
Mexico,2023,2023,23,2023-W23,387,2023,27,391,4,seasonal_naive,3460.0,1215.0
Mexico,2023,2023,24,2023-W24,388,2023,28,392,4,seasonal_naive,4109.0,1184.0
Mexico,2023,2023,25,2023-W25,389,2023,29,393,4,seasonal_naive,4701.0,1103.0
Mexico,2023,2023,26,2023-W26,390,2023,30,394,4,seasonal_naive,4807.0,939.0
Mexico,2023,2023,27,2023-W27,391,2023,31,395,4,seasonal_naive,5426.0,1033.0
Mexico,2023,2023,28,2023-W28,392,2023,32,396,4,seasonal_naive,7016.0,1141.0
Mexico,2023,2023,29,2023-W29,393,2023,33,397,4,seasonal_naive,8307.0,1248.0
Mexico,2023,2023,30,2023-W30,394,2023,34,398,4,seasonal_naive,9892.0,1667.0
Mexico,2023,2023,31,2023-W31,395,2023,35,399,4,seasonal_naive,12946.0,1950.0
Mexico,2023,2023,32,2023-W32,396,2023,36,400,4,seasonal_naive,15379.0,2464.0
Mexico,2023,2023,33,2023-W33,397,2023,37,401,4,seasonal_naive,15067.0,1834.0
Mexico,2023,2023,34,2023-W34,398,2023,38,402,4,seasonal_naive,18425.0,2502.0
Mexico,2023,2023,35,2023-W35,399,2023,39,403,4,seasonal_naive,17723.0,2756.0
Mexico,2023,2023,36,2023-W36,400,2023,40,404,4,seasonal_naive,18141.0,3048.0
Mexico,2023,2023,37,2023-W37,401,2023,41,405,4,seasonal_naive,17289.0,3027.0
Mexico,2023,2023,38,2023-W38,402,2023,42,406,4,seasonal_naive,15234.0,2810.0
Mexico,2023,2023,39,2023-W39,403,2023,43,407,4,seasonal_naive,11399.0,3176.0
Mexico,2023,2023,40,2023-W40,404,2023,44,408,4,seasonal_naive,8997.0,2248.0
Mexico,2023,2023,41,2023-W41,405,2023,45,409,4,seasonal_naive,9098.0,2702.0
Mexico,2023,2023,42,2023-W42,406,2023,46,410,4,seasonal_naive,4057.0,2386.0
Mexico,2023,2023,43,2023-W43,407,2023,47,411,4,seasonal_naive,6719.0,1504.0
Mexico,2023,2023,44,2023-W44,408,2023,48,412,4,seasonal_naive,7376.0,1522.0
Mexico,2023,2023,45,2023-W45,409,2023,49,413,4,seasonal_naive,6300.0,1427.0
Mexico,2023,2023,46,2023-W46,410,2023,50,414,4,seasonal_naive,5415.0,0.0
Mexico,2023,2023,47,2023-W47,411,2023,51,415,4,seasonal_naive,4036.0,0.0
Mexico,2023,2023,48,2023-W48,412,2023,52,416,4,seasonal_naive,3606.0,2190.0
Peru,2023,2022,52,2022-W52,364,2023,1,365,1,moving_average_4,1596.0,1161.5
Peru,2023,2023,1,2023-W01,365,2023,2,366,1,moving_average_4,1499.0,1207.5
Peru,2023,2023,2,2023-W02,366,2023,3,367,1,moving_average_4,1851.0,1236.5
Peru,2023,2023,3,2023-W03,367,2023,4,368,1,moving_average_4,1757.0,1415.75
Peru,2023,2023,4,2023-W04,368,2023,5,369,1,moving_average_4,1914.0,1675.75
Peru,2023,2023,5,2023-W05,369,2023,6,370,1,moving_average_4,2142.0,1755.25
Peru,2023,2023,6,2023-W06,370,2023,7,371,1,moving_average_4,2303.0,1916.0
Peru,2023,2023,7,2023-W07,371,2023,8,372,1,moving_average_4,2513.0,2029.0
Peru,2023,2023,8,2023-W08,372,2023,9,373,1,moving_average_4,2545.0,2218.0
Peru,2023,2023,9,2023-W09,373,2023,10,374,1,moving_average_4,2528.0,2375.75
Peru,2023,2023,10,2023-W10,374,2023,11,375,1,moving_average_4,3018.0,2472.25
Peru,2023,2023,11,2023-W11,375,2023,12,376,1,moving_average_4,3796.0,2651.0
Peru,2023,2023,12,2023-W12,376,2023,13,377,1,moving_average_4,4099.0,2971.75
Peru,2023,2023,13,2023-W13,377,2023,14,378,1,moving_average_4,4430.0,3360.25
Peru,2023,2023,14,2023-W14,378,2023,15,379,1,moving_average_4,6520.0,3835.75
Peru,2023,2023,15,2023-W15,379,2023,16,380,1,moving_average_4,7614.0,4711.25
Peru,2023,2023,16,2023-W16,380,2023,17,381,1,moving_average_4,8594.0,5665.75
Peru,2023,2023,17,2023-W17,381,2023,18,382,1,moving_average_4,11860.0,6789.5
Peru,2023,2023,18,2023-W18,382,2023,19,383,1,moving_average_4,15304.0,8647.0
Peru,2023,2023,19,2023-W19,383,2023,20,384,1,moving_average_4,20425.0,10843.0
Peru,2023,2023,20,2023-W20,384,2023,21,385,1,moving_average_4,18043.0,14045.75
Peru,2023,2023,21,2023-W21,385,2023,22,386,1,moving_average_4,17868.0,16408.0
Peru,2023,2023,22,2023-W22,386,2023,23,387,1,moving_average_4,15637.0,17910.0
Peru,2023,2023,23,2023-W23,387,2023,24,388,1,moving_average_4,13340.0,17993.25
Peru,2023,2023,24,2023-W24,388,2023,25,389,1,moving_average_4,11073.0,16222.0
Peru,2023,2023,25,2023-W25,389,2023,26,390,1,moving_average_4,8681.0,14479.5
Peru,2023,2023,26,2023-W26,390,2023,27,391,1,moving_average_4,8132.0,12182.75
Peru,2023,2023,27,2023-W27,391,2023,28,392,1,moving_average_4,7669.0,10306.5
Peru,2023,2023,28,2023-W28,392,2023,29,393,1,moving_average_4,6815.0,8888.75
Peru,2023,2023,29,2023-W29,393,2023,30,394,1,moving_average_4,5158.0,7824.25
Peru,2023,2023,30,2023-W30,394,2023,31,395,1,moving_average_4,5423.0,6943.5
Peru,2023,2023,31,2023-W31,395,2023,32,396,1,moving_average_4,5060.0,6266.25
Peru,2023,2023,32,2023-W32,396,2023,33,397,1,moving_average_4,4380.0,5614.0
Peru,2023,2023,33,2023-W33,397,2023,34,398,1,moving_average_4,3824.0,5005.25
Peru,2023,2023,34,2023-W34,398,2023,35,399,1,moving_average_4,3466.0,4671.75
Peru,2023,2023,35,2023-W35,399,2023,36,400,1,moving_average_4,3368.0,4182.5
Peru,2023,2023,36,2023-W36,400,2023,37,401,1,moving_average_4,2883.0,3759.5
Peru,2023,2023,37,2023-W37,401,2023,38,402,1,moving_average_4,2317.0,3385.25
Peru,2023,2023,38,2023-W38,402,2023,39,403,1,moving_average_4,2158.0,3008.5
Peru,2023,2023,39,2023-W39,403,2023,40,404,1,moving_average_4,2028.0,2681.5
Peru,2023,2023,40,2023-W40,404,2023,41,405,1,moving_average_4,1829.0,2346.5
Peru,2023,2023,41,2023-W41,405,2023,42,406,1,moving_average_4,1874.0,2083.0
Peru,2023,2023,42,2023-W42,406,2023,43,407,1,moving_average_4,1563.0,1972.25
Peru,2023,2023,43,2023-W43,407,2023,44,408,1,moving_average_4,1626.0,1823.5
Peru,2023,2023,44,2023-W44,408,2023,45,409,1,moving_average_4,1800.0,1723.0
Peru,2023,2023,45,2023-W45,409,2023,46,410,1,moving_average_4,1802.0,1715.75
Peru,2023,2023,46,2023-W46,410,2023,47,411,1,moving_average_4,1823.0,1697.75
Peru,2023,2023,47,2023-W47,411,2023,48,412,1,moving_average_4,1854.0,1762.75
Peru,2023,2023,48,2023-W48,412,2023,49,413,1,moving_average_4,1680.0,1819.75
Peru,2023,2023,49,2023-W49,413,2023,50,414,1,moving_average_4,1784.0,1789.75
Peru,2023,2023,50,2023-W50,414,2023,51,415,1,moving_average_4,1651.0,1785.25
Peru,2023,2023,51,2023-W51,415,2023,52,416,1,moving_average_4,1310.0,1742.25
Peru,2023,2022,52,2022-W52,364,2023,1,365,1,persistence,1596.0,717.0
Peru,2023,2023,1,2023-W01,365,2023,2,366,1,persistence,1499.0,1596.0
Peru,2023,2023,2,2023-W02,366,2023,3,367,1,persistence,1851.0,1499.0
Peru,2023,2023,3,2023-W03,367,2023,4,368,1,persistence,1757.0,1851.0
Peru,2023,2023,4,2023-W04,368,2023,5,369,1,persistence,1914.0,1757.0
Peru,2023,2023,5,2023-W05,369,2023,6,370,1,persistence,2142.0,1914.0
Peru,2023,2023,6,2023-W06,370,2023,7,371,1,persistence,2303.0,2142.0
Peru,2023,2023,7,2023-W07,371,2023,8,372,1,persistence,2513.0,2303.0
Peru,2023,2023,8,2023-W08,372,2023,9,373,1,persistence,2545.0,2513.0
Peru,2023,2023,9,2023-W09,373,2023,10,374,1,persistence,2528.0,2545.0
Peru,2023,2023,10,2023-W10,374,2023,11,375,1,persistence,3018.0,2528.0
Peru,2023,2023,11,2023-W11,375,2023,12,376,1,persistence,3796.0,3018.0
Peru,2023,2023,12,2023-W12,376,2023,13,377,1,persistence,4099.0,3796.0
Peru,2023,2023,13,2023-W13,377,2023,14,378,1,persistence,4430.0,4099.0
Peru,2023,2023,14,2023-W14,378,2023,15,379,1,persistence,6520.0,4430.0
Peru,2023,2023,15,2023-W15,379,2023,16,380,1,persistence,7614.0,6520.0
Peru,2023,2023,16,2023-W16,380,2023,17,381,1,persistence,8594.0,7614.0
Peru,2023,2023,17,2023-W17,381,2023,18,382,1,persistence,11860.0,8594.0
Peru,2023,2023,18,2023-W18,382,2023,19,383,1,persistence,15304.0,11860.0
Peru,2023,2023,19,2023-W19,383,2023,20,384,1,persistence,20425.0,15304.0
Peru,2023,2023,20,2023-W20,384,2023,21,385,1,persistence,18043.0,20425.0
Peru,2023,2023,21,2023-W21,385,2023,22,386,1,persistence,17868.0,18043.0
Peru,2023,2023,22,2023-W22,386,2023,23,387,1,persistence,15637.0,17868.0
Peru,2023,2023,23,2023-W23,387,2023,24,388,1,persistence,13340.0,15637.0
Peru,2023,2023,24,2023-W24,388,2023,25,389,1,persistence,11073.0,13340.0
Peru,2023,2023,25,2023-W25,389,2023,26,390,1,persistence,8681.0,11073.0
Peru,2023,2023,26,2023-W26,390,2023,27,391,1,persistence,8132.0,8681.0
Peru,2023,2023,27,2023-W27,391,2023,28,392,1,persistence,7669.0,8132.0
Peru,2023,2023,28,2023-W28,392,2023,29,393,1,persistence,6815.0,7669.0
Peru,2023,2023,29,2023-W29,393,2023,30,394,1,persistence,5158.0,6815.0
Peru,2023,2023,30,2023-W30,394,2023,31,395,1,persistence,5423.0,5158.0
Peru,2023,2023,31,2023-W31,395,2023,32,396,1,persistence,5060.0,5423.0
Peru,2023,2023,32,2023-W32,396,2023,33,397,1,persistence,4380.0,5060.0
Peru,2023,2023,33,2023-W33,397,2023,34,398,1,persistence,3824.0,4380.0
Peru,2023,2023,34,2023-W34,398,2023,35,399,1,persistence,3466.0,3824.0
Peru,2023,2023,35,2023-W35,399,2023,36,400,1,persistence,3368.0,3466.0
Peru,2023,2023,36,2023-W36,400,2023,37,401,1,persistence,2883.0,3368.0
Peru,2023,2023,37,2023-W37,401,2023,38,402,1,persistence,2317.0,2883.0
Peru,2023,2023,38,2023-W38,402,2023,39,403,1,persistence,2158.0,2317.0
Peru,2023,2023,39,2023-W39,403,2023,40,404,1,persistence,2028.0,2158.0
Peru,2023,2023,40,2023-W40,404,2023,41,405,1,persistence,1829.0,2028.0
Peru,2023,2023,41,2023-W41,405,2023,42,406,1,persistence,1874.0,1829.0
Peru,2023,2023,42,2023-W42,406,2023,43,407,1,persistence,1563.0,1874.0
Peru,2023,2023,43,2023-W43,407,2023,44,408,1,persistence,1626.0,1563.0
Peru,2023,2023,44,2023-W44,408,2023,45,409,1,persistence,1800.0,1626.0
Peru,2023,2023,45,2023-W45,409,2023,46,410,1,persistence,1802.0,1800.0
Peru,2023,2023,46,2023-W46,410,2023,47,411,1,persistence,1823.0,1802.0
Peru,2023,2023,47,2023-W47,411,2023,48,412,1,persistence,1854.0,1823.0
Peru,2023,2023,48,2023-W48,412,2023,49,413,1,persistence,1680.0,1854.0
Peru,2023,2023,49,2023-W49,413,2023,50,414,1,persistence,1784.0,1680.0
Peru,2023,2023,50,2023-W50,414,2023,51,415,1,persistence,1651.0,1784.0
Peru,2023,2023,51,2023-W51,415,2023,52,416,1,persistence,1310.0,1651.0
Peru,2023,2022,52,2022-W52,364,2023,1,365,1,seasonal_naive,1596.0,1070.0
Peru,2023,2023,1,2023-W01,365,2023,2,366,1,seasonal_naive,1499.0,1017.0
Peru,2023,2023,2,2023-W02,366,2023,3,367,1,seasonal_naive,1851.0,950.0
Peru,2023,2023,3,2023-W03,367,2023,4,368,1,seasonal_naive,1757.0,978.0
Peru,2023,2023,4,2023-W04,368,2023,5,369,1,seasonal_naive,1914.0,1318.0
Peru,2023,2023,5,2023-W05,369,2023,6,370,1,seasonal_naive,2142.0,1423.0
Peru,2023,2023,6,2023-W06,370,2023,7,371,1,seasonal_naive,2303.0,1657.0
Peru,2023,2023,7,2023-W07,371,2023,8,372,1,seasonal_naive,2513.0,1853.0
Peru,2023,2023,8,2023-W08,372,2023,9,373,1,seasonal_naive,2545.0,1974.0
Peru,2023,2023,9,2023-W09,373,2023,10,374,1,seasonal_naive,2528.0,2043.0
Peru,2023,2023,10,2023-W10,374,2023,11,375,1,seasonal_naive,3018.0,2250.0
Peru,2023,2023,11,2023-W11,375,2023,12,376,1,seasonal_naive,3796.0,2272.0
Peru,2023,2023,12,2023-W12,376,2023,13,377,1,seasonal_naive,4099.0,2566.0
Peru,2023,2023,13,2023-W13,377,2023,14,378,1,seasonal_naive,4430.0,2876.0
Peru,2023,2023,14,2023-W14,378,2023,15,379,1,seasonal_naive,6520.0,2992.0
Peru,2023,2023,15,2023-W15,379,2023,16,380,1,seasonal_naive,7614.0,3421.0
Peru,2023,2023,16,2023-W16,380,2023,17,381,1,seasonal_naive,8594.0,3099.0
Peru,2023,2023,17,2023-W17,381,2023,18,382,1,seasonal_naive,11860.0,3189.0
Peru,2023,2023,18,2023-W18,382,2023,19,383,1,seasonal_naive,15304.0,2999.0
Peru,2023,2023,19,2023-W19,383,2023,20,384,1,seasonal_naive,20425.0,2425.0
Peru,2023,2023,20,2023-W20,384,2023,21,385,1,seasonal_naive,18043.0,1965.0
Peru,2023,2023,21,2023-W21,385,2023,22,386,1,seasonal_naive,17868.0,1686.0
Peru,2023,2023,22,2023-W22,386,2023,23,387,1,seasonal_naive,15637.0,1440.0
Peru,2023,2023,23,2023-W23,387,2023,24,388,1,seasonal_naive,13340.0,1201.0
Peru,2023,2023,24,2023-W24,388,2023,25,389,1,seasonal_naive,11073.0,1036.0
Peru,2023,2023,25,2023-W25,389,2023,26,390,1,seasonal_naive,8681.0,904.0
Peru,2023,2023,26,2023-W26,390,2023,27,391,1,seasonal_naive,8132.0,826.0
Peru,2023,2023,27,2023-W27,391,2023,28,392,1,seasonal_naive,7669.0,782.0
Peru,2023,2023,28,2023-W28,392,2023,29,393,1,seasonal_naive,6815.0,669.0
Peru,2023,2023,29,2023-W29,393,2023,30,394,1,seasonal_naive,5158.0,452.0
Peru,2023,2023,30,2023-W30,394,2023,31,395,1,seasonal_naive,5423.0,499.0
Peru,2023,2023,31,2023-W31,395,2023,32,396,1,seasonal_naive,5060.0,553.0
Peru,2023,2023,32,2023-W32,396,2023,33,397,1,seasonal_naive,4380.0,580.0
Peru,2023,2023,33,2023-W33,397,2023,34,398,1,seasonal_naive,3824.0,485.0
Peru,2023,2023,34,2023-W34,398,2023,35,399,1,seasonal_naive,3466.0,484.0
Peru,2023,2023,35,2023-W35,399,2023,36,400,1,seasonal_naive,3368.0,550.0
Peru,2023,2023,36,2023-W36,400,2023,37,401,1,seasonal_naive,2883.0,557.0
Peru,2023,2023,37,2023-W37,401,2023,38,402,1,seasonal_naive,2317.0,580.0
Peru,2023,2023,38,2023-W38,402,2023,39,403,1,seasonal_naive,2158.0,624.0
Peru,2023,2023,39,2023-W39,403,2023,40,404,1,seasonal_naive,2028.0,537.0
Peru,2023,2023,40,2023-W40,404,2023,41,405,1,seasonal_naive,1829.0,596.0
Peru,2023,2023,41,2023-W41,405,2023,42,406,1,seasonal_naive,1874.0,734.0
Peru,2023,2023,42,2023-W42,406,2023,43,407,1,seasonal_naive,1563.0,830.0
Peru,2023,2023,43,2023-W43,407,2023,44,408,1,seasonal_naive,1626.0,1069.0
Peru,2023,2023,44,2023-W44,408,2023,45,409,1,seasonal_naive,1800.0,1314.0
Peru,2023,2023,45,2023-W45,409,2023,46,410,1,seasonal_naive,1802.0,1633.0
Peru,2023,2023,46,2023-W46,410,2023,47,411,1,seasonal_naive,1823.0,1623.0
Peru,2023,2023,47,2023-W47,411,2023,48,412,1,seasonal_naive,1854.0,1624.0
Peru,2023,2023,48,2023-W48,412,2023,49,413,1,seasonal_naive,1680.0,1412.0
Peru,2023,2023,49,2023-W49,413,2023,50,414,1,seasonal_naive,1784.0,1383.0
Peru,2023,2023,50,2023-W50,414,2023,51,415,1,seasonal_naive,1651.0,1134.0
Peru,2023,2023,51,2023-W51,415,2023,52,416,1,seasonal_naive,1310.0,717.0
Peru,2023,2022,51,2022-W51,363,2023,1,365,2,moving_average_4,1596.0,1388.25
Peru,2023,2022,52,2022-W52,364,2023,2,366,2,moving_average_4,1499.0,1161.5
Peru,2023,2023,1,2023-W01,365,2023,3,367,2,moving_average_4,1851.0,1207.5
Peru,2023,2023,2,2023-W02,366,2023,4,368,2,moving_average_4,1757.0,1236.5
Peru,2023,2023,3,2023-W03,367,2023,5,369,2,moving_average_4,1914.0,1415.75
Peru,2023,2023,4,2023-W04,368,2023,6,370,2,moving_average_4,2142.0,1675.75
Peru,2023,2023,5,2023-W05,369,2023,7,371,2,moving_average_4,2303.0,1755.25
Peru,2023,2023,6,2023-W06,370,2023,8,372,2,moving_average_4,2513.0,1916.0
Peru,2023,2023,7,2023-W07,371,2023,9,373,2,moving_average_4,2545.0,2029.0
Peru,2023,2023,8,2023-W08,372,2023,10,374,2,moving_average_4,2528.0,2218.0
Peru,2023,2023,9,2023-W09,373,2023,11,375,2,moving_average_4,3018.0,2375.75
Peru,2023,2023,10,2023-W10,374,2023,12,376,2,moving_average_4,3796.0,2472.25
Peru,2023,2023,11,2023-W11,375,2023,13,377,2,moving_average_4,4099.0,2651.0
Peru,2023,2023,12,2023-W12,376,2023,14,378,2,moving_average_4,4430.0,2971.75
Peru,2023,2023,13,2023-W13,377,2023,15,379,2,moving_average_4,6520.0,3360.25
Peru,2023,2023,14,2023-W14,378,2023,16,380,2,moving_average_4,7614.0,3835.75
Peru,2023,2023,15,2023-W15,379,2023,17,381,2,moving_average_4,8594.0,4711.25
Peru,2023,2023,16,2023-W16,380,2023,18,382,2,moving_average_4,11860.0,5665.75
Peru,2023,2023,17,2023-W17,381,2023,19,383,2,moving_average_4,15304.0,6789.5
Peru,2023,2023,18,2023-W18,382,2023,20,384,2,moving_average_4,20425.0,8647.0
Peru,2023,2023,19,2023-W19,383,2023,21,385,2,moving_average_4,18043.0,10843.0
Peru,2023,2023,20,2023-W20,384,2023,22,386,2,moving_average_4,17868.0,14045.75
Peru,2023,2023,21,2023-W21,385,2023,23,387,2,moving_average_4,15637.0,16408.0
Peru,2023,2023,22,2023-W22,386,2023,24,388,2,moving_average_4,13340.0,17910.0
Peru,2023,2023,23,2023-W23,387,2023,25,389,2,moving_average_4,11073.0,17993.25
Peru,2023,2023,24,2023-W24,388,2023,26,390,2,moving_average_4,8681.0,16222.0
Peru,2023,2023,25,2023-W25,389,2023,27,391,2,moving_average_4,8132.0,14479.5
Peru,2023,2023,26,2023-W26,390,2023,28,392,2,moving_average_4,7669.0,12182.75
Peru,2023,2023,27,2023-W27,391,2023,29,393,2,moving_average_4,6815.0,10306.5
Peru,2023,2023,28,2023-W28,392,2023,30,394,2,moving_average_4,5158.0,8888.75
Peru,2023,2023,29,2023-W29,393,2023,31,395,2,moving_average_4,5423.0,7824.25
Peru,2023,2023,30,2023-W30,394,2023,32,396,2,moving_average_4,5060.0,6943.5
Peru,2023,2023,31,2023-W31,395,2023,33,397,2,moving_average_4,4380.0,6266.25
Peru,2023,2023,32,2023-W32,396,2023,34,398,2,moving_average_4,3824.0,5614.0
Peru,2023,2023,33,2023-W33,397,2023,35,399,2,moving_average_4,3466.0,5005.25
Peru,2023,2023,34,2023-W34,398,2023,36,400,2,moving_average_4,3368.0,4671.75
Peru,2023,2023,35,2023-W35,399,2023,37,401,2,moving_average_4,2883.0,4182.5
Peru,2023,2023,36,2023-W36,400,2023,38,402,2,moving_average_4,2317.0,3759.5
Peru,2023,2023,37,2023-W37,401,2023,39,403,2,moving_average_4,2158.0,3385.25
Peru,2023,2023,38,2023-W38,402,2023,40,404,2,moving_average_4,2028.0,3008.5
Peru,2023,2023,39,2023-W39,403,2023,41,405,2,moving_average_4,1829.0,2681.5
Peru,2023,2023,40,2023-W40,404,2023,42,406,2,moving_average_4,1874.0,2346.5
Peru,2023,2023,41,2023-W41,405,2023,43,407,2,moving_average_4,1563.0,2083.0
Peru,2023,2023,42,2023-W42,406,2023,44,408,2,moving_average_4,1626.0,1972.25
Peru,2023,2023,43,2023-W43,407,2023,45,409,2,moving_average_4,1800.0,1823.5
Peru,2023,2023,44,2023-W44,408,2023,46,410,2,moving_average_4,1802.0,1723.0
Peru,2023,2023,45,2023-W45,409,2023,47,411,2,moving_average_4,1823.0,1715.75
Peru,2023,2023,46,2023-W46,410,2023,48,412,2,moving_average_4,1854.0,1697.75
Peru,2023,2023,47,2023-W47,411,2023,49,413,2,moving_average_4,1680.0,1762.75
Peru,2023,2023,48,2023-W48,412,2023,50,414,2,moving_average_4,1784.0,1819.75
Peru,2023,2023,49,2023-W49,413,2023,51,415,2,moving_average_4,1651.0,1789.75
Peru,2023,2023,50,2023-W50,414,2023,52,416,2,moving_average_4,1310.0,1785.25
Peru,2023,2022,51,2022-W51,363,2023,1,365,2,persistence,1596.0,1134.0
Peru,2023,2022,52,2022-W52,364,2023,2,366,2,persistence,1499.0,717.0
Peru,2023,2023,1,2023-W01,365,2023,3,367,2,persistence,1851.0,1596.0
Peru,2023,2023,2,2023-W02,366,2023,4,368,2,persistence,1757.0,1499.0
Peru,2023,2023,3,2023-W03,367,2023,5,369,2,persistence,1914.0,1851.0
Peru,2023,2023,4,2023-W04,368,2023,6,370,2,persistence,2142.0,1757.0
Peru,2023,2023,5,2023-W05,369,2023,7,371,2,persistence,2303.0,1914.0
Peru,2023,2023,6,2023-W06,370,2023,8,372,2,persistence,2513.0,2142.0
Peru,2023,2023,7,2023-W07,371,2023,9,373,2,persistence,2545.0,2303.0
Peru,2023,2023,8,2023-W08,372,2023,10,374,2,persistence,2528.0,2513.0
Peru,2023,2023,9,2023-W09,373,2023,11,375,2,persistence,3018.0,2545.0
Peru,2023,2023,10,2023-W10,374,2023,12,376,2,persistence,3796.0,2528.0
Peru,2023,2023,11,2023-W11,375,2023,13,377,2,persistence,4099.0,3018.0
Peru,2023,2023,12,2023-W12,376,2023,14,378,2,persistence,4430.0,3796.0
Peru,2023,2023,13,2023-W13,377,2023,15,379,2,persistence,6520.0,4099.0
Peru,2023,2023,14,2023-W14,378,2023,16,380,2,persistence,7614.0,4430.0
Peru,2023,2023,15,2023-W15,379,2023,17,381,2,persistence,8594.0,6520.0
Peru,2023,2023,16,2023-W16,380,2023,18,382,2,persistence,11860.0,7614.0
Peru,2023,2023,17,2023-W17,381,2023,19,383,2,persistence,15304.0,8594.0
Peru,2023,2023,18,2023-W18,382,2023,20,384,2,persistence,20425.0,11860.0
Peru,2023,2023,19,2023-W19,383,2023,21,385,2,persistence,18043.0,15304.0
Peru,2023,2023,20,2023-W20,384,2023,22,386,2,persistence,17868.0,20425.0
Peru,2023,2023,21,2023-W21,385,2023,23,387,2,persistence,15637.0,18043.0
Peru,2023,2023,22,2023-W22,386,2023,24,388,2,persistence,13340.0,17868.0
Peru,2023,2023,23,2023-W23,387,2023,25,389,2,persistence,11073.0,15637.0
Peru,2023,2023,24,2023-W24,388,2023,26,390,2,persistence,8681.0,13340.0
Peru,2023,2023,25,2023-W25,389,2023,27,391,2,persistence,8132.0,11073.0
Peru,2023,2023,26,2023-W26,390,2023,28,392,2,persistence,7669.0,8681.0
Peru,2023,2023,27,2023-W27,391,2023,29,393,2,persistence,6815.0,8132.0
Peru,2023,2023,28,2023-W28,392,2023,30,394,2,persistence,5158.0,7669.0
Peru,2023,2023,29,2023-W29,393,2023,31,395,2,persistence,5423.0,6815.0
Peru,2023,2023,30,2023-W30,394,2023,32,396,2,persistence,5060.0,5158.0
Peru,2023,2023,31,2023-W31,395,2023,33,397,2,persistence,4380.0,5423.0
Peru,2023,2023,32,2023-W32,396,2023,34,398,2,persistence,3824.0,5060.0
Peru,2023,2023,33,2023-W33,397,2023,35,399,2,persistence,3466.0,4380.0
Peru,2023,2023,34,2023-W34,398,2023,36,400,2,persistence,3368.0,3824.0
Peru,2023,2023,35,2023-W35,399,2023,37,401,2,persistence,2883.0,3466.0
Peru,2023,2023,36,2023-W36,400,2023,38,402,2,persistence,2317.0,3368.0
Peru,2023,2023,37,2023-W37,401,2023,39,403,2,persistence,2158.0,2883.0
Peru,2023,2023,38,2023-W38,402,2023,40,404,2,persistence,2028.0,2317.0
Peru,2023,2023,39,2023-W39,403,2023,41,405,2,persistence,1829.0,2158.0
Peru,2023,2023,40,2023-W40,404,2023,42,406,2,persistence,1874.0,2028.0
Peru,2023,2023,41,2023-W41,405,2023,43,407,2,persistence,1563.0,1829.0
Peru,2023,2023,42,2023-W42,406,2023,44,408,2,persistence,1626.0,1874.0
Peru,2023,2023,43,2023-W43,407,2023,45,409,2,persistence,1800.0,1563.0
Peru,2023,2023,44,2023-W44,408,2023,46,410,2,persistence,1802.0,1626.0
Peru,2023,2023,45,2023-W45,409,2023,47,411,2,persistence,1823.0,1800.0
Peru,2023,2023,46,2023-W46,410,2023,48,412,2,persistence,1854.0,1802.0
Peru,2023,2023,47,2023-W47,411,2023,49,413,2,persistence,1680.0,1823.0
Peru,2023,2023,48,2023-W48,412,2023,50,414,2,persistence,1784.0,1854.0
Peru,2023,2023,49,2023-W49,413,2023,51,415,2,persistence,1651.0,1680.0
Peru,2023,2023,50,2023-W50,414,2023,52,416,2,persistence,1310.0,1784.0
Peru,2023,2022,51,2022-W51,363,2023,1,365,2,seasonal_naive,1596.0,1070.0
Peru,2023,2022,52,2022-W52,364,2023,2,366,2,seasonal_naive,1499.0,1017.0
Peru,2023,2023,1,2023-W01,365,2023,3,367,2,seasonal_naive,1851.0,950.0
Peru,2023,2023,2,2023-W02,366,2023,4,368,2,seasonal_naive,1757.0,978.0
Peru,2023,2023,3,2023-W03,367,2023,5,369,2,seasonal_naive,1914.0,1318.0
Peru,2023,2023,4,2023-W04,368,2023,6,370,2,seasonal_naive,2142.0,1423.0
Peru,2023,2023,5,2023-W05,369,2023,7,371,2,seasonal_naive,2303.0,1657.0
Peru,2023,2023,6,2023-W06,370,2023,8,372,2,seasonal_naive,2513.0,1853.0
Peru,2023,2023,7,2023-W07,371,2023,9,373,2,seasonal_naive,2545.0,1974.0
Peru,2023,2023,8,2023-W08,372,2023,10,374,2,seasonal_naive,2528.0,2043.0
Peru,2023,2023,9,2023-W09,373,2023,11,375,2,seasonal_naive,3018.0,2250.0
Peru,2023,2023,10,2023-W10,374,2023,12,376,2,seasonal_naive,3796.0,2272.0
Peru,2023,2023,11,2023-W11,375,2023,13,377,2,seasonal_naive,4099.0,2566.0
Peru,2023,2023,12,2023-W12,376,2023,14,378,2,seasonal_naive,4430.0,2876.0
Peru,2023,2023,13,2023-W13,377,2023,15,379,2,seasonal_naive,6520.0,2992.0
Peru,2023,2023,14,2023-W14,378,2023,16,380,2,seasonal_naive,7614.0,3421.0
Peru,2023,2023,15,2023-W15,379,2023,17,381,2,seasonal_naive,8594.0,3099.0
Peru,2023,2023,16,2023-W16,380,2023,18,382,2,seasonal_naive,11860.0,3189.0
Peru,2023,2023,17,2023-W17,381,2023,19,383,2,seasonal_naive,15304.0,2999.0
Peru,2023,2023,18,2023-W18,382,2023,20,384,2,seasonal_naive,20425.0,2425.0
Peru,2023,2023,19,2023-W19,383,2023,21,385,2,seasonal_naive,18043.0,1965.0
Peru,2023,2023,20,2023-W20,384,2023,22,386,2,seasonal_naive,17868.0,1686.0
Peru,2023,2023,21,2023-W21,385,2023,23,387,2,seasonal_naive,15637.0,1440.0
Peru,2023,2023,22,2023-W22,386,2023,24,388,2,seasonal_naive,13340.0,1201.0
Peru,2023,2023,23,2023-W23,387,2023,25,389,2,seasonal_naive,11073.0,1036.0
Peru,2023,2023,24,2023-W24,388,2023,26,390,2,seasonal_naive,8681.0,904.0
Peru,2023,2023,25,2023-W25,389,2023,27,391,2,seasonal_naive,8132.0,826.0
Peru,2023,2023,26,2023-W26,390,2023,28,392,2,seasonal_naive,7669.0,782.0
Peru,2023,2023,27,2023-W27,391,2023,29,393,2,seasonal_naive,6815.0,669.0
Peru,2023,2023,28,2023-W28,392,2023,30,394,2,seasonal_naive,5158.0,452.0
Peru,2023,2023,29,2023-W29,393,2023,31,395,2,seasonal_naive,5423.0,499.0
Peru,2023,2023,30,2023-W30,394,2023,32,396,2,seasonal_naive,5060.0,553.0
Peru,2023,2023,31,2023-W31,395,2023,33,397,2,seasonal_naive,4380.0,580.0
Peru,2023,2023,32,2023-W32,396,2023,34,398,2,seasonal_naive,3824.0,485.0
Peru,2023,2023,33,2023-W33,397,2023,35,399,2,seasonal_naive,3466.0,484.0
Peru,2023,2023,34,2023-W34,398,2023,36,400,2,seasonal_naive,3368.0,550.0
Peru,2023,2023,35,2023-W35,399,2023,37,401,2,seasonal_naive,2883.0,557.0
Peru,2023,2023,36,2023-W36,400,2023,38,402,2,seasonal_naive,2317.0,580.0
Peru,2023,2023,37,2023-W37,401,2023,39,403,2,seasonal_naive,2158.0,624.0
Peru,2023,2023,38,2023-W38,402,2023,40,404,2,seasonal_naive,2028.0,537.0
Peru,2023,2023,39,2023-W39,403,2023,41,405,2,seasonal_naive,1829.0,596.0
Peru,2023,2023,40,2023-W40,404,2023,42,406,2,seasonal_naive,1874.0,734.0
Peru,2023,2023,41,2023-W41,405,2023,43,407,2,seasonal_naive,1563.0,830.0
Peru,2023,2023,42,2023-W42,406,2023,44,408,2,seasonal_naive,1626.0,1069.0
Peru,2023,2023,43,2023-W43,407,2023,45,409,2,seasonal_naive,1800.0,1314.0
Peru,2023,2023,44,2023-W44,408,2023,46,410,2,seasonal_naive,1802.0,1633.0
Peru,2023,2023,45,2023-W45,409,2023,47,411,2,seasonal_naive,1823.0,1623.0
Peru,2023,2023,46,2023-W46,410,2023,48,412,2,seasonal_naive,1854.0,1624.0
Peru,2023,2023,47,2023-W47,411,2023,49,413,2,seasonal_naive,1680.0,1412.0
Peru,2023,2023,48,2023-W48,412,2023,50,414,2,seasonal_naive,1784.0,1383.0
Peru,2023,2023,49,2023-W49,413,2023,51,415,2,seasonal_naive,1651.0,1134.0
Peru,2023,2023,50,2023-W50,414,2023,52,416,2,seasonal_naive,1310.0,717.0
Peru,2023,2022,49,2022-W49,361,2023,1,365,4,moving_average_4,1596.0,1573.0
Peru,2023,2022,50,2022-W50,362,2023,2,366,4,moving_average_4,1499.0,1510.5
Peru,2023,2022,51,2022-W51,363,2023,3,367,4,moving_average_4,1851.0,1388.25
Peru,2023,2022,52,2022-W52,364,2023,4,368,4,moving_average_4,1757.0,1161.5
Peru,2023,2023,1,2023-W01,365,2023,5,369,4,moving_average_4,1914.0,1207.5
Peru,2023,2023,2,2023-W02,366,2023,6,370,4,moving_average_4,2142.0,1236.5
Peru,2023,2023,3,2023-W03,367,2023,7,371,4,moving_average_4,2303.0,1415.75
Peru,2023,2023,4,2023-W04,368,2023,8,372,4,moving_average_4,2513.0,1675.75
Peru,2023,2023,5,2023-W05,369,2023,9,373,4,moving_average_4,2545.0,1755.25
Peru,2023,2023,6,2023-W06,370,2023,10,374,4,moving_average_4,2528.0,1916.0
Peru,2023,2023,7,2023-W07,371,2023,11,375,4,moving_average_4,3018.0,2029.0
Peru,2023,2023,8,2023-W08,372,2023,12,376,4,moving_average_4,3796.0,2218.0
Peru,2023,2023,9,2023-W09,373,2023,13,377,4,moving_average_4,4099.0,2375.75
Peru,2023,2023,10,2023-W10,374,2023,14,378,4,moving_average_4,4430.0,2472.25
Peru,2023,2023,11,2023-W11,375,2023,15,379,4,moving_average_4,6520.0,2651.0
Peru,2023,2023,12,2023-W12,376,2023,16,380,4,moving_average_4,7614.0,2971.75
Peru,2023,2023,13,2023-W13,377,2023,17,381,4,moving_average_4,8594.0,3360.25
Peru,2023,2023,14,2023-W14,378,2023,18,382,4,moving_average_4,11860.0,3835.75
Peru,2023,2023,15,2023-W15,379,2023,19,383,4,moving_average_4,15304.0,4711.25
Peru,2023,2023,16,2023-W16,380,2023,20,384,4,moving_average_4,20425.0,5665.75
Peru,2023,2023,17,2023-W17,381,2023,21,385,4,moving_average_4,18043.0,6789.5
Peru,2023,2023,18,2023-W18,382,2023,22,386,4,moving_average_4,17868.0,8647.0
Peru,2023,2023,19,2023-W19,383,2023,23,387,4,moving_average_4,15637.0,10843.0
Peru,2023,2023,20,2023-W20,384,2023,24,388,4,moving_average_4,13340.0,14045.75
Peru,2023,2023,21,2023-W21,385,2023,25,389,4,moving_average_4,11073.0,16408.0
Peru,2023,2023,22,2023-W22,386,2023,26,390,4,moving_average_4,8681.0,17910.0
Peru,2023,2023,23,2023-W23,387,2023,27,391,4,moving_average_4,8132.0,17993.25
Peru,2023,2023,24,2023-W24,388,2023,28,392,4,moving_average_4,7669.0,16222.0
Peru,2023,2023,25,2023-W25,389,2023,29,393,4,moving_average_4,6815.0,14479.5
Peru,2023,2023,26,2023-W26,390,2023,30,394,4,moving_average_4,5158.0,12182.75
Peru,2023,2023,27,2023-W27,391,2023,31,395,4,moving_average_4,5423.0,10306.5
Peru,2023,2023,28,2023-W28,392,2023,32,396,4,moving_average_4,5060.0,8888.75
Peru,2023,2023,29,2023-W29,393,2023,33,397,4,moving_average_4,4380.0,7824.25
Peru,2023,2023,30,2023-W30,394,2023,34,398,4,moving_average_4,3824.0,6943.5
Peru,2023,2023,31,2023-W31,395,2023,35,399,4,moving_average_4,3466.0,6266.25
Peru,2023,2023,32,2023-W32,396,2023,36,400,4,moving_average_4,3368.0,5614.0
Peru,2023,2023,33,2023-W33,397,2023,37,401,4,moving_average_4,2883.0,5005.25
Peru,2023,2023,34,2023-W34,398,2023,38,402,4,moving_average_4,2317.0,4671.75
Peru,2023,2023,35,2023-W35,399,2023,39,403,4,moving_average_4,2158.0,4182.5
Peru,2023,2023,36,2023-W36,400,2023,40,404,4,moving_average_4,2028.0,3759.5
Peru,2023,2023,37,2023-W37,401,2023,41,405,4,moving_average_4,1829.0,3385.25
Peru,2023,2023,38,2023-W38,402,2023,42,406,4,moving_average_4,1874.0,3008.5
Peru,2023,2023,39,2023-W39,403,2023,43,407,4,moving_average_4,1563.0,2681.5
Peru,2023,2023,40,2023-W40,404,2023,44,408,4,moving_average_4,1626.0,2346.5
Peru,2023,2023,41,2023-W41,405,2023,45,409,4,moving_average_4,1800.0,2083.0
Peru,2023,2023,42,2023-W42,406,2023,46,410,4,moving_average_4,1802.0,1972.25
Peru,2023,2023,43,2023-W43,407,2023,47,411,4,moving_average_4,1823.0,1823.5
Peru,2023,2023,44,2023-W44,408,2023,48,412,4,moving_average_4,1854.0,1723.0
Peru,2023,2023,45,2023-W45,409,2023,49,413,4,moving_average_4,1680.0,1715.75
Peru,2023,2023,46,2023-W46,410,2023,50,414,4,moving_average_4,1784.0,1697.75
Peru,2023,2023,47,2023-W47,411,2023,51,415,4,moving_average_4,1651.0,1762.75
Peru,2023,2023,48,2023-W48,412,2023,52,416,4,moving_average_4,1310.0,1819.75
Peru,2023,2022,49,2022-W49,361,2023,1,365,4,persistence,1596.0,1412.0
Peru,2023,2022,50,2022-W50,362,2023,2,366,4,persistence,1499.0,1383.0
Peru,2023,2022,51,2022-W51,363,2023,3,367,4,persistence,1851.0,1134.0
Peru,2023,2022,52,2022-W52,364,2023,4,368,4,persistence,1757.0,717.0
Peru,2023,2023,1,2023-W01,365,2023,5,369,4,persistence,1914.0,1596.0
Peru,2023,2023,2,2023-W02,366,2023,6,370,4,persistence,2142.0,1499.0
Peru,2023,2023,3,2023-W03,367,2023,7,371,4,persistence,2303.0,1851.0
Peru,2023,2023,4,2023-W04,368,2023,8,372,4,persistence,2513.0,1757.0
Peru,2023,2023,5,2023-W05,369,2023,9,373,4,persistence,2545.0,1914.0
Peru,2023,2023,6,2023-W06,370,2023,10,374,4,persistence,2528.0,2142.0
Peru,2023,2023,7,2023-W07,371,2023,11,375,4,persistence,3018.0,2303.0
Peru,2023,2023,8,2023-W08,372,2023,12,376,4,persistence,3796.0,2513.0
Peru,2023,2023,9,2023-W09,373,2023,13,377,4,persistence,4099.0,2545.0
Peru,2023,2023,10,2023-W10,374,2023,14,378,4,persistence,4430.0,2528.0
Peru,2023,2023,11,2023-W11,375,2023,15,379,4,persistence,6520.0,3018.0
Peru,2023,2023,12,2023-W12,376,2023,16,380,4,persistence,7614.0,3796.0
Peru,2023,2023,13,2023-W13,377,2023,17,381,4,persistence,8594.0,4099.0
Peru,2023,2023,14,2023-W14,378,2023,18,382,4,persistence,11860.0,4430.0
Peru,2023,2023,15,2023-W15,379,2023,19,383,4,persistence,15304.0,6520.0
Peru,2023,2023,16,2023-W16,380,2023,20,384,4,persistence,20425.0,7614.0
Peru,2023,2023,17,2023-W17,381,2023,21,385,4,persistence,18043.0,8594.0
Peru,2023,2023,18,2023-W18,382,2023,22,386,4,persistence,17868.0,11860.0
Peru,2023,2023,19,2023-W19,383,2023,23,387,4,persistence,15637.0,15304.0
Peru,2023,2023,20,2023-W20,384,2023,24,388,4,persistence,13340.0,20425.0
Peru,2023,2023,21,2023-W21,385,2023,25,389,4,persistence,11073.0,18043.0
Peru,2023,2023,22,2023-W22,386,2023,26,390,4,persistence,8681.0,17868.0
Peru,2023,2023,23,2023-W23,387,2023,27,391,4,persistence,8132.0,15637.0
Peru,2023,2023,24,2023-W24,388,2023,28,392,4,persistence,7669.0,13340.0
Peru,2023,2023,25,2023-W25,389,2023,29,393,4,persistence,6815.0,11073.0
Peru,2023,2023,26,2023-W26,390,2023,30,394,4,persistence,5158.0,8681.0
Peru,2023,2023,27,2023-W27,391,2023,31,395,4,persistence,5423.0,8132.0
Peru,2023,2023,28,2023-W28,392,2023,32,396,4,persistence,5060.0,7669.0
Peru,2023,2023,29,2023-W29,393,2023,33,397,4,persistence,4380.0,6815.0
Peru,2023,2023,30,2023-W30,394,2023,34,398,4,persistence,3824.0,5158.0
Peru,2023,2023,31,2023-W31,395,2023,35,399,4,persistence,3466.0,5423.0
Peru,2023,2023,32,2023-W32,396,2023,36,400,4,persistence,3368.0,5060.0
Peru,2023,2023,33,2023-W33,397,2023,37,401,4,persistence,2883.0,4380.0
Peru,2023,2023,34,2023-W34,398,2023,38,402,4,persistence,2317.0,3824.0
Peru,2023,2023,35,2023-W35,399,2023,39,403,4,persistence,2158.0,3466.0
Peru,2023,2023,36,2023-W36,400,2023,40,404,4,persistence,2028.0,3368.0
Peru,2023,2023,37,2023-W37,401,2023,41,405,4,persistence,1829.0,2883.0
Peru,2023,2023,38,2023-W38,402,2023,42,406,4,persistence,1874.0,2317.0
Peru,2023,2023,39,2023-W39,403,2023,43,407,4,persistence,1563.0,2158.0
Peru,2023,2023,40,2023-W40,404,2023,44,408,4,persistence,1626.0,2028.0
Peru,2023,2023,41,2023-W41,405,2023,45,409,4,persistence,1800.0,1829.0
Peru,2023,2023,42,2023-W42,406,2023,46,410,4,persistence,1802.0,1874.0
Peru,2023,2023,43,2023-W43,407,2023,47,411,4,persistence,1823.0,1563.0
Peru,2023,2023,44,2023-W44,408,2023,48,412,4,persistence,1854.0,1626.0
Peru,2023,2023,45,2023-W45,409,2023,49,413,4,persistence,1680.0,1800.0
Peru,2023,2023,46,2023-W46,410,2023,50,414,4,persistence,1784.0,1802.0
Peru,2023,2023,47,2023-W47,411,2023,51,415,4,persistence,1651.0,1823.0
Peru,2023,2023,48,2023-W48,412,2023,52,416,4,persistence,1310.0,1854.0
Peru,2023,2022,49,2022-W49,361,2023,1,365,4,seasonal_naive,1596.0,1070.0
Peru,2023,2022,50,2022-W50,362,2023,2,366,4,seasonal_naive,1499.0,1017.0
Peru,2023,2022,51,2022-W51,363,2023,3,367,4,seasonal_naive,1851.0,950.0
Peru,2023,2022,52,2022-W52,364,2023,4,368,4,seasonal_naive,1757.0,978.0
Peru,2023,2023,1,2023-W01,365,2023,5,369,4,seasonal_naive,1914.0,1318.0
Peru,2023,2023,2,2023-W02,366,2023,6,370,4,seasonal_naive,2142.0,1423.0
Peru,2023,2023,3,2023-W03,367,2023,7,371,4,seasonal_naive,2303.0,1657.0
Peru,2023,2023,4,2023-W04,368,2023,8,372,4,seasonal_naive,2513.0,1853.0
Peru,2023,2023,5,2023-W05,369,2023,9,373,4,seasonal_naive,2545.0,1974.0
Peru,2023,2023,6,2023-W06,370,2023,10,374,4,seasonal_naive,2528.0,2043.0
Peru,2023,2023,7,2023-W07,371,2023,11,375,4,seasonal_naive,3018.0,2250.0
Peru,2023,2023,8,2023-W08,372,2023,12,376,4,seasonal_naive,3796.0,2272.0
Peru,2023,2023,9,2023-W09,373,2023,13,377,4,seasonal_naive,4099.0,2566.0
Peru,2023,2023,10,2023-W10,374,2023,14,378,4,seasonal_naive,4430.0,2876.0
Peru,2023,2023,11,2023-W11,375,2023,15,379,4,seasonal_naive,6520.0,2992.0
Peru,2023,2023,12,2023-W12,376,2023,16,380,4,seasonal_naive,7614.0,3421.0
Peru,2023,2023,13,2023-W13,377,2023,17,381,4,seasonal_naive,8594.0,3099.0
Peru,2023,2023,14,2023-W14,378,2023,18,382,4,seasonal_naive,11860.0,3189.0
Peru,2023,2023,15,2023-W15,379,2023,19,383,4,seasonal_naive,15304.0,2999.0
Peru,2023,2023,16,2023-W16,380,2023,20,384,4,seasonal_naive,20425.0,2425.0
Peru,2023,2023,17,2023-W17,381,2023,21,385,4,seasonal_naive,18043.0,1965.0
Peru,2023,2023,18,2023-W18,382,2023,22,386,4,seasonal_naive,17868.0,1686.0
Peru,2023,2023,19,2023-W19,383,2023,23,387,4,seasonal_naive,15637.0,1440.0
Peru,2023,2023,20,2023-W20,384,2023,24,388,4,seasonal_naive,13340.0,1201.0
Peru,2023,2023,21,2023-W21,385,2023,25,389,4,seasonal_naive,11073.0,1036.0
Peru,2023,2023,22,2023-W22,386,2023,26,390,4,seasonal_naive,8681.0,904.0
Peru,2023,2023,23,2023-W23,387,2023,27,391,4,seasonal_naive,8132.0,826.0
Peru,2023,2023,24,2023-W24,388,2023,28,392,4,seasonal_naive,7669.0,782.0
Peru,2023,2023,25,2023-W25,389,2023,29,393,4,seasonal_naive,6815.0,669.0
Peru,2023,2023,26,2023-W26,390,2023,30,394,4,seasonal_naive,5158.0,452.0
Peru,2023,2023,27,2023-W27,391,2023,31,395,4,seasonal_naive,5423.0,499.0
Peru,2023,2023,28,2023-W28,392,2023,32,396,4,seasonal_naive,5060.0,553.0
Peru,2023,2023,29,2023-W29,393,2023,33,397,4,seasonal_naive,4380.0,580.0
Peru,2023,2023,30,2023-W30,394,2023,34,398,4,seasonal_naive,3824.0,485.0
Peru,2023,2023,31,2023-W31,395,2023,35,399,4,seasonal_naive,3466.0,484.0
Peru,2023,2023,32,2023-W32,396,2023,36,400,4,seasonal_naive,3368.0,550.0
Peru,2023,2023,33,2023-W33,397,2023,37,401,4,seasonal_naive,2883.0,557.0
Peru,2023,2023,34,2023-W34,398,2023,38,402,4,seasonal_naive,2317.0,580.0
Peru,2023,2023,35,2023-W35,399,2023,39,403,4,seasonal_naive,2158.0,624.0
Peru,2023,2023,36,2023-W36,400,2023,40,404,4,seasonal_naive,2028.0,537.0
Peru,2023,2023,37,2023-W37,401,2023,41,405,4,seasonal_naive,1829.0,596.0
Peru,2023,2023,38,2023-W38,402,2023,42,406,4,seasonal_naive,1874.0,734.0
Peru,2023,2023,39,2023-W39,403,2023,43,407,4,seasonal_naive,1563.0,830.0
Peru,2023,2023,40,2023-W40,404,2023,44,408,4,seasonal_naive,1626.0,1069.0
Peru,2023,2023,41,2023-W41,405,2023,45,409,4,seasonal_naive,1800.0,1314.0
Peru,2023,2023,42,2023-W42,406,2023,46,410,4,seasonal_naive,1802.0,1633.0
Peru,2023,2023,43,2023-W43,407,2023,47,411,4,seasonal_naive,1823.0,1623.0
Peru,2023,2023,44,2023-W44,408,2023,48,412,4,seasonal_naive,1854.0,1624.0
Peru,2023,2023,45,2023-W45,409,2023,49,413,4,seasonal_naive,1680.0,1412.0
Peru,2023,2023,46,2023-W46,410,2023,50,414,4,seasonal_naive,1784.0,1383.0
Peru,2023,2023,47,2023-W47,411,2023,51,415,4,seasonal_naive,1651.0,1134.0
Peru,2023,2023,48,2023-W48,412,2023,52,416,4,seasonal_naive,1310.0,717.0
Philippines,2023,2023,4,2023-W04,368,2023,5,369,1,moving_average_4,681.0,669.75
Philippines,2023,2023,5,2023-W05,369,2023,6,370,1,moving_average_4,683.0,733.75
Philippines,2023,2023,6,2023-W06,370,2023,7,371,1,moving_average_4,972.0,760.75
Philippines,2023,2023,7,2023-W07,371,2023,8,372,1,moving_average_4,791.0,801.75
Philippines,2023,2023,8,2023-W08,372,2023,9,373,1,moving_average_4,771.0,781.75
Philippines,2023,2023,9,2023-W09,373,2023,10,374,1,moving_average_4,575.0,804.25
Philippines,2023,2023,10,2023-W10,374,2023,11,375,1,moving_average_4,275.0,777.25
Philippines,2023,2023,11,2023-W11,375,2023,12,376,1,moving_average_4,141.0,603.0
Philippines,2023,2023,12,2023-W12,376,2023,13,377,1,moving_average_4,1196.0,440.5
Philippines,2023,2023,13,2023-W13,377,2023,14,378,1,moving_average_4,1196.0,546.75
Philippines,2023,2023,14,2023-W14,378,2023,15,379,1,moving_average_4,1197.0,702.0
Philippines,2023,2023,15,2023-W15,379,2023,16,380,1,moving_average_4,1482.0,932.5
Philippines,2023,2023,16,2023-W16,380,2023,17,381,1,moving_average_4,1684.0,1267.75
Philippines,2023,2023,17,2023-W17,381,2023,18,382,1,moving_average_4,1746.0,1389.75
Philippines,2023,2023,18,2023-W18,382,2023,19,383,1,moving_average_4,1727.0,1527.25
Philippines,2023,2023,19,2023-W19,383,2023,20,384,1,moving_average_4,1794.0,1659.75
Philippines,2023,2023,20,2023-W20,384,2023,21,385,1,moving_average_4,2269.0,1737.75
Philippines,2023,2023,21,2023-W21,385,2023,22,386,1,moving_average_4,2552.0,1884.0
Philippines,2023,2023,22,2023-W22,386,2023,23,387,1,moving_average_4,207.0,2085.5
Philippines,2023,2023,23,2023-W23,387,2023,24,388,1,moving_average_4,162.0,1705.5
Philippines,2023,2023,24,2023-W24,388,2023,25,389,1,moving_average_4,132.0,1297.5
Philippines,2023,2023,25,2023-W25,389,2023,26,390,1,moving_average_4,181.0,763.25
Philippines,2023,2023,26,2023-W26,390,2023,27,391,1,moving_average_4,271.0,170.5
Philippines,2023,2023,27,2023-W27,391,2023,28,392,1,moving_average_4,147.0,186.5
Philippines,2023,2023,28,2023-W28,392,2023,29,393,1,moving_average_4,735.0,182.75
Philippines,2023,2023,29,2023-W29,393,2023,30,394,1,moving_average_4,715.0,333.5
Philippines,2023,2023,30,2023-W30,394,2023,31,395,1,moving_average_4,893.0,467.0
Philippines,2023,2023,31,2023-W31,395,2023,32,396,1,moving_average_4,2955.0,622.5
Philippines,2023,2023,32,2023-W32,396,2023,33,397,1,moving_average_4,3355.0,1324.5
Philippines,2023,2023,33,2023-W33,397,2023,34,398,1,moving_average_4,3591.0,1979.5
Philippines,2023,2023,34,2023-W34,398,2023,35,399,1,moving_average_4,3356.0,2698.5
Philippines,2023,2023,35,2023-W35,399,2023,36,400,1,moving_average_4,3393.0,3314.25
Philippines,2023,2023,36,2023-W36,400,2023,37,401,1,moving_average_4,3179.0,3423.75
Philippines,2023,2023,37,2023-W37,401,2023,38,402,1,moving_average_4,3142.0,3379.75
Philippines,2023,2023,38,2023-W38,402,2023,39,403,1,moving_average_4,3318.0,3267.5
Philippines,2023,2023,39,2023-W39,403,2023,40,404,1,moving_average_4,2578.0,3258.0
Philippines,2023,2023,40,2023-W40,404,2023,41,405,1,moving_average_4,2720.0,3054.25
Philippines,2023,2023,41,2023-W41,405,2023,42,406,1,moving_average_4,3430.0,2939.5
Philippines,2023,2023,42,2023-W42,406,2023,43,407,1,moving_average_4,2672.0,3011.5
Philippines,2023,2023,43,2023-W43,407,2023,44,408,1,moving_average_4,1939.0,2850.0
Philippines,2023,2023,44,2023-W44,408,2023,45,409,1,moving_average_4,2607.0,2690.25
Philippines,2023,2023,1,2023-W01,365,2023,2,366,1,persistence,575.0,425.0
Philippines,2023,2023,2,2023-W02,366,2023,3,367,1,persistence,808.0,575.0
Philippines,2023,2023,3,2023-W03,367,2023,4,368,1,persistence,871.0,808.0
Philippines,2023,2023,4,2023-W04,368,2023,5,369,1,persistence,681.0,871.0
Philippines,2023,2023,5,2023-W05,369,2023,6,370,1,persistence,683.0,681.0
Philippines,2023,2023,6,2023-W06,370,2023,7,371,1,persistence,972.0,683.0
Philippines,2023,2023,7,2023-W07,371,2023,8,372,1,persistence,791.0,972.0
Philippines,2023,2023,8,2023-W08,372,2023,9,373,1,persistence,771.0,791.0
Philippines,2023,2023,9,2023-W09,373,2023,10,374,1,persistence,575.0,771.0
Philippines,2023,2023,10,2023-W10,374,2023,11,375,1,persistence,275.0,575.0
Philippines,2023,2023,11,2023-W11,375,2023,12,376,1,persistence,141.0,275.0
Philippines,2023,2023,12,2023-W12,376,2023,13,377,1,persistence,1196.0,141.0
Philippines,2023,2023,13,2023-W13,377,2023,14,378,1,persistence,1196.0,1196.0
Philippines,2023,2023,14,2023-W14,378,2023,15,379,1,persistence,1197.0,1196.0
Philippines,2023,2023,15,2023-W15,379,2023,16,380,1,persistence,1482.0,1197.0
Philippines,2023,2023,16,2023-W16,380,2023,17,381,1,persistence,1684.0,1482.0
Philippines,2023,2023,17,2023-W17,381,2023,18,382,1,persistence,1746.0,1684.0
Philippines,2023,2023,18,2023-W18,382,2023,19,383,1,persistence,1727.0,1746.0
Philippines,2023,2023,19,2023-W19,383,2023,20,384,1,persistence,1794.0,1727.0
Philippines,2023,2023,20,2023-W20,384,2023,21,385,1,persistence,2269.0,1794.0
Philippines,2023,2023,21,2023-W21,385,2023,22,386,1,persistence,2552.0,2269.0
Philippines,2023,2023,22,2023-W22,386,2023,23,387,1,persistence,207.0,2552.0
Philippines,2023,2023,23,2023-W23,387,2023,24,388,1,persistence,162.0,207.0
Philippines,2023,2023,24,2023-W24,388,2023,25,389,1,persistence,132.0,162.0
Philippines,2023,2023,25,2023-W25,389,2023,26,390,1,persistence,181.0,132.0
Philippines,2023,2023,26,2023-W26,390,2023,27,391,1,persistence,271.0,181.0
Philippines,2023,2023,27,2023-W27,391,2023,28,392,1,persistence,147.0,271.0
Philippines,2023,2023,28,2023-W28,392,2023,29,393,1,persistence,735.0,147.0
Philippines,2023,2023,29,2023-W29,393,2023,30,394,1,persistence,715.0,735.0
Philippines,2023,2023,30,2023-W30,394,2023,31,395,1,persistence,893.0,715.0
Philippines,2023,2023,31,2023-W31,395,2023,32,396,1,persistence,2955.0,893.0
Philippines,2023,2023,32,2023-W32,396,2023,33,397,1,persistence,3355.0,2955.0
Philippines,2023,2023,33,2023-W33,397,2023,34,398,1,persistence,3591.0,3355.0
Philippines,2023,2023,34,2023-W34,398,2023,35,399,1,persistence,3356.0,3591.0
Philippines,2023,2023,35,2023-W35,399,2023,36,400,1,persistence,3393.0,3356.0
Philippines,2023,2023,36,2023-W36,400,2023,37,401,1,persistence,3179.0,3393.0
Philippines,2023,2023,37,2023-W37,401,2023,38,402,1,persistence,3142.0,3179.0
Philippines,2023,2023,38,2023-W38,402,2023,39,403,1,persistence,3318.0,3142.0
Philippines,2023,2023,39,2023-W39,403,2023,40,404,1,persistence,2578.0,3318.0
Philippines,2023,2023,40,2023-W40,404,2023,41,405,1,persistence,2720.0,2578.0
Philippines,2023,2023,41,2023-W41,405,2023,42,406,1,persistence,3430.0,2720.0
Philippines,2023,2023,42,2023-W42,406,2023,43,407,1,persistence,2672.0,3430.0
Philippines,2023,2023,43,2023-W43,407,2023,44,408,1,persistence,1939.0,2672.0
Philippines,2023,2023,44,2023-W44,408,2023,45,409,1,persistence,2607.0,1939.0
Philippines,2023,2023,51,2023-W51,415,2023,52,416,1,persistence,768.0,617.0
Philippines,2023,2022,52,2022-W52,364,2023,1,365,1,seasonal_naive,425.0,1685.0
Philippines,2023,2023,1,2023-W01,365,2023,2,366,1,seasonal_naive,575.0,1146.0
Philippines,2023,2023,2,2023-W02,366,2023,3,367,1,seasonal_naive,808.0,1143.0
Philippines,2023,2023,3,2023-W03,367,2023,4,368,1,seasonal_naive,871.0,1034.0
Philippines,2023,2023,4,2023-W04,368,2023,5,369,1,seasonal_naive,681.0,1459.0
Philippines,2023,2023,5,2023-W05,369,2023,6,370,1,seasonal_naive,683.0,1243.0
Philippines,2023,2023,6,2023-W06,370,2023,7,371,1,seasonal_naive,972.0,1418.0
Philippines,2023,2023,7,2023-W07,371,2023,8,372,1,seasonal_naive,791.0,1344.0
Philippines,2023,2023,8,2023-W08,372,2023,9,373,1,seasonal_naive,771.0,1484.0
Philippines,2023,2023,9,2023-W09,373,2023,10,374,1,seasonal_naive,575.0,1553.0
Philippines,2023,2023,10,2023-W10,374,2023,11,375,1,seasonal_naive,275.0,1622.0
Philippines,2023,2023,11,2023-W11,375,2023,12,376,1,seasonal_naive,141.0,1905.0
Philippines,2023,2023,12,2023-W12,376,2023,13,377,1,seasonal_naive,1196.0,2152.0
Philippines,2023,2023,13,2023-W13,377,2023,14,378,1,seasonal_naive,1196.0,2293.0
Philippines,2023,2023,14,2023-W14,378,2023,15,379,1,seasonal_naive,1197.0,2326.0
Philippines,2023,2023,15,2023-W15,379,2023,16,380,1,seasonal_naive,1482.0,2716.0
Philippines,2023,2023,16,2023-W16,380,2023,17,381,1,seasonal_naive,1684.0,2677.0
Philippines,2023,2023,17,2023-W17,381,2023,18,382,1,seasonal_naive,1746.0,3389.0
Philippines,2023,2023,18,2023-W18,382,2023,19,383,1,seasonal_naive,1727.0,3958.0
Philippines,2023,2023,19,2023-W19,383,2023,20,384,1,seasonal_naive,1794.0,4812.0
Philippines,2023,2023,20,2023-W20,384,2023,21,385,1,seasonal_naive,2269.0,5167.0
Philippines,2023,2023,21,2023-W21,385,2023,22,386,1,seasonal_naive,2552.0,5557.0
Philippines,2023,2023,22,2023-W22,386,2023,23,387,1,seasonal_naive,207.0,6626.0
Philippines,2023,2023,23,2023-W23,387,2023,24,388,1,seasonal_naive,162.0,7409.0
Philippines,2023,2023,24,2023-W24,388,2023,25,389,1,seasonal_naive,132.0,8692.0
Philippines,2023,2023,25,2023-W25,389,2023,26,390,1,seasonal_naive,181.0,8546.0
Philippines,2023,2023,26,2023-W26,390,2023,27,391,1,seasonal_naive,271.0,9579.0
Philippines,2023,2023,27,2023-W27,391,2023,28,392,1,seasonal_naive,147.0,10541.0
Philippines,2023,2023,28,2023-W28,392,2023,29,393,1,seasonal_naive,735.0,9931.0
Philippines,2023,2023,29,2023-W29,393,2023,30,394,1,seasonal_naive,715.0,9107.0
Philippines,2023,2023,30,2023-W30,394,2023,31,395,1,seasonal_naive,893.0,9104.0
Philippines,2023,2023,31,2023-W31,395,2023,32,396,1,seasonal_naive,2955.0,9245.0
Philippines,2023,2023,32,2023-W32,396,2023,33,397,1,seasonal_naive,3355.0,8420.0
Philippines,2023,2023,33,2023-W33,397,2023,34,398,1,seasonal_naive,3591.0,7525.0
Philippines,2023,2023,34,2023-W34,398,2023,35,399,1,seasonal_naive,3356.0,7237.0
Philippines,2023,2023,35,2023-W35,399,2023,36,400,1,seasonal_naive,3393.0,7305.0
Philippines,2023,2023,36,2023-W36,400,2023,37,401,1,seasonal_naive,3179.0,6410.0
Philippines,2023,2023,37,2023-W37,401,2023,38,402,1,seasonal_naive,3142.0,5550.0
Philippines,2023,2023,38,2023-W38,402,2023,39,403,1,seasonal_naive,3318.0,4976.0
Philippines,2023,2023,39,2023-W39,403,2023,40,404,1,seasonal_naive,2578.0,3866.0
Philippines,2023,2023,40,2023-W40,404,2023,41,405,1,seasonal_naive,2720.0,3435.0
Philippines,2023,2023,41,2023-W41,405,2023,42,406,1,seasonal_naive,3430.0,3825.0
Philippines,2023,2023,42,2023-W42,406,2023,43,407,1,seasonal_naive,2672.0,3501.0
Philippines,2023,2023,43,2023-W43,407,2023,44,408,1,seasonal_naive,1939.0,3570.0
Philippines,2023,2023,44,2023-W44,408,2023,45,409,1,seasonal_naive,2607.0,3781.0
Philippines,2023,2023,4,2023-W04,368,2023,6,370,2,moving_average_4,683.0,669.75
Philippines,2023,2023,5,2023-W05,369,2023,7,371,2,moving_average_4,972.0,733.75
Philippines,2023,2023,6,2023-W06,370,2023,8,372,2,moving_average_4,791.0,760.75
Philippines,2023,2023,7,2023-W07,371,2023,9,373,2,moving_average_4,771.0,801.75
Philippines,2023,2023,8,2023-W08,372,2023,10,374,2,moving_average_4,575.0,781.75
Philippines,2023,2023,9,2023-W09,373,2023,11,375,2,moving_average_4,275.0,804.25
Philippines,2023,2023,10,2023-W10,374,2023,12,376,2,moving_average_4,141.0,777.25
Philippines,2023,2023,11,2023-W11,375,2023,13,377,2,moving_average_4,1196.0,603.0
Philippines,2023,2023,12,2023-W12,376,2023,14,378,2,moving_average_4,1196.0,440.5
Philippines,2023,2023,13,2023-W13,377,2023,15,379,2,moving_average_4,1197.0,546.75
Philippines,2023,2023,14,2023-W14,378,2023,16,380,2,moving_average_4,1482.0,702.0
Philippines,2023,2023,15,2023-W15,379,2023,17,381,2,moving_average_4,1684.0,932.5
Philippines,2023,2023,16,2023-W16,380,2023,18,382,2,moving_average_4,1746.0,1267.75
Philippines,2023,2023,17,2023-W17,381,2023,19,383,2,moving_average_4,1727.0,1389.75
Philippines,2023,2023,18,2023-W18,382,2023,20,384,2,moving_average_4,1794.0,1527.25
Philippines,2023,2023,19,2023-W19,383,2023,21,385,2,moving_average_4,2269.0,1659.75
Philippines,2023,2023,20,2023-W20,384,2023,22,386,2,moving_average_4,2552.0,1737.75
Philippines,2023,2023,21,2023-W21,385,2023,23,387,2,moving_average_4,207.0,1884.0
Philippines,2023,2023,22,2023-W22,386,2023,24,388,2,moving_average_4,162.0,2085.5
Philippines,2023,2023,23,2023-W23,387,2023,25,389,2,moving_average_4,132.0,1705.5
Philippines,2023,2023,24,2023-W24,388,2023,26,390,2,moving_average_4,181.0,1297.5
Philippines,2023,2023,25,2023-W25,389,2023,27,391,2,moving_average_4,271.0,763.25
Philippines,2023,2023,26,2023-W26,390,2023,28,392,2,moving_average_4,147.0,170.5
Philippines,2023,2023,27,2023-W27,391,2023,29,393,2,moving_average_4,735.0,186.5
Philippines,2023,2023,28,2023-W28,392,2023,30,394,2,moving_average_4,715.0,182.75
Philippines,2023,2023,29,2023-W29,393,2023,31,395,2,moving_average_4,893.0,333.5
Philippines,2023,2023,30,2023-W30,394,2023,32,396,2,moving_average_4,2955.0,467.0
Philippines,2023,2023,31,2023-W31,395,2023,33,397,2,moving_average_4,3355.0,622.5
Philippines,2023,2023,32,2023-W32,396,2023,34,398,2,moving_average_4,3591.0,1324.5
Philippines,2023,2023,33,2023-W33,397,2023,35,399,2,moving_average_4,3356.0,1979.5
Philippines,2023,2023,34,2023-W34,398,2023,36,400,2,moving_average_4,3393.0,2698.5
Philippines,2023,2023,35,2023-W35,399,2023,37,401,2,moving_average_4,3179.0,3314.25
Philippines,2023,2023,36,2023-W36,400,2023,38,402,2,moving_average_4,3142.0,3423.75
Philippines,2023,2023,37,2023-W37,401,2023,39,403,2,moving_average_4,3318.0,3379.75
Philippines,2023,2023,38,2023-W38,402,2023,40,404,2,moving_average_4,2578.0,3267.5
Philippines,2023,2023,39,2023-W39,403,2023,41,405,2,moving_average_4,2720.0,3258.0
Philippines,2023,2023,40,2023-W40,404,2023,42,406,2,moving_average_4,3430.0,3054.25
Philippines,2023,2023,41,2023-W41,405,2023,43,407,2,moving_average_4,2672.0,2939.5
Philippines,2023,2023,42,2023-W42,406,2023,44,408,2,moving_average_4,1939.0,3011.5
Philippines,2023,2023,43,2023-W43,407,2023,45,409,2,moving_average_4,2607.0,2850.0
Philippines,2023,2023,1,2023-W01,365,2023,3,367,2,persistence,808.0,425.0
Philippines,2023,2023,2,2023-W02,366,2023,4,368,2,persistence,871.0,575.0
Philippines,2023,2023,3,2023-W03,367,2023,5,369,2,persistence,681.0,808.0
Philippines,2023,2023,4,2023-W04,368,2023,6,370,2,persistence,683.0,871.0
Philippines,2023,2023,5,2023-W05,369,2023,7,371,2,persistence,972.0,681.0
Philippines,2023,2023,6,2023-W06,370,2023,8,372,2,persistence,791.0,683.0
Philippines,2023,2023,7,2023-W07,371,2023,9,373,2,persistence,771.0,972.0
Philippines,2023,2023,8,2023-W08,372,2023,10,374,2,persistence,575.0,791.0
Philippines,2023,2023,9,2023-W09,373,2023,11,375,2,persistence,275.0,771.0
Philippines,2023,2023,10,2023-W10,374,2023,12,376,2,persistence,141.0,575.0
Philippines,2023,2023,11,2023-W11,375,2023,13,377,2,persistence,1196.0,275.0
Philippines,2023,2023,12,2023-W12,376,2023,14,378,2,persistence,1196.0,141.0
Philippines,2023,2023,13,2023-W13,377,2023,15,379,2,persistence,1197.0,1196.0
Philippines,2023,2023,14,2023-W14,378,2023,16,380,2,persistence,1482.0,1196.0
Philippines,2023,2023,15,2023-W15,379,2023,17,381,2,persistence,1684.0,1197.0
Philippines,2023,2023,16,2023-W16,380,2023,18,382,2,persistence,1746.0,1482.0
Philippines,2023,2023,17,2023-W17,381,2023,19,383,2,persistence,1727.0,1684.0
Philippines,2023,2023,18,2023-W18,382,2023,20,384,2,persistence,1794.0,1746.0
Philippines,2023,2023,19,2023-W19,383,2023,21,385,2,persistence,2269.0,1727.0
Philippines,2023,2023,20,2023-W20,384,2023,22,386,2,persistence,2552.0,1794.0
Philippines,2023,2023,21,2023-W21,385,2023,23,387,2,persistence,207.0,2269.0
Philippines,2023,2023,22,2023-W22,386,2023,24,388,2,persistence,162.0,2552.0
Philippines,2023,2023,23,2023-W23,387,2023,25,389,2,persistence,132.0,207.0
Philippines,2023,2023,24,2023-W24,388,2023,26,390,2,persistence,181.0,162.0
Philippines,2023,2023,25,2023-W25,389,2023,27,391,2,persistence,271.0,132.0
Philippines,2023,2023,26,2023-W26,390,2023,28,392,2,persistence,147.0,181.0
Philippines,2023,2023,27,2023-W27,391,2023,29,393,2,persistence,735.0,271.0
Philippines,2023,2023,28,2023-W28,392,2023,30,394,2,persistence,715.0,147.0
Philippines,2023,2023,29,2023-W29,393,2023,31,395,2,persistence,893.0,735.0
Philippines,2023,2023,30,2023-W30,394,2023,32,396,2,persistence,2955.0,715.0
Philippines,2023,2023,31,2023-W31,395,2023,33,397,2,persistence,3355.0,893.0
Philippines,2023,2023,32,2023-W32,396,2023,34,398,2,persistence,3591.0,2955.0
Philippines,2023,2023,33,2023-W33,397,2023,35,399,2,persistence,3356.0,3355.0
Philippines,2023,2023,34,2023-W34,398,2023,36,400,2,persistence,3393.0,3591.0
Philippines,2023,2023,35,2023-W35,399,2023,37,401,2,persistence,3179.0,3356.0
Philippines,2023,2023,36,2023-W36,400,2023,38,402,2,persistence,3142.0,3393.0
Philippines,2023,2023,37,2023-W37,401,2023,39,403,2,persistence,3318.0,3179.0
Philippines,2023,2023,38,2023-W38,402,2023,40,404,2,persistence,2578.0,3142.0
Philippines,2023,2023,39,2023-W39,403,2023,41,405,2,persistence,2720.0,3318.0
Philippines,2023,2023,40,2023-W40,404,2023,42,406,2,persistence,3430.0,2578.0
Philippines,2023,2023,41,2023-W41,405,2023,43,407,2,persistence,2672.0,2720.0
Philippines,2023,2023,42,2023-W42,406,2023,44,408,2,persistence,1939.0,3430.0
Philippines,2023,2023,43,2023-W43,407,2023,45,409,2,persistence,2607.0,2672.0
Philippines,2023,2022,51,2022-W51,363,2023,1,365,2,seasonal_naive,425.0,1685.0
Philippines,2023,2022,52,2022-W52,364,2023,2,366,2,seasonal_naive,575.0,1146.0
Philippines,2023,2023,1,2023-W01,365,2023,3,367,2,seasonal_naive,808.0,1143.0
Philippines,2023,2023,2,2023-W02,366,2023,4,368,2,seasonal_naive,871.0,1034.0
Philippines,2023,2023,3,2023-W03,367,2023,5,369,2,seasonal_naive,681.0,1459.0
Philippines,2023,2023,4,2023-W04,368,2023,6,370,2,seasonal_naive,683.0,1243.0
Philippines,2023,2023,5,2023-W05,369,2023,7,371,2,seasonal_naive,972.0,1418.0
Philippines,2023,2023,6,2023-W06,370,2023,8,372,2,seasonal_naive,791.0,1344.0
Philippines,2023,2023,7,2023-W07,371,2023,9,373,2,seasonal_naive,771.0,1484.0
Philippines,2023,2023,8,2023-W08,372,2023,10,374,2,seasonal_naive,575.0,1553.0
Philippines,2023,2023,9,2023-W09,373,2023,11,375,2,seasonal_naive,275.0,1622.0
Philippines,2023,2023,10,2023-W10,374,2023,12,376,2,seasonal_naive,141.0,1905.0
Philippines,2023,2023,11,2023-W11,375,2023,13,377,2,seasonal_naive,1196.0,2152.0
Philippines,2023,2023,12,2023-W12,376,2023,14,378,2,seasonal_naive,1196.0,2293.0
Philippines,2023,2023,13,2023-W13,377,2023,15,379,2,seasonal_naive,1197.0,2326.0
Philippines,2023,2023,14,2023-W14,378,2023,16,380,2,seasonal_naive,1482.0,2716.0
Philippines,2023,2023,15,2023-W15,379,2023,17,381,2,seasonal_naive,1684.0,2677.0
Philippines,2023,2023,16,2023-W16,380,2023,18,382,2,seasonal_naive,1746.0,3389.0
Philippines,2023,2023,17,2023-W17,381,2023,19,383,2,seasonal_naive,1727.0,3958.0
Philippines,2023,2023,18,2023-W18,382,2023,20,384,2,seasonal_naive,1794.0,4812.0
Philippines,2023,2023,19,2023-W19,383,2023,21,385,2,seasonal_naive,2269.0,5167.0
Philippines,2023,2023,20,2023-W20,384,2023,22,386,2,seasonal_naive,2552.0,5557.0
Philippines,2023,2023,21,2023-W21,385,2023,23,387,2,seasonal_naive,207.0,6626.0
Philippines,2023,2023,22,2023-W22,386,2023,24,388,2,seasonal_naive,162.0,7409.0
Philippines,2023,2023,23,2023-W23,387,2023,25,389,2,seasonal_naive,132.0,8692.0
Philippines,2023,2023,24,2023-W24,388,2023,26,390,2,seasonal_naive,181.0,8546.0
Philippines,2023,2023,25,2023-W25,389,2023,27,391,2,seasonal_naive,271.0,9579.0
Philippines,2023,2023,26,2023-W26,390,2023,28,392,2,seasonal_naive,147.0,10541.0
Philippines,2023,2023,27,2023-W27,391,2023,29,393,2,seasonal_naive,735.0,9931.0
Philippines,2023,2023,28,2023-W28,392,2023,30,394,2,seasonal_naive,715.0,9107.0
Philippines,2023,2023,29,2023-W29,393,2023,31,395,2,seasonal_naive,893.0,9104.0
Philippines,2023,2023,30,2023-W30,394,2023,32,396,2,seasonal_naive,2955.0,9245.0
Philippines,2023,2023,31,2023-W31,395,2023,33,397,2,seasonal_naive,3355.0,8420.0
Philippines,2023,2023,32,2023-W32,396,2023,34,398,2,seasonal_naive,3591.0,7525.0
Philippines,2023,2023,33,2023-W33,397,2023,35,399,2,seasonal_naive,3356.0,7237.0
Philippines,2023,2023,34,2023-W34,398,2023,36,400,2,seasonal_naive,3393.0,7305.0
Philippines,2023,2023,35,2023-W35,399,2023,37,401,2,seasonal_naive,3179.0,6410.0
Philippines,2023,2023,36,2023-W36,400,2023,38,402,2,seasonal_naive,3142.0,5550.0
Philippines,2023,2023,37,2023-W37,401,2023,39,403,2,seasonal_naive,3318.0,4976.0
Philippines,2023,2023,38,2023-W38,402,2023,40,404,2,seasonal_naive,2578.0,3866.0
Philippines,2023,2023,39,2023-W39,403,2023,41,405,2,seasonal_naive,2720.0,3435.0
Philippines,2023,2023,40,2023-W40,404,2023,42,406,2,seasonal_naive,3430.0,3825.0
Philippines,2023,2023,41,2023-W41,405,2023,43,407,2,seasonal_naive,2672.0,3501.0
Philippines,2023,2023,42,2023-W42,406,2023,44,408,2,seasonal_naive,1939.0,3570.0
Philippines,2023,2023,43,2023-W43,407,2023,45,409,2,seasonal_naive,2607.0,3781.0
Philippines,2023,2022,49,2022-W49,361,2023,1,365,4,moving_average_4,425.0,2301.25
Philippines,2023,2022,50,2022-W50,362,2023,2,366,4,moving_average_4,575.0,1574.75
Philippines,2023,2023,4,2023-W04,368,2023,8,372,4,moving_average_4,791.0,669.75
Philippines,2023,2023,5,2023-W05,369,2023,9,373,4,moving_average_4,771.0,733.75
Philippines,2023,2023,6,2023-W06,370,2023,10,374,4,moving_average_4,575.0,760.75
Philippines,2023,2023,7,2023-W07,371,2023,11,375,4,moving_average_4,275.0,801.75
Philippines,2023,2023,8,2023-W08,372,2023,12,376,4,moving_average_4,141.0,781.75
Philippines,2023,2023,9,2023-W09,373,2023,13,377,4,moving_average_4,1196.0,804.25
Philippines,2023,2023,10,2023-W10,374,2023,14,378,4,moving_average_4,1196.0,777.25
Philippines,2023,2023,11,2023-W11,375,2023,15,379,4,moving_average_4,1197.0,603.0
Philippines,2023,2023,12,2023-W12,376,2023,16,380,4,moving_average_4,1482.0,440.5
Philippines,2023,2023,13,2023-W13,377,2023,17,381,4,moving_average_4,1684.0,546.75
Philippines,2023,2023,14,2023-W14,378,2023,18,382,4,moving_average_4,1746.0,702.0
Philippines,2023,2023,15,2023-W15,379,2023,19,383,4,moving_average_4,1727.0,932.5
Philippines,2023,2023,16,2023-W16,380,2023,20,384,4,moving_average_4,1794.0,1267.75
Philippines,2023,2023,17,2023-W17,381,2023,21,385,4,moving_average_4,2269.0,1389.75
Philippines,2023,2023,18,2023-W18,382,2023,22,386,4,moving_average_4,2552.0,1527.25
Philippines,2023,2023,19,2023-W19,383,2023,23,387,4,moving_average_4,207.0,1659.75
Philippines,2023,2023,20,2023-W20,384,2023,24,388,4,moving_average_4,162.0,1737.75
Philippines,2023,2023,21,2023-W21,385,2023,25,389,4,moving_average_4,132.0,1884.0
Philippines,2023,2023,22,2023-W22,386,2023,26,390,4,moving_average_4,181.0,2085.5
Philippines,2023,2023,23,2023-W23,387,2023,27,391,4,moving_average_4,271.0,1705.5
Philippines,2023,2023,24,2023-W24,388,2023,28,392,4,moving_average_4,147.0,1297.5
Philippines,2023,2023,25,2023-W25,389,2023,29,393,4,moving_average_4,735.0,763.25
Philippines,2023,2023,26,2023-W26,390,2023,30,394,4,moving_average_4,715.0,170.5
Philippines,2023,2023,27,2023-W27,391,2023,31,395,4,moving_average_4,893.0,186.5
Philippines,2023,2023,28,2023-W28,392,2023,32,396,4,moving_average_4,2955.0,182.75
Philippines,2023,2023,29,2023-W29,393,2023,33,397,4,moving_average_4,3355.0,333.5
Philippines,2023,2023,30,2023-W30,394,2023,34,398,4,moving_average_4,3591.0,467.0
Philippines,2023,2023,31,2023-W31,395,2023,35,399,4,moving_average_4,3356.0,622.5
Philippines,2023,2023,32,2023-W32,396,2023,36,400,4,moving_average_4,3393.0,1324.5
Philippines,2023,2023,33,2023-W33,397,2023,37,401,4,moving_average_4,3179.0,1979.5
Philippines,2023,2023,34,2023-W34,398,2023,38,402,4,moving_average_4,3142.0,2698.5
Philippines,2023,2023,35,2023-W35,399,2023,39,403,4,moving_average_4,3318.0,3314.25
Philippines,2023,2023,36,2023-W36,400,2023,40,404,4,moving_average_4,2578.0,3423.75
Philippines,2023,2023,37,2023-W37,401,2023,41,405,4,moving_average_4,2720.0,3379.75
Philippines,2023,2023,38,2023-W38,402,2023,42,406,4,moving_average_4,3430.0,3267.5
Philippines,2023,2023,39,2023-W39,403,2023,43,407,4,moving_average_4,2672.0,3258.0
Philippines,2023,2023,40,2023-W40,404,2023,44,408,4,moving_average_4,1939.0,3054.25
Philippines,2023,2023,41,2023-W41,405,2023,45,409,4,moving_average_4,2607.0,2939.5
Philippines,2023,2022,49,2022-W49,361,2023,1,365,4,persistence,425.0,485.0
Philippines,2023,2022,50,2022-W50,362,2023,2,366,4,persistence,575.0,551.0
Philippines,2023,2023,1,2023-W01,365,2023,5,369,4,persistence,681.0,425.0
Philippines,2023,2023,2,2023-W02,366,2023,6,370,4,persistence,683.0,575.0
Philippines,2023,2023,3,2023-W03,367,2023,7,371,4,persistence,972.0,808.0
Philippines,2023,2023,4,2023-W04,368,2023,8,372,4,persistence,791.0,871.0
Philippines,2023,2023,5,2023-W05,369,2023,9,373,4,persistence,771.0,681.0
Philippines,2023,2023,6,2023-W06,370,2023,10,374,4,persistence,575.0,683.0
Philippines,2023,2023,7,2023-W07,371,2023,11,375,4,persistence,275.0,972.0
Philippines,2023,2023,8,2023-W08,372,2023,12,376,4,persistence,141.0,791.0
Philippines,2023,2023,9,2023-W09,373,2023,13,377,4,persistence,1196.0,771.0
Philippines,2023,2023,10,2023-W10,374,2023,14,378,4,persistence,1196.0,575.0
Philippines,2023,2023,11,2023-W11,375,2023,15,379,4,persistence,1197.0,275.0
Philippines,2023,2023,12,2023-W12,376,2023,16,380,4,persistence,1482.0,141.0
Philippines,2023,2023,13,2023-W13,377,2023,17,381,4,persistence,1684.0,1196.0
Philippines,2023,2023,14,2023-W14,378,2023,18,382,4,persistence,1746.0,1196.0
Philippines,2023,2023,15,2023-W15,379,2023,19,383,4,persistence,1727.0,1197.0
Philippines,2023,2023,16,2023-W16,380,2023,20,384,4,persistence,1794.0,1482.0
Philippines,2023,2023,17,2023-W17,381,2023,21,385,4,persistence,2269.0,1684.0
Philippines,2023,2023,18,2023-W18,382,2023,22,386,4,persistence,2552.0,1746.0
Philippines,2023,2023,19,2023-W19,383,2023,23,387,4,persistence,207.0,1727.0
Philippines,2023,2023,20,2023-W20,384,2023,24,388,4,persistence,162.0,1794.0
Philippines,2023,2023,21,2023-W21,385,2023,25,389,4,persistence,132.0,2269.0
Philippines,2023,2023,22,2023-W22,386,2023,26,390,4,persistence,181.0,2552.0
Philippines,2023,2023,23,2023-W23,387,2023,27,391,4,persistence,271.0,207.0
Philippines,2023,2023,24,2023-W24,388,2023,28,392,4,persistence,147.0,162.0
Philippines,2023,2023,25,2023-W25,389,2023,29,393,4,persistence,735.0,132.0
Philippines,2023,2023,26,2023-W26,390,2023,30,394,4,persistence,715.0,181.0
Philippines,2023,2023,27,2023-W27,391,2023,31,395,4,persistence,893.0,271.0
Philippines,2023,2023,28,2023-W28,392,2023,32,396,4,persistence,2955.0,147.0
Philippines,2023,2023,29,2023-W29,393,2023,33,397,4,persistence,3355.0,735.0
Philippines,2023,2023,30,2023-W30,394,2023,34,398,4,persistence,3591.0,715.0
Philippines,2023,2023,31,2023-W31,395,2023,35,399,4,persistence,3356.0,893.0
Philippines,2023,2023,32,2023-W32,396,2023,36,400,4,persistence,3393.0,2955.0
Philippines,2023,2023,33,2023-W33,397,2023,37,401,4,persistence,3179.0,3355.0
Philippines,2023,2023,34,2023-W34,398,2023,38,402,4,persistence,3142.0,3591.0
Philippines,2023,2023,35,2023-W35,399,2023,39,403,4,persistence,3318.0,3356.0
Philippines,2023,2023,36,2023-W36,400,2023,40,404,4,persistence,2578.0,3393.0
Philippines,2023,2023,37,2023-W37,401,2023,41,405,4,persistence,2720.0,3179.0
Philippines,2023,2023,38,2023-W38,402,2023,42,406,4,persistence,3430.0,3142.0
Philippines,2023,2023,39,2023-W39,403,2023,43,407,4,persistence,2672.0,3318.0
Philippines,2023,2023,40,2023-W40,404,2023,44,408,4,persistence,1939.0,2578.0
Philippines,2023,2023,41,2023-W41,405,2023,45,409,4,persistence,2607.0,2720.0
Philippines,2023,2022,49,2022-W49,361,2023,1,365,4,seasonal_naive,425.0,1685.0
Philippines,2023,2022,50,2022-W50,362,2023,2,366,4,seasonal_naive,575.0,1146.0
Philippines,2023,2022,51,2022-W51,363,2023,3,367,4,seasonal_naive,808.0,1143.0
Philippines,2023,2022,52,2022-W52,364,2023,4,368,4,seasonal_naive,871.0,1034.0
Philippines,2023,2023,1,2023-W01,365,2023,5,369,4,seasonal_naive,681.0,1459.0
Philippines,2023,2023,2,2023-W02,366,2023,6,370,4,seasonal_naive,683.0,1243.0
Philippines,2023,2023,3,2023-W03,367,2023,7,371,4,seasonal_naive,972.0,1418.0
Philippines,2023,2023,4,2023-W04,368,2023,8,372,4,seasonal_naive,791.0,1344.0
Philippines,2023,2023,5,2023-W05,369,2023,9,373,4,seasonal_naive,771.0,1484.0
Philippines,2023,2023,6,2023-W06,370,2023,10,374,4,seasonal_naive,575.0,1553.0
Philippines,2023,2023,7,2023-W07,371,2023,11,375,4,seasonal_naive,275.0,1622.0
Philippines,2023,2023,8,2023-W08,372,2023,12,376,4,seasonal_naive,141.0,1905.0
Philippines,2023,2023,9,2023-W09,373,2023,13,377,4,seasonal_naive,1196.0,2152.0
Philippines,2023,2023,10,2023-W10,374,2023,14,378,4,seasonal_naive,1196.0,2293.0
Philippines,2023,2023,11,2023-W11,375,2023,15,379,4,seasonal_naive,1197.0,2326.0
Philippines,2023,2023,12,2023-W12,376,2023,16,380,4,seasonal_naive,1482.0,2716.0
Philippines,2023,2023,13,2023-W13,377,2023,17,381,4,seasonal_naive,1684.0,2677.0
Philippines,2023,2023,14,2023-W14,378,2023,18,382,4,seasonal_naive,1746.0,3389.0
Philippines,2023,2023,15,2023-W15,379,2023,19,383,4,seasonal_naive,1727.0,3958.0
Philippines,2023,2023,16,2023-W16,380,2023,20,384,4,seasonal_naive,1794.0,4812.0
Philippines,2023,2023,17,2023-W17,381,2023,21,385,4,seasonal_naive,2269.0,5167.0
Philippines,2023,2023,18,2023-W18,382,2023,22,386,4,seasonal_naive,2552.0,5557.0
Philippines,2023,2023,19,2023-W19,383,2023,23,387,4,seasonal_naive,207.0,6626.0
Philippines,2023,2023,20,2023-W20,384,2023,24,388,4,seasonal_naive,162.0,7409.0
Philippines,2023,2023,21,2023-W21,385,2023,25,389,4,seasonal_naive,132.0,8692.0
Philippines,2023,2023,22,2023-W22,386,2023,26,390,4,seasonal_naive,181.0,8546.0
Philippines,2023,2023,23,2023-W23,387,2023,27,391,4,seasonal_naive,271.0,9579.0
Philippines,2023,2023,24,2023-W24,388,2023,28,392,4,seasonal_naive,147.0,10541.0
Philippines,2023,2023,25,2023-W25,389,2023,29,393,4,seasonal_naive,735.0,9931.0
Philippines,2023,2023,26,2023-W26,390,2023,30,394,4,seasonal_naive,715.0,9107.0
Philippines,2023,2023,27,2023-W27,391,2023,31,395,4,seasonal_naive,893.0,9104.0
Philippines,2023,2023,28,2023-W28,392,2023,32,396,4,seasonal_naive,2955.0,9245.0
Philippines,2023,2023,29,2023-W29,393,2023,33,397,4,seasonal_naive,3355.0,8420.0
Philippines,2023,2023,30,2023-W30,394,2023,34,398,4,seasonal_naive,3591.0,7525.0
Philippines,2023,2023,31,2023-W31,395,2023,35,399,4,seasonal_naive,3356.0,7237.0
Philippines,2023,2023,32,2023-W32,396,2023,36,400,4,seasonal_naive,3393.0,7305.0
Philippines,2023,2023,33,2023-W33,397,2023,37,401,4,seasonal_naive,3179.0,6410.0
Philippines,2023,2023,34,2023-W34,398,2023,38,402,4,seasonal_naive,3142.0,5550.0
Philippines,2023,2023,35,2023-W35,399,2023,39,403,4,seasonal_naive,3318.0,4976.0
Philippines,2023,2023,36,2023-W36,400,2023,40,404,4,seasonal_naive,2578.0,3866.0
Philippines,2023,2023,37,2023-W37,401,2023,41,405,4,seasonal_naive,2720.0,3435.0
Philippines,2023,2023,38,2023-W38,402,2023,42,406,4,seasonal_naive,3430.0,3825.0
Philippines,2023,2023,39,2023-W39,403,2023,43,407,4,seasonal_naive,2672.0,3501.0
Philippines,2023,2023,40,2023-W40,404,2023,44,408,4,seasonal_naive,1939.0,3570.0
Philippines,2023,2023,41,2023-W41,405,2023,45,409,4,seasonal_naive,2607.0,3781.0
Singapore,2025,2024,52,2024-W52,468,2025,1,469,1,moving_average_4,97.0,97.75
Singapore,2025,2025,1,2025-W01,469,2025,2,470,1,moving_average_4,118.0,93.25
Singapore,2025,2025,2,2025-W02,470,2025,3,471,1,moving_average_4,99.0,97.25
Singapore,2025,2025,3,2025-W03,471,2025,4,472,1,moving_average_4,118.0,96.25
Singapore,2025,2025,4,2025-W04,472,2025,5,473,1,moving_average_4,54.0,108.0
Singapore,2025,2025,5,2025-W05,473,2025,6,474,1,moving_average_4,113.0,97.25
Singapore,2025,2025,6,2025-W06,474,2025,7,475,1,moving_average_4,114.0,96.0
Singapore,2025,2025,7,2025-W07,475,2025,8,476,1,moving_average_4,71.0,99.75
Singapore,2025,2025,8,2025-W08,476,2025,9,477,1,moving_average_4,82.0,88.0
Singapore,2025,2025,9,2025-W09,477,2025,10,478,1,moving_average_4,86.0,95.0
Singapore,2025,2025,10,2025-W10,478,2025,11,479,1,moving_average_4,72.0,88.25
Singapore,2025,2025,11,2025-W11,479,2025,12,480,1,moving_average_4,100.0,77.75
Singapore,2025,2025,12,2025-W12,480,2025,13,481,1,moving_average_4,98.0,85.0
Singapore,2025,2025,13,2025-W13,481,2025,14,482,1,moving_average_4,87.0,89.0
Singapore,2025,2025,14,2025-W14,482,2025,15,483,1,moving_average_4,92.0,89.25
Singapore,2025,2025,15,2025-W15,483,2025,16,484,1,moving_average_4,94.0,94.25
Singapore,2025,2025,16,2025-W16,484,2025,17,485,1,moving_average_4,107.0,92.75
Singapore,2025,2025,17,2025-W17,485,2025,18,486,1,moving_average_4,89.0,95.0
Singapore,2025,2025,18,2025-W18,486,2025,19,487,1,moving_average_4,105.0,95.5
Singapore,2025,2025,19,2025-W19,487,2025,20,488,1,moving_average_4,103.0,98.75
Singapore,2025,2025,20,2025-W20,488,2025,21,489,1,moving_average_4,118.0,101.0
Singapore,2025,2025,21,2025-W21,489,2025,22,490,1,moving_average_4,117.0,103.75
Singapore,2025,2025,22,2025-W22,490,2025,23,491,1,moving_average_4,118.0,110.75
Singapore,2025,2025,23,2025-W23,491,2025,24,492,1,moving_average_4,125.0,114.0
Singapore,2025,2025,24,2025-W24,492,2025,25,493,1,moving_average_4,106.0,119.5
Singapore,2025,2025,25,2025-W25,493,2025,26,494,1,moving_average_4,100.0,116.5
Singapore,2025,2025,26,2025-W26,494,2025,27,495,1,moving_average_4,119.0,112.25
Singapore,2025,2025,27,2025-W27,495,2025,28,496,1,moving_average_4,112.0,112.5
Singapore,2025,2025,28,2025-W28,496,2025,29,497,1,moving_average_4,86.0,109.25
Singapore,2025,2025,29,2025-W29,497,2025,30,498,1,moving_average_4,77.0,104.25
Singapore,2025,2025,30,2025-W30,498,2025,31,499,1,moving_average_4,71.0,98.5
Singapore,2025,2025,31,2025-W31,499,2025,32,500,1,moving_average_4,73.0,86.5
Singapore,2025,2025,32,2025-W32,500,2025,33,501,1,moving_average_4,62.0,76.75
Singapore,2025,2025,33,2025-W33,501,2025,34,502,1,moving_average_4,47.0,70.75
Singapore,2025,2025,34,2025-W34,502,2025,35,503,1,moving_average_4,51.0,63.25
Singapore,2025,2025,35,2025-W35,503,2025,36,504,1,moving_average_4,42.0,58.25
Singapore,2025,2025,36,2025-W36,504,2025,37,505,1,moving_average_4,49.0,50.5
Singapore,2025,2025,37,2025-W37,505,2025,38,506,1,moving_average_4,45.0,47.25
Singapore,2025,2025,38,2025-W38,506,2025,39,507,1,moving_average_4,40.0,46.75
Singapore,2025,2025,39,2025-W39,507,2025,40,508,1,moving_average_4,55.0,44.0
Singapore,2025,2025,40,2025-W40,508,2025,41,509,1,moving_average_4,33.0,47.25
Singapore,2025,2025,41,2025-W41,509,2025,42,510,1,moving_average_4,47.0,43.25
Singapore,2025,2025,42,2025-W42,510,2025,43,511,1,moving_average_4,36.0,43.75
Singapore,2025,2025,43,2025-W43,511,2025,44,512,1,moving_average_4,53.0,42.75
Singapore,2025,2025,44,2025-W44,512,2025,45,513,1,moving_average_4,55.0,42.25
Singapore,2025,2025,45,2025-W45,513,2025,46,514,1,moving_average_4,39.0,47.75
Singapore,2025,2025,46,2025-W46,514,2025,47,515,1,moving_average_4,39.0,45.75
Singapore,2025,2025,47,2025-W47,515,2025,48,516,1,moving_average_4,27.0,46.5
Singapore,2025,2025,48,2025-W48,516,2025,49,517,1,moving_average_4,38.0,40.0
Singapore,2025,2025,49,2025-W49,517,2025,50,518,1,moving_average_4,46.0,35.75
Singapore,2025,2025,50,2025-W50,518,2025,51,519,1,moving_average_4,41.0,37.5
Singapore,2025,2025,51,2025-W51,519,2025,52,520,1,moving_average_4,32.0,38.0
Singapore,2025,2024,52,2024-W52,468,2025,1,469,1,persistence,97.0,71.0
Singapore,2025,2025,1,2025-W01,469,2025,2,470,1,persistence,118.0,97.0
Singapore,2025,2025,2,2025-W02,470,2025,3,471,1,persistence,99.0,118.0
Singapore,2025,2025,3,2025-W03,471,2025,4,472,1,persistence,118.0,99.0
Singapore,2025,2025,4,2025-W04,472,2025,5,473,1,persistence,54.0,118.0
Singapore,2025,2025,5,2025-W05,473,2025,6,474,1,persistence,113.0,54.0
Singapore,2025,2025,6,2025-W06,474,2025,7,475,1,persistence,114.0,113.0
Singapore,2025,2025,7,2025-W07,475,2025,8,476,1,persistence,71.0,114.0
Singapore,2025,2025,8,2025-W08,476,2025,9,477,1,persistence,82.0,71.0
Singapore,2025,2025,9,2025-W09,477,2025,10,478,1,persistence,86.0,82.0
Singapore,2025,2025,10,2025-W10,478,2025,11,479,1,persistence,72.0,86.0
Singapore,2025,2025,11,2025-W11,479,2025,12,480,1,persistence,100.0,72.0
Singapore,2025,2025,12,2025-W12,480,2025,13,481,1,persistence,98.0,100.0
Singapore,2025,2025,13,2025-W13,481,2025,14,482,1,persistence,87.0,98.0
Singapore,2025,2025,14,2025-W14,482,2025,15,483,1,persistence,92.0,87.0
Singapore,2025,2025,15,2025-W15,483,2025,16,484,1,persistence,94.0,92.0
Singapore,2025,2025,16,2025-W16,484,2025,17,485,1,persistence,107.0,94.0
Singapore,2025,2025,17,2025-W17,485,2025,18,486,1,persistence,89.0,107.0
Singapore,2025,2025,18,2025-W18,486,2025,19,487,1,persistence,105.0,89.0
Singapore,2025,2025,19,2025-W19,487,2025,20,488,1,persistence,103.0,105.0
Singapore,2025,2025,20,2025-W20,488,2025,21,489,1,persistence,118.0,103.0
Singapore,2025,2025,21,2025-W21,489,2025,22,490,1,persistence,117.0,118.0
Singapore,2025,2025,22,2025-W22,490,2025,23,491,1,persistence,118.0,117.0
Singapore,2025,2025,23,2025-W23,491,2025,24,492,1,persistence,125.0,118.0
Singapore,2025,2025,24,2025-W24,492,2025,25,493,1,persistence,106.0,125.0
Singapore,2025,2025,25,2025-W25,493,2025,26,494,1,persistence,100.0,106.0
Singapore,2025,2025,26,2025-W26,494,2025,27,495,1,persistence,119.0,100.0
Singapore,2025,2025,27,2025-W27,495,2025,28,496,1,persistence,112.0,119.0
Singapore,2025,2025,28,2025-W28,496,2025,29,497,1,persistence,86.0,112.0
Singapore,2025,2025,29,2025-W29,497,2025,30,498,1,persistence,77.0,86.0
Singapore,2025,2025,30,2025-W30,498,2025,31,499,1,persistence,71.0,77.0
Singapore,2025,2025,31,2025-W31,499,2025,32,500,1,persistence,73.0,71.0
Singapore,2025,2025,32,2025-W32,500,2025,33,501,1,persistence,62.0,73.0
Singapore,2025,2025,33,2025-W33,501,2025,34,502,1,persistence,47.0,62.0
Singapore,2025,2025,34,2025-W34,502,2025,35,503,1,persistence,51.0,47.0
Singapore,2025,2025,35,2025-W35,503,2025,36,504,1,persistence,42.0,51.0
Singapore,2025,2025,36,2025-W36,504,2025,37,505,1,persistence,49.0,42.0
Singapore,2025,2025,37,2025-W37,505,2025,38,506,1,persistence,45.0,49.0
Singapore,2025,2025,38,2025-W38,506,2025,39,507,1,persistence,40.0,45.0
Singapore,2025,2025,39,2025-W39,507,2025,40,508,1,persistence,55.0,40.0
Singapore,2025,2025,40,2025-W40,508,2025,41,509,1,persistence,33.0,55.0
Singapore,2025,2025,41,2025-W41,509,2025,42,510,1,persistence,47.0,33.0
Singapore,2025,2025,42,2025-W42,510,2025,43,511,1,persistence,36.0,47.0
Singapore,2025,2025,43,2025-W43,511,2025,44,512,1,persistence,53.0,36.0
Singapore,2025,2025,44,2025-W44,512,2025,45,513,1,persistence,55.0,53.0
Singapore,2025,2025,45,2025-W45,513,2025,46,514,1,persistence,39.0,55.0
Singapore,2025,2025,46,2025-W46,514,2025,47,515,1,persistence,39.0,39.0
Singapore,2025,2025,47,2025-W47,515,2025,48,516,1,persistence,27.0,39.0
Singapore,2025,2025,48,2025-W48,516,2025,49,517,1,persistence,38.0,27.0
Singapore,2025,2025,49,2025-W49,517,2025,50,518,1,persistence,46.0,38.0
Singapore,2025,2025,50,2025-W50,518,2025,51,519,1,persistence,41.0,46.0
Singapore,2025,2025,51,2025-W51,519,2025,52,520,1,persistence,32.0,41.0
Singapore,2025,2024,52,2024-W52,468,2025,1,469,1,seasonal_naive,97.0,305.0
Singapore,2025,2025,1,2025-W01,469,2025,2,470,1,seasonal_naive,118.0,394.0
Singapore,2025,2025,2,2025-W02,470,2025,3,471,1,seasonal_naive,99.0,409.0
Singapore,2025,2025,3,2025-W03,471,2025,4,472,1,seasonal_naive,118.0,430.0
Singapore,2025,2025,4,2025-W04,472,2025,5,473,1,seasonal_naive,54.0,486.0
Singapore,2025,2025,5,2025-W05,473,2025,6,474,1,seasonal_naive,113.0,515.0
Singapore,2025,2025,6,2025-W06,474,2025,7,475,1,seasonal_naive,114.0,430.0
Singapore,2025,2025,7,2025-W07,475,2025,8,476,1,seasonal_naive,71.0,460.0
Singapore,2025,2025,8,2025-W08,476,2025,9,477,1,seasonal_naive,82.0,370.0
Singapore,2025,2025,9,2025-W09,477,2025,10,478,1,seasonal_naive,86.0,367.0
Singapore,2025,2025,10,2025-W10,478,2025,11,479,1,seasonal_naive,72.0,331.0
Singapore,2025,2025,11,2025-W11,479,2025,12,480,1,seasonal_naive,100.0,320.0
Singapore,2025,2025,12,2025-W12,480,2025,13,481,1,seasonal_naive,98.0,349.0
Singapore,2025,2025,13,2025-W13,481,2025,14,482,1,seasonal_naive,87.0,415.0
Singapore,2025,2025,14,2025-W14,482,2025,15,483,1,seasonal_naive,92.0,307.0
Singapore,2025,2025,15,2025-W15,483,2025,16,484,1,seasonal_naive,94.0,341.0
Singapore,2025,2025,16,2025-W16,484,2025,17,485,1,seasonal_naive,107.0,337.0
Singapore,2025,2025,17,2025-W17,485,2025,18,486,1,seasonal_naive,89.0,248.0
Singapore,2025,2025,18,2025-W18,486,2025,19,487,1,seasonal_naive,105.0,326.0
Singapore,2025,2025,19,2025-W19,487,2025,20,488,1,seasonal_naive,103.0,291.0
Singapore,2025,2025,20,2025-W20,488,2025,21,489,1,seasonal_naive,118.0,288.0
Singapore,2025,2025,21,2025-W21,489,2025,22,490,1,seasonal_naive,117.0,313.0
Singapore,2025,2025,22,2025-W22,490,2025,23,491,1,seasonal_naive,118.0,333.0
Singapore,2025,2025,23,2025-W23,491,2025,24,492,1,seasonal_naive,125.0,303.0
Singapore,2025,2025,24,2025-W24,492,2025,25,493,1,seasonal_naive,106.0,297.0
Singapore,2025,2025,25,2025-W25,493,2025,26,494,1,seasonal_naive,100.0,291.0
Singapore,2025,2025,26,2025-W26,494,2025,27,495,1,seasonal_naive,119.0,327.0
Singapore,2025,2025,27,2025-W27,495,2025,28,496,1,seasonal_naive,112.0,291.0
Singapore,2025,2025,28,2025-W28,496,2025,29,497,1,seasonal_naive,86.0,236.0
Singapore,2025,2025,29,2025-W29,497,2025,30,498,1,seasonal_naive,77.0,311.0
Singapore,2025,2025,30,2025-W30,498,2025,31,499,1,seasonal_naive,71.0,274.0
Singapore,2025,2025,31,2025-W31,499,2025,32,500,1,seasonal_naive,73.0,218.0
Singapore,2025,2025,32,2025-W32,500,2025,33,501,1,seasonal_naive,62.0,216.0
Singapore,2025,2025,33,2025-W33,501,2025,34,502,1,seasonal_naive,47.0,185.0
Singapore,2025,2025,34,2025-W34,502,2025,35,503,1,seasonal_naive,51.0,179.0
Singapore,2025,2025,35,2025-W35,503,2025,36,504,1,seasonal_naive,42.0,190.0
Singapore,2025,2025,36,2025-W36,504,2025,37,505,1,seasonal_naive,49.0,202.0
Singapore,2025,2025,37,2025-W37,505,2025,38,506,1,seasonal_naive,45.0,182.0
Singapore,2025,2025,38,2025-W38,506,2025,39,507,1,seasonal_naive,40.0,152.0
Singapore,2025,2025,39,2025-W39,507,2025,40,508,1,seasonal_naive,55.0,155.0
Singapore,2025,2025,40,2025-W40,508,2025,41,509,1,seasonal_naive,33.0,143.0
Singapore,2025,2025,41,2025-W41,509,2025,42,510,1,seasonal_naive,47.0,101.0
Singapore,2025,2025,42,2025-W42,510,2025,43,511,1,seasonal_naive,36.0,118.0
Singapore,2025,2025,43,2025-W43,511,2025,44,512,1,seasonal_naive,53.0,98.0
Singapore,2025,2025,44,2025-W44,512,2025,45,513,1,seasonal_naive,55.0,113.0
Singapore,2025,2025,45,2025-W45,513,2025,46,514,1,seasonal_naive,39.0,110.0
Singapore,2025,2025,46,2025-W46,514,2025,47,515,1,seasonal_naive,39.0,111.0
Singapore,2025,2025,47,2025-W47,515,2025,48,516,1,seasonal_naive,27.0,92.0
Singapore,2025,2025,48,2025-W48,516,2025,49,517,1,seasonal_naive,38.0,115.0
Singapore,2025,2025,49,2025-W49,517,2025,50,518,1,seasonal_naive,46.0,102.0
Singapore,2025,2025,50,2025-W50,518,2025,51,519,1,seasonal_naive,41.0,103.0
Singapore,2025,2025,51,2025-W51,519,2025,52,520,1,seasonal_naive,32.0,71.0
Singapore,2025,2024,51,2024-W51,467,2025,1,469,2,moving_average_4,97.0,103.0
Singapore,2025,2024,52,2024-W52,468,2025,2,470,2,moving_average_4,118.0,97.75
Singapore,2025,2025,1,2025-W01,469,2025,3,471,2,moving_average_4,99.0,93.25
Singapore,2025,2025,2,2025-W02,470,2025,4,472,2,moving_average_4,118.0,97.25
Singapore,2025,2025,3,2025-W03,471,2025,5,473,2,moving_average_4,54.0,96.25
Singapore,2025,2025,4,2025-W04,472,2025,6,474,2,moving_average_4,113.0,108.0
Singapore,2025,2025,5,2025-W05,473,2025,7,475,2,moving_average_4,114.0,97.25
Singapore,2025,2025,6,2025-W06,474,2025,8,476,2,moving_average_4,71.0,96.0
Singapore,2025,2025,7,2025-W07,475,2025,9,477,2,moving_average_4,82.0,99.75
Singapore,2025,2025,8,2025-W08,476,2025,10,478,2,moving_average_4,86.0,88.0
Singapore,2025,2025,9,2025-W09,477,2025,11,479,2,moving_average_4,72.0,95.0
Singapore,2025,2025,10,2025-W10,478,2025,12,480,2,moving_average_4,100.0,88.25
Singapore,2025,2025,11,2025-W11,479,2025,13,481,2,moving_average_4,98.0,77.75
Singapore,2025,2025,12,2025-W12,480,2025,14,482,2,moving_average_4,87.0,85.0
Singapore,2025,2025,13,2025-W13,481,2025,15,483,2,moving_average_4,92.0,89.0
Singapore,2025,2025,14,2025-W14,482,2025,16,484,2,moving_average_4,94.0,89.25
Singapore,2025,2025,15,2025-W15,483,2025,17,485,2,moving_average_4,107.0,94.25
Singapore,2025,2025,16,2025-W16,484,2025,18,486,2,moving_average_4,89.0,92.75
Singapore,2025,2025,17,2025-W17,485,2025,19,487,2,moving_average_4,105.0,95.0
Singapore,2025,2025,18,2025-W18,486,2025,20,488,2,moving_average_4,103.0,95.5
Singapore,2025,2025,19,2025-W19,487,2025,21,489,2,moving_average_4,118.0,98.75
Singapore,2025,2025,20,2025-W20,488,2025,22,490,2,moving_average_4,117.0,101.0
Singapore,2025,2025,21,2025-W21,489,2025,23,491,2,moving_average_4,118.0,103.75
Singapore,2025,2025,22,2025-W22,490,2025,24,492,2,moving_average_4,125.0,110.75
Singapore,2025,2025,23,2025-W23,491,2025,25,493,2,moving_average_4,106.0,114.0
Singapore,2025,2025,24,2025-W24,492,2025,26,494,2,moving_average_4,100.0,119.5
Singapore,2025,2025,25,2025-W25,493,2025,27,495,2,moving_average_4,119.0,116.5
Singapore,2025,2025,26,2025-W26,494,2025,28,496,2,moving_average_4,112.0,112.25
Singapore,2025,2025,27,2025-W27,495,2025,29,497,2,moving_average_4,86.0,112.5
Singapore,2025,2025,28,2025-W28,496,2025,30,498,2,moving_average_4,77.0,109.25
Singapore,2025,2025,29,2025-W29,497,2025,31,499,2,moving_average_4,71.0,104.25
Singapore,2025,2025,30,2025-W30,498,2025,32,500,2,moving_average_4,73.0,98.5
Singapore,2025,2025,31,2025-W31,499,2025,33,501,2,moving_average_4,62.0,86.5
Singapore,2025,2025,32,2025-W32,500,2025,34,502,2,moving_average_4,47.0,76.75
Singapore,2025,2025,33,2025-W33,501,2025,35,503,2,moving_average_4,51.0,70.75
Singapore,2025,2025,34,2025-W34,502,2025,36,504,2,moving_average_4,42.0,63.25
Singapore,2025,2025,35,2025-W35,503,2025,37,505,2,moving_average_4,49.0,58.25
Singapore,2025,2025,36,2025-W36,504,2025,38,506,2,moving_average_4,45.0,50.5
Singapore,2025,2025,37,2025-W37,505,2025,39,507,2,moving_average_4,40.0,47.25
Singapore,2025,2025,38,2025-W38,506,2025,40,508,2,moving_average_4,55.0,46.75
Singapore,2025,2025,39,2025-W39,507,2025,41,509,2,moving_average_4,33.0,44.0
Singapore,2025,2025,40,2025-W40,508,2025,42,510,2,moving_average_4,47.0,47.25
Singapore,2025,2025,41,2025-W41,509,2025,43,511,2,moving_average_4,36.0,43.25
Singapore,2025,2025,42,2025-W42,510,2025,44,512,2,moving_average_4,53.0,43.75
Singapore,2025,2025,43,2025-W43,511,2025,45,513,2,moving_average_4,55.0,42.75
Singapore,2025,2025,44,2025-W44,512,2025,46,514,2,moving_average_4,39.0,42.25
Singapore,2025,2025,45,2025-W45,513,2025,47,515,2,moving_average_4,39.0,47.75
Singapore,2025,2025,46,2025-W46,514,2025,48,516,2,moving_average_4,27.0,45.75
Singapore,2025,2025,47,2025-W47,515,2025,49,517,2,moving_average_4,38.0,46.5
Singapore,2025,2025,48,2025-W48,516,2025,50,518,2,moving_average_4,46.0,40.0
Singapore,2025,2025,49,2025-W49,517,2025,51,519,2,moving_average_4,41.0,35.75
Singapore,2025,2025,50,2025-W50,518,2025,52,520,2,moving_average_4,32.0,37.5
Singapore,2025,2024,51,2024-W51,467,2025,1,469,2,persistence,97.0,103.0
Singapore,2025,2024,52,2024-W52,468,2025,2,470,2,persistence,118.0,71.0
Singapore,2025,2025,1,2025-W01,469,2025,3,471,2,persistence,99.0,97.0
Singapore,2025,2025,2,2025-W02,470,2025,4,472,2,persistence,118.0,118.0
Singapore,2025,2025,3,2025-W03,471,2025,5,473,2,persistence,54.0,99.0
Singapore,2025,2025,4,2025-W04,472,2025,6,474,2,persistence,113.0,118.0
Singapore,2025,2025,5,2025-W05,473,2025,7,475,2,persistence,114.0,54.0
Singapore,2025,2025,6,2025-W06,474,2025,8,476,2,persistence,71.0,113.0
Singapore,2025,2025,7,2025-W07,475,2025,9,477,2,persistence,82.0,114.0
Singapore,2025,2025,8,2025-W08,476,2025,10,478,2,persistence,86.0,71.0
Singapore,2025,2025,9,2025-W09,477,2025,11,479,2,persistence,72.0,82.0
Singapore,2025,2025,10,2025-W10,478,2025,12,480,2,persistence,100.0,86.0
Singapore,2025,2025,11,2025-W11,479,2025,13,481,2,persistence,98.0,72.0
Singapore,2025,2025,12,2025-W12,480,2025,14,482,2,persistence,87.0,100.0
Singapore,2025,2025,13,2025-W13,481,2025,15,483,2,persistence,92.0,98.0
Singapore,2025,2025,14,2025-W14,482,2025,16,484,2,persistence,94.0,87.0
Singapore,2025,2025,15,2025-W15,483,2025,17,485,2,persistence,107.0,92.0
Singapore,2025,2025,16,2025-W16,484,2025,18,486,2,persistence,89.0,94.0
Singapore,2025,2025,17,2025-W17,485,2025,19,487,2,persistence,105.0,107.0
Singapore,2025,2025,18,2025-W18,486,2025,20,488,2,persistence,103.0,89.0
Singapore,2025,2025,19,2025-W19,487,2025,21,489,2,persistence,118.0,105.0
Singapore,2025,2025,20,2025-W20,488,2025,22,490,2,persistence,117.0,103.0
Singapore,2025,2025,21,2025-W21,489,2025,23,491,2,persistence,118.0,118.0
Singapore,2025,2025,22,2025-W22,490,2025,24,492,2,persistence,125.0,117.0
Singapore,2025,2025,23,2025-W23,491,2025,25,493,2,persistence,106.0,118.0
Singapore,2025,2025,24,2025-W24,492,2025,26,494,2,persistence,100.0,125.0
Singapore,2025,2025,25,2025-W25,493,2025,27,495,2,persistence,119.0,106.0
Singapore,2025,2025,26,2025-W26,494,2025,28,496,2,persistence,112.0,100.0
Singapore,2025,2025,27,2025-W27,495,2025,29,497,2,persistence,86.0,119.0
Singapore,2025,2025,28,2025-W28,496,2025,30,498,2,persistence,77.0,112.0
Singapore,2025,2025,29,2025-W29,497,2025,31,499,2,persistence,71.0,86.0
Singapore,2025,2025,30,2025-W30,498,2025,32,500,2,persistence,73.0,77.0
Singapore,2025,2025,31,2025-W31,499,2025,33,501,2,persistence,62.0,71.0
Singapore,2025,2025,32,2025-W32,500,2025,34,502,2,persistence,47.0,73.0
Singapore,2025,2025,33,2025-W33,501,2025,35,503,2,persistence,51.0,62.0
Singapore,2025,2025,34,2025-W34,502,2025,36,504,2,persistence,42.0,47.0
Singapore,2025,2025,35,2025-W35,503,2025,37,505,2,persistence,49.0,51.0
Singapore,2025,2025,36,2025-W36,504,2025,38,506,2,persistence,45.0,42.0
Singapore,2025,2025,37,2025-W37,505,2025,39,507,2,persistence,40.0,49.0
Singapore,2025,2025,38,2025-W38,506,2025,40,508,2,persistence,55.0,45.0
Singapore,2025,2025,39,2025-W39,507,2025,41,509,2,persistence,33.0,40.0
Singapore,2025,2025,40,2025-W40,508,2025,42,510,2,persistence,47.0,55.0
Singapore,2025,2025,41,2025-W41,509,2025,43,511,2,persistence,36.0,33.0
Singapore,2025,2025,42,2025-W42,510,2025,44,512,2,persistence,53.0,47.0
Singapore,2025,2025,43,2025-W43,511,2025,45,513,2,persistence,55.0,36.0
Singapore,2025,2025,44,2025-W44,512,2025,46,514,2,persistence,39.0,53.0
Singapore,2025,2025,45,2025-W45,513,2025,47,515,2,persistence,39.0,55.0
Singapore,2025,2025,46,2025-W46,514,2025,48,516,2,persistence,27.0,39.0
Singapore,2025,2025,47,2025-W47,515,2025,49,517,2,persistence,38.0,39.0
Singapore,2025,2025,48,2025-W48,516,2025,50,518,2,persistence,46.0,27.0
Singapore,2025,2025,49,2025-W49,517,2025,51,519,2,persistence,41.0,38.0
Singapore,2025,2025,50,2025-W50,518,2025,52,520,2,persistence,32.0,46.0
Singapore,2025,2024,51,2024-W51,467,2025,1,469,2,seasonal_naive,97.0,305.0
Singapore,2025,2024,52,2024-W52,468,2025,2,470,2,seasonal_naive,118.0,394.0
Singapore,2025,2025,1,2025-W01,469,2025,3,471,2,seasonal_naive,99.0,409.0
Singapore,2025,2025,2,2025-W02,470,2025,4,472,2,seasonal_naive,118.0,430.0
Singapore,2025,2025,3,2025-W03,471,2025,5,473,2,seasonal_naive,54.0,486.0
Singapore,2025,2025,4,2025-W04,472,2025,6,474,2,seasonal_naive,113.0,515.0
Singapore,2025,2025,5,2025-W05,473,2025,7,475,2,seasonal_naive,114.0,430.0
Singapore,2025,2025,6,2025-W06,474,2025,8,476,2,seasonal_naive,71.0,460.0
Singapore,2025,2025,7,2025-W07,475,2025,9,477,2,seasonal_naive,82.0,370.0
Singapore,2025,2025,8,2025-W08,476,2025,10,478,2,seasonal_naive,86.0,367.0
Singapore,2025,2025,9,2025-W09,477,2025,11,479,2,seasonal_naive,72.0,331.0
Singapore,2025,2025,10,2025-W10,478,2025,12,480,2,seasonal_naive,100.0,320.0
Singapore,2025,2025,11,2025-W11,479,2025,13,481,2,seasonal_naive,98.0,349.0
Singapore,2025,2025,12,2025-W12,480,2025,14,482,2,seasonal_naive,87.0,415.0
Singapore,2025,2025,13,2025-W13,481,2025,15,483,2,seasonal_naive,92.0,307.0
Singapore,2025,2025,14,2025-W14,482,2025,16,484,2,seasonal_naive,94.0,341.0
Singapore,2025,2025,15,2025-W15,483,2025,17,485,2,seasonal_naive,107.0,337.0
Singapore,2025,2025,16,2025-W16,484,2025,18,486,2,seasonal_naive,89.0,248.0
Singapore,2025,2025,17,2025-W17,485,2025,19,487,2,seasonal_naive,105.0,326.0
Singapore,2025,2025,18,2025-W18,486,2025,20,488,2,seasonal_naive,103.0,291.0
Singapore,2025,2025,19,2025-W19,487,2025,21,489,2,seasonal_naive,118.0,288.0
Singapore,2025,2025,20,2025-W20,488,2025,22,490,2,seasonal_naive,117.0,313.0
Singapore,2025,2025,21,2025-W21,489,2025,23,491,2,seasonal_naive,118.0,333.0
Singapore,2025,2025,22,2025-W22,490,2025,24,492,2,seasonal_naive,125.0,303.0
Singapore,2025,2025,23,2025-W23,491,2025,25,493,2,seasonal_naive,106.0,297.0
Singapore,2025,2025,24,2025-W24,492,2025,26,494,2,seasonal_naive,100.0,291.0
Singapore,2025,2025,25,2025-W25,493,2025,27,495,2,seasonal_naive,119.0,327.0
Singapore,2025,2025,26,2025-W26,494,2025,28,496,2,seasonal_naive,112.0,291.0
Singapore,2025,2025,27,2025-W27,495,2025,29,497,2,seasonal_naive,86.0,236.0
Singapore,2025,2025,28,2025-W28,496,2025,30,498,2,seasonal_naive,77.0,311.0
Singapore,2025,2025,29,2025-W29,497,2025,31,499,2,seasonal_naive,71.0,274.0
Singapore,2025,2025,30,2025-W30,498,2025,32,500,2,seasonal_naive,73.0,218.0
Singapore,2025,2025,31,2025-W31,499,2025,33,501,2,seasonal_naive,62.0,216.0
Singapore,2025,2025,32,2025-W32,500,2025,34,502,2,seasonal_naive,47.0,185.0
Singapore,2025,2025,33,2025-W33,501,2025,35,503,2,seasonal_naive,51.0,179.0
Singapore,2025,2025,34,2025-W34,502,2025,36,504,2,seasonal_naive,42.0,190.0
Singapore,2025,2025,35,2025-W35,503,2025,37,505,2,seasonal_naive,49.0,202.0
Singapore,2025,2025,36,2025-W36,504,2025,38,506,2,seasonal_naive,45.0,182.0
Singapore,2025,2025,37,2025-W37,505,2025,39,507,2,seasonal_naive,40.0,152.0
Singapore,2025,2025,38,2025-W38,506,2025,40,508,2,seasonal_naive,55.0,155.0
Singapore,2025,2025,39,2025-W39,507,2025,41,509,2,seasonal_naive,33.0,143.0
Singapore,2025,2025,40,2025-W40,508,2025,42,510,2,seasonal_naive,47.0,101.0
Singapore,2025,2025,41,2025-W41,509,2025,43,511,2,seasonal_naive,36.0,118.0
Singapore,2025,2025,42,2025-W42,510,2025,44,512,2,seasonal_naive,53.0,98.0
Singapore,2025,2025,43,2025-W43,511,2025,45,513,2,seasonal_naive,55.0,113.0
Singapore,2025,2025,44,2025-W44,512,2025,46,514,2,seasonal_naive,39.0,110.0
Singapore,2025,2025,45,2025-W45,513,2025,47,515,2,seasonal_naive,39.0,111.0
Singapore,2025,2025,46,2025-W46,514,2025,48,516,2,seasonal_naive,27.0,92.0
Singapore,2025,2025,47,2025-W47,515,2025,49,517,2,seasonal_naive,38.0,115.0
Singapore,2025,2025,48,2025-W48,516,2025,50,518,2,seasonal_naive,46.0,102.0
Singapore,2025,2025,49,2025-W49,517,2025,51,519,2,seasonal_naive,41.0,103.0
Singapore,2025,2025,50,2025-W50,518,2025,52,520,2,seasonal_naive,32.0,71.0
Singapore,2025,2024,49,2024-W49,465,2025,1,469,4,moving_average_4,97.0,107.0
Singapore,2025,2024,50,2024-W50,466,2025,2,470,4,moving_average_4,118.0,105.0
Singapore,2025,2024,51,2024-W51,467,2025,3,471,4,moving_average_4,99.0,103.0
Singapore,2025,2024,52,2024-W52,468,2025,4,472,4,moving_average_4,118.0,97.75
Singapore,2025,2025,1,2025-W01,469,2025,5,473,4,moving_average_4,54.0,93.25
Singapore,2025,2025,2,2025-W02,470,2025,6,474,4,moving_average_4,113.0,97.25
Singapore,2025,2025,3,2025-W03,471,2025,7,475,4,moving_average_4,114.0,96.25
Singapore,2025,2025,4,2025-W04,472,2025,8,476,4,moving_average_4,71.0,108.0
Singapore,2025,2025,5,2025-W05,473,2025,9,477,4,moving_average_4,82.0,97.25
Singapore,2025,2025,6,2025-W06,474,2025,10,478,4,moving_average_4,86.0,96.0
Singapore,2025,2025,7,2025-W07,475,2025,11,479,4,moving_average_4,72.0,99.75
Singapore,2025,2025,8,2025-W08,476,2025,12,480,4,moving_average_4,100.0,88.0
Singapore,2025,2025,9,2025-W09,477,2025,13,481,4,moving_average_4,98.0,95.0
Singapore,2025,2025,10,2025-W10,478,2025,14,482,4,moving_average_4,87.0,88.25
Singapore,2025,2025,11,2025-W11,479,2025,15,483,4,moving_average_4,92.0,77.75
Singapore,2025,2025,12,2025-W12,480,2025,16,484,4,moving_average_4,94.0,85.0
Singapore,2025,2025,13,2025-W13,481,2025,17,485,4,moving_average_4,107.0,89.0
Singapore,2025,2025,14,2025-W14,482,2025,18,486,4,moving_average_4,89.0,89.25
Singapore,2025,2025,15,2025-W15,483,2025,19,487,4,moving_average_4,105.0,94.25
Singapore,2025,2025,16,2025-W16,484,2025,20,488,4,moving_average_4,103.0,92.75
Singapore,2025,2025,17,2025-W17,485,2025,21,489,4,moving_average_4,118.0,95.0
Singapore,2025,2025,18,2025-W18,486,2025,22,490,4,moving_average_4,117.0,95.5
Singapore,2025,2025,19,2025-W19,487,2025,23,491,4,moving_average_4,118.0,98.75
Singapore,2025,2025,20,2025-W20,488,2025,24,492,4,moving_average_4,125.0,101.0
Singapore,2025,2025,21,2025-W21,489,2025,25,493,4,moving_average_4,106.0,103.75
Singapore,2025,2025,22,2025-W22,490,2025,26,494,4,moving_average_4,100.0,110.75
Singapore,2025,2025,23,2025-W23,491,2025,27,495,4,moving_average_4,119.0,114.0
Singapore,2025,2025,24,2025-W24,492,2025,28,496,4,moving_average_4,112.0,119.5
Singapore,2025,2025,25,2025-W25,493,2025,29,497,4,moving_average_4,86.0,116.5
Singapore,2025,2025,26,2025-W26,494,2025,30,498,4,moving_average_4,77.0,112.25
Singapore,2025,2025,27,2025-W27,495,2025,31,499,4,moving_average_4,71.0,112.5
Singapore,2025,2025,28,2025-W28,496,2025,32,500,4,moving_average_4,73.0,109.25
Singapore,2025,2025,29,2025-W29,497,2025,33,501,4,moving_average_4,62.0,104.25
Singapore,2025,2025,30,2025-W30,498,2025,34,502,4,moving_average_4,47.0,98.5
Singapore,2025,2025,31,2025-W31,499,2025,35,503,4,moving_average_4,51.0,86.5
Singapore,2025,2025,32,2025-W32,500,2025,36,504,4,moving_average_4,42.0,76.75
Singapore,2025,2025,33,2025-W33,501,2025,37,505,4,moving_average_4,49.0,70.75
Singapore,2025,2025,34,2025-W34,502,2025,38,506,4,moving_average_4,45.0,63.25
Singapore,2025,2025,35,2025-W35,503,2025,39,507,4,moving_average_4,40.0,58.25
Singapore,2025,2025,36,2025-W36,504,2025,40,508,4,moving_average_4,55.0,50.5
Singapore,2025,2025,37,2025-W37,505,2025,41,509,4,moving_average_4,33.0,47.25
Singapore,2025,2025,38,2025-W38,506,2025,42,510,4,moving_average_4,47.0,46.75
Singapore,2025,2025,39,2025-W39,507,2025,43,511,4,moving_average_4,36.0,44.0
Singapore,2025,2025,40,2025-W40,508,2025,44,512,4,moving_average_4,53.0,47.25
Singapore,2025,2025,41,2025-W41,509,2025,45,513,4,moving_average_4,55.0,43.25
Singapore,2025,2025,42,2025-W42,510,2025,46,514,4,moving_average_4,39.0,43.75
Singapore,2025,2025,43,2025-W43,511,2025,47,515,4,moving_average_4,39.0,42.75
Singapore,2025,2025,44,2025-W44,512,2025,48,516,4,moving_average_4,27.0,42.25
Singapore,2025,2025,45,2025-W45,513,2025,49,517,4,moving_average_4,38.0,47.75
Singapore,2025,2025,46,2025-W46,514,2025,50,518,4,moving_average_4,46.0,45.75
Singapore,2025,2025,47,2025-W47,515,2025,51,519,4,moving_average_4,41.0,46.5
Singapore,2025,2025,48,2025-W48,516,2025,52,520,4,moving_average_4,32.0,40.0
Singapore,2025,2024,49,2024-W49,465,2025,1,469,4,persistence,97.0,115.0
Singapore,2025,2024,50,2024-W50,466,2025,2,470,4,persistence,118.0,102.0
Singapore,2025,2024,51,2024-W51,467,2025,3,471,4,persistence,99.0,103.0
Singapore,2025,2024,52,2024-W52,468,2025,4,472,4,persistence,118.0,71.0
Singapore,2025,2025,1,2025-W01,469,2025,5,473,4,persistence,54.0,97.0
Singapore,2025,2025,2,2025-W02,470,2025,6,474,4,persistence,113.0,118.0
Singapore,2025,2025,3,2025-W03,471,2025,7,475,4,persistence,114.0,99.0
Singapore,2025,2025,4,2025-W04,472,2025,8,476,4,persistence,71.0,118.0
Singapore,2025,2025,5,2025-W05,473,2025,9,477,4,persistence,82.0,54.0
Singapore,2025,2025,6,2025-W06,474,2025,10,478,4,persistence,86.0,113.0
Singapore,2025,2025,7,2025-W07,475,2025,11,479,4,persistence,72.0,114.0
Singapore,2025,2025,8,2025-W08,476,2025,12,480,4,persistence,100.0,71.0
Singapore,2025,2025,9,2025-W09,477,2025,13,481,4,persistence,98.0,82.0
Singapore,2025,2025,10,2025-W10,478,2025,14,482,4,persistence,87.0,86.0
Singapore,2025,2025,11,2025-W11,479,2025,15,483,4,persistence,92.0,72.0
Singapore,2025,2025,12,2025-W12,480,2025,16,484,4,persistence,94.0,100.0
Singapore,2025,2025,13,2025-W13,481,2025,17,485,4,persistence,107.0,98.0
Singapore,2025,2025,14,2025-W14,482,2025,18,486,4,persistence,89.0,87.0
Singapore,2025,2025,15,2025-W15,483,2025,19,487,4,persistence,105.0,92.0
Singapore,2025,2025,16,2025-W16,484,2025,20,488,4,persistence,103.0,94.0
Singapore,2025,2025,17,2025-W17,485,2025,21,489,4,persistence,118.0,107.0
Singapore,2025,2025,18,2025-W18,486,2025,22,490,4,persistence,117.0,89.0
Singapore,2025,2025,19,2025-W19,487,2025,23,491,4,persistence,118.0,105.0
Singapore,2025,2025,20,2025-W20,488,2025,24,492,4,persistence,125.0,103.0
Singapore,2025,2025,21,2025-W21,489,2025,25,493,4,persistence,106.0,118.0
Singapore,2025,2025,22,2025-W22,490,2025,26,494,4,persistence,100.0,117.0
Singapore,2025,2025,23,2025-W23,491,2025,27,495,4,persistence,119.0,118.0
Singapore,2025,2025,24,2025-W24,492,2025,28,496,4,persistence,112.0,125.0
Singapore,2025,2025,25,2025-W25,493,2025,29,497,4,persistence,86.0,106.0
Singapore,2025,2025,26,2025-W26,494,2025,30,498,4,persistence,77.0,100.0
Singapore,2025,2025,27,2025-W27,495,2025,31,499,4,persistence,71.0,119.0
Singapore,2025,2025,28,2025-W28,496,2025,32,500,4,persistence,73.0,112.0
Singapore,2025,2025,29,2025-W29,497,2025,33,501,4,persistence,62.0,86.0
Singapore,2025,2025,30,2025-W30,498,2025,34,502,4,persistence,47.0,77.0
Singapore,2025,2025,31,2025-W31,499,2025,35,503,4,persistence,51.0,71.0
Singapore,2025,2025,32,2025-W32,500,2025,36,504,4,persistence,42.0,73.0
Singapore,2025,2025,33,2025-W33,501,2025,37,505,4,persistence,49.0,62.0
Singapore,2025,2025,34,2025-W34,502,2025,38,506,4,persistence,45.0,47.0
Singapore,2025,2025,35,2025-W35,503,2025,39,507,4,persistence,40.0,51.0
Singapore,2025,2025,36,2025-W36,504,2025,40,508,4,persistence,55.0,42.0
Singapore,2025,2025,37,2025-W37,505,2025,41,509,4,persistence,33.0,49.0
Singapore,2025,2025,38,2025-W38,506,2025,42,510,4,persistence,47.0,45.0
Singapore,2025,2025,39,2025-W39,507,2025,43,511,4,persistence,36.0,40.0
Singapore,2025,2025,40,2025-W40,508,2025,44,512,4,persistence,53.0,55.0
Singapore,2025,2025,41,2025-W41,509,2025,45,513,4,persistence,55.0,33.0
Singapore,2025,2025,42,2025-W42,510,2025,46,514,4,persistence,39.0,47.0
Singapore,2025,2025,43,2025-W43,511,2025,47,515,4,persistence,39.0,36.0
Singapore,2025,2025,44,2025-W44,512,2025,48,516,4,persistence,27.0,53.0
Singapore,2025,2025,45,2025-W45,513,2025,49,517,4,persistence,38.0,55.0
Singapore,2025,2025,46,2025-W46,514,2025,50,518,4,persistence,46.0,39.0
Singapore,2025,2025,47,2025-W47,515,2025,51,519,4,persistence,41.0,39.0
Singapore,2025,2025,48,2025-W48,516,2025,52,520,4,persistence,32.0,27.0
Singapore,2025,2024,49,2024-W49,465,2025,1,469,4,seasonal_naive,97.0,305.0
Singapore,2025,2024,50,2024-W50,466,2025,2,470,4,seasonal_naive,118.0,394.0
Singapore,2025,2024,51,2024-W51,467,2025,3,471,4,seasonal_naive,99.0,409.0
Singapore,2025,2024,52,2024-W52,468,2025,4,472,4,seasonal_naive,118.0,430.0
Singapore,2025,2025,1,2025-W01,469,2025,5,473,4,seasonal_naive,54.0,486.0
Singapore,2025,2025,2,2025-W02,470,2025,6,474,4,seasonal_naive,113.0,515.0
Singapore,2025,2025,3,2025-W03,471,2025,7,475,4,seasonal_naive,114.0,430.0
Singapore,2025,2025,4,2025-W04,472,2025,8,476,4,seasonal_naive,71.0,460.0
Singapore,2025,2025,5,2025-W05,473,2025,9,477,4,seasonal_naive,82.0,370.0
Singapore,2025,2025,6,2025-W06,474,2025,10,478,4,seasonal_naive,86.0,367.0
Singapore,2025,2025,7,2025-W07,475,2025,11,479,4,seasonal_naive,72.0,331.0
Singapore,2025,2025,8,2025-W08,476,2025,12,480,4,seasonal_naive,100.0,320.0
Singapore,2025,2025,9,2025-W09,477,2025,13,481,4,seasonal_naive,98.0,349.0
Singapore,2025,2025,10,2025-W10,478,2025,14,482,4,seasonal_naive,87.0,415.0
Singapore,2025,2025,11,2025-W11,479,2025,15,483,4,seasonal_naive,92.0,307.0
Singapore,2025,2025,12,2025-W12,480,2025,16,484,4,seasonal_naive,94.0,341.0
Singapore,2025,2025,13,2025-W13,481,2025,17,485,4,seasonal_naive,107.0,337.0
Singapore,2025,2025,14,2025-W14,482,2025,18,486,4,seasonal_naive,89.0,248.0
Singapore,2025,2025,15,2025-W15,483,2025,19,487,4,seasonal_naive,105.0,326.0
Singapore,2025,2025,16,2025-W16,484,2025,20,488,4,seasonal_naive,103.0,291.0
Singapore,2025,2025,17,2025-W17,485,2025,21,489,4,seasonal_naive,118.0,288.0
Singapore,2025,2025,18,2025-W18,486,2025,22,490,4,seasonal_naive,117.0,313.0
Singapore,2025,2025,19,2025-W19,487,2025,23,491,4,seasonal_naive,118.0,333.0
Singapore,2025,2025,20,2025-W20,488,2025,24,492,4,seasonal_naive,125.0,303.0
Singapore,2025,2025,21,2025-W21,489,2025,25,493,4,seasonal_naive,106.0,297.0
Singapore,2025,2025,22,2025-W22,490,2025,26,494,4,seasonal_naive,100.0,291.0
Singapore,2025,2025,23,2025-W23,491,2025,27,495,4,seasonal_naive,119.0,327.0
Singapore,2025,2025,24,2025-W24,492,2025,28,496,4,seasonal_naive,112.0,291.0
Singapore,2025,2025,25,2025-W25,493,2025,29,497,4,seasonal_naive,86.0,236.0
Singapore,2025,2025,26,2025-W26,494,2025,30,498,4,seasonal_naive,77.0,311.0
Singapore,2025,2025,27,2025-W27,495,2025,31,499,4,seasonal_naive,71.0,274.0
Singapore,2025,2025,28,2025-W28,496,2025,32,500,4,seasonal_naive,73.0,218.0
Singapore,2025,2025,29,2025-W29,497,2025,33,501,4,seasonal_naive,62.0,216.0
Singapore,2025,2025,30,2025-W30,498,2025,34,502,4,seasonal_naive,47.0,185.0
Singapore,2025,2025,31,2025-W31,499,2025,35,503,4,seasonal_naive,51.0,179.0
Singapore,2025,2025,32,2025-W32,500,2025,36,504,4,seasonal_naive,42.0,190.0
Singapore,2025,2025,33,2025-W33,501,2025,37,505,4,seasonal_naive,49.0,202.0
Singapore,2025,2025,34,2025-W34,502,2025,38,506,4,seasonal_naive,45.0,182.0
Singapore,2025,2025,35,2025-W35,503,2025,39,507,4,seasonal_naive,40.0,152.0
Singapore,2025,2025,36,2025-W36,504,2025,40,508,4,seasonal_naive,55.0,155.0
Singapore,2025,2025,37,2025-W37,505,2025,41,509,4,seasonal_naive,33.0,143.0
Singapore,2025,2025,38,2025-W38,506,2025,42,510,4,seasonal_naive,47.0,101.0
Singapore,2025,2025,39,2025-W39,507,2025,43,511,4,seasonal_naive,36.0,118.0
Singapore,2025,2025,40,2025-W40,508,2025,44,512,4,seasonal_naive,53.0,98.0
Singapore,2025,2025,41,2025-W41,509,2025,45,513,4,seasonal_naive,55.0,113.0
Singapore,2025,2025,42,2025-W42,510,2025,46,514,4,seasonal_naive,39.0,110.0
Singapore,2025,2025,43,2025-W43,511,2025,47,515,4,seasonal_naive,39.0,111.0
Singapore,2025,2025,44,2025-W44,512,2025,48,516,4,seasonal_naive,27.0,92.0
Singapore,2025,2025,45,2025-W45,513,2025,49,517,4,seasonal_naive,38.0,115.0
Singapore,2025,2025,46,2025-W46,514,2025,50,518,4,seasonal_naive,46.0,102.0
Singapore,2025,2025,47,2025-W47,515,2025,51,519,4,seasonal_naive,41.0,103.0
Singapore,2025,2025,48,2025-W48,516,2025,52,520,4,seasonal_naive,32.0,71.0
Sri Lanka,2024,2024,4,2024-W04,420,2024,5,421,1,moving_average_4,2734.0,2739.75
Sri Lanka,2024,2024,5,2024-W05,421,2024,6,422,1,moving_average_4,2022.0,2733.25
Sri Lanka,2024,2024,6,2024-W06,422,2024,7,423,1,moving_average_4,2134.0,2574.75
Sri Lanka,2024,2024,7,2024-W07,423,2024,8,424,1,moving_average_4,1533.0,2380.0
Sri Lanka,2024,2024,8,2024-W08,424,2024,9,425,1,moving_average_4,1377.0,2105.75
Sri Lanka,2024,2024,9,2024-W09,425,2024,10,426,1,moving_average_4,1136.0,1766.5
Sri Lanka,2024,2024,10,2024-W10,426,2024,11,427,1,moving_average_4,975.0,1545.0
Sri Lanka,2024,2024,11,2024-W11,427,2024,12,428,1,moving_average_4,1004.0,1255.25
Sri Lanka,2024,2024,12,2024-W12,428,2024,13,429,1,moving_average_4,747.0,1123.0
Sri Lanka,2024,2024,13,2024-W13,429,2024,14,430,1,moving_average_4,664.0,965.5
Sri Lanka,2024,2024,14,2024-W14,430,2024,15,431,1,moving_average_4,614.0,847.5
Sri Lanka,2024,2024,15,2024-W15,431,2024,16,432,1,moving_average_4,427.0,757.25
Sri Lanka,2024,2024,16,2024-W16,432,2024,17,433,1,moving_average_4,576.0,613.0
Sri Lanka,2024,2024,17,2024-W17,433,2024,18,434,1,moving_average_4,537.0,570.25
Sri Lanka,2024,2024,18,2024-W18,434,2024,19,435,1,moving_average_4,571.0,538.5
Sri Lanka,2024,2024,19,2024-W19,435,2024,20,436,1,moving_average_4,589.0,527.75
Sri Lanka,2024,2024,20,2024-W20,436,2024,21,437,1,moving_average_4,663.0,568.25
Sri Lanka,2024,2024,21,2024-W21,437,2024,22,438,1,moving_average_4,493.0,590.0
Sri Lanka,2024,2024,22,2024-W22,438,2024,23,439,1,moving_average_4,648.0,579.0
Sri Lanka,2024,2024,23,2024-W23,439,2024,24,440,1,moving_average_4,640.0,598.25
Sri Lanka,2024,2024,24,2024-W24,440,2024,25,441,1,moving_average_4,677.0,611.0
Sri Lanka,2024,2024,25,2024-W25,441,2024,26,442,1,moving_average_4,683.0,614.5
Sri Lanka,2024,2024,26,2024-W26,442,2024,27,443,1,moving_average_4,875.0,662.0
Sri Lanka,2024,2024,27,2024-W27,443,2024,28,444,1,moving_average_4,935.0,718.75
Sri Lanka,2024,2024,28,2024-W28,444,2024,29,445,1,moving_average_4,989.0,792.5
Sri Lanka,2024,2024,29,2024-W29,445,2024,30,446,1,moving_average_4,992.0,870.5
Sri Lanka,2024,2024,30,2024-W30,446,2024,31,447,1,moving_average_4,1031.0,947.75
Sri Lanka,2024,2024,31,2024-W31,447,2024,32,448,1,moving_average_4,1004.0,986.75
Sri Lanka,2024,2024,32,2024-W32,448,2024,33,449,1,moving_average_4,960.0,1004.0
Sri Lanka,2024,2024,33,2024-W33,449,2024,34,450,1,moving_average_4,911.0,996.75
Sri Lanka,2024,2024,34,2024-W34,450,2024,35,451,1,moving_average_4,857.0,976.5
Sri Lanka,2024,2024,35,2024-W35,451,2024,36,452,1,moving_average_4,854.0,933.0
Sri Lanka,2024,2024,36,2024-W36,452,2024,37,453,1,moving_average_4,733.0,895.5
Sri Lanka,2024,2024,37,2024-W37,453,2024,38,454,1,moving_average_4,694.0,838.75
Sri Lanka,2024,2024,38,2024-W38,454,2024,39,455,1,moving_average_4,671.0,784.5
Sri Lanka,2024,2024,39,2024-W39,455,2024,40,456,1,moving_average_4,657.0,738.0
Sri Lanka,2024,2024,40,2024-W40,456,2024,41,457,1,moving_average_4,686.0,688.75
Sri Lanka,2024,2024,41,2024-W41,457,2024,42,458,1,moving_average_4,707.0,677.0
Sri Lanka,2024,2024,42,2024-W42,458,2024,43,459,1,moving_average_4,668.0,680.25
Sri Lanka,2024,2024,43,2024-W43,459,2024,44,460,1,moving_average_4,672.0,679.5
Sri Lanka,2024,2024,44,2024-W44,460,2024,45,461,1,moving_average_4,669.0,683.25
Sri Lanka,2024,2024,45,2024-W45,461,2024,46,462,1,moving_average_4,696.0,679.0
Sri Lanka,2024,2024,46,2024-W46,462,2024,47,463,1,moving_average_4,626.0,676.25
Sri Lanka,2024,2024,47,2024-W47,463,2024,48,464,1,moving_average_4,913.0,665.75
Sri Lanka,2024,2024,48,2024-W48,464,2024,49,465,1,moving_average_4,832.0,726.0
Sri Lanka,2024,2024,49,2024-W49,465,2024,50,466,1,moving_average_4,736.0,766.75
Sri Lanka,2024,2024,50,2024-W50,466,2024,51,467,1,moving_average_4,915.0,776.75
Sri Lanka,2024,2024,51,2024-W51,467,2024,52,468,1,moving_average_4,860.0,849.0
Sri Lanka,2024,2024,1,2024-W01,417,2024,2,418,1,persistence,2656.0,2760.0
Sri Lanka,2024,2024,2,2024-W02,418,2024,3,419,1,persistence,2913.0,2656.0
Sri Lanka,2024,2024,3,2024-W03,419,2024,4,420,1,persistence,2630.0,2913.0
Sri Lanka,2024,2024,4,2024-W04,420,2024,5,421,1,persistence,2734.0,2630.0
Sri Lanka,2024,2024,5,2024-W05,421,2024,6,422,1,persistence,2022.0,2734.0
Sri Lanka,2024,2024,6,2024-W06,422,2024,7,423,1,persistence,2134.0,2022.0
Sri Lanka,2024,2024,7,2024-W07,423,2024,8,424,1,persistence,1533.0,2134.0
Sri Lanka,2024,2024,8,2024-W08,424,2024,9,425,1,persistence,1377.0,1533.0
Sri Lanka,2024,2024,9,2024-W09,425,2024,10,426,1,persistence,1136.0,1377.0
Sri Lanka,2024,2024,10,2024-W10,426,2024,11,427,1,persistence,975.0,1136.0
Sri Lanka,2024,2024,11,2024-W11,427,2024,12,428,1,persistence,1004.0,975.0
Sri Lanka,2024,2024,12,2024-W12,428,2024,13,429,1,persistence,747.0,1004.0
Sri Lanka,2024,2024,13,2024-W13,429,2024,14,430,1,persistence,664.0,747.0
Sri Lanka,2024,2024,14,2024-W14,430,2024,15,431,1,persistence,614.0,664.0
Sri Lanka,2024,2024,15,2024-W15,431,2024,16,432,1,persistence,427.0,614.0
Sri Lanka,2024,2024,16,2024-W16,432,2024,17,433,1,persistence,576.0,427.0
Sri Lanka,2024,2024,17,2024-W17,433,2024,18,434,1,persistence,537.0,576.0
Sri Lanka,2024,2024,18,2024-W18,434,2024,19,435,1,persistence,571.0,537.0
Sri Lanka,2024,2024,19,2024-W19,435,2024,20,436,1,persistence,589.0,571.0
Sri Lanka,2024,2024,20,2024-W20,436,2024,21,437,1,persistence,663.0,589.0
Sri Lanka,2024,2024,21,2024-W21,437,2024,22,438,1,persistence,493.0,663.0
Sri Lanka,2024,2024,22,2024-W22,438,2024,23,439,1,persistence,648.0,493.0
Sri Lanka,2024,2024,23,2024-W23,439,2024,24,440,1,persistence,640.0,648.0
Sri Lanka,2024,2024,24,2024-W24,440,2024,25,441,1,persistence,677.0,640.0
Sri Lanka,2024,2024,25,2024-W25,441,2024,26,442,1,persistence,683.0,677.0
Sri Lanka,2024,2024,26,2024-W26,442,2024,27,443,1,persistence,875.0,683.0
Sri Lanka,2024,2024,27,2024-W27,443,2024,28,444,1,persistence,935.0,875.0
Sri Lanka,2024,2024,28,2024-W28,444,2024,29,445,1,persistence,989.0,935.0
Sri Lanka,2024,2024,29,2024-W29,445,2024,30,446,1,persistence,992.0,989.0
Sri Lanka,2024,2024,30,2024-W30,446,2024,31,447,1,persistence,1031.0,992.0
Sri Lanka,2024,2024,31,2024-W31,447,2024,32,448,1,persistence,1004.0,1031.0
Sri Lanka,2024,2024,32,2024-W32,448,2024,33,449,1,persistence,960.0,1004.0
Sri Lanka,2024,2024,33,2024-W33,449,2024,34,450,1,persistence,911.0,960.0
Sri Lanka,2024,2024,34,2024-W34,450,2024,35,451,1,persistence,857.0,911.0
Sri Lanka,2024,2024,35,2024-W35,451,2024,36,452,1,persistence,854.0,857.0
Sri Lanka,2024,2024,36,2024-W36,452,2024,37,453,1,persistence,733.0,854.0
Sri Lanka,2024,2024,37,2024-W37,453,2024,38,454,1,persistence,694.0,733.0
Sri Lanka,2024,2024,38,2024-W38,454,2024,39,455,1,persistence,671.0,694.0
Sri Lanka,2024,2024,39,2024-W39,455,2024,40,456,1,persistence,657.0,671.0
Sri Lanka,2024,2024,40,2024-W40,456,2024,41,457,1,persistence,686.0,657.0
Sri Lanka,2024,2024,41,2024-W41,457,2024,42,458,1,persistence,707.0,686.0
Sri Lanka,2024,2024,42,2024-W42,458,2024,43,459,1,persistence,668.0,707.0
Sri Lanka,2024,2024,43,2024-W43,459,2024,44,460,1,persistence,672.0,668.0
Sri Lanka,2024,2024,44,2024-W44,460,2024,45,461,1,persistence,669.0,672.0
Sri Lanka,2024,2024,45,2024-W45,461,2024,46,462,1,persistence,696.0,669.0
Sri Lanka,2024,2024,46,2024-W46,462,2024,47,463,1,persistence,626.0,696.0
Sri Lanka,2024,2024,47,2024-W47,463,2024,48,464,1,persistence,913.0,626.0
Sri Lanka,2024,2024,48,2024-W48,464,2024,49,465,1,persistence,832.0,913.0
Sri Lanka,2024,2024,49,2024-W49,465,2024,50,466,1,persistence,736.0,832.0
Sri Lanka,2024,2024,50,2024-W50,466,2024,51,467,1,persistence,915.0,736.0
Sri Lanka,2024,2024,51,2024-W51,467,2024,52,468,1,persistence,860.0,915.0
Sri Lanka,2024,2023,52,2023-W52,416,2024,1,417,1,seasonal_naive,2760.0,1351.0
Sri Lanka,2024,2024,1,2024-W01,417,2024,2,418,1,seasonal_naive,2656.0,1677.0
Sri Lanka,2024,2024,2,2024-W02,418,2024,3,419,1,seasonal_naive,2913.0,1465.0
Sri Lanka,2024,2024,3,2024-W03,419,2024,4,420,1,seasonal_naive,2630.0,1350.0
Sri Lanka,2024,2024,4,2024-W04,420,2024,5,421,1,seasonal_naive,2734.0,1315.0
Sri Lanka,2024,2024,5,2024-W05,421,2024,6,422,1,seasonal_naive,2022.0,1291.0
Sri Lanka,2024,2024,6,2024-W06,422,2024,7,423,1,seasonal_naive,2134.0,1083.0
Sri Lanka,2024,2024,7,2024-W07,423,2024,8,424,1,seasonal_naive,1533.0,1139.0
Sri Lanka,2024,2024,8,2024-W08,424,2024,9,425,1,seasonal_naive,1377.0,1187.0
Sri Lanka,2024,2024,9,2024-W09,425,2024,10,426,1,seasonal_naive,1136.0,1057.0
Sri Lanka,2024,2024,10,2024-W10,426,2024,11,427,1,seasonal_naive,975.0,958.0
Sri Lanka,2024,2024,11,2024-W11,427,2024,12,428,1,seasonal_naive,1004.0,1135.0
Sri Lanka,2024,2024,12,2024-W12,428,2024,13,429,1,seasonal_naive,747.0,1211.0
Sri Lanka,2024,2024,13,2024-W13,429,2024,14,430,1,seasonal_naive,664.0,1037.0
Sri Lanka,2024,2024,14,2024-W14,430,2024,15,431,1,seasonal_naive,614.0,1170.0
Sri Lanka,2024,2024,15,2024-W15,431,2024,16,432,1,seasonal_naive,427.0,1443.0
Sri Lanka,2024,2024,16,2024-W16,432,2024,17,433,1,seasonal_naive,576.0,1198.0
Sri Lanka,2024,2024,17,2024-W17,433,2024,18,434,1,seasonal_naive,537.0,1209.0
Sri Lanka,2024,2024,18,2024-W18,434,2024,19,435,1,seasonal_naive,571.0,1653.0
Sri Lanka,2024,2024,19,2024-W19,435,2024,20,436,1,seasonal_naive,589.0,1438.0
Sri Lanka,2024,2024,20,2024-W20,436,2024,21,437,1,seasonal_naive,663.0,1584.0
Sri Lanka,2024,2024,21,2024-W21,437,2024,22,438,1,seasonal_naive,493.0,2261.0
Sri Lanka,2024,2024,22,2024-W22,438,2024,23,439,1,seasonal_naive,648.0,2164.0
Sri Lanka,2024,2024,23,2024-W23,439,2024,24,440,1,seasonal_naive,640.0,2530.0
Sri Lanka,2024,2024,24,2024-W24,440,2024,25,441,1,seasonal_naive,677.0,2137.0
Sri Lanka,2024,2024,25,2024-W25,441,2024,26,442,1,seasonal_naive,683.0,1738.0
Sri Lanka,2024,2024,26,2024-W26,442,2024,27,443,1,seasonal_naive,875.0,1806.0
Sri Lanka,2024,2024,27,2024-W27,443,2024,28,444,1,seasonal_naive,935.0,1711.0
Sri Lanka,2024,2024,28,2024-W28,444,2024,29,445,1,seasonal_naive,989.0,1545.0
Sri Lanka,2024,2024,29,2024-W29,445,2024,30,446,1,seasonal_naive,992.0,1500.0
Sri Lanka,2024,2024,30,2024-W30,446,2024,31,447,1,seasonal_naive,1031.0,1417.0
Sri Lanka,2024,2024,31,2024-W31,447,2024,32,448,1,seasonal_naive,1004.0,1537.0
Sri Lanka,2024,2024,32,2024-W32,448,2024,33,449,1,seasonal_naive,960.0,1166.0
Sri Lanka,2024,2024,33,2024-W33,449,2024,34,450,1,seasonal_naive,911.0,1219.0
Sri Lanka,2024,2024,34,2024-W34,450,2024,35,451,1,seasonal_naive,857.0,859.0
Sri Lanka,2024,2024,35,2024-W35,451,2024,36,452,1,seasonal_naive,854.0,838.0
Sri Lanka,2024,2024,36,2024-W36,452,2024,37,453,1,seasonal_naive,733.0,702.0
Sri Lanka,2024,2024,37,2024-W37,453,2024,38,454,1,seasonal_naive,694.0,624.0
Sri Lanka,2024,2024,38,2024-W38,454,2024,39,455,1,seasonal_naive,671.0,489.0
Sri Lanka,2024,2024,39,2024-W39,455,2024,40,456,1,seasonal_naive,657.0,730.0
Sri Lanka,2024,2024,40,2024-W40,456,2024,41,457,1,seasonal_naive,686.0,862.0
Sri Lanka,2024,2024,41,2024-W41,457,2024,42,458,1,seasonal_naive,707.0,795.0
Sri Lanka,2024,2024,42,2024-W42,458,2024,43,459,1,seasonal_naive,668.0,1343.0
Sri Lanka,2024,2024,43,2024-W43,459,2024,44,460,1,seasonal_naive,672.0,1291.0
Sri Lanka,2024,2024,44,2024-W44,460,2024,45,461,1,seasonal_naive,669.0,385.0
Sri Lanka,2024,2024,45,2024-W45,461,2024,46,462,1,seasonal_naive,696.0,658.0
Sri Lanka,2024,2024,46,2024-W46,462,2024,47,463,1,seasonal_naive,626.0,727.0
Sri Lanka,2024,2024,47,2024-W47,463,2024,48,464,1,seasonal_naive,913.0,1828.0
Sri Lanka,2024,2024,48,2024-W48,464,2024,49,465,1,seasonal_naive,832.0,2689.0
Sri Lanka,2024,2024,49,2024-W49,465,2024,50,466,1,seasonal_naive,736.0,2587.0
Sri Lanka,2024,2024,50,2024-W50,466,2024,51,467,1,seasonal_naive,915.0,3829.0
Sri Lanka,2024,2023,51,2023-W51,415,2024,1,417,2,moving_average_4,2760.0,2733.25
Sri Lanka,2024,2024,4,2024-W04,420,2024,6,422,2,moving_average_4,2022.0,2739.75
Sri Lanka,2024,2024,5,2024-W05,421,2024,7,423,2,moving_average_4,2134.0,2733.25
Sri Lanka,2024,2024,6,2024-W06,422,2024,8,424,2,moving_average_4,1533.0,2574.75
Sri Lanka,2024,2024,7,2024-W07,423,2024,9,425,2,moving_average_4,1377.0,2380.0
Sri Lanka,2024,2024,8,2024-W08,424,2024,10,426,2,moving_average_4,1136.0,2105.75
Sri Lanka,2024,2024,9,2024-W09,425,2024,11,427,2,moving_average_4,975.0,1766.5
Sri Lanka,2024,2024,10,2024-W10,426,2024,12,428,2,moving_average_4,1004.0,1545.0
Sri Lanka,2024,2024,11,2024-W11,427,2024,13,429,2,moving_average_4,747.0,1255.25
Sri Lanka,2024,2024,12,2024-W12,428,2024,14,430,2,moving_average_4,664.0,1123.0
Sri Lanka,2024,2024,13,2024-W13,429,2024,15,431,2,moving_average_4,614.0,965.5
Sri Lanka,2024,2024,14,2024-W14,430,2024,16,432,2,moving_average_4,427.0,847.5
Sri Lanka,2024,2024,15,2024-W15,431,2024,17,433,2,moving_average_4,576.0,757.25
Sri Lanka,2024,2024,16,2024-W16,432,2024,18,434,2,moving_average_4,537.0,613.0
Sri Lanka,2024,2024,17,2024-W17,433,2024,19,435,2,moving_average_4,571.0,570.25
Sri Lanka,2024,2024,18,2024-W18,434,2024,20,436,2,moving_average_4,589.0,538.5
Sri Lanka,2024,2024,19,2024-W19,435,2024,21,437,2,moving_average_4,663.0,527.75
Sri Lanka,2024,2024,20,2024-W20,436,2024,22,438,2,moving_average_4,493.0,568.25
Sri Lanka,2024,2024,21,2024-W21,437,2024,23,439,2,moving_average_4,648.0,590.0
Sri Lanka,2024,2024,22,2024-W22,438,2024,24,440,2,moving_average_4,640.0,579.0
Sri Lanka,2024,2024,23,2024-W23,439,2024,25,441,2,moving_average_4,677.0,598.25
Sri Lanka,2024,2024,24,2024-W24,440,2024,26,442,2,moving_average_4,683.0,611.0
Sri Lanka,2024,2024,25,2024-W25,441,2024,27,443,2,moving_average_4,875.0,614.5
Sri Lanka,2024,2024,26,2024-W26,442,2024,28,444,2,moving_average_4,935.0,662.0
Sri Lanka,2024,2024,27,2024-W27,443,2024,29,445,2,moving_average_4,989.0,718.75
Sri Lanka,2024,2024,28,2024-W28,444,2024,30,446,2,moving_average_4,992.0,792.5
Sri Lanka,2024,2024,29,2024-W29,445,2024,31,447,2,moving_average_4,1031.0,870.5
Sri Lanka,2024,2024,30,2024-W30,446,2024,32,448,2,moving_average_4,1004.0,947.75
Sri Lanka,2024,2024,31,2024-W31,447,2024,33,449,2,moving_average_4,960.0,986.75
Sri Lanka,2024,2024,32,2024-W32,448,2024,34,450,2,moving_average_4,911.0,1004.0
Sri Lanka,2024,2024,33,2024-W33,449,2024,35,451,2,moving_average_4,857.0,996.75
Sri Lanka,2024,2024,34,2024-W34,450,2024,36,452,2,moving_average_4,854.0,976.5
Sri Lanka,2024,2024,35,2024-W35,451,2024,37,453,2,moving_average_4,733.0,933.0
Sri Lanka,2024,2024,36,2024-W36,452,2024,38,454,2,moving_average_4,694.0,895.5
Sri Lanka,2024,2024,37,2024-W37,453,2024,39,455,2,moving_average_4,671.0,838.75
Sri Lanka,2024,2024,38,2024-W38,454,2024,40,456,2,moving_average_4,657.0,784.5
Sri Lanka,2024,2024,39,2024-W39,455,2024,41,457,2,moving_average_4,686.0,738.0
Sri Lanka,2024,2024,40,2024-W40,456,2024,42,458,2,moving_average_4,707.0,688.75
Sri Lanka,2024,2024,41,2024-W41,457,2024,43,459,2,moving_average_4,668.0,677.0
Sri Lanka,2024,2024,42,2024-W42,458,2024,44,460,2,moving_average_4,672.0,680.25
Sri Lanka,2024,2024,43,2024-W43,459,2024,45,461,2,moving_average_4,669.0,679.5
Sri Lanka,2024,2024,44,2024-W44,460,2024,46,462,2,moving_average_4,696.0,683.25
Sri Lanka,2024,2024,45,2024-W45,461,2024,47,463,2,moving_average_4,626.0,679.0
Sri Lanka,2024,2024,46,2024-W46,462,2024,48,464,2,moving_average_4,913.0,676.25
Sri Lanka,2024,2024,47,2024-W47,463,2024,49,465,2,moving_average_4,832.0,665.75
Sri Lanka,2024,2024,48,2024-W48,464,2024,50,466,2,moving_average_4,736.0,726.0
Sri Lanka,2024,2024,49,2024-W49,465,2024,51,467,2,moving_average_4,915.0,766.75
Sri Lanka,2024,2024,50,2024-W50,466,2024,52,468,2,moving_average_4,860.0,776.75
Sri Lanka,2024,2023,51,2023-W51,415,2024,1,417,2,persistence,2760.0,3829.0
Sri Lanka,2024,2024,1,2024-W01,417,2024,3,419,2,persistence,2913.0,2760.0
Sri Lanka,2024,2024,2,2024-W02,418,2024,4,420,2,persistence,2630.0,2656.0
Sri Lanka,2024,2024,3,2024-W03,419,2024,5,421,2,persistence,2734.0,2913.0
Sri Lanka,2024,2024,4,2024-W04,420,2024,6,422,2,persistence,2022.0,2630.0
Sri Lanka,2024,2024,5,2024-W05,421,2024,7,423,2,persistence,2134.0,2734.0
Sri Lanka,2024,2024,6,2024-W06,422,2024,8,424,2,persistence,1533.0,2022.0
Sri Lanka,2024,2024,7,2024-W07,423,2024,9,425,2,persistence,1377.0,2134.0
Sri Lanka,2024,2024,8,2024-W08,424,2024,10,426,2,persistence,1136.0,1533.0
Sri Lanka,2024,2024,9,2024-W09,425,2024,11,427,2,persistence,975.0,1377.0
Sri Lanka,2024,2024,10,2024-W10,426,2024,12,428,2,persistence,1004.0,1136.0
Sri Lanka,2024,2024,11,2024-W11,427,2024,13,429,2,persistence,747.0,975.0
Sri Lanka,2024,2024,12,2024-W12,428,2024,14,430,2,persistence,664.0,1004.0
Sri Lanka,2024,2024,13,2024-W13,429,2024,15,431,2,persistence,614.0,747.0
Sri Lanka,2024,2024,14,2024-W14,430,2024,16,432,2,persistence,427.0,664.0
Sri Lanka,2024,2024,15,2024-W15,431,2024,17,433,2,persistence,576.0,614.0
Sri Lanka,2024,2024,16,2024-W16,432,2024,18,434,2,persistence,537.0,427.0
Sri Lanka,2024,2024,17,2024-W17,433,2024,19,435,2,persistence,571.0,576.0
Sri Lanka,2024,2024,18,2024-W18,434,2024,20,436,2,persistence,589.0,537.0
Sri Lanka,2024,2024,19,2024-W19,435,2024,21,437,2,persistence,663.0,571.0
Sri Lanka,2024,2024,20,2024-W20,436,2024,22,438,2,persistence,493.0,589.0
Sri Lanka,2024,2024,21,2024-W21,437,2024,23,439,2,persistence,648.0,663.0
Sri Lanka,2024,2024,22,2024-W22,438,2024,24,440,2,persistence,640.0,493.0
Sri Lanka,2024,2024,23,2024-W23,439,2024,25,441,2,persistence,677.0,648.0
Sri Lanka,2024,2024,24,2024-W24,440,2024,26,442,2,persistence,683.0,640.0
Sri Lanka,2024,2024,25,2024-W25,441,2024,27,443,2,persistence,875.0,677.0
Sri Lanka,2024,2024,26,2024-W26,442,2024,28,444,2,persistence,935.0,683.0
Sri Lanka,2024,2024,27,2024-W27,443,2024,29,445,2,persistence,989.0,875.0
Sri Lanka,2024,2024,28,2024-W28,444,2024,30,446,2,persistence,992.0,935.0
Sri Lanka,2024,2024,29,2024-W29,445,2024,31,447,2,persistence,1031.0,989.0
Sri Lanka,2024,2024,30,2024-W30,446,2024,32,448,2,persistence,1004.0,992.0
Sri Lanka,2024,2024,31,2024-W31,447,2024,33,449,2,persistence,960.0,1031.0
Sri Lanka,2024,2024,32,2024-W32,448,2024,34,450,2,persistence,911.0,1004.0
Sri Lanka,2024,2024,33,2024-W33,449,2024,35,451,2,persistence,857.0,960.0
Sri Lanka,2024,2024,34,2024-W34,450,2024,36,452,2,persistence,854.0,911.0
Sri Lanka,2024,2024,35,2024-W35,451,2024,37,453,2,persistence,733.0,857.0
Sri Lanka,2024,2024,36,2024-W36,452,2024,38,454,2,persistence,694.0,854.0
Sri Lanka,2024,2024,37,2024-W37,453,2024,39,455,2,persistence,671.0,733.0
Sri Lanka,2024,2024,38,2024-W38,454,2024,40,456,2,persistence,657.0,694.0
Sri Lanka,2024,2024,39,2024-W39,455,2024,41,457,2,persistence,686.0,671.0
Sri Lanka,2024,2024,40,2024-W40,456,2024,42,458,2,persistence,707.0,657.0
Sri Lanka,2024,2024,41,2024-W41,457,2024,43,459,2,persistence,668.0,686.0
Sri Lanka,2024,2024,42,2024-W42,458,2024,44,460,2,persistence,672.0,707.0
Sri Lanka,2024,2024,43,2024-W43,459,2024,45,461,2,persistence,669.0,668.0
Sri Lanka,2024,2024,44,2024-W44,460,2024,46,462,2,persistence,696.0,672.0
Sri Lanka,2024,2024,45,2024-W45,461,2024,47,463,2,persistence,626.0,669.0
Sri Lanka,2024,2024,46,2024-W46,462,2024,48,464,2,persistence,913.0,696.0
Sri Lanka,2024,2024,47,2024-W47,463,2024,49,465,2,persistence,832.0,626.0
Sri Lanka,2024,2024,48,2024-W48,464,2024,50,466,2,persistence,736.0,913.0
Sri Lanka,2024,2024,49,2024-W49,465,2024,51,467,2,persistence,915.0,832.0
Sri Lanka,2024,2024,50,2024-W50,466,2024,52,468,2,persistence,860.0,736.0
Sri Lanka,2024,2023,51,2023-W51,415,2024,1,417,2,seasonal_naive,2760.0,1351.0
Sri Lanka,2024,2023,52,2023-W52,416,2024,2,418,2,seasonal_naive,2656.0,1677.0
Sri Lanka,2024,2024,1,2024-W01,417,2024,3,419,2,seasonal_naive,2913.0,1465.0
Sri Lanka,2024,2024,2,2024-W02,418,2024,4,420,2,seasonal_naive,2630.0,1350.0
Sri Lanka,2024,2024,3,2024-W03,419,2024,5,421,2,seasonal_naive,2734.0,1315.0
Sri Lanka,2024,2024,4,2024-W04,420,2024,6,422,2,seasonal_naive,2022.0,1291.0
Sri Lanka,2024,2024,5,2024-W05,421,2024,7,423,2,seasonal_naive,2134.0,1083.0
Sri Lanka,2024,2024,6,2024-W06,422,2024,8,424,2,seasonal_naive,1533.0,1139.0
Sri Lanka,2024,2024,7,2024-W07,423,2024,9,425,2,seasonal_naive,1377.0,1187.0
Sri Lanka,2024,2024,8,2024-W08,424,2024,10,426,2,seasonal_naive,1136.0,1057.0
Sri Lanka,2024,2024,9,2024-W09,425,2024,11,427,2,seasonal_naive,975.0,958.0
Sri Lanka,2024,2024,10,2024-W10,426,2024,12,428,2,seasonal_naive,1004.0,1135.0
Sri Lanka,2024,2024,11,2024-W11,427,2024,13,429,2,seasonal_naive,747.0,1211.0
Sri Lanka,2024,2024,12,2024-W12,428,2024,14,430,2,seasonal_naive,664.0,1037.0
Sri Lanka,2024,2024,13,2024-W13,429,2024,15,431,2,seasonal_naive,614.0,1170.0
Sri Lanka,2024,2024,14,2024-W14,430,2024,16,432,2,seasonal_naive,427.0,1443.0
Sri Lanka,2024,2024,15,2024-W15,431,2024,17,433,2,seasonal_naive,576.0,1198.0
Sri Lanka,2024,2024,16,2024-W16,432,2024,18,434,2,seasonal_naive,537.0,1209.0
Sri Lanka,2024,2024,17,2024-W17,433,2024,19,435,2,seasonal_naive,571.0,1653.0
Sri Lanka,2024,2024,18,2024-W18,434,2024,20,436,2,seasonal_naive,589.0,1438.0
Sri Lanka,2024,2024,19,2024-W19,435,2024,21,437,2,seasonal_naive,663.0,1584.0
Sri Lanka,2024,2024,20,2024-W20,436,2024,22,438,2,seasonal_naive,493.0,2261.0
Sri Lanka,2024,2024,21,2024-W21,437,2024,23,439,2,seasonal_naive,648.0,2164.0
Sri Lanka,2024,2024,22,2024-W22,438,2024,24,440,2,seasonal_naive,640.0,2530.0
Sri Lanka,2024,2024,23,2024-W23,439,2024,25,441,2,seasonal_naive,677.0,2137.0
Sri Lanka,2024,2024,24,2024-W24,440,2024,26,442,2,seasonal_naive,683.0,1738.0
Sri Lanka,2024,2024,25,2024-W25,441,2024,27,443,2,seasonal_naive,875.0,1806.0
Sri Lanka,2024,2024,26,2024-W26,442,2024,28,444,2,seasonal_naive,935.0,1711.0
Sri Lanka,2024,2024,27,2024-W27,443,2024,29,445,2,seasonal_naive,989.0,1545.0
Sri Lanka,2024,2024,28,2024-W28,444,2024,30,446,2,seasonal_naive,992.0,1500.0
Sri Lanka,2024,2024,29,2024-W29,445,2024,31,447,2,seasonal_naive,1031.0,1417.0
Sri Lanka,2024,2024,30,2024-W30,446,2024,32,448,2,seasonal_naive,1004.0,1537.0
Sri Lanka,2024,2024,31,2024-W31,447,2024,33,449,2,seasonal_naive,960.0,1166.0
Sri Lanka,2024,2024,32,2024-W32,448,2024,34,450,2,seasonal_naive,911.0,1219.0
Sri Lanka,2024,2024,33,2024-W33,449,2024,35,451,2,seasonal_naive,857.0,859.0
Sri Lanka,2024,2024,34,2024-W34,450,2024,36,452,2,seasonal_naive,854.0,838.0
Sri Lanka,2024,2024,35,2024-W35,451,2024,37,453,2,seasonal_naive,733.0,702.0
Sri Lanka,2024,2024,36,2024-W36,452,2024,38,454,2,seasonal_naive,694.0,624.0
Sri Lanka,2024,2024,37,2024-W37,453,2024,39,455,2,seasonal_naive,671.0,489.0
Sri Lanka,2024,2024,38,2024-W38,454,2024,40,456,2,seasonal_naive,657.0,730.0
Sri Lanka,2024,2024,39,2024-W39,455,2024,41,457,2,seasonal_naive,686.0,862.0
Sri Lanka,2024,2024,40,2024-W40,456,2024,42,458,2,seasonal_naive,707.0,795.0
Sri Lanka,2024,2024,41,2024-W41,457,2024,43,459,2,seasonal_naive,668.0,1343.0
Sri Lanka,2024,2024,42,2024-W42,458,2024,44,460,2,seasonal_naive,672.0,1291.0
Sri Lanka,2024,2024,43,2024-W43,459,2024,45,461,2,seasonal_naive,669.0,385.0
Sri Lanka,2024,2024,44,2024-W44,460,2024,46,462,2,seasonal_naive,696.0,658.0
Sri Lanka,2024,2024,45,2024-W45,461,2024,47,463,2,seasonal_naive,626.0,727.0
Sri Lanka,2024,2024,46,2024-W46,462,2024,48,464,2,seasonal_naive,913.0,1828.0
Sri Lanka,2024,2024,47,2024-W47,463,2024,49,465,2,seasonal_naive,832.0,2689.0
Sri Lanka,2024,2024,48,2024-W48,464,2024,50,466,2,seasonal_naive,736.0,2587.0
Sri Lanka,2024,2024,49,2024-W49,465,2024,51,467,2,seasonal_naive,915.0,3829.0
Sri Lanka,2024,2023,49,2023-W49,413,2024,1,417,4,moving_average_4,2760.0,1475.5
Sri Lanka,2024,2023,50,2023-W50,414,2024,2,418,4,moving_average_4,2656.0,1957.75
Sri Lanka,2024,2023,51,2023-W51,415,2024,3,419,4,moving_average_4,2913.0,2733.25
Sri Lanka,2024,2024,4,2024-W04,420,2024,8,424,4,moving_average_4,1533.0,2739.75
Sri Lanka,2024,2024,5,2024-W05,421,2024,9,425,4,moving_average_4,1377.0,2733.25
Sri Lanka,2024,2024,6,2024-W06,422,2024,10,426,4,moving_average_4,1136.0,2574.75
Sri Lanka,2024,2024,7,2024-W07,423,2024,11,427,4,moving_average_4,975.0,2380.0
Sri Lanka,2024,2024,8,2024-W08,424,2024,12,428,4,moving_average_4,1004.0,2105.75
Sri Lanka,2024,2024,9,2024-W09,425,2024,13,429,4,moving_average_4,747.0,1766.5
Sri Lanka,2024,2024,10,2024-W10,426,2024,14,430,4,moving_average_4,664.0,1545.0
Sri Lanka,2024,2024,11,2024-W11,427,2024,15,431,4,moving_average_4,614.0,1255.25
Sri Lanka,2024,2024,12,2024-W12,428,2024,16,432,4,moving_average_4,427.0,1123.0
Sri Lanka,2024,2024,13,2024-W13,429,2024,17,433,4,moving_average_4,576.0,965.5
Sri Lanka,2024,2024,14,2024-W14,430,2024,18,434,4,moving_average_4,537.0,847.5
Sri Lanka,2024,2024,15,2024-W15,431,2024,19,435,4,moving_average_4,571.0,757.25
Sri Lanka,2024,2024,16,2024-W16,432,2024,20,436,4,moving_average_4,589.0,613.0
Sri Lanka,2024,2024,17,2024-W17,433,2024,21,437,4,moving_average_4,663.0,570.25
Sri Lanka,2024,2024,18,2024-W18,434,2024,22,438,4,moving_average_4,493.0,538.5
Sri Lanka,2024,2024,19,2024-W19,435,2024,23,439,4,moving_average_4,648.0,527.75
Sri Lanka,2024,2024,20,2024-W20,436,2024,24,440,4,moving_average_4,640.0,568.25
Sri Lanka,2024,2024,21,2024-W21,437,2024,25,441,4,moving_average_4,677.0,590.0
Sri Lanka,2024,2024,22,2024-W22,438,2024,26,442,4,moving_average_4,683.0,579.0
Sri Lanka,2024,2024,23,2024-W23,439,2024,27,443,4,moving_average_4,875.0,598.25
Sri Lanka,2024,2024,24,2024-W24,440,2024,28,444,4,moving_average_4,935.0,611.0
Sri Lanka,2024,2024,25,2024-W25,441,2024,29,445,4,moving_average_4,989.0,614.5
Sri Lanka,2024,2024,26,2024-W26,442,2024,30,446,4,moving_average_4,992.0,662.0
Sri Lanka,2024,2024,27,2024-W27,443,2024,31,447,4,moving_average_4,1031.0,718.75
Sri Lanka,2024,2024,28,2024-W28,444,2024,32,448,4,moving_average_4,1004.0,792.5
Sri Lanka,2024,2024,29,2024-W29,445,2024,33,449,4,moving_average_4,960.0,870.5
Sri Lanka,2024,2024,30,2024-W30,446,2024,34,450,4,moving_average_4,911.0,947.75
Sri Lanka,2024,2024,31,2024-W31,447,2024,35,451,4,moving_average_4,857.0,986.75
Sri Lanka,2024,2024,32,2024-W32,448,2024,36,452,4,moving_average_4,854.0,1004.0
Sri Lanka,2024,2024,33,2024-W33,449,2024,37,453,4,moving_average_4,733.0,996.75
Sri Lanka,2024,2024,34,2024-W34,450,2024,38,454,4,moving_average_4,694.0,976.5
Sri Lanka,2024,2024,35,2024-W35,451,2024,39,455,4,moving_average_4,671.0,933.0
Sri Lanka,2024,2024,36,2024-W36,452,2024,40,456,4,moving_average_4,657.0,895.5
Sri Lanka,2024,2024,37,2024-W37,453,2024,41,457,4,moving_average_4,686.0,838.75
Sri Lanka,2024,2024,38,2024-W38,454,2024,42,458,4,moving_average_4,707.0,784.5
Sri Lanka,2024,2024,39,2024-W39,455,2024,43,459,4,moving_average_4,668.0,738.0
Sri Lanka,2024,2024,40,2024-W40,456,2024,44,460,4,moving_average_4,672.0,688.75
Sri Lanka,2024,2024,41,2024-W41,457,2024,45,461,4,moving_average_4,669.0,677.0
Sri Lanka,2024,2024,42,2024-W42,458,2024,46,462,4,moving_average_4,696.0,680.25
Sri Lanka,2024,2024,43,2024-W43,459,2024,47,463,4,moving_average_4,626.0,679.5
Sri Lanka,2024,2024,44,2024-W44,460,2024,48,464,4,moving_average_4,913.0,683.25
Sri Lanka,2024,2024,45,2024-W45,461,2024,49,465,4,moving_average_4,832.0,679.0
Sri Lanka,2024,2024,46,2024-W46,462,2024,50,466,4,moving_average_4,736.0,676.25
Sri Lanka,2024,2024,47,2024-W47,463,2024,51,467,4,moving_average_4,915.0,665.75
Sri Lanka,2024,2024,48,2024-W48,464,2024,52,468,4,moving_average_4,860.0,726.0
Sri Lanka,2024,2023,49,2023-W49,413,2024,1,417,4,persistence,2760.0,2689.0
Sri Lanka,2024,2023,50,2023-W50,414,2024,2,418,4,persistence,2656.0,2587.0
Sri Lanka,2024,2023,51,2023-W51,415,2024,3,419,4,persistence,2913.0,3829.0
Sri Lanka,2024,2024,1,2024-W01,417,2024,5,421,4,persistence,2734.0,2760.0
Sri Lanka,2024,2024,2,2024-W02,418,2024,6,422,4,persistence,2022.0,2656.0
Sri Lanka,2024,2024,3,2024-W03,419,2024,7,423,4,persistence,2134.0,2913.0
Sri Lanka,2024,2024,4,2024-W04,420,2024,8,424,4,persistence,1533.0,2630.0
Sri Lanka,2024,2024,5,2024-W05,421,2024,9,425,4,persistence,1377.0,2734.0
Sri Lanka,2024,2024,6,2024-W06,422,2024,10,426,4,persistence,1136.0,2022.0
Sri Lanka,2024,2024,7,2024-W07,423,2024,11,427,4,persistence,975.0,2134.0
Sri Lanka,2024,2024,8,2024-W08,424,2024,12,428,4,persistence,1004.0,1533.0
Sri Lanka,2024,2024,9,2024-W09,425,2024,13,429,4,persistence,747.0,1377.0
Sri Lanka,2024,2024,10,2024-W10,426,2024,14,430,4,persistence,664.0,1136.0
Sri Lanka,2024,2024,11,2024-W11,427,2024,15,431,4,persistence,614.0,975.0
Sri Lanka,2024,2024,12,2024-W12,428,2024,16,432,4,persistence,427.0,1004.0
Sri Lanka,2024,2024,13,2024-W13,429,2024,17,433,4,persistence,576.0,747.0
Sri Lanka,2024,2024,14,2024-W14,430,2024,18,434,4,persistence,537.0,664.0
Sri Lanka,2024,2024,15,2024-W15,431,2024,19,435,4,persistence,571.0,614.0
Sri Lanka,2024,2024,16,2024-W16,432,2024,20,436,4,persistence,589.0,427.0
Sri Lanka,2024,2024,17,2024-W17,433,2024,21,437,4,persistence,663.0,576.0
Sri Lanka,2024,2024,18,2024-W18,434,2024,22,438,4,persistence,493.0,537.0
Sri Lanka,2024,2024,19,2024-W19,435,2024,23,439,4,persistence,648.0,571.0
Sri Lanka,2024,2024,20,2024-W20,436,2024,24,440,4,persistence,640.0,589.0
Sri Lanka,2024,2024,21,2024-W21,437,2024,25,441,4,persistence,677.0,663.0
Sri Lanka,2024,2024,22,2024-W22,438,2024,26,442,4,persistence,683.0,493.0
Sri Lanka,2024,2024,23,2024-W23,439,2024,27,443,4,persistence,875.0,648.0
Sri Lanka,2024,2024,24,2024-W24,440,2024,28,444,4,persistence,935.0,640.0
Sri Lanka,2024,2024,25,2024-W25,441,2024,29,445,4,persistence,989.0,677.0
Sri Lanka,2024,2024,26,2024-W26,442,2024,30,446,4,persistence,992.0,683.0
Sri Lanka,2024,2024,27,2024-W27,443,2024,31,447,4,persistence,1031.0,875.0
Sri Lanka,2024,2024,28,2024-W28,444,2024,32,448,4,persistence,1004.0,935.0
Sri Lanka,2024,2024,29,2024-W29,445,2024,33,449,4,persistence,960.0,989.0
Sri Lanka,2024,2024,30,2024-W30,446,2024,34,450,4,persistence,911.0,992.0
Sri Lanka,2024,2024,31,2024-W31,447,2024,35,451,4,persistence,857.0,1031.0
Sri Lanka,2024,2024,32,2024-W32,448,2024,36,452,4,persistence,854.0,1004.0
Sri Lanka,2024,2024,33,2024-W33,449,2024,37,453,4,persistence,733.0,960.0
Sri Lanka,2024,2024,34,2024-W34,450,2024,38,454,4,persistence,694.0,911.0
Sri Lanka,2024,2024,35,2024-W35,451,2024,39,455,4,persistence,671.0,857.0
Sri Lanka,2024,2024,36,2024-W36,452,2024,40,456,4,persistence,657.0,854.0
Sri Lanka,2024,2024,37,2024-W37,453,2024,41,457,4,persistence,686.0,733.0
Sri Lanka,2024,2024,38,2024-W38,454,2024,42,458,4,persistence,707.0,694.0
Sri Lanka,2024,2024,39,2024-W39,455,2024,43,459,4,persistence,668.0,671.0
Sri Lanka,2024,2024,40,2024-W40,456,2024,44,460,4,persistence,672.0,657.0
Sri Lanka,2024,2024,41,2024-W41,457,2024,45,461,4,persistence,669.0,686.0
Sri Lanka,2024,2024,42,2024-W42,458,2024,46,462,4,persistence,696.0,707.0
Sri Lanka,2024,2024,43,2024-W43,459,2024,47,463,4,persistence,626.0,668.0
Sri Lanka,2024,2024,44,2024-W44,460,2024,48,464,4,persistence,913.0,672.0
Sri Lanka,2024,2024,45,2024-W45,461,2024,49,465,4,persistence,832.0,669.0
Sri Lanka,2024,2024,46,2024-W46,462,2024,50,466,4,persistence,736.0,696.0
Sri Lanka,2024,2024,47,2024-W47,463,2024,51,467,4,persistence,915.0,626.0
Sri Lanka,2024,2024,48,2024-W48,464,2024,52,468,4,persistence,860.0,913.0
Sri Lanka,2024,2023,49,2023-W49,413,2024,1,417,4,seasonal_naive,2760.0,1351.0
Sri Lanka,2024,2023,50,2023-W50,414,2024,2,418,4,seasonal_naive,2656.0,1677.0
Sri Lanka,2024,2023,51,2023-W51,415,2024,3,419,4,seasonal_naive,2913.0,1465.0
Sri Lanka,2024,2023,52,2023-W52,416,2024,4,420,4,seasonal_naive,2630.0,1350.0
Sri Lanka,2024,2024,1,2024-W01,417,2024,5,421,4,seasonal_naive,2734.0,1315.0
Sri Lanka,2024,2024,2,2024-W02,418,2024,6,422,4,seasonal_naive,2022.0,1291.0
Sri Lanka,2024,2024,3,2024-W03,419,2024,7,423,4,seasonal_naive,2134.0,1083.0
Sri Lanka,2024,2024,4,2024-W04,420,2024,8,424,4,seasonal_naive,1533.0,1139.0
Sri Lanka,2024,2024,5,2024-W05,421,2024,9,425,4,seasonal_naive,1377.0,1187.0
Sri Lanka,2024,2024,6,2024-W06,422,2024,10,426,4,seasonal_naive,1136.0,1057.0
Sri Lanka,2024,2024,7,2024-W07,423,2024,11,427,4,seasonal_naive,975.0,958.0
Sri Lanka,2024,2024,8,2024-W08,424,2024,12,428,4,seasonal_naive,1004.0,1135.0
Sri Lanka,2024,2024,9,2024-W09,425,2024,13,429,4,seasonal_naive,747.0,1211.0
Sri Lanka,2024,2024,10,2024-W10,426,2024,14,430,4,seasonal_naive,664.0,1037.0
Sri Lanka,2024,2024,11,2024-W11,427,2024,15,431,4,seasonal_naive,614.0,1170.0
Sri Lanka,2024,2024,12,2024-W12,428,2024,16,432,4,seasonal_naive,427.0,1443.0
Sri Lanka,2024,2024,13,2024-W13,429,2024,17,433,4,seasonal_naive,576.0,1198.0
Sri Lanka,2024,2024,14,2024-W14,430,2024,18,434,4,seasonal_naive,537.0,1209.0
Sri Lanka,2024,2024,15,2024-W15,431,2024,19,435,4,seasonal_naive,571.0,1653.0
Sri Lanka,2024,2024,16,2024-W16,432,2024,20,436,4,seasonal_naive,589.0,1438.0
Sri Lanka,2024,2024,17,2024-W17,433,2024,21,437,4,seasonal_naive,663.0,1584.0
Sri Lanka,2024,2024,18,2024-W18,434,2024,22,438,4,seasonal_naive,493.0,2261.0
Sri Lanka,2024,2024,19,2024-W19,435,2024,23,439,4,seasonal_naive,648.0,2164.0
Sri Lanka,2024,2024,20,2024-W20,436,2024,24,440,4,seasonal_naive,640.0,2530.0
Sri Lanka,2024,2024,21,2024-W21,437,2024,25,441,4,seasonal_naive,677.0,2137.0
Sri Lanka,2024,2024,22,2024-W22,438,2024,26,442,4,seasonal_naive,683.0,1738.0
Sri Lanka,2024,2024,23,2024-W23,439,2024,27,443,4,seasonal_naive,875.0,1806.0
Sri Lanka,2024,2024,24,2024-W24,440,2024,28,444,4,seasonal_naive,935.0,1711.0
Sri Lanka,2024,2024,25,2024-W25,441,2024,29,445,4,seasonal_naive,989.0,1545.0
Sri Lanka,2024,2024,26,2024-W26,442,2024,30,446,4,seasonal_naive,992.0,1500.0
Sri Lanka,2024,2024,27,2024-W27,443,2024,31,447,4,seasonal_naive,1031.0,1417.0
Sri Lanka,2024,2024,28,2024-W28,444,2024,32,448,4,seasonal_naive,1004.0,1537.0
Sri Lanka,2024,2024,29,2024-W29,445,2024,33,449,4,seasonal_naive,960.0,1166.0
Sri Lanka,2024,2024,30,2024-W30,446,2024,34,450,4,seasonal_naive,911.0,1219.0
Sri Lanka,2024,2024,31,2024-W31,447,2024,35,451,4,seasonal_naive,857.0,859.0
Sri Lanka,2024,2024,32,2024-W32,448,2024,36,452,4,seasonal_naive,854.0,838.0
Sri Lanka,2024,2024,33,2024-W33,449,2024,37,453,4,seasonal_naive,733.0,702.0
Sri Lanka,2024,2024,34,2024-W34,450,2024,38,454,4,seasonal_naive,694.0,624.0
Sri Lanka,2024,2024,35,2024-W35,451,2024,39,455,4,seasonal_naive,671.0,489.0
Sri Lanka,2024,2024,36,2024-W36,452,2024,40,456,4,seasonal_naive,657.0,730.0
Sri Lanka,2024,2024,37,2024-W37,453,2024,41,457,4,seasonal_naive,686.0,862.0
Sri Lanka,2024,2024,38,2024-W38,454,2024,42,458,4,seasonal_naive,707.0,795.0
Sri Lanka,2024,2024,39,2024-W39,455,2024,43,459,4,seasonal_naive,668.0,1343.0
Sri Lanka,2024,2024,40,2024-W40,456,2024,44,460,4,seasonal_naive,672.0,1291.0
Sri Lanka,2024,2024,41,2024-W41,457,2024,45,461,4,seasonal_naive,669.0,385.0
Sri Lanka,2024,2024,42,2024-W42,458,2024,46,462,4,seasonal_naive,696.0,658.0
Sri Lanka,2024,2024,43,2024-W43,459,2024,47,463,4,seasonal_naive,626.0,727.0
Sri Lanka,2024,2024,44,2024-W44,460,2024,48,464,4,seasonal_naive,913.0,1828.0
Sri Lanka,2024,2024,45,2024-W45,461,2024,49,465,4,seasonal_naive,832.0,2689.0
Sri Lanka,2024,2024,46,2024-W46,462,2024,50,466,4,seasonal_naive,736.0,2587.0
Sri Lanka,2024,2024,47,2024-W47,463,2024,51,467,4,seasonal_naive,915.0,3829.0
Taiwan,2024,2023,52,2023-W52,416,2024,1,417,1,moving_average_4,47.0,297.25
Taiwan,2024,2024,1,2024-W01,417,2024,2,418,1,moving_average_4,40.0,203.75
Taiwan,2024,2024,2,2024-W02,418,2024,3,419,1,moving_average_4,24.0,125.5
Taiwan,2024,2024,3,2024-W03,419,2024,4,420,1,moving_average_4,12.0,65.25
Taiwan,2024,2024,4,2024-W04,420,2024,5,421,1,moving_average_4,7.0,30.75
Taiwan,2024,2024,5,2024-W05,421,2024,6,422,1,moving_average_4,4.0,20.75
Taiwan,2024,2024,6,2024-W06,422,2024,7,423,1,moving_average_4,7.0,11.75
Taiwan,2024,2024,7,2024-W07,423,2024,8,424,1,moving_average_4,18.0,7.5
Taiwan,2024,2024,8,2024-W08,424,2024,9,425,1,moving_average_4,4.0,9.0
Taiwan,2024,2024,9,2024-W09,425,2024,10,426,1,moving_average_4,1.0,8.25
Taiwan,2024,2024,10,2024-W10,426,2024,11,427,1,moving_average_4,1.0,7.5
Taiwan,2024,2024,11,2024-W11,427,2024,12,428,1,moving_average_4,0.0,6.0
Taiwan,2024,2024,12,2024-W12,428,2024,13,429,1,moving_average_4,1.0,1.5
Taiwan,2024,2024,13,2024-W13,429,2024,14,430,1,moving_average_4,3.0,0.75
Taiwan,2024,2024,14,2024-W14,430,2024,15,431,1,moving_average_4,1.0,1.25
Taiwan,2024,2024,15,2024-W15,431,2024,16,432,1,moving_average_4,6.0,1.25
Taiwan,2024,2024,16,2024-W16,432,2024,17,433,1,moving_average_4,1.0,2.75
Taiwan,2024,2024,17,2024-W17,433,2024,18,434,1,moving_average_4,1.0,2.75
Taiwan,2024,2024,18,2024-W18,434,2024,19,435,1,moving_average_4,0.0,2.25
Taiwan,2024,2024,19,2024-W19,435,2024,20,436,1,moving_average_4,0.0,2.0
Taiwan,2024,2024,20,2024-W20,436,2024,21,437,1,moving_average_4,0.0,0.5
Taiwan,2024,2024,21,2024-W21,437,2024,22,438,1,moving_average_4,0.0,0.25
Taiwan,2024,2024,22,2024-W22,438,2024,23,439,1,moving_average_4,2.0,0.0
Taiwan,2024,2024,23,2024-W23,439,2024,24,440,1,moving_average_4,0.0,0.5
Taiwan,2024,2024,24,2024-W24,440,2024,25,441,1,moving_average_4,0.0,0.5
Taiwan,2024,2024,25,2024-W25,441,2024,26,442,1,moving_average_4,0.0,0.5
Taiwan,2024,2024,26,2024-W26,442,2024,27,443,1,moving_average_4,0.0,0.5
Taiwan,2024,2024,27,2024-W27,443,2024,28,444,1,moving_average_4,0.0,0.0
Taiwan,2024,2024,28,2024-W28,444,2024,29,445,1,moving_average_4,0.0,0.0
Taiwan,2024,2024,29,2024-W29,445,2024,30,446,1,moving_average_4,0.0,0.0
Taiwan,2024,2024,30,2024-W30,446,2024,31,447,1,moving_average_4,0.0,0.0
Taiwan,2024,2024,31,2024-W31,447,2024,32,448,1,moving_average_4,0.0,0.0
Taiwan,2024,2024,32,2024-W32,448,2024,33,449,1,moving_average_4,0.0,0.0
Taiwan,2024,2024,33,2024-W33,449,2024,34,450,1,moving_average_4,0.0,0.0
Taiwan,2024,2024,34,2024-W34,450,2024,35,451,1,moving_average_4,0.0,0.0
Taiwan,2024,2024,35,2024-W35,451,2024,36,452,1,moving_average_4,0.0,0.0
Taiwan,2024,2024,36,2024-W36,452,2024,37,453,1,moving_average_4,3.0,0.0
Taiwan,2024,2024,37,2024-W37,453,2024,38,454,1,moving_average_4,28.0,0.75
Taiwan,2024,2024,38,2024-W38,454,2024,39,455,1,moving_average_4,31.0,7.75
Taiwan,2024,2024,39,2024-W39,455,2024,40,456,1,moving_average_4,5.0,15.5
Taiwan,2024,2024,40,2024-W40,456,2024,41,457,1,moving_average_4,4.0,16.75
Taiwan,2024,2024,41,2024-W41,457,2024,42,458,1,moving_average_4,3.0,17.0
Taiwan,2024,2024,42,2024-W42,458,2024,43,459,1,moving_average_4,5.0,10.75
Taiwan,2024,2024,43,2024-W43,459,2024,44,460,1,moving_average_4,2.0,4.25
Taiwan,2024,2024,44,2024-W44,460,2024,45,461,1,moving_average_4,2.0,3.5
Taiwan,2024,2024,45,2024-W45,461,2024,46,462,1,moving_average_4,0.0,3.0
Taiwan,2024,2024,46,2024-W46,462,2024,47,463,1,moving_average_4,1.0,2.25
Taiwan,2024,2024,47,2024-W47,463,2024,48,464,1,moving_average_4,1.0,1.25
Taiwan,2024,2024,48,2024-W48,464,2024,49,465,1,moving_average_4,0.0,1.0
Taiwan,2024,2024,49,2024-W49,465,2024,50,466,1,moving_average_4,2.0,0.5
Taiwan,2024,2024,50,2024-W50,466,2024,51,467,1,moving_average_4,1.0,1.0
Taiwan,2024,2024,51,2024-W51,467,2024,52,468,1,moving_average_4,1.0,1.0
Taiwan,2024,2023,52,2023-W52,416,2024,1,417,1,persistence,47.0,150.0
Taiwan,2024,2024,1,2024-W01,417,2024,2,418,1,persistence,40.0,47.0
Taiwan,2024,2024,2,2024-W02,418,2024,3,419,1,persistence,24.0,40.0
Taiwan,2024,2024,3,2024-W03,419,2024,4,420,1,persistence,12.0,24.0
Taiwan,2024,2024,4,2024-W04,420,2024,5,421,1,persistence,7.0,12.0
Taiwan,2024,2024,5,2024-W05,421,2024,6,422,1,persistence,4.0,7.0
Taiwan,2024,2024,6,2024-W06,422,2024,7,423,1,persistence,7.0,4.0
Taiwan,2024,2024,7,2024-W07,423,2024,8,424,1,persistence,18.0,7.0
Taiwan,2024,2024,8,2024-W08,424,2024,9,425,1,persistence,4.0,18.0
Taiwan,2024,2024,9,2024-W09,425,2024,10,426,1,persistence,1.0,4.0
Taiwan,2024,2024,10,2024-W10,426,2024,11,427,1,persistence,1.0,1.0
Taiwan,2024,2024,11,2024-W11,427,2024,12,428,1,persistence,0.0,1.0
Taiwan,2024,2024,12,2024-W12,428,2024,13,429,1,persistence,1.0,0.0
Taiwan,2024,2024,13,2024-W13,429,2024,14,430,1,persistence,3.0,1.0
Taiwan,2024,2024,14,2024-W14,430,2024,15,431,1,persistence,1.0,3.0
Taiwan,2024,2024,15,2024-W15,431,2024,16,432,1,persistence,6.0,1.0
Taiwan,2024,2024,16,2024-W16,432,2024,17,433,1,persistence,1.0,6.0
Taiwan,2024,2024,17,2024-W17,433,2024,18,434,1,persistence,1.0,1.0
Taiwan,2024,2024,18,2024-W18,434,2024,19,435,1,persistence,0.0,1.0
Taiwan,2024,2024,19,2024-W19,435,2024,20,436,1,persistence,0.0,0.0
Taiwan,2024,2024,20,2024-W20,436,2024,21,437,1,persistence,0.0,0.0
Taiwan,2024,2024,21,2024-W21,437,2024,22,438,1,persistence,0.0,0.0
Taiwan,2024,2024,22,2024-W22,438,2024,23,439,1,persistence,2.0,0.0
Taiwan,2024,2024,23,2024-W23,439,2024,24,440,1,persistence,0.0,2.0
Taiwan,2024,2024,24,2024-W24,440,2024,25,441,1,persistence,0.0,0.0
Taiwan,2024,2024,25,2024-W25,441,2024,26,442,1,persistence,0.0,0.0
Taiwan,2024,2024,26,2024-W26,442,2024,27,443,1,persistence,0.0,0.0
Taiwan,2024,2024,27,2024-W27,443,2024,28,444,1,persistence,0.0,0.0
Taiwan,2024,2024,28,2024-W28,444,2024,29,445,1,persistence,0.0,0.0
Taiwan,2024,2024,29,2024-W29,445,2024,30,446,1,persistence,0.0,0.0
Taiwan,2024,2024,30,2024-W30,446,2024,31,447,1,persistence,0.0,0.0
Taiwan,2024,2024,31,2024-W31,447,2024,32,448,1,persistence,0.0,0.0
Taiwan,2024,2024,32,2024-W32,448,2024,33,449,1,persistence,0.0,0.0
Taiwan,2024,2024,33,2024-W33,449,2024,34,450,1,persistence,0.0,0.0
Taiwan,2024,2024,34,2024-W34,450,2024,35,451,1,persistence,0.0,0.0
Taiwan,2024,2024,35,2024-W35,451,2024,36,452,1,persistence,0.0,0.0
Taiwan,2024,2024,36,2024-W36,452,2024,37,453,1,persistence,3.0,0.0
Taiwan,2024,2024,37,2024-W37,453,2024,38,454,1,persistence,28.0,3.0
Taiwan,2024,2024,38,2024-W38,454,2024,39,455,1,persistence,31.0,28.0
Taiwan,2024,2024,39,2024-W39,455,2024,40,456,1,persistence,5.0,31.0
Taiwan,2024,2024,40,2024-W40,456,2024,41,457,1,persistence,4.0,5.0
Taiwan,2024,2024,41,2024-W41,457,2024,42,458,1,persistence,3.0,4.0
Taiwan,2024,2024,42,2024-W42,458,2024,43,459,1,persistence,5.0,3.0
Taiwan,2024,2024,43,2024-W43,459,2024,44,460,1,persistence,2.0,5.0
Taiwan,2024,2024,44,2024-W44,460,2024,45,461,1,persistence,2.0,2.0
Taiwan,2024,2024,45,2024-W45,461,2024,46,462,1,persistence,0.0,2.0
Taiwan,2024,2024,46,2024-W46,462,2024,47,463,1,persistence,1.0,0.0
Taiwan,2024,2024,47,2024-W47,463,2024,48,464,1,persistence,1.0,1.0
Taiwan,2024,2024,48,2024-W48,464,2024,49,465,1,persistence,0.0,1.0
Taiwan,2024,2024,49,2024-W49,465,2024,50,466,1,persistence,2.0,0.0
Taiwan,2024,2024,50,2024-W50,466,2024,51,467,1,persistence,1.0,2.0
Taiwan,2024,2024,51,2024-W51,467,2024,52,468,1,persistence,1.0,1.0
Taiwan,2024,2023,52,2023-W52,416,2024,1,417,1,seasonal_naive,47.0,0.0
Taiwan,2024,2024,1,2024-W01,417,2024,2,418,1,seasonal_naive,40.0,0.0
Taiwan,2024,2024,2,2024-W02,418,2024,3,419,1,seasonal_naive,24.0,0.0
Taiwan,2024,2024,3,2024-W03,419,2024,4,420,1,seasonal_naive,12.0,0.0
Taiwan,2024,2024,4,2024-W04,420,2024,5,421,1,seasonal_naive,7.0,0.0
Taiwan,2024,2024,5,2024-W05,421,2024,6,422,1,seasonal_naive,4.0,0.0
Taiwan,2024,2024,6,2024-W06,422,2024,7,423,1,seasonal_naive,7.0,0.0
Taiwan,2024,2024,7,2024-W07,423,2024,8,424,1,seasonal_naive,18.0,0.0
Taiwan,2024,2024,8,2024-W08,424,2024,9,425,1,seasonal_naive,4.0,0.0
Taiwan,2024,2024,9,2024-W09,425,2024,10,426,1,seasonal_naive,1.0,0.0
Taiwan,2024,2024,10,2024-W10,426,2024,11,427,1,seasonal_naive,1.0,0.0
Taiwan,2024,2024,11,2024-W11,427,2024,12,428,1,seasonal_naive,0.0,0.0
Taiwan,2024,2024,12,2024-W12,428,2024,13,429,1,seasonal_naive,1.0,0.0
Taiwan,2024,2024,13,2024-W13,429,2024,14,430,1,seasonal_naive,3.0,0.0
Taiwan,2024,2024,14,2024-W14,430,2024,15,431,1,seasonal_naive,1.0,0.0
Taiwan,2024,2024,15,2024-W15,431,2024,16,432,1,seasonal_naive,6.0,0.0
Taiwan,2024,2024,16,2024-W16,432,2024,17,433,1,seasonal_naive,1.0,0.0
Taiwan,2024,2024,17,2024-W17,433,2024,18,434,1,seasonal_naive,1.0,0.0
Taiwan,2024,2024,18,2024-W18,434,2024,19,435,1,seasonal_naive,0.0,0.0
Taiwan,2024,2024,19,2024-W19,435,2024,20,436,1,seasonal_naive,0.0,0.0
Taiwan,2024,2024,20,2024-W20,436,2024,21,437,1,seasonal_naive,0.0,0.0
Taiwan,2024,2024,21,2024-W21,437,2024,22,438,1,seasonal_naive,0.0,0.0
Taiwan,2024,2024,22,2024-W22,438,2024,23,439,1,seasonal_naive,2.0,2.0
Taiwan,2024,2024,23,2024-W23,439,2024,24,440,1,seasonal_naive,0.0,5.0
Taiwan,2024,2024,24,2024-W24,440,2024,25,441,1,seasonal_naive,0.0,26.0
Taiwan,2024,2024,25,2024-W25,441,2024,26,442,1,seasonal_naive,0.0,62.0
Taiwan,2024,2024,26,2024-W26,442,2024,27,443,1,seasonal_naive,0.0,117.0
Taiwan,2024,2024,27,2024-W27,443,2024,28,444,1,seasonal_naive,0.0,128.0
Taiwan,2024,2024,28,2024-W28,444,2024,29,445,1,seasonal_naive,0.0,129.0
Taiwan,2024,2024,29,2024-W29,445,2024,30,446,1,seasonal_naive,0.0,209.0
Taiwan,2024,2024,30,2024-W30,446,2024,31,447,1,seasonal_naive,0.0,205.0
Taiwan,2024,2024,31,2024-W31,447,2024,32,448,1,seasonal_naive,0.0,302.0
Taiwan,2024,2024,32,2024-W32,448,2024,33,449,1,seasonal_naive,0.0,470.0
Taiwan,2024,2024,33,2024-W33,449,2024,34,450,1,seasonal_naive,0.0,566.0
Taiwan,2024,2024,34,2024-W34,450,2024,35,451,1,seasonal_naive,0.0,911.0
Taiwan,2024,2024,35,2024-W35,451,2024,36,452,1,seasonal_naive,0.0,1414.0
Taiwan,2024,2024,36,2024-W36,452,2024,37,453,1,seasonal_naive,3.0,2121.0
Taiwan,2024,2024,37,2024-W37,453,2024,38,454,1,seasonal_naive,28.0,1922.0
Taiwan,2024,2024,38,2024-W38,454,2024,39,455,1,seasonal_naive,31.0,2046.0
Taiwan,2024,2024,39,2024-W39,455,2024,40,456,1,seasonal_naive,5.0,2586.0
Taiwan,2024,2024,40,2024-W40,456,2024,41,457,1,seasonal_naive,4.0,2259.0
Taiwan,2024,2024,41,2024-W41,457,2024,42,458,1,seasonal_naive,3.0,1765.0
Taiwan,2024,2024,42,2024-W42,458,2024,43,459,1,seasonal_naive,5.0,1758.0
Taiwan,2024,2024,43,2024-W43,459,2024,44,460,1,seasonal_naive,2.0,1486.0
Taiwan,2024,2024,44,2024-W44,460,2024,45,461,1,seasonal_naive,2.0,1587.0
Taiwan,2024,2024,45,2024-W45,461,2024,46,462,1,seasonal_naive,0.0,1342.0
Taiwan,2024,2024,46,2024-W46,462,2024,47,463,1,seasonal_naive,1.0,1042.0
Taiwan,2024,2024,47,2024-W47,463,2024,48,464,1,seasonal_naive,1.0,680.0
Taiwan,2024,2024,48,2024-W48,464,2024,49,465,1,seasonal_naive,0.0,421.0
Taiwan,2024,2024,49,2024-W49,465,2024,50,466,1,seasonal_naive,2.0,353.0
Taiwan,2024,2024,50,2024-W50,466,2024,51,467,1,seasonal_naive,1.0,265.0
Taiwan,2024,2024,51,2024-W51,467,2024,52,468,1,seasonal_naive,1.0,150.0
Taiwan,2024,2023,51,2023-W51,415,2024,1,417,2,moving_average_4,47.0,429.75
Taiwan,2024,2023,52,2023-W52,416,2024,2,418,2,moving_average_4,40.0,297.25
Taiwan,2024,2024,1,2024-W01,417,2024,3,419,2,moving_average_4,24.0,203.75
Taiwan,2024,2024,2,2024-W02,418,2024,4,420,2,moving_average_4,12.0,125.5
Taiwan,2024,2024,3,2024-W03,419,2024,5,421,2,moving_average_4,7.0,65.25
Taiwan,2024,2024,4,2024-W04,420,2024,6,422,2,moving_average_4,4.0,30.75
Taiwan,2024,2024,5,2024-W05,421,2024,7,423,2,moving_average_4,7.0,20.75
Taiwan,2024,2024,6,2024-W06,422,2024,8,424,2,moving_average_4,18.0,11.75
Taiwan,2024,2024,7,2024-W07,423,2024,9,425,2,moving_average_4,4.0,7.5
Taiwan,2024,2024,8,2024-W08,424,2024,10,426,2,moving_average_4,1.0,9.0
Taiwan,2024,2024,9,2024-W09,425,2024,11,427,2,moving_average_4,1.0,8.25
Taiwan,2024,2024,10,2024-W10,426,2024,12,428,2,moving_average_4,0.0,7.5
Taiwan,2024,2024,11,2024-W11,427,2024,13,429,2,moving_average_4,1.0,6.0
Taiwan,2024,2024,12,2024-W12,428,2024,14,430,2,moving_average_4,3.0,1.5
Taiwan,2024,2024,13,2024-W13,429,2024,15,431,2,moving_average_4,1.0,0.75
Taiwan,2024,2024,14,2024-W14,430,2024,16,432,2,moving_average_4,6.0,1.25
Taiwan,2024,2024,15,2024-W15,431,2024,17,433,2,moving_average_4,1.0,1.25
Taiwan,2024,2024,16,2024-W16,432,2024,18,434,2,moving_average_4,1.0,2.75
Taiwan,2024,2024,17,2024-W17,433,2024,19,435,2,moving_average_4,0.0,2.75
Taiwan,2024,2024,18,2024-W18,434,2024,20,436,2,moving_average_4,0.0,2.25
Taiwan,2024,2024,19,2024-W19,435,2024,21,437,2,moving_average_4,0.0,2.0
Taiwan,2024,2024,20,2024-W20,436,2024,22,438,2,moving_average_4,0.0,0.5
Taiwan,2024,2024,21,2024-W21,437,2024,23,439,2,moving_average_4,2.0,0.25
Taiwan,2024,2024,22,2024-W22,438,2024,24,440,2,moving_average_4,0.0,0.0
Taiwan,2024,2024,23,2024-W23,439,2024,25,441,2,moving_average_4,0.0,0.5
Taiwan,2024,2024,24,2024-W24,440,2024,26,442,2,moving_average_4,0.0,0.5
Taiwan,2024,2024,25,2024-W25,441,2024,27,443,2,moving_average_4,0.0,0.5
Taiwan,2024,2024,26,2024-W26,442,2024,28,444,2,moving_average_4,0.0,0.5
Taiwan,2024,2024,27,2024-W27,443,2024,29,445,2,moving_average_4,0.0,0.0
Taiwan,2024,2024,28,2024-W28,444,2024,30,446,2,moving_average_4,0.0,0.0
Taiwan,2024,2024,29,2024-W29,445,2024,31,447,2,moving_average_4,0.0,0.0
Taiwan,2024,2024,30,2024-W30,446,2024,32,448,2,moving_average_4,0.0,0.0
Taiwan,2024,2024,31,2024-W31,447,2024,33,449,2,moving_average_4,0.0,0.0
Taiwan,2024,2024,32,2024-W32,448,2024,34,450,2,moving_average_4,0.0,0.0
Taiwan,2024,2024,33,2024-W33,449,2024,35,451,2,moving_average_4,0.0,0.0
Taiwan,2024,2024,34,2024-W34,450,2024,36,452,2,moving_average_4,0.0,0.0
Taiwan,2024,2024,35,2024-W35,451,2024,37,453,2,moving_average_4,3.0,0.0
Taiwan,2024,2024,36,2024-W36,452,2024,38,454,2,moving_average_4,28.0,0.0
Taiwan,2024,2024,37,2024-W37,453,2024,39,455,2,moving_average_4,31.0,0.75
Taiwan,2024,2024,38,2024-W38,454,2024,40,456,2,moving_average_4,5.0,7.75
Taiwan,2024,2024,39,2024-W39,455,2024,41,457,2,moving_average_4,4.0,15.5
Taiwan,2024,2024,40,2024-W40,456,2024,42,458,2,moving_average_4,3.0,16.75
Taiwan,2024,2024,41,2024-W41,457,2024,43,459,2,moving_average_4,5.0,17.0
Taiwan,2024,2024,42,2024-W42,458,2024,44,460,2,moving_average_4,2.0,10.75
Taiwan,2024,2024,43,2024-W43,459,2024,45,461,2,moving_average_4,2.0,4.25
Taiwan,2024,2024,44,2024-W44,460,2024,46,462,2,moving_average_4,0.0,3.5
Taiwan,2024,2024,45,2024-W45,461,2024,47,463,2,moving_average_4,1.0,3.0
Taiwan,2024,2024,46,2024-W46,462,2024,48,464,2,moving_average_4,1.0,2.25
Taiwan,2024,2024,47,2024-W47,463,2024,49,465,2,moving_average_4,0.0,1.25
Taiwan,2024,2024,48,2024-W48,464,2024,50,466,2,moving_average_4,2.0,1.0
Taiwan,2024,2024,49,2024-W49,465,2024,51,467,2,moving_average_4,1.0,0.5
Taiwan,2024,2024,50,2024-W50,466,2024,52,468,2,moving_average_4,1.0,1.0
Taiwan,2024,2023,51,2023-W51,415,2024,1,417,2,persistence,47.0,265.0
Taiwan,2024,2023,52,2023-W52,416,2024,2,418,2,persistence,40.0,150.0
Taiwan,2024,2024,1,2024-W01,417,2024,3,419,2,persistence,24.0,47.0
Taiwan,2024,2024,2,2024-W02,418,2024,4,420,2,persistence,12.0,40.0
Taiwan,2024,2024,3,2024-W03,419,2024,5,421,2,persistence,7.0,24.0
Taiwan,2024,2024,4,2024-W04,420,2024,6,422,2,persistence,4.0,12.0
Taiwan,2024,2024,5,2024-W05,421,2024,7,423,2,persistence,7.0,7.0
Taiwan,2024,2024,6,2024-W06,422,2024,8,424,2,persistence,18.0,4.0
Taiwan,2024,2024,7,2024-W07,423,2024,9,425,2,persistence,4.0,7.0
Taiwan,2024,2024,8,2024-W08,424,2024,10,426,2,persistence,1.0,18.0
Taiwan,2024,2024,9,2024-W09,425,2024,11,427,2,persistence,1.0,4.0
Taiwan,2024,2024,10,2024-W10,426,2024,12,428,2,persistence,0.0,1.0
Taiwan,2024,2024,11,2024-W11,427,2024,13,429,2,persistence,1.0,1.0
Taiwan,2024,2024,12,2024-W12,428,2024,14,430,2,persistence,3.0,0.0
Taiwan,2024,2024,13,2024-W13,429,2024,15,431,2,persistence,1.0,1.0
Taiwan,2024,2024,14,2024-W14,430,2024,16,432,2,persistence,6.0,3.0
Taiwan,2024,2024,15,2024-W15,431,2024,17,433,2,persistence,1.0,1.0
Taiwan,2024,2024,16,2024-W16,432,2024,18,434,2,persistence,1.0,6.0
Taiwan,2024,2024,17,2024-W17,433,2024,19,435,2,persistence,0.0,1.0
Taiwan,2024,2024,18,2024-W18,434,2024,20,436,2,persistence,0.0,1.0
Taiwan,2024,2024,19,2024-W19,435,2024,21,437,2,persistence,0.0,0.0
Taiwan,2024,2024,20,2024-W20,436,2024,22,438,2,persistence,0.0,0.0
Taiwan,2024,2024,21,2024-W21,437,2024,23,439,2,persistence,2.0,0.0
Taiwan,2024,2024,22,2024-W22,438,2024,24,440,2,persistence,0.0,0.0
Taiwan,2024,2024,23,2024-W23,439,2024,25,441,2,persistence,0.0,2.0
Taiwan,2024,2024,24,2024-W24,440,2024,26,442,2,persistence,0.0,0.0
Taiwan,2024,2024,25,2024-W25,441,2024,27,443,2,persistence,0.0,0.0
Taiwan,2024,2024,26,2024-W26,442,2024,28,444,2,persistence,0.0,0.0
Taiwan,2024,2024,27,2024-W27,443,2024,29,445,2,persistence,0.0,0.0
Taiwan,2024,2024,28,2024-W28,444,2024,30,446,2,persistence,0.0,0.0
Taiwan,2024,2024,29,2024-W29,445,2024,31,447,2,persistence,0.0,0.0
Taiwan,2024,2024,30,2024-W30,446,2024,32,448,2,persistence,0.0,0.0
Taiwan,2024,2024,31,2024-W31,447,2024,33,449,2,persistence,0.0,0.0
Taiwan,2024,2024,32,2024-W32,448,2024,34,450,2,persistence,0.0,0.0
Taiwan,2024,2024,33,2024-W33,449,2024,35,451,2,persistence,0.0,0.0
Taiwan,2024,2024,34,2024-W34,450,2024,36,452,2,persistence,0.0,0.0
Taiwan,2024,2024,35,2024-W35,451,2024,37,453,2,persistence,3.0,0.0
Taiwan,2024,2024,36,2024-W36,452,2024,38,454,2,persistence,28.0,0.0
Taiwan,2024,2024,37,2024-W37,453,2024,39,455,2,persistence,31.0,3.0
Taiwan,2024,2024,38,2024-W38,454,2024,40,456,2,persistence,5.0,28.0
Taiwan,2024,2024,39,2024-W39,455,2024,41,457,2,persistence,4.0,31.0
Taiwan,2024,2024,40,2024-W40,456,2024,42,458,2,persistence,3.0,5.0
Taiwan,2024,2024,41,2024-W41,457,2024,43,459,2,persistence,5.0,4.0
Taiwan,2024,2024,42,2024-W42,458,2024,44,460,2,persistence,2.0,3.0
Taiwan,2024,2024,43,2024-W43,459,2024,45,461,2,persistence,2.0,5.0
Taiwan,2024,2024,44,2024-W44,460,2024,46,462,2,persistence,0.0,2.0
Taiwan,2024,2024,45,2024-W45,461,2024,47,463,2,persistence,1.0,2.0
Taiwan,2024,2024,46,2024-W46,462,2024,48,464,2,persistence,1.0,0.0
Taiwan,2024,2024,47,2024-W47,463,2024,49,465,2,persistence,0.0,1.0
Taiwan,2024,2024,48,2024-W48,464,2024,50,466,2,persistence,2.0,1.0
Taiwan,2024,2024,49,2024-W49,465,2024,51,467,2,persistence,1.0,0.0
Taiwan,2024,2024,50,2024-W50,466,2024,52,468,2,persistence,1.0,2.0
Taiwan,2024,2023,51,2023-W51,415,2024,1,417,2,seasonal_naive,47.0,0.0
Taiwan,2024,2023,52,2023-W52,416,2024,2,418,2,seasonal_naive,40.0,0.0
Taiwan,2024,2024,1,2024-W01,417,2024,3,419,2,seasonal_naive,24.0,0.0
Taiwan,2024,2024,2,2024-W02,418,2024,4,420,2,seasonal_naive,12.0,0.0
Taiwan,2024,2024,3,2024-W03,419,2024,5,421,2,seasonal_naive,7.0,0.0
Taiwan,2024,2024,4,2024-W04,420,2024,6,422,2,seasonal_naive,4.0,0.0
Taiwan,2024,2024,5,2024-W05,421,2024,7,423,2,seasonal_naive,7.0,0.0
Taiwan,2024,2024,6,2024-W06,422,2024,8,424,2,seasonal_naive,18.0,0.0
Taiwan,2024,2024,7,2024-W07,423,2024,9,425,2,seasonal_naive,4.0,0.0
Taiwan,2024,2024,8,2024-W08,424,2024,10,426,2,seasonal_naive,1.0,0.0
Taiwan,2024,2024,9,2024-W09,425,2024,11,427,2,seasonal_naive,1.0,0.0
Taiwan,2024,2024,10,2024-W10,426,2024,12,428,2,seasonal_naive,0.0,0.0
Taiwan,2024,2024,11,2024-W11,427,2024,13,429,2,seasonal_naive,1.0,0.0
Taiwan,2024,2024,12,2024-W12,428,2024,14,430,2,seasonal_naive,3.0,0.0
Taiwan,2024,2024,13,2024-W13,429,2024,15,431,2,seasonal_naive,1.0,0.0
Taiwan,2024,2024,14,2024-W14,430,2024,16,432,2,seasonal_naive,6.0,0.0
Taiwan,2024,2024,15,2024-W15,431,2024,17,433,2,seasonal_naive,1.0,0.0
Taiwan,2024,2024,16,2024-W16,432,2024,18,434,2,seasonal_naive,1.0,0.0
Taiwan,2024,2024,17,2024-W17,433,2024,19,435,2,seasonal_naive,0.0,0.0
Taiwan,2024,2024,18,2024-W18,434,2024,20,436,2,seasonal_naive,0.0,0.0
Taiwan,2024,2024,19,2024-W19,435,2024,21,437,2,seasonal_naive,0.0,0.0
Taiwan,2024,2024,20,2024-W20,436,2024,22,438,2,seasonal_naive,0.0,0.0
Taiwan,2024,2024,21,2024-W21,437,2024,23,439,2,seasonal_naive,2.0,2.0
Taiwan,2024,2024,22,2024-W22,438,2024,24,440,2,seasonal_naive,0.0,5.0
Taiwan,2024,2024,23,2024-W23,439,2024,25,441,2,seasonal_naive,0.0,26.0
Taiwan,2024,2024,24,2024-W24,440,2024,26,442,2,seasonal_naive,0.0,62.0
Taiwan,2024,2024,25,2024-W25,441,2024,27,443,2,seasonal_naive,0.0,117.0
Taiwan,2024,2024,26,2024-W26,442,2024,28,444,2,seasonal_naive,0.0,128.0
Taiwan,2024,2024,27,2024-W27,443,2024,29,445,2,seasonal_naive,0.0,129.0
Taiwan,2024,2024,28,2024-W28,444,2024,30,446,2,seasonal_naive,0.0,209.0
Taiwan,2024,2024,29,2024-W29,445,2024,31,447,2,seasonal_naive,0.0,205.0
Taiwan,2024,2024,30,2024-W30,446,2024,32,448,2,seasonal_naive,0.0,302.0
Taiwan,2024,2024,31,2024-W31,447,2024,33,449,2,seasonal_naive,0.0,470.0
Taiwan,2024,2024,32,2024-W32,448,2024,34,450,2,seasonal_naive,0.0,566.0
Taiwan,2024,2024,33,2024-W33,449,2024,35,451,2,seasonal_naive,0.0,911.0
Taiwan,2024,2024,34,2024-W34,450,2024,36,452,2,seasonal_naive,0.0,1414.0
Taiwan,2024,2024,35,2024-W35,451,2024,37,453,2,seasonal_naive,3.0,2121.0
Taiwan,2024,2024,36,2024-W36,452,2024,38,454,2,seasonal_naive,28.0,1922.0
Taiwan,2024,2024,37,2024-W37,453,2024,39,455,2,seasonal_naive,31.0,2046.0
Taiwan,2024,2024,38,2024-W38,454,2024,40,456,2,seasonal_naive,5.0,2586.0
Taiwan,2024,2024,39,2024-W39,455,2024,41,457,2,seasonal_naive,4.0,2259.0
Taiwan,2024,2024,40,2024-W40,456,2024,42,458,2,seasonal_naive,3.0,1765.0
Taiwan,2024,2024,41,2024-W41,457,2024,43,459,2,seasonal_naive,5.0,1758.0
Taiwan,2024,2024,42,2024-W42,458,2024,44,460,2,seasonal_naive,2.0,1486.0
Taiwan,2024,2024,43,2024-W43,459,2024,45,461,2,seasonal_naive,2.0,1587.0
Taiwan,2024,2024,44,2024-W44,460,2024,46,462,2,seasonal_naive,0.0,1342.0
Taiwan,2024,2024,45,2024-W45,461,2024,47,463,2,seasonal_naive,1.0,1042.0
Taiwan,2024,2024,46,2024-W46,462,2024,48,464,2,seasonal_naive,1.0,680.0
Taiwan,2024,2024,47,2024-W47,463,2024,49,465,2,seasonal_naive,0.0,421.0
Taiwan,2024,2024,48,2024-W48,464,2024,50,466,2,seasonal_naive,2.0,353.0
Taiwan,2024,2024,49,2024-W49,465,2024,51,467,2,seasonal_naive,1.0,265.0
Taiwan,2024,2024,50,2024-W50,466,2024,52,468,2,seasonal_naive,1.0,150.0
Taiwan,2024,2023,49,2023-W49,413,2024,1,417,4,moving_average_4,47.0,871.25
Taiwan,2024,2023,50,2023-W50,414,2024,2,418,4,moving_average_4,40.0,624.0
Taiwan,2024,2023,51,2023-W51,415,2024,3,419,4,moving_average_4,24.0,429.75
Taiwan,2024,2023,52,2023-W52,416,2024,4,420,4,moving_average_4,12.0,297.25
Taiwan,2024,2024,1,2024-W01,417,2024,5,421,4,moving_average_4,7.0,203.75
Taiwan,2024,2024,2,2024-W02,418,2024,6,422,4,moving_average_4,4.0,125.5
Taiwan,2024,2024,3,2024-W03,419,2024,7,423,4,moving_average_4,7.0,65.25
Taiwan,2024,2024,4,2024-W04,420,2024,8,424,4,moving_average_4,18.0,30.75
Taiwan,2024,2024,5,2024-W05,421,2024,9,425,4,moving_average_4,4.0,20.75
Taiwan,2024,2024,6,2024-W06,422,2024,10,426,4,moving_average_4,1.0,11.75
Taiwan,2024,2024,7,2024-W07,423,2024,11,427,4,moving_average_4,1.0,7.5
Taiwan,2024,2024,8,2024-W08,424,2024,12,428,4,moving_average_4,0.0,9.0
Taiwan,2024,2024,9,2024-W09,425,2024,13,429,4,moving_average_4,1.0,8.25
Taiwan,2024,2024,10,2024-W10,426,2024,14,430,4,moving_average_4,3.0,7.5
Taiwan,2024,2024,11,2024-W11,427,2024,15,431,4,moving_average_4,1.0,6.0
Taiwan,2024,2024,12,2024-W12,428,2024,16,432,4,moving_average_4,6.0,1.5
Taiwan,2024,2024,13,2024-W13,429,2024,17,433,4,moving_average_4,1.0,0.75
Taiwan,2024,2024,14,2024-W14,430,2024,18,434,4,moving_average_4,1.0,1.25
Taiwan,2024,2024,15,2024-W15,431,2024,19,435,4,moving_average_4,0.0,1.25
Taiwan,2024,2024,16,2024-W16,432,2024,20,436,4,moving_average_4,0.0,2.75
Taiwan,2024,2024,17,2024-W17,433,2024,21,437,4,moving_average_4,0.0,2.75
Taiwan,2024,2024,18,2024-W18,434,2024,22,438,4,moving_average_4,0.0,2.25
Taiwan,2024,2024,19,2024-W19,435,2024,23,439,4,moving_average_4,2.0,2.0
Taiwan,2024,2024,20,2024-W20,436,2024,24,440,4,moving_average_4,0.0,0.5
Taiwan,2024,2024,21,2024-W21,437,2024,25,441,4,moving_average_4,0.0,0.25
Taiwan,2024,2024,22,2024-W22,438,2024,26,442,4,moving_average_4,0.0,0.0
Taiwan,2024,2024,23,2024-W23,439,2024,27,443,4,moving_average_4,0.0,0.5
Taiwan,2024,2024,24,2024-W24,440,2024,28,444,4,moving_average_4,0.0,0.5
Taiwan,2024,2024,25,2024-W25,441,2024,29,445,4,moving_average_4,0.0,0.5
Taiwan,2024,2024,26,2024-W26,442,2024,30,446,4,moving_average_4,0.0,0.5
Taiwan,2024,2024,27,2024-W27,443,2024,31,447,4,moving_average_4,0.0,0.0
Taiwan,2024,2024,28,2024-W28,444,2024,32,448,4,moving_average_4,0.0,0.0
Taiwan,2024,2024,29,2024-W29,445,2024,33,449,4,moving_average_4,0.0,0.0
Taiwan,2024,2024,30,2024-W30,446,2024,34,450,4,moving_average_4,0.0,0.0
Taiwan,2024,2024,31,2024-W31,447,2024,35,451,4,moving_average_4,0.0,0.0
Taiwan,2024,2024,32,2024-W32,448,2024,36,452,4,moving_average_4,0.0,0.0
Taiwan,2024,2024,33,2024-W33,449,2024,37,453,4,moving_average_4,3.0,0.0
Taiwan,2024,2024,34,2024-W34,450,2024,38,454,4,moving_average_4,28.0,0.0
Taiwan,2024,2024,35,2024-W35,451,2024,39,455,4,moving_average_4,31.0,0.0
Taiwan,2024,2024,36,2024-W36,452,2024,40,456,4,moving_average_4,5.0,0.0
Taiwan,2024,2024,37,2024-W37,453,2024,41,457,4,moving_average_4,4.0,0.75
Taiwan,2024,2024,38,2024-W38,454,2024,42,458,4,moving_average_4,3.0,7.75
Taiwan,2024,2024,39,2024-W39,455,2024,43,459,4,moving_average_4,5.0,15.5
Taiwan,2024,2024,40,2024-W40,456,2024,44,460,4,moving_average_4,2.0,16.75
Taiwan,2024,2024,41,2024-W41,457,2024,45,461,4,moving_average_4,2.0,17.0
Taiwan,2024,2024,42,2024-W42,458,2024,46,462,4,moving_average_4,0.0,10.75
Taiwan,2024,2024,43,2024-W43,459,2024,47,463,4,moving_average_4,1.0,4.25
Taiwan,2024,2024,44,2024-W44,460,2024,48,464,4,moving_average_4,1.0,3.5
Taiwan,2024,2024,45,2024-W45,461,2024,49,465,4,moving_average_4,0.0,3.0
Taiwan,2024,2024,46,2024-W46,462,2024,50,466,4,moving_average_4,2.0,2.25
Taiwan,2024,2024,47,2024-W47,463,2024,51,467,4,moving_average_4,1.0,1.25
Taiwan,2024,2024,48,2024-W48,464,2024,52,468,4,moving_average_4,1.0,1.0
Taiwan,2024,2023,49,2023-W49,413,2024,1,417,4,persistence,47.0,421.0
Taiwan,2024,2023,50,2023-W50,414,2024,2,418,4,persistence,40.0,353.0
Taiwan,2024,2023,51,2023-W51,415,2024,3,419,4,persistence,24.0,265.0
Taiwan,2024,2023,52,2023-W52,416,2024,4,420,4,persistence,12.0,150.0
Taiwan,2024,2024,1,2024-W01,417,2024,5,421,4,persistence,7.0,47.0
Taiwan,2024,2024,2,2024-W02,418,2024,6,422,4,persistence,4.0,40.0
Taiwan,2024,2024,3,2024-W03,419,2024,7,423,4,persistence,7.0,24.0
Taiwan,2024,2024,4,2024-W04,420,2024,8,424,4,persistence,18.0,12.0
Taiwan,2024,2024,5,2024-W05,421,2024,9,425,4,persistence,4.0,7.0
Taiwan,2024,2024,6,2024-W06,422,2024,10,426,4,persistence,1.0,4.0
Taiwan,2024,2024,7,2024-W07,423,2024,11,427,4,persistence,1.0,7.0
Taiwan,2024,2024,8,2024-W08,424,2024,12,428,4,persistence,0.0,18.0
Taiwan,2024,2024,9,2024-W09,425,2024,13,429,4,persistence,1.0,4.0
Taiwan,2024,2024,10,2024-W10,426,2024,14,430,4,persistence,3.0,1.0
Taiwan,2024,2024,11,2024-W11,427,2024,15,431,4,persistence,1.0,1.0
Taiwan,2024,2024,12,2024-W12,428,2024,16,432,4,persistence,6.0,0.0
Taiwan,2024,2024,13,2024-W13,429,2024,17,433,4,persistence,1.0,1.0
Taiwan,2024,2024,14,2024-W14,430,2024,18,434,4,persistence,1.0,3.0
Taiwan,2024,2024,15,2024-W15,431,2024,19,435,4,persistence,0.0,1.0
Taiwan,2024,2024,16,2024-W16,432,2024,20,436,4,persistence,0.0,6.0
Taiwan,2024,2024,17,2024-W17,433,2024,21,437,4,persistence,0.0,1.0
Taiwan,2024,2024,18,2024-W18,434,2024,22,438,4,persistence,0.0,1.0
Taiwan,2024,2024,19,2024-W19,435,2024,23,439,4,persistence,2.0,0.0
Taiwan,2024,2024,20,2024-W20,436,2024,24,440,4,persistence,0.0,0.0
Taiwan,2024,2024,21,2024-W21,437,2024,25,441,4,persistence,0.0,0.0
Taiwan,2024,2024,22,2024-W22,438,2024,26,442,4,persistence,0.0,0.0
Taiwan,2024,2024,23,2024-W23,439,2024,27,443,4,persistence,0.0,2.0
Taiwan,2024,2024,24,2024-W24,440,2024,28,444,4,persistence,0.0,0.0
Taiwan,2024,2024,25,2024-W25,441,2024,29,445,4,persistence,0.0,0.0
Taiwan,2024,2024,26,2024-W26,442,2024,30,446,4,persistence,0.0,0.0
Taiwan,2024,2024,27,2024-W27,443,2024,31,447,4,persistence,0.0,0.0
Taiwan,2024,2024,28,2024-W28,444,2024,32,448,4,persistence,0.0,0.0
Taiwan,2024,2024,29,2024-W29,445,2024,33,449,4,persistence,0.0,0.0
Taiwan,2024,2024,30,2024-W30,446,2024,34,450,4,persistence,0.0,0.0
Taiwan,2024,2024,31,2024-W31,447,2024,35,451,4,persistence,0.0,0.0
Taiwan,2024,2024,32,2024-W32,448,2024,36,452,4,persistence,0.0,0.0
Taiwan,2024,2024,33,2024-W33,449,2024,37,453,4,persistence,3.0,0.0
Taiwan,2024,2024,34,2024-W34,450,2024,38,454,4,persistence,28.0,0.0
Taiwan,2024,2024,35,2024-W35,451,2024,39,455,4,persistence,31.0,0.0
Taiwan,2024,2024,36,2024-W36,452,2024,40,456,4,persistence,5.0,0.0
Taiwan,2024,2024,37,2024-W37,453,2024,41,457,4,persistence,4.0,3.0
Taiwan,2024,2024,38,2024-W38,454,2024,42,458,4,persistence,3.0,28.0
Taiwan,2024,2024,39,2024-W39,455,2024,43,459,4,persistence,5.0,31.0
Taiwan,2024,2024,40,2024-W40,456,2024,44,460,4,persistence,2.0,5.0
Taiwan,2024,2024,41,2024-W41,457,2024,45,461,4,persistence,2.0,4.0
Taiwan,2024,2024,42,2024-W42,458,2024,46,462,4,persistence,0.0,3.0
Taiwan,2024,2024,43,2024-W43,459,2024,47,463,4,persistence,1.0,5.0
Taiwan,2024,2024,44,2024-W44,460,2024,48,464,4,persistence,1.0,2.0
Taiwan,2024,2024,45,2024-W45,461,2024,49,465,4,persistence,0.0,2.0
Taiwan,2024,2024,46,2024-W46,462,2024,50,466,4,persistence,2.0,0.0
Taiwan,2024,2024,47,2024-W47,463,2024,51,467,4,persistence,1.0,1.0
Taiwan,2024,2024,48,2024-W48,464,2024,52,468,4,persistence,1.0,1.0
Taiwan,2024,2023,49,2023-W49,413,2024,1,417,4,seasonal_naive,47.0,0.0
Taiwan,2024,2023,50,2023-W50,414,2024,2,418,4,seasonal_naive,40.0,0.0
Taiwan,2024,2023,51,2023-W51,415,2024,3,419,4,seasonal_naive,24.0,0.0
Taiwan,2024,2023,52,2023-W52,416,2024,4,420,4,seasonal_naive,12.0,0.0
Taiwan,2024,2024,1,2024-W01,417,2024,5,421,4,seasonal_naive,7.0,0.0
Taiwan,2024,2024,2,2024-W02,418,2024,6,422,4,seasonal_naive,4.0,0.0
Taiwan,2024,2024,3,2024-W03,419,2024,7,423,4,seasonal_naive,7.0,0.0
Taiwan,2024,2024,4,2024-W04,420,2024,8,424,4,seasonal_naive,18.0,0.0
Taiwan,2024,2024,5,2024-W05,421,2024,9,425,4,seasonal_naive,4.0,0.0
Taiwan,2024,2024,6,2024-W06,422,2024,10,426,4,seasonal_naive,1.0,0.0
Taiwan,2024,2024,7,2024-W07,423,2024,11,427,4,seasonal_naive,1.0,0.0
Taiwan,2024,2024,8,2024-W08,424,2024,12,428,4,seasonal_naive,0.0,0.0
Taiwan,2024,2024,9,2024-W09,425,2024,13,429,4,seasonal_naive,1.0,0.0
Taiwan,2024,2024,10,2024-W10,426,2024,14,430,4,seasonal_naive,3.0,0.0
Taiwan,2024,2024,11,2024-W11,427,2024,15,431,4,seasonal_naive,1.0,0.0
Taiwan,2024,2024,12,2024-W12,428,2024,16,432,4,seasonal_naive,6.0,0.0
Taiwan,2024,2024,13,2024-W13,429,2024,17,433,4,seasonal_naive,1.0,0.0
Taiwan,2024,2024,14,2024-W14,430,2024,18,434,4,seasonal_naive,1.0,0.0
Taiwan,2024,2024,15,2024-W15,431,2024,19,435,4,seasonal_naive,0.0,0.0
Taiwan,2024,2024,16,2024-W16,432,2024,20,436,4,seasonal_naive,0.0,0.0
Taiwan,2024,2024,17,2024-W17,433,2024,21,437,4,seasonal_naive,0.0,0.0
Taiwan,2024,2024,18,2024-W18,434,2024,22,438,4,seasonal_naive,0.0,0.0
Taiwan,2024,2024,19,2024-W19,435,2024,23,439,4,seasonal_naive,2.0,2.0
Taiwan,2024,2024,20,2024-W20,436,2024,24,440,4,seasonal_naive,0.0,5.0
Taiwan,2024,2024,21,2024-W21,437,2024,25,441,4,seasonal_naive,0.0,26.0
Taiwan,2024,2024,22,2024-W22,438,2024,26,442,4,seasonal_naive,0.0,62.0
Taiwan,2024,2024,23,2024-W23,439,2024,27,443,4,seasonal_naive,0.0,117.0
Taiwan,2024,2024,24,2024-W24,440,2024,28,444,4,seasonal_naive,0.0,128.0
Taiwan,2024,2024,25,2024-W25,441,2024,29,445,4,seasonal_naive,0.0,129.0
Taiwan,2024,2024,26,2024-W26,442,2024,30,446,4,seasonal_naive,0.0,209.0
Taiwan,2024,2024,27,2024-W27,443,2024,31,447,4,seasonal_naive,0.0,205.0
Taiwan,2024,2024,28,2024-W28,444,2024,32,448,4,seasonal_naive,0.0,302.0
Taiwan,2024,2024,29,2024-W29,445,2024,33,449,4,seasonal_naive,0.0,470.0
Taiwan,2024,2024,30,2024-W30,446,2024,34,450,4,seasonal_naive,0.0,566.0
Taiwan,2024,2024,31,2024-W31,447,2024,35,451,4,seasonal_naive,0.0,911.0
Taiwan,2024,2024,32,2024-W32,448,2024,36,452,4,seasonal_naive,0.0,1414.0
Taiwan,2024,2024,33,2024-W33,449,2024,37,453,4,seasonal_naive,3.0,2121.0
Taiwan,2024,2024,34,2024-W34,450,2024,38,454,4,seasonal_naive,28.0,1922.0
Taiwan,2024,2024,35,2024-W35,451,2024,39,455,4,seasonal_naive,31.0,2046.0
Taiwan,2024,2024,36,2024-W36,452,2024,40,456,4,seasonal_naive,5.0,2586.0
Taiwan,2024,2024,37,2024-W37,453,2024,41,457,4,seasonal_naive,4.0,2259.0
Taiwan,2024,2024,38,2024-W38,454,2024,42,458,4,seasonal_naive,3.0,1765.0
Taiwan,2024,2024,39,2024-W39,455,2024,43,459,4,seasonal_naive,5.0,1758.0
Taiwan,2024,2024,40,2024-W40,456,2024,44,460,4,seasonal_naive,2.0,1486.0
Taiwan,2024,2024,41,2024-W41,457,2024,45,461,4,seasonal_naive,2.0,1587.0
Taiwan,2024,2024,42,2024-W42,458,2024,46,462,4,seasonal_naive,0.0,1342.0
Taiwan,2024,2024,43,2024-W43,459,2024,47,463,4,seasonal_naive,1.0,1042.0
Taiwan,2024,2024,44,2024-W44,460,2024,48,464,4,seasonal_naive,1.0,680.0
Taiwan,2024,2024,45,2024-W45,461,2024,49,465,4,seasonal_naive,0.0,421.0
Taiwan,2024,2024,46,2024-W46,462,2024,50,466,4,seasonal_naive,2.0,353.0
Taiwan,2024,2024,47,2024-W47,463,2024,51,467,4,seasonal_naive,1.0,265.0
Taiwan,2024,2024,48,2024-W48,464,2024,52,468,4,seasonal_naive,1.0,150.0
