setting,test_year,target_analysis_week,horizon_weeks,actual_epidemiology,predicted_epidemiology,actual_climate,predicted_climate,actual,absolute_error_epidemiology,absolute_error_climate,delta_absolute_error,squared_error_epidemiology,squared_error_climate,delta_squared_error,climate_lower_absolute_error,family,epidemiology_model,climate_model
Brazil,2023,365,1,28533.0,5378.29223337777,28533.0,5602.8186810249,28533.0,23154.707766622232,22930.1813189751,-224.52644764713114,536140491.75767595,525793215.3210747,-10347276.436601222,True,negative_binomial,negative_binomial_epidemiology,negative_binomial_climate
Brazil,2023,366,1,30645.0,21339.592173837,30645.0,21206.8207560317,30645.0,9305.407826162998,9438.179243968301,132.77141780530292,86590614.81121558,89079227.44127406,2488612.6300584823,False,negative_binomial,negative_binomial_epidemiology,negative_binomial_climate
Brazil,2023,367,1,36999.0,22530.2846877345,36999.0,22836.6585251505,36999.0,14468.7153122655,14162.341474849502,-306.3738374159984,209343722.78738615,200571916.05024236,-8771806.737143785,True,negative_binomial,negative_binomial_epidemiology,negative_binomial_climate
Brazil,2023,368,1,42470.0,35042.2939416979,42470.0,35675.143287163,42470.0,7427.706058302101,6794.856712836998,-632.8493454651034,55170817.28853773,46170077.74798601,-9000739.540551722,True,negative_binomial,negative_binomial_epidemiology,negative_binomial_climate
Brazil,2023,369,1,52668.0,43706.9567935213,52668.0,44322.3431500543,52668.0,8961.043206478702,8345.656849945699,-615.386356533003,80300295.34837809,69649988.25704557,-10650307.091332525,True,negative_binomial,negative_binomial_epidemiology,negative_binomial_climate
Brazil,2023,370,1,64987.0,61796.6436840022,64987.0,63636.5110247146,64987.0,3190.3563159978003,1350.4889752853996,-1839.8673407124006,10178373.423027055,1823820.4723674087,-8354552.950659647,True,negative_binomial,negative_binomial_epidemiology,negative_binomial_climate
Brazil,2023,371,1,66762.0,73602.3135279621,66762.0,75456.1667595958,66762.0,6840.313527962106,8694.166759595799,1853.8532316336932,46789889.160821386,75588535.64366052,28798646.48283913,False,negative_binomial,negative_binomial_epidemiology,negative_binomial_climate
Brazil,2023,372,1,77027.0,77226.9239704796,77027.0,79478.256208969,77027.0,199.9239704796055,2451.2562089690036,2251.332238489398,39969.59397233016,6008657.002009092,5968687.408036762,False,negative_binomial,negative_binomial_epidemiology,negative_binomial_climate
Brazil,2023,373,1,98392.0,83352.9487862187,98392.0,87132.5962466599,98392.0,15039.051213781306,11259.403753340099,-3779.647460441207,226173061.41073698,126774172.88072911,-99398888.53000787,True,negative_binomial,negative_binomial_epidemiology,negative_binomial_climate
Brazil,2023,374,1,115216.0,96855.7067842098,115216.0,99595.3018873567,115216.0,18360.293215790196,15620.698112643295,-2739.5951031469012,337100366.9697915,244006209.5263378,-93094157.44345367,True,negative_binomial,negative_binomial_epidemiology,negative_binomial_climate
Brazil,2023,375,1,131868.0,110785.557143575,131868.0,111626.209131732,131868.0,21082.442856424997,20241.790868268,-840.6519881569984,444469396.7944254,409730097.55469775,-34739299.239727676,True,negative_binomial,negative_binomial_epidemiology,negative_binomial_climate
Brazil,2023,376,1,160054.0,125160.555904678,160054.0,130509.953256058,160054.0,34893.444095322004,29544.046743942003,-5349.397351380001,1217552440.833362,872850698.0082301,-344701742.825132,True,negative_binomial,negative_binomial_epidemiology,negative_binomial_climate
Brazil,2023,377,1,171176.0,146799.596900331,171176.0,146881.03647291,171176.0,24376.403099668998,24294.963527090003,-81.43957257899456,594209028.0775523,590245252.7826335,-3963775.2949187756,True,negative_binomial,negative_binomial_epidemiology,negative_binomial_climate
Brazil,2023,378,1,161477.0,158056.326571364,161477.0,158180.368157611,161477.0,3420.673428635986,3296.6318423890043,-124.04158624698175,11701006.705376273,10867781.504253121,-833225.2011231519,True,negative_binomial,negative_binomial_epidemiology,negative_binomial_climate
Brazil,2023,379,1,186718.0,154653.842528399,186718.0,157380.086354185,186718.0,32064.157471601007,29337.913645814988,-2726.2438257860194,1028110194.3636267,860713177.0892973,-167397017.27432942,True,negative_binomial,negative_binomial_epidemiology,negative_binomial_climate
Brazil,2023,380,1,165002.0,168470.831654889,165002.0,172211.430462368,165002.0,3468.8316548890143,7209.430462368007,3740.598807478993,12032793.049960058,51975887.59171978,39943094.541759714,False,negative_binomial,negative_binomial_epidemiology,negative_binomial_climate
Brazil,2023,381,1,148400.0,151314.430077378,148400.0,151798.143587983,148400.0,2914.430077377998,3398.1435879830096,483.71351060501183,8493902.675925523,11547379.844550041,3053477.1686245184,False,negative_binomial,negative_binomial_epidemiology,negative_binomial_climate
Brazil,2023,382,1,158352.0,137057.657302519,158352.0,139260.813869792,158352.0,21294.342697481014,19091.186130207992,-2203.156567273021,453449030.917763,364473387.858246,-88975643.05951697,True,negative_binomial,negative_binomial_epidemiology,negative_binomial_climate
Brazil,2023,383,1,144376.0,135154.543797201,144376.0,133677.287422005,144376.0,9221.456202798989,10698.712577995,1477.2563751960115,85035254.50013994,114462450.82654843,29427196.32640849,False,negative_binomial,negative_binomial_epidemiology,negative_binomial_climate
Brazil,2023,384,1,121825.0,122063.780738911,121825.0,118990.891446084,121825.0,238.78073891099484,2834.1085539159976,2595.327815005003,57016.24127488069,8032171.295379827,7975155.054104947,False,negative_binomial,negative_binomial_epidemiology,negative_binomial_climate
Brazil,2023,385,1,90703.0,104988.561005078,90703.0,105406.672102722,90703.0,14285.561005077994,14703.672102722005,418.11109764401044,204077253.229805,216197973.30436534,12120720.074560344,False,negative_binomial,negative_binomial_epidemiology,negative_binomial_climate
Brazil,2023,386,1,72095.0,81643.8004638842,72095.0,79414.2107074598,72095.0,9548.800463884196,7319.2107074598025,-2229.5897564243933,91179590.29907504,53570845.380194224,-37608744.91888081,True,negative_binomial,negative_binomial_epidemiology,negative_binomial_climate
Brazil,2023,387,1,55721.0,65003.7323492589,55721.0,63972.0663633355,55721.0,9282.732349258898,8251.0663633355,-1031.6659859233987,86169119.86797763,68080096.1321665,-18089023.73581113,True,negative_binomial,negative_binomial_epidemiology,negative_binomial_climate
Brazil,2023,388,1,48059.0,49541.6651427351,48059.0,49613.1554688963,48059.0,1482.6651427351026,1554.1554688963006,71.49032616119803,2198295.925481702,2415399.22150028,217103.29601857765,False,negative_binomial,negative_binomial_epidemiology,negative_binomial_climate
Brazil,2023,389,1,39160.0,40834.010311243,39160.0,40712.3312640213,39160.0,1674.0103112430006,1552.331264021297,-121.67904722170351,2802310.522147888,2409732.353257958,-392578.16888993,True,negative_binomial,negative_binomial_epidemiology,negative_binomial_climate
Brazil,2023,390,1,33459.0,32615.4002657671,33459.0,31877.376117096,33459.0,843.5997342328992,1581.6238829040012,738.024148671102,711660.5115978182,2501534.10697233,1789873.5953745116,False,negative_binomial,negative_binomial_epidemiology,negative_binomial_climate
Brazil,2023,391,1,27767.0,27614.6078419745,27767.0,27355.0480652229,27767.0,152.39215802550098,411.95193477709836,259.5597767515974,23223.369827669263,169704.3965665947,146481.02673892543,False,negative_binomial,negative_binomial_epidemiology,negative_binomial_climate
Brazil,2023,392,1,24236.0,23116.0558903015,24236.0,23298.5718550032,24236.0,1119.9441096984992,937.4281449968003,-182.51596470169898,1254274.808848364,878771.5270321419,-375503.2818162221,True,negative_binomial,negative_binomial_epidemiology,negative_binomial_climate
Brazil,2023,393,1,20558.0,20296.2844435004,20558.0,20612.9019184764,20558.0,261.7155564995992,54.90191847640017,-206.81363802319902,68495.0325138949,3014.22065238929,-65480.81186150561,True,negative_binomial,negative_binomial_epidemiology,negative_binomial_climate
Brazil,2023,394,1,18393.0,17460.6931819721,18393.0,17354.7020054997,18393.0,932.3068180279006,1038.297994500299,105.99117647239837,869196.0029413089,1078062.725383343,208866.72244203405,False,negative_binomial,negative_binomial_epidemiology,negative_binomial_climate
Brazil,2023,395,1,19179.0,15687.5304333223,19179.0,15959.990251384,19179.0,3491.4695666777006,3219.0097486159993,-272.4598180617013,12190359.73503657,10362023.761684839,-1828335.973351732,True,negative_binomial,negative_binomial_epidemiology,negative_binomial_climate
Brazil,2023,396,1,17728.0,15682.9626828552,17728.0,15473.2857141713,17728.0,2045.037317144801,2254.7142858287007,209.67696868389976,4182177.628514805,5083736.510720028,901558.8822052227,False,negative_binomial,negative_binomial_epidemiology,negative_binomial_climate
Brazil,2023,397,1,17804.0,14808.3296415173,17804.0,14774.8700627927,17804.0,2995.670358482699,3029.129937207301,33.45957872460167,8974040.896691862,9175628.176485507,201587.27979364432,False,negative_binomial,negative_binomial_epidemiology,negative_binomial_climate
Brazil,2023,398,1,17132.0,15050.4311595446,17132.0,15129.7671306397,17132.0,2081.5688404554003,2002.2328693602994,-79.33597109510083,4332928.837554839,4008936.463146778,-323992.3744080616,True,negative_binomial,negative_binomial_epidemiology,negative_binomial_climate
Brazil,2023,399,1,15933.0,14851.1107301244,15933.0,14690.4052146995,15933.0,1081.8892698756008,1242.5947853005,160.7055154248992,1170484.3922719606,1544041.8004559956,373557.408184035,False,negative_binomial,negative_binomial_epidemiology,negative_binomial_climate
Brazil,2023,400,1,14827.0,14450.2471342861,14827.0,14146.460561127,14827.0,376.75286571389915,680.5394388730001,303.78657315910095,141942.72182363534,463133.92786157783,321191.2060379425,False,negative_binomial,negative_binomial_epidemiology,negative_binomial_climate
Brazil,2023,401,1,17637.0,13843.0331843343,17637.0,13787.8410070672,17637.0,3793.966815665701,3849.1589929328,55.192177267099396,14394184.198372537,14816024.952875448,421840.7545029111,False,negative_binomial,negative_binomial_epidemiology,negative_binomial_climate
Brazil,2023,402,1,18790.0,15623.5018310207,18790.0,14955.2308140978,18790.0,3166.4981689793003,3834.7691859021998,668.2710169228994,10026710.654149262,14705454.70914502,4678744.054995758,False,negative_binomial,negative_binomial_epidemiology,negative_binomial_climate
Brazil,2023,403,1,17681.0,16615.2733861854,17681.0,15601.2203340307,17681.0,1065.7266138146006,2079.7796659692995,1014.0530521546989,1135773.2153927349,4325483.458979371,3189710.243586636,False,negative_binomial,negative_binomial_epidemiology,negative_binomial_climate
Brazil,2023,404,1,19313.0,16721.7730745807,19313.0,16010.0003788774,19313.0,2591.2269254193016,3302.9996211226007,711.7726957032992,6714456.979017966,10909806.497136043,4195349.518118077,False,negative_binomial,negative_binomial_epidemiology,negative_binomial_climate
Brazil,2023,405,1,17341.0,18381.0626002945,17341.0,18182.6641523614,17341.0,1040.0626002944991,841.6641523614016,-198.3984479330975,1081730.212531355,708398.5453702367,-373331.66716111824,True,negative_binomial,negative_binomial_epidemiology,negative_binomial_climate
Brazil,2023,406,1,21013.0,17645.5963273337,21013.0,17081.5145816566,21013.0,3367.4036726663,3931.4854183434,564.0817456771001,11339407.494686484,15456577.594646778,4117170.0999602936,False,negative_binomial,negative_binomial_epidemiology,negative_binomial_climate
Brazil,2023,407,1,19662.0,20592.660410891,19662.0,19453.8231073159,19662.0,930.6604108909996,208.17689268409958,-722.4835182069,866128.8003998043,43337.618647607116,-822791.1817521971,True,negative_binomial,negative_binomial_epidemiology,negative_binomial_climate
Brazil,2023,408,1,18785.0,20000.844049733,18785.0,18950.9579501765,18785.0,1215.8440497330012,165.95795017650016,-1049.886099556501,1478276.7532711446,27542.04122678571,-1450734.712044359,True,negative_binomial,negative_binomial_epidemiology,negative_binomial_climate
Brazil,2023,409,1,24393.0,20111.3775847946,24393.0,19314.8646574023,24393.0,4281.622415205398,5078.1353425976995,796.5129273923012,18332290.50638931,25787458.557739854,7455168.051350545,False,negative_binomial,negative_binomial_epidemiology,negative_binomial_climate
Brazil,2023,410,1,22124.0,24140.8313783008,22124.0,23566.1168928327,22124.0,2016.8313783008016,1442.1168928326988,-574.7144854681028,4067608.808498711,2079701.1325934376,-1987907.6759052733,True,negative_binomial,negative_binomial_epidemiology,negative_binomial_climate
Brazil,2023,411,1,27767.0,23496.9777823834,27767.0,22481.0336123948,27767.0,4270.022217616599,5285.9663876052,1015.9441699886011,18233089.73893938,27941440.650891967,9708350.911952589,False,negative_binomial,negative_binomial_epidemiology,negative_binomial_climate
Brazil,2023,412,1,30045.0,28596.8051604644,30045.0,27692.7772960405,30045.0,1448.1948395356012,2352.222703959502,904.0278644239006,2097268.2932575457,5532951.64902255,3435683.3557650046,False,negative_binomial,negative_binomial_epidemiology,negative_binomial_climate
Brazil,2023,413,1,33247.0,31117.3184820951,33247.0,30459.2608231876,33247.0,2129.681517904901,2787.7391768124,658.057658907499,4535543.367705722,7771489.717934676,3235946.350228954,False,negative_binomial,negative_binomial_epidemiology,negative_binomial_climate
Brazil,2023,414,1,40789.0,35536.2742325486,40789.0,34943.6530029647,40789.0,5252.725767451397,5845.3469970353035,592.6212295839068,27591127.988047864,34168081.51574964,6576953.5277017765,False,negative_binomial,negative_binomial_epidemiology,negative_binomial_climate
Brazil,2023,415,1,38305.0,42349.9685932373,38305.0,40814.8752517942,38305.0,4044.968593237303,2509.8752517941975,-1535.0933414431056,16361770.920276167,6299473.779568986,-10062297.14070718,True,negative_binomial,negative_binomial_epidemiology,negative_binomial_climate
Brazil,2023,416,1,2146.0,42916.8075502699,2146.0,43009.4411817137,2146.0,40770.8075502699,40863.4411817137,92.63363144380128,1662258748.301145,1669820825.2113752,7562076.91023016,False,negative_binomial,negative_binomial_epidemiology,negative_binomial_climate
Colombia,2023,365,1,1071.0,1436.77085525433,1071.0,1371.04473304131,1071.0,365.77085525432994,300.0447330413101,-65.72612221301983,133788.318553484,90026.84182583106,-43761.47672765293,True,negative_binomial,negative_binomial_epidemiology,negative_binomial_climate
Colombia,2023,366,1,2389.0,1298.90385773853,2389.0,1257.07230192267,2389.0,1090.09614226147,1131.92769807733,41.83155581585993,1188309.5993733392,1281260.3136746432,92950.71430130396,False,negative_binomial,negative_binomial_epidemiology,negative_binomial_climate
Colombia,2023,367,1,2177.0,1416.64397779042,2177.0,1355.49741401578,2177.0,760.35602220958,821.5025859842201,61.14656377464007,578141.2805103754,674866.4987787609,96725.2182683855,False,negative_binomial,negative_binomial_epidemiology,negative_binomial_climate
Colombia,2023,368,1,2237.0,1816.65407464905,2237.0,1679.9360491045,2237.0,420.34592535095,557.0639508955,136.71802554455007,176690.69695914641,310320.2453873041,133629.5484281577,False,negative_binomial,negative_binomial_epidemiology,negative_binomial_climate
Colombia,2023,369,1,2016.0,1907.76787007372,2016.0,1812.35036844136,2016.0,108.2321299262801,203.64963155864007,95.41750163235997,11714.193948379176,41473.17243396985,29758.978485590673,False,negative_binomial,negative_binomial_epidemiology,negative_binomial_climate
Colombia,2023,370,1,1870.0,2226.9084153729,1870.0,2108.68158164802,1870.0,356.9084153729,238.6815816480198,-118.22683372488018,127383.61696399451,56968.89741800034,-70414.71954599417,True,negative_binomial,negative_binomial_epidemiology,negative_binomial_climate
Colombia,2023,371,1,1918.0,1869.14729697695,1918.0,1783.80239041792,1918.0,48.852703023050026,134.19760958208008,85.34490655903005,2386.586592658321,18008.99841754439,15622.411824886069,False,negative_binomial,negative_binomial_epidemiology,negative_binomial_climate
Colombia,2023,372,1,2294.0,1890.16262187316,2294.0,1739.78712071746,2294.0,403.8373781268399,554.2128792825399,150.37550115570002,163084.62797236026,307151.91556264315,144067.28759028288,False,negative_binomial,negative_binomial_epidemiology,negative_binomial_climate
Colombia,2023,373,1,1311.0,1883.28813346248,1311.0,1687.60621416591,1311.0,572.2881334624799,376.60621416590993,-195.68191929656996,327513.7077019692,141832.24054837922,-185681.46715358997,True,negative_binomial,negative_binomial_epidemiology,negative_binomial_climate
Colombia,2023,374,1,1735.0,1868.04817171084,1735.0,1771.06501746022,1735.0,133.04817171084005,36.065017460219906,-96.98315425062015,17701.81599559718,1300.6854844059667,-16401.13051119121,True,negative_binomial,negative_binomial_epidemiology,negative_binomial_climate
Colombia,2023,375,1,1752.0,1576.96231585552,1752.0,1551.68809231049,1752.0,175.03768414447995,200.31190768951,25.274223545030054,30638.19087066273,40124.86036221078,9486.669491548048,False,negative_binomial,negative_binomial_epidemiology,negative_binomial_climate
Colombia,2023,376,1,2015.0,1584.80014111515,2015.0,1467.60530514805,2015.0,430.1998588848501,547.3946948519499,117.19483596709983,185071.9185845449,299640.95195205935,114569.03336751444,False,negative_binomial,negative_binomial_epidemiology,negative_binomial_climate
Colombia,2023,377,1,2217.0,1568.41336830488,2217.0,1542.74886328307,2217.0,648.5866316951201,674.25113671693,25.664505021809873,420664.61881362135,454614.5953640722,33949.97655045084,False,negative_binomial,negative_binomial_epidemiology,negative_binomial_climate
Colombia,2023,378,1,1627.0,1969.68922416853,1627.0,1957.47828955149,1627.0,342.68922416853,330.47828955149,-12.210934617040039,117435.90436122901,109215.89986487845,-8220.004496350564,True,negative_binomial,negative_binomial_epidemiology,negative_binomial_climate
Colombia,2023,379,1,1682.0,1885.24545125248,1682.0,1798.15634380243,1682.0,203.24545125248005,116.15634380243,-87.08910745005005,41308.71345482425,13492.296205548319,-27816.417249275928,True,negative_binomial,negative_binomial_epidemiology,negative_binomial_climate
Colombia,2023,380,1,1751.0,1764.18146294481,1751.0,1735.33426384344,1751.0,13.181462944809937,15.665736156559888,2.484273211749951,173.75096536539746,245.41528932694777,71.66432396155031,False,negative_binomial,negative_binomial_epidemiology,negative_binomial_climate
Colombia,2023,381,1,2144.0,1628.26676572259,2144.0,1602.54953627789,2144.0,515.73323427741,541.45046372211,25.717229444700024,265980.7689382379,293168.604664888,27187.835726650083,False,negative_binomial,negative_binomial_epidemiology,negative_binomial_climate
Colombia,2023,382,1,2689.0,1775.53896390996,2689.0,1768.29556761455,2689.0,913.4610360900399,920.70443238545,7.243396295410093,834411.0644546892,847696.6518142136,13285.587359524448,False,negative_binomial,negative_binomial_epidemiology,negative_binomial_climate
Colombia,2023,383,1,2729.0,2129.62422547004,2729.0,2122.93901389173,2729.0,599.3757745299599,606.0609861082698,6.685211578309918,359251.3190933894,367309.91888252844,8058.599789139058,False,negative_binomial,negative_binomial_epidemiology,negative_binomial_climate
Colombia,2023,384,1,2179.0,2477.06472189764,2179.0,2544.66158188311,2179.0,298.0647218976401,365.6615818831101,67.59685998547002,88842.57843991752,133708.39246525842,44865.81402534091,False,negative_binomial,negative_binomial_epidemiology,negative_binomial_climate
Colombia,2023,385,1,2133.0,2522.32401309986,2133.0,2502.62395269157,2133.0,389.32401309986017,369.62395269157014,-19.700060408290028,151573.1871761801,136621.86640334007,-14951.32077284003,True,negative_binomial,negative_binomial_epidemiology,negative_binomial_climate
Colombia,2023,386,1,2569.0,2302.95952985783,2569.0,2384.01831702251,2569.0,266.04047014216985,184.98168297748998,-81.05878716467987,70777.53175346677,34218.22303718461,-36559.30871628216,True,negative_binomial,negative_binomial_epidemiology,negative_binomial_climate
Colombia,2023,387,1,2152.0,2299.64740371654,2152.0,2368.04068700399,2152.0,147.64740371653988,216.04068700399012,68.39328328745023,21799.755824234915,46673.57844115602,24873.82261692111,False,negative_binomial,negative_binomial_epidemiology,negative_binomial_climate
Colombia,2023,388,1,2079.0,2272.25938911841,2079.0,2353.73134355644,2079.0,193.25938911841013,274.73134355644015,81.47195443803002,37349.19148242106,75477.31113232675,38128.11964990569,False,negative_binomial,negative_binomial_epidemiology,negative_binomial_climate
Colombia,2023,389,1,2082.0,2282.26627502057,2082.0,2408.76117015583,2082.0,200.26627502057,326.76117015582986,126.49489513525987,40106.580910614575,106772.8623216072,66666.28141099263,False,negative_binomial,negative_binomial_epidemiology,negative_binomial_climate
Colombia,2023,390,1,1768.0,2186.59323530068,1768.0,2249.6266936329,1768.0,418.59323530068013,481.6266936328998,63.03345833221965,175220.29663949055,231964.2720197591,56743.97538026856,False,negative_binomial,negative_binomial_epidemiology,negative_binomial_climate
Colombia,2023,391,1,2203.0,1904.43890279273,2203.0,1937.97054613921,2203.0,298.56109720727,265.02945386079,-33.531643346479996,89138.72876560892,70240.61141374861,-18898.117351860303,True,negative_binomial,negative_binomial_epidemiology,negative_binomial_climate
Colombia,2023,392,1,2617.0,1928.15768834873,2617.0,1964.22555091578,2617.0,688.8423116512699,652.7744490842199,-36.06786256705004,474503.7303210653,426114.4813772068,-48389.24894385849,True,negative_binomial,negative_binomial_epidemiology,negative_binomial_climate
Colombia,2023,393,1,2458.0,2177.36101804947,2458.0,2110.12667693443,2458.0,280.6389819505298,347.8733230655698,67.23434111504002,78758.2381902298,121015.84890068231,42257.610710452514,False,negative_binomial,negative_binomial_epidemiology,negative_binomial_climate
Colombia,2023,394,1,2609.0,2362.61287495266,2609.0,2424.17967171585,2609.0,246.38712504733985,184.82032828415004,-61.566796763189814,60706.61538909349,34158.55374706099,-26548.061642032495,True,negative_binomial,negative_binomial_epidemiology,negative_binomial_climate
Colombia,2023,395,1,2595.0,2541.6432374815,2595.0,2597.57227479685,2595.0,53.35676251850009,2.572274796849797,-50.784487721650294,2846.9441064556163,6.6165976305086645,-2840.3275088251075,True,negative_binomial,negative_binomial_epidemiology,negative_binomial_climate
Colombia,2023,396,1,2876.0,2592.91568392457,2876.0,2634.61025291953,2876.0,283.0843160754298,241.38974708047,-41.69456899495981,80136.73000789384,58269.009995573266,-21867.720012320577,True,negative_binomial,negative_binomial_epidemiology,negative_binomial_climate
Colombia,2023,397,1,2474.0,2622.90153297721,2474.0,2637.35820023582,2474.0,148.90153297721008,163.35820023581982,14.456667258609741,22171.66652296318,26685.901584286203,4514.235061323023,False,negative_binomial,negative_binomial_epidemiology,negative_binomial_climate
Colombia,2023,398,1,2299.0,2677.32590415396,2299.0,2745.64019901522,2299.0,378.32590415396,446.6401990152199,68.3142948612599,143130.4897539113,199487.46737635523,56356.97762244393,False,negative_binomial,negative_binomial_epidemiology,negative_binomial_climate
Colombia,2023,399,1,2504.0,2574.65421592397,2504.0,2592.22230314843,2504.0,70.65421592396979,88.22230314843,17.568087224460214,4992.018227830946,7783.174772813482,2791.1565449825366,False,negative_binomial,negative_binomial_epidemiology,negative_binomial_climate
Colombia,2023,400,1,2559.0,2454.54620408572,2559.0,2570.44371550072,2559.0,104.45379591427991,11.443715500719918,-93.01008041355999,10910.595480902039,130.95862446141732,-10779.636856440622,True,negative_binomial,negative_binomial_epidemiology,negative_binomial_climate
Colombia,2023,401,1,2681.0,2355.58318075047,2681.0,2405.94734172373,2681.0,325.4168192495299,275.05265827627,-50.364160973259914,105896.10625048121,75653.96482484255,-30242.141425638663,True,negative_binomial,negative_binomial_epidemiology,negative_binomial_climate
Colombia,2023,402,1,2677.0,2497.60095722379,2677.0,2657.07938477818,2677.0,179.39904277621008,19.920615221819844,-159.47842755439024,32184.016549020453,396.83091081580045,-31787.185638204654,True,negative_binomial,negative_binomial_epidemiology,negative_binomial_climate
Colombia,2023,403,1,2809.0,2593.97254004132,2809.0,2834.4091053687,2809.0,215.02745995868008,25.409105368699784,-189.6183545899803,46236.808536281766,645.6226356376882,-45591.18590064408,True,negative_binomial,negative_binomial_epidemiology,negative_binomial_climate
Colombia,2023,404,1,2984.0,2623.35338913557,2984.0,2837.31255648192,2984.0,360.64661086442993,146.68744351807982,-213.9591673463501,130065.97792799956,21517.206085869857,-108548.7718421297,True,negative_binomial,negative_binomial_epidemiology,negative_binomial_climate
Colombia,2023,405,1,2632.0,2683.74942717227,2632.0,2836.85272291518,2632.0,51.74942717226986,204.85272291518004,153.10329574291018,2678.0032126580622,41964.63808576353,39286.63487310547,False,negative_binomial,negative_binomial_epidemiology,negative_binomial_climate
Colombia,2023,406,1,2964.0,2705.54213965952,2964.0,2820.36144138881,2964.0,258.4578603404798,143.6385586111901,-114.81930172928969,66800.46557177896,20632.03551990029,-46168.43005187866,True,negative_binomial,negative_binomial_epidemiology,negative_binomial_climate
Colombia,2023,407,1,2969.0,2746.37863453801,2969.0,2956.77240136525,2969.0,222.62136546199008,12.227598634749938,-210.39376682724014,49560.27236016095,149.51416837253856,-49410.75819178841,True,negative_binomial,negative_binomial_epidemiology,negative_binomial_climate
Colombia,2023,408,1,2852.0,2766.98345734614,2852.0,2983.57504096998,2852.0,85.01654265386014,131.5750409699799,46.55849831611977,7227.812524815621,17311.99140625189,10084.17888143627,False,negative_binomial,negative_binomial_epidemiology,negative_binomial_climate
Colombia,2023,409,1,3322.0,2729.02775326014,3322.0,2957.73433929625,3322.0,592.9722467398601,364.2656607037502,-228.7065860361099,351616.08540371753,132689.47156793968,-218926.61383577785,True,negative_binomial,negative_binomial_epidemiology,negative_binomial_climate
Colombia,2023,410,1,3638.0,2893.44264422627,3638.0,3050.68841099093,3638.0,744.5573557737298,587.3115890090698,-157.24576676465995,554365.6560367685,344934.9025843586,-209430.75345240987,True,negative_binomial,negative_binomial_epidemiology,negative_binomial_climate
Colombia,2023,411,1,3999.0,3058.78118593088,3999.0,3192.14921950027,3999.0,940.2188140691201,806.8507804997298,-133.36803356939026,884011.4183295426,651008.1819930231,-233003.23633651948,True,negative_binomial,negative_binomial_epidemiology,negative_binomial_climate
Colombia,2023,412,1,3916.0,3339.31430167856,3916.0,3490.64264901327,3916.0,576.6856983214402,425.3573509867301,-151.3283473347101,332566.39464848716,180928.87603844833,-151637.51861003882,True,negative_binomial,negative_binomial_epidemiology,negative_binomial_climate
Colombia,2023,413,1,4130.0,3611.81915220739,4130.0,3734.50652890132,4130.0,518.1808477926102,395.49347109867995,-122.68737669393022,268511.39101906825,156415.0856816824,-112096.30533738586,True,negative_binomial,negative_binomial_epidemiology,negative_binomial_climate
Colombia,2023,414,1,4650.0,3755.62112145891,4650.0,3922.06237028678,4650.0,894.3788785410902,727.9376297132198,-166.44124882787037,799913.5783804182,529893.1927525008,-270020.3856279175,True,negative_binomial,negative_binomial_epidemiology,negative_binomial_climate
Colombia,2023,415,1,3922.0,3911.38129092906,3922.0,4129.93028547298,3922.0,10.618709070939985,207.93028547298036,197.31157640204037,112.75698233326312,43235.00361687511,43122.24663454185,False,negative_binomial,negative_binomial_epidemiology,negative_binomial_climate
Colombia,2023,416,1,3859.0,3911.3237486937,3859.0,3965.73762323219,3859.0,52.323748693700054,106.73762323218989,54.413874538489836,2737.774677361478,11392.920213256923,8655.145535895444,False,negative_binomial,negative_binomial_epidemiology,negative_binomial_climate
Peru,2023,365,1,1596.0,1281.25557226352,1596.0,1138.58504976676,1596.0,314.74442773648,457.41495023324,142.67052249676,99064.0547911643,209228.43669687744,110164.38190571315,False,negative_binomial,negative_binomial_epidemiology,negative_binomial_climate
Peru,2023,366,1,1499.0,1566.08254595784,1499.0,1382.36516703558,1499.0,67.08254595784001,116.63483296441996,49.552287006579945,4500.067972185717,13603.684260638143,9103.616288452427,False,negative_binomial,negative_binomial_epidemiology,negative_binomial_climate
Peru,2023,367,1,1851.0,1788.95504185075,1851.0,1515.09031862072,1851.0,62.04495814925008,335.9096813792801,273.86472323003,3849.576831742194,112835.31404432945,108985.73721258726,False,negative_binomial,negative_binomial_epidemiology,negative_binomial_climate
Peru,2023,368,1,1757.0,2066.55885502368,1757.0,1978.08530746169,1757.0,309.5588550236798,221.08530746169004,-88.47354756198979,95826.68472357163,48878.71317543001,-46947.97154814161,True,negative_binomial,negative_binomial_epidemiology,negative_binomial_climate
Peru,2023,369,1,1914.0,1878.55402916525,1914.0,1527.35875112967,1914.0,35.445970834749915,386.64124887032995,351.19527803558003,1256.4168484179415,149491.45532800842,148235.03847959047,False,negative_binomial,negative_binomial_epidemiology,negative_binomial_climate
Peru,2023,370,1,2142.0,1925.57851621525,2142.0,1575.84241219786,2142.0,216.42148378475008,566.1575878021399,349.73610401738983,46838.25864359284,320534.41422593774,273696.1555823449,False,negative_binomial,negative_binomial_epidemiology,negative_binomial_climate
Peru,2023,371,1,2303.0,2016.0369651803,2303.0,1637.14852885063,2303.0,286.96303481969994,665.8514711493699,378.88843632966996,82347.78335293233,443358.1816317802,361010.39827884786,False,negative_binomial,negative_binomial_epidemiology,negative_binomial_climate
Peru,2023,372,1,2513.0,2239.04609266162,2513.0,1864.89713336461,2513.0,273.95390733837985,648.10286663539,374.14895929701015,75050.74334596562,420037.32574101014,344986.5823950445,False,negative_binomial,negative_binomial_epidemiology,negative_binomial_climate
Peru,2023,373,1,2545.0,2618.2873800323,2545.0,2440.02843897034,2545.0,73.2873800323,104.97156102965982,31.684180997359817,5371.040071998766,11019.028625003597,5647.988553004831,False,negative_binomial,negative_binomial_epidemiology,negative_binomial_climate
Peru,2023,374,1,2528.0,2447.98534358397,2528.0,2042.3608106153,2528.0,80.01465641603,485.6391893847001,405.6245329686701,6402.345241375329,235845.42226622862,229443.0770248533,False,negative_binomial,negative_binomial_epidemiology,negative_binomial_climate
Peru,2023,375,1,3018.0,2466.9747389073,3018.0,2286.32045603696,3018.0,551.0252610927,731.67954396304,180.65428287034,303628.83836227824,535354.9550539622,231726.11669168394,False,negative_binomial,negative_binomial_epidemiology,negative_binomial_climate
Peru,2023,376,1,3796.0,2550.07108605013,3796.0,2304.88336973906,3796.0,1245.92891394987,1491.11663026094,245.18771631106983,1552338.8586163027,2223428.8050407404,671089.9464244377,False,negative_binomial,negative_binomial_epidemiology,negative_binomial_climate
Peru,2023,377,1,4099.0,2936.70358461645,4099.0,3066.01657536549,4099.0,1162.29641538355,1032.98342463451,-129.31299074904018,1350932.95721345,1067054.7555696403,-283878.2016438097,True,negative_binomial,negative_binomial_epidemiology,negative_binomial_climate
Peru,2023,378,1,4430.0,3204.07326474087,4430.0,3357.73134497619,4430.0,1225.92673525913,1072.26865502381,-153.65808023532009,1502896.3602231091,1149760.0685465704,-353136.29167653876,True,negative_binomial,negative_binomial_epidemiology,negative_binomial_climate
Peru,2023,379,1,6520.0,3279.47267851642,6520.0,3189.73101519247,6520.0,3240.52732148358,3330.26898480753,89.74166332394998,10501017.321281547,11090691.511170978,589674.189889431,False,negative_binomial,negative_binomial_epidemiology,negative_binomial_climate
Peru,2023,380,1,7614.0,3770.63266856548,7614.0,3797.56361485689,7614.0,3843.36733143452,3816.43638514311,-26.930946291410237,14771472.444338104,14565186.681844208,-206285.76249389537,True,negative_binomial,negative_binomial_epidemiology,negative_binomial_climate
Peru,2023,381,1,8594.0,4352.15765438166,8594.0,4202.90554485083,8594.0,4241.84234561834,4391.09445514917,149.25210953083024,17993226.4850809,19281710.51404179,1288484.0289608873,False,negative_binomial,negative_binomial_epidemiology,negative_binomial_climate
Peru,2023,382,1,11860.0,4859.77590814963,11860.0,4982.32137320921,11860.0,7000.22409185037,6877.67862679079,-122.54546505958024,49003137.33612234,47302463.293414846,-1700674.0427074954,True,negative_binomial,negative_binomial_epidemiology,negative_binomial_climate
Peru,2023,383,1,15304.0,5648.30555703458,15304.0,5756.32209970412,15304.0,9655.694442965421,9547.67790029588,-108.0165426695421,93232435.17591332,91158153.28779833,-2074281.8881149888,True,negative_binomial,negative_binomial_epidemiology,negative_binomial_climate
Peru,2023,384,1,20425.0,6752.06540739196,20425.0,7505.97830148774,20425.0,13672.934592608039,12919.02169851226,-753.912894095778,186949140.37373754,166901121.64663061,-20048018.72710693,True,negative_binomial,negative_binomial_epidemiology,negative_binomial_climate
Peru,2023,385,1,18043.0,8176.02711546664,18043.0,8475.06995474747,18043.0,9866.97288453336,9567.93004525253,-299.04283928082987,97357153.90411656,91545285.35084607,-5811868.553270489,True,negative_binomial,negative_binomial_epidemiology,negative_binomial_climate
Peru,2023,386,1,17868.0,8424.50715471245,17868.0,9727.61085054296,17868.0,9443.49284528755,8140.38914945704,-1303.1036958305103,89179557.11899716,66265935.50459791,-22913621.614399247,True,negative_binomial,negative_binomial_epidemiology,negative_binomial_climate
Peru,2023,387,1,15637.0,8382.73864046989,15637.0,8533.86769861676,15637.0,7254.26135953011,7103.132301383241,-151.12905814686928,52624307.87237164,50454488.490953974,-2169819.381417662,True,negative_binomial,negative_binomial_epidemiology,negative_binomial_climate
Peru,2023,388,1,13340.0,7641.69627723263,13340.0,8401.53426579845,13340.0,5698.30372276737,4938.465734201551,-759.8379885658196,32470665.31690447,24388443.80788286,-8082221.50902161,True,negative_binomial,negative_binomial_epidemiology,negative_binomial_climate
Peru,2023,389,1,11073.0,7243.83725801537,11073.0,8350.80853594297,11073.0,3829.16274198463,2722.1914640570303,-1106.9712779275997,14662487.30460325,7410326.366984958,-7252160.937618293,True,negative_binomial,negative_binomial_epidemiology,negative_binomial_climate
Peru,2023,390,1,8681.0,6652.10956407166,8681.0,7319.98003671872,8681.0,2028.8904359283397,1361.01996328128,-667.8704726470596,4116396.4010014883,1852375.340450177,-2264021.0605513114,True,negative_binomial,negative_binomial_epidemiology,negative_binomial_climate
Peru,2023,391,1,8132.0,5702.77635817645,8132.0,5636.4891061792,8132.0,2429.2236418235498,2495.5108938208004,66.28725199725068,5901127.50199447,6227574.621178291,326447.1191838207,False,negative_binomial,negative_binomial_epidemiology,negative_binomial_climate
Peru,2023,392,1,7669.0,5106.95571759256,7669.0,4603.25001875248,7669.0,2562.04428240744,3065.74998124752,503.70569884008,6564070.905016653,9398822.947519168,2834752.042502515,False,negative_binomial,negative_binomial_epidemiology,negative_binomial_climate
Peru,2023,393,1,6815.0,4626.76581051822,6815.0,3168.5358308616,6815.0,2188.23418948178,3646.4641691384,1458.22997965662,4788368.868016982,13296700.936810201,8508332.068793219,False,negative_binomial,negative_binomial_epidemiology,negative_binomial_climate
Peru,2023,394,1,5158.0,4341.01632760109,5158.0,4516.71891743194,5158.0,816.9836723989101,641.2810825680599,-175.70258983085023,667462.3209664098,411241.42685966287,-256220.89410674688,True,negative_binomial,negative_binomial_epidemiology,negative_binomial_climate
Peru,2023,395,1,5423.0,3609.40338825711,5423.0,4077.23350450484,5423.0,1813.5966117428902,1345.7664954951601,-467.8301162477301,3289132.6701252917,1811087.460397325,-1478045.2097279667,True,negative_binomial,negative_binomial_epidemiology,negative_binomial_climate
Peru,2023,396,1,5060.0,3330.13557818449,5060.0,4070.80775738626,5060.0,1729.86442181551,989.1922426137398,-740.6721792017702,2992430.9178631087,978501.2928472,-2013929.6250159089,True,negative_binomial,negative_binomial_epidemiology,negative_binomial_climate
Peru,2023,397,1,4380.0,3204.82483269294,4380.0,3554.14505764995,4380.0,1175.1751673070598,825.8549423500499,-349.32022495700994,1381036.6738551762,682036.3858040043,-699000.2880511719,True,negative_binomial,negative_binomial_epidemiology,negative_binomial_climate
Peru,2023,398,1,3824.0,3050.21073996737,3824.0,3516.52292947229,3824.0,773.78926003263,307.4770705277101,-466.31218950491984,598749.818941845,94542.14890030242,-504207.67004154256,True,negative_binomial,negative_binomial_epidemiology,negative_binomial_climate
Peru,2023,399,1,3466.0,2788.22198832033,3466.0,3210.93053528177,3466.0,677.7780116796698,255.06946471822994,-422.7085469614399,459383.03311644663,65060.431831644346,-394322.6012848023,True,negative_binomial,negative_binomial_epidemiology,negative_binomial_climate
Peru,2023,400,1,3368.0,2559.0270891267,3368.0,3253.592010967,3368.0,808.9729108733,114.40798903299992,-694.5649218403,654437.1705268201,13089.18795457503,-641347.9825722451,True,negative_binomial,negative_binomial_epidemiology,negative_binomial_climate
Peru,2023,401,1,2883.0,2472.41868499393,2883.0,2780.87653077095,2883.0,410.5813150060699,102.12346922904999,-308.4578457770199,168577.0162321136,10429.20296737672,-158147.81326473688,True,negative_binomial,negative_binomial_epidemiology,negative_binomial_climate
Peru,2023,402,1,2317.0,2332.66396985734,2317.0,3300.29559369707,2317.0,15.663969857339907,983.2955936970702,967.6316238397303,245.3599516916532,966870.2245840738,966624.864632382,False,negative_binomial,negative_binomial_epidemiology,negative_binomial_climate
Peru,2023,403,1,2158.0,2140.9646482706,2158.0,3225.63725166619,2158.0,17.03535172940019,1067.63725166619,1050.6018999367898,290.20320854437807,1139849.3011453354,1139559.0979367911,False,negative_binomial,negative_binomial_epidemiology,negative_binomial_climate
Peru,2023,404,1,2028.0,1936.32009167002,2028.0,2789.1812352229,2028.0,91.67990832997998,761.1812352228999,669.5013268929199,8405.205591393533,579396.8728554597,570991.6672640662,False,negative_binomial,negative_binomial_epidemiology,negative_binomial_climate
Peru,2023,405,1,1829.0,1862.48931338379,1829.0,2532.0411062706,1829.0,33.48931338378998,703.0411062705998,669.5517928868098,1121.5341109176945,494266.79710618884,493145.2629952711,False,negative_binomial,negative_binomial_epidemiology,negative_binomial_climate
Peru,2023,406,1,1874.0,1815.2226029049,1874.0,2438.09047132386,1874.0,58.777397095100014,564.0904713238601,505.3130742287601,3454.7824092750716,318198.05983837467,314743.2774290996,False,negative_binomial,negative_binomial_epidemiology,negative_binomial_climate
Peru,2023,407,1,1563.0,1812.90236484886,1563.0,2870.11021361691,1563.0,249.9023648488601,1307.1102136169102,1057.20784876805,62451.19195705278,1708537.1105416445,1646085.9185845917,False,negative_binomial,negative_binomial_epidemiology,negative_binomial_climate
Peru,2023,408,1,1626.0,1698.64843810547,1626.0,2845.20750306318,1626.0,72.64843810546995,1219.20750306318,1146.55906495771,5277.7955591642985,1486466.935525554,1481189.1399663896,False,negative_binomial,negative_binomial_epidemiology,negative_binomial_climate
Peru,2023,409,1,1800.0,1657.13967592539,1800.0,2795.36090208306,1800.0,142.86032407460993,995.36090208306,852.50057800845,20409.072194702574,990743.3253956028,970334.2532009003,False,negative_binomial,negative_binomial_epidemiology,negative_binomial_climate
Peru,2023,410,1,1802.0,1739.99319161924,1802.0,2349.00159962082,1802.0,62.00680838076005,547.0015996208199,484.99479124005984,3844.8442855682947,299210.74998773576,295365.9057021675,False,negative_binomial,negative_binomial_epidemiology,negative_binomial_climate
Peru,2023,411,1,1823.0,1875.46820315374,1823.0,2717.00139011005,1823.0,52.46820315373998,894.0013901100501,841.5331869563101,2752.9123421821296,799238.4855187021,796485.57317652,False,negative_binomial,negative_binomial_epidemiology,negative_binomial_climate
Peru,2023,412,1,1854.0,1915.26047644649,1854.0,2309.47302922709,1854.0,61.260476446489974,455.47302922709014,394.21255278060016,3752.845974450953,207455.6803533017,203702.83437885073,False,negative_binomial,negative_binomial_epidemiology,negative_binomial_climate
Peru,2023,413,1,1680.0,1933.49088555232,1680.0,2319.15984791919,1680.0,253.49088555231992,639.1598479191898,385.6689623668699,64257.62905809936,408525.31119208183,344267.6821339825,False,negative_binomial,negative_binomial_epidemiology,negative_binomial_climate
Peru,2023,414,1,1784.0,1912.00056134329,1784.0,2461.81212822662,1784.0,128.00056134328997,677.8121282266202,549.8115668833302,16384.14370419734,459429.2811711002,443045.13746690284,False,negative_binomial,negative_binomial_epidemiology,negative_binomial_climate
Peru,2023,415,1,1651.0,1933.46208118136,1651.0,2474.62463432901,1651.0,282.46208118135996,823.62463432901,541.16255314765,79784.82730530518,678357.5382735954,598572.7109682902,False,negative_binomial,negative_binomial_epidemiology,negative_binomial_climate
Peru,2023,416,1,1310.0,1971.08971603091,1310.0,1969.49786222974,1310.0,661.08971603091,659.4978622297399,-1.5918538011701457,437039.6126418293,434937.430285597,-2102.1823562323116,True,negative_binomial,negative_binomial_epidemiology,negative_binomial_climate
Philippines,2023,374,1,575.0,748.084074310731,575.0,729.333005905109,575.0,173.084074310731,154.33300590510896,-18.75106840562205,29958.096780002656,23818.676711706397,-6139.420068296258,True,negative_binomial,negative_binomial_epidemiology,negative_binomial_climate
Philippines,2023,375,1,275.0,647.36921039611,275.0,636.75076735184,275.0,372.36921039611,361.75076735183995,-10.618443044270066,138658.82885102244,130863.61767964503,-7795.211171377407,True,negative_binomial,negative_binomial_epidemiology,negative_binomial_climate
Philippines,2023,376,1,141.0,281.502372063794,141.0,285.923170189864,141.0,140.50237206379398,144.92317018986398,4.420798126069997,19740.916555552798,21002.72525788028,1261.808702327482,False,negative_binomial,negative_binomial_epidemiology,negative_binomial_climate
Philippines,2023,377,1,1196.0,131.908748356569,1196.0,130.916443949849,1196.0,1064.091251643431,1065.083556050151,0.9923044067199953,1132290.1918240834,1134402.981368435,2112.789544351632,False,negative_binomial,negative_binomial_epidemiology,negative_binomial_climate
Philippines,2023,378,1,1196.0,877.108074335876,1196.0,759.486892826592,1196.0,318.89192566412396,436.513107173408,117.62118150928404,101692.06025377316,190543.6927341832,88851.63248041003,False,negative_binomial,negative_binomial_epidemiology,negative_binomial_climate
Philippines,2023,379,1,1197.0,2119.44481850342,1197.0,1863.48456288857,1197.0,922.4448185034198,666.48456288857,-255.96025561484976,850904.4431838071,444201.67256876826,-406702.7706150388,True,negative_binomial,negative_binomial_epidemiology,negative_binomial_climate
Philippines,2023,380,1,1482.0,1057.92025027374,1482.0,947.808625578069,1482.0,424.07974972625993,534.191374421931,110.11162469567103,179843.63412788726,285360.42450679163,105516.79037890438,False,negative_binomial,negative_binomial_epidemiology,negative_binomial_climate
Philippines,2023,381,1,1684.0,2084.23360643718,1684.0,1911.96925980422,1684.0,400.2336064371798,227.96925980421997,-172.2643466329598,160186.93972171133,51969.98341568394,-108216.9563060274,True,negative_binomial,negative_binomial_epidemiology,negative_binomial_climate
Philippines,2023,382,1,1746.0,2088.49394019342,1746.0,1968.74166012707,1746.0,342.4939401934198,222.74166012706996,-119.75228006634984,117302.09906921381,49613.84715616315,-67688.25191305066,True,negative_binomial,negative_binomial_epidemiology,negative_binomial_climate
Philippines,2023,383,1,1727.0,2068.57027815422,1727.0,1966.16910549228,1727.0,341.57027815422,239.1691054922801,-102.40117266193988,116670.2549183512,57201.861021977405,-59468.3938963738,True,negative_binomial,negative_binomial_epidemiology,negative_binomial_climate
Philippines,2023,384,1,1794.0,1973.27488572991,1794.0,2166.74602347767,1794.0,179.27488572991,372.74602347766995,193.47113774775994,32139.484653472293,138939.59801841568,106800.11336494339,False,negative_binomial,negative_binomial_epidemiology,negative_binomial_climate
Philippines,2023,385,1,2269.0,1885.46846707669,2269.0,2199.26106227802,2269.0,383.5315329233099,69.73893772198016,-313.79259520132973,147096.43674650395,4863.519434590228,-142232.9173119137,True,negative_binomial,negative_binomial_epidemiology,negative_binomial_climate
Philippines,2023,386,1,2552.0,2437.59455430594,2552.0,2580.52907925984,2552.0,114.40544569405984,28.52907925983982,-85.87636643422002,13088.606004456475,813.9083634142224,-12274.697641042252,True,negative_binomial,negative_binomial_epidemiology,negative_binomial_climate
Philippines,2023,387,1,207.0,2881.27867996998,207.0,3095.12578793492,207.0,2674.27867996998,2888.12578793492,213.84710796493982,7151766.45814198,8341270.566934703,1189504.1087927232,False,negative_binomial,negative_binomial_epidemiology,negative_binomial_climate
Philippines,2023,388,1,162.0,280.989952114626,162.0,325.443076283777,162.0,118.98995211462602,163.44307628377697,44.45312416915095,14158.608704240993,26713.63918510454,12555.030480863548,False,negative_binomial,negative_binomial_epidemiology,negative_binomial_climate
Philippines,2023,389,1,132.0,91.3368482671836,132.0,104.183770756204,132.0,40.6631517328164,27.816229243796002,-12.8469224890204,1653.4919088460497,773.7426093434119,-879.7492995026378,True,negative_binomial,negative_binomial_epidemiology,negative_binomial_climate
Philippines,2023,390,1,181.0,154.568509093999,181.0,171.363963453439,181.0,26.431490906000988,9.636036546561002,-16.795454359439987,698.6237115140129,92.85320032665928,-605.7705111873537,True,negative_binomial,negative_binomial_epidemiology,negative_binomial_climate
Philippines,2023,391,1,271.0,129.935673239242,271.0,139.161833842357,271.0,141.064326760758,131.838166157643,-9.226160603115005,19899.144284465907,17381.302055810283,-2517.8422286556233,True,negative_binomial,negative_binomial_epidemiology,negative_binomial_climate
Philippines,2023,392,1,147.0,281.491226759226,147.0,267.709586590802,147.0,134.49122675922598,120.70958659080202,-13.781640168423962,18087.890075201543,14570.80429492233,-3517.0857802792125,True,negative_binomial,negative_binomial_epidemiology,negative_binomial_climate
Philippines,2023,393,1,735.0,176.742509115171,735.0,160.779898742336,735.0,558.2574908848289,574.220101257664,15.962610372835115,311651.4261290249,329728.724688362,18077.298559337098,False,negative_binomial,negative_binomial_epidemiology,negative_binomial_climate
Philippines,2023,394,1,715.0,629.89751748123,715.0,504.319455291007,715.0,85.10248251876999,210.680544708993,125.57806219022302,7242.432530857552,44386.291918878,37143.85938802045,False,negative_binomial,negative_binomial_epidemiology,negative_binomial_climate
Philippines,2023,395,1,893.0,1489.84187534027,893.0,1159.7776354816,893.0,596.84187534027,266.7776354816001,-330.0642398586699,356220.2241596904,71170.30679315349,-285049.9173665369,True,negative_binomial,negative_binomial_epidemiology,negative_binomial_climate
Philippines,2023,396,1,2955.0,890.708793668375,2955.0,796.721844079035,2955.0,2064.291206331625,2158.278155920965,93.98694958934038,4261298.184538075,4658164.598325603,396866.41378752794,False,negative_binomial,negative_binomial_epidemiology,negative_binomial_climate
Philippines,2023,397,1,3355.0,4062.34240427857,3355.0,3493.82916930482,3355.0,707.34240427857,138.82916930481997,-568.5132349737501,500333.276890588,19273.538249866368,-481059.73864072165,True,negative_binomial,negative_binomial_epidemiology,negative_binomial_climate
Philippines,2023,398,1,3591.0,5382.90144663512,3591.0,5042.36283972434,3591.0,1791.90144663512,1451.3628397243401,-340.5386069107799,3210910.794453036,2106454.0925327004,-1104456.7019203356,True,negative_binomial,negative_binomial_epidemiology,negative_binomial_climate
Philippines,2023,399,1,3356.0,4121.03743900823,3356.0,3890.20905889735,3356.0,765.0374390082297,534.2090588973501,-230.8283801108796,585282.2830842709,285379.3186079925,-299902.9644762784,True,negative_binomial,negative_binomial_epidemiology,negative_binomial_climate
Philippines,2023,400,1,3393.0,4500.73408002417,3393.0,4301.51737103457,3393.0,1107.73408002417,908.5173710345698,-199.2167089896002,1227074.7920469942,825403.8134715662,-401670.978575428,True,negative_binomial,negative_binomial_epidemiology,negative_binomial_climate
Philippines,2023,401,1,3179.0,3654.72037379999,3179.0,3903.00380543238,3179.0,475.72037379998983,724.00380543238,248.28343163239015,226309.87404840204,524181.5102805675,297871.6362321655,False,negative_binomial,negative_binomial_epidemiology,negative_binomial_climate
Philippines,2023,402,1,3142.0,3478.16755087655,3142.0,3513.72479014721,3142.0,336.1675508765502,371.7247901472101,35.55723927065992,113008.62226233796,138179.3196099874,25170.697347649446,False,negative_binomial,negative_binomial_epidemiology,negative_binomial_climate
Philippines,2023,403,1,3318.0,3140.60954387894,3318.0,3319.82020102179,3318.0,177.3904561210602,1.820201021790126,-175.57025509927007,31467.37392283778,3.313131759725819,-31464.060791078056,True,negative_binomial,negative_binomial_epidemiology,negative_binomial_climate
Philippines,2023,404,1,2578.0,3266.75016779711,2578.0,3559.93426503849,2578.0,688.75016779711,981.9342650384901,293.1840972413802,474376.79364054714,964194.9008566798,489818.10721613263,False,negative_binomial,negative_binomial_epidemiology,negative_binomial_climate
Philippines,2023,405,1,2720.0,2653.62142670963,2720.0,2655.22800758632,2720.0,66.37857329036979,64.77199241367998,-1.6065808766898044,4406.114992064993,4195.411001237817,-210.7039908271763,True,negative_binomial,negative_binomial_epidemiology,negative_binomial_climate
Philippines,2023,406,1,3430.0,2508.69073213931,3430.0,2528.47123707375,3430.0,921.3092678606899,901.5287629262498,-19.78050493444016,848810.7670460006,812754.1103833343,-36056.65666266624,True,negative_binomial,negative_binomial_epidemiology,negative_binomial_climate
Philippines,2023,407,1,2672.0,3467.44759947015,2672.0,3427.66592130392,2672.0,795.4475994701502,755.6659213039202,-39.781678166229995,632736.8835028245,571030.9846201024,-61705.89888272202,True,negative_binomial,negative_binomial_epidemiology,negative_binomial_climate
Philippines,2023,408,1,1939.0,2792.13996672134,1939.0,2862.36938556366,1939.0,853.13996672134,923.3693855636602,70.22941884232023,727847.8028172891,852611.0221962114,124763.21937892225,False,negative_binomial,negative_binomial_epidemiology,negative_binomial_climate
Philippines,2023,409,1,2607.0,1830.00668432721,2607.0,1884.1580718592,2607.0,776.99331567279,722.8419281408001,-54.15138753198994,603718.6126001959,522500.45307830954,-81218.15952188638,True,negative_binomial,negative_binomial_epidemiology,negative_binomial_climate
Singapore,2025,469,1,97.0,75.4853236725014,97.0,79.017133518896,97.0,21.514676327498606,17.982866481103997,-3.5318098463946086,462.8812974770289,323.38348687721367,-139.49781059981524,True,negative_binomial,negative_binomial_epidemiology,negative_binomial_climate
Singapore,2025,470,1,118.0,90.2872567431763,118.0,92.7926205350092,118.0,27.7127432568237,25.207379464990794,-2.505363791832906,767.9961388186274,635.4119794920396,-132.58415932658784,True,negative_binomial,negative_binomial_epidemiology,negative_binomial_climate
Singapore,2025,471,1,99.0,115.840310302025,99.0,118.557223626277,99.0,16.840310302025003,19.557223626276993,2.7169133242519905,283.59605106848943,382.48499596820704,98.88894489971761,False,negative_binomial,negative_binomial_epidemiology,negative_binomial_climate
Singapore,2025,472,1,118.0,112.004472437226,118.0,110.628220316848,118.0,5.995527562774001,7.371779683151999,1.3762521203779983,35.94635075598275,54.343135696932585,18.396784940949836,False,negative_binomial,negative_binomial_epidemiology,negative_binomial_climate
Singapore,2025,473,1,54.0,121.325760331999,54.0,119.21871980365,54.0,67.325760331999,65.21871980365,-2.1070405283490032,4532.758004281771,4253.481412827009,-279.27659145476173,True,negative_binomial,negative_binomial_epidemiology,negative_binomial_climate
Singapore,2025,474,1,113.0,61.9052236243727,113.0,60.7295124761442,113.0,51.0947763756273,52.2704875238558,1.1757111482285012,2610.6761728753613,2732.203865981565,121.52769310620351,False,negative_binomial,negative_binomial_epidemiology,negative_binomial_climate
Singapore,2025,475,1,114.0,97.8984092707731,114.0,102.666689881253,114.0,16.1015907292269,11.333310118746994,-4.768280610479906,259.2612240115256,128.443918247693,-130.8173057638326,True,negative_binomial,negative_binomial_epidemiology,negative_binomial_climate
Singapore,2025,476,1,71.0,115.767996939715,71.0,115.267183079453,71.0,44.767996939715005,44.267183079453005,-0.5008138602619994,2004.173549994332,1959.5834977898105,-44.5900522045215,True,negative_binomial,negative_binomial_epidemiology,negative_binomial_climate
Singapore,2025,477,1,82.0,89.7908036705153,82.0,90.0784416042994,82.0,7.790803670515302,8.0784416042994,0.2876379337840973,60.69662183251471,65.26121875407546,4.564596921560749,False,negative_binomial,negative_binomial_epidemiology,negative_binomial_climate
Singapore,2025,478,1,86.0,81.1241722748659,86.0,77.1099662555551,86.0,4.875827725134101,8.890033744444906,4.014206019310805,23.773696005186387,79.03269997736912,55.25900397218273,False,negative_binomial,negative_binomial_epidemiology,negative_binomial_climate
Singapore,2025,479,1,72.0,84.181266834063,72.0,77.2959456795947,72.0,12.181266834062995,5.295945679594695,-6.885321154468301,148.3832616826431,28.047040641217716,-120.33622104142539,True,negative_binomial,negative_binomial_epidemiology,negative_binomial_climate
Singapore,2025,480,1,100.0,79.6785824056775,100.0,78.6899018946017,100.0,20.321417594322497,21.310098105398296,0.988680511075799,412.96001304283993,454.12028126170003,41.1602682188601,False,negative_binomial,negative_binomial_epidemiology,negative_binomial_climate
Singapore,2025,481,1,98.0,99.2619846469955,98.0,99.751190153615,98.0,1.2619846469955007,1.7511901536149992,0.48920550661949846,1.5926052492523586,3.0666669541181246,1.474061704865766,False,negative_binomial,negative_binomial_epidemiology,negative_binomial_climate
Singapore,2025,482,1,87.0,107.994039033576,87.0,107.392389202598,87.0,20.994039033576,20.392389202597997,-0.6016498309780047,440.74967494331275,415.84953739023535,-24.9001375530774,True,negative_binomial,negative_binomial_epidemiology,negative_binomial_climate
Singapore,2025,483,1,92.0,97.5519366448764,92.0,99.791218140185,92.0,5.551936644876406,7.791218140184995,2.239281495308589,30.824000508721483,60.703080107947734,29.87907959922625,False,negative_binomial,negative_binomial_epidemiology,negative_binomial_climate
Singapore,2025,484,1,94.0,94.3084608265987,94.0,96.8998020474895,94.0,0.30846082659870433,2.8998020474895014,2.591341220890797,0.09514808154595594,8.408851914624305,8.31370383307835,False,negative_binomial,negative_binomial_epidemiology,negative_binomial_climate
Singapore,2025,485,1,107.0,98.2867762745568,107.0,101.947656979669,107.0,8.7132237254432,5.052343020330994,-3.6608807051122056,75.92026768962627,25.526169995087315,-50.39409769453896,True,negative_binomial,negative_binomial_epidemiology,negative_binomial_climate
Singapore,2025,486,1,89.0,112.356118204867,89.0,113.983863638567,89.0,23.356118204867002,24.983863638567,1.6277454336999995,545.5082575997197,624.1934423105104,78.68518471079062,False,negative_binomial,negative_binomial_epidemiology,negative_binomial_climate
Singapore,2025,487,1,105.0,98.6377858571682,105.0,100.789857509596,105.0,6.362214142831803,4.210142490403996,-2.152071652427807,40.47776879924901,17.72529978950516,-22.75246900974385,True,negative_binomial,negative_binomial_epidemiology,negative_binomial_climate
Singapore,2025,488,1,103.0,108.755671427192,103.0,110.984960251603,103.0,5.755671427191999,7.984960251602999,2.2292888244110003,33.12775357779438,63.75959021967983,30.63183664188545,False,negative_binomial,negative_binomial_epidemiology,negative_binomial_climate
Singapore,2025,489,1,118.0,107.623209348272,118.0,108.818991345142,118.0,10.376790651728001,9.181008654858005,-1.1957819968699965,107.67778422978964,84.29091992057758,-23.386864309212058,True,negative_binomial,negative_binomial_epidemiology,negative_binomial_climate
Singapore,2025,490,1,117.0,123.561446306614,117.0,125.136533765733,117.0,6.561446306614002,8.136533765733006,1.575087459119004,43.052577634578526,66.20318172091334,23.15060408633481,False,negative_binomial,negative_binomial_epidemiology,negative_binomial_climate
Singapore,2025,491,1,118.0,124.907643645576,118.0,126.53288535078,118.0,6.907643645576002,8.532885350780006,1.6252417052040045,47.71554073426652,72.81013240955603,25.094591675289514,False,negative_binomial,negative_binomial_epidemiology,negative_binomial_climate
Singapore,2025,492,1,125.0,125.133195966033,125.0,127.659976027122,125.0,0.133195966033,2.659976027121999,2.526780061088999,0.017741165367464087,7.075472464863735,7.057731299496271,False,negative_binomial,negative_binomial_epidemiology,negative_binomial_climate
Singapore,2025,493,1,106.0,128.773891216161,106.0,130.162527593353,106.0,22.77389121616099,24.16252759335299,1.3886363771920003,518.6501211255347,583.8277396995446,65.1776185740099,False,negative_binomial,negative_binomial_epidemiology,negative_binomial_climate
Singapore,2025,494,1,100.0,112.400472922661,100.0,112.884797421782,100.0,12.400472922660995,12.884797421781997,0.4843244991210014,153.7717287056485,166.01800460036,12.246275894711488,False,negative_binomial,negative_binomial_epidemiology,negative_binomial_climate
Singapore,2025,495,1,119.0,102.980283593195,119.0,103.468695975005,119.0,16.019716406805003,15.531304024994995,-0.4884123818100079,256.6313137544574,241.22140471682573,-15.40990903763165,True,negative_binomial,negative_binomial_epidemiology,negative_binomial_climate
Singapore,2025,496,1,112.0,115.427323700426,112.0,116.153921984651,112.0,3.427323700426001,4.1539219846510065,0.7265982842250054,11.746547747501777,17.255067854566956,5.508520107065179,False,negative_binomial,negative_binomial_epidemiology,negative_binomial_climate
Singapore,2025,497,1,86.0,117.223502146792,86.0,118.070505808026,86.0,31.223502146792,32.070505808026,0.8470036612339982,974.9070863107247,1028.5173427826294,53.61025647190468,False,negative_binomial,negative_binomial_epidemiology,negative_binomial_climate
Singapore,2025,498,1,77.0,92.8146447568893,77.0,88.7051797865149,77.0,15.814644756889294,11.705179786514904,-4.10946497037439,250.10298878660603,137.0112338346371,-113.09175495196894,True,negative_binomial,negative_binomial_epidemiology,negative_binomial_climate
Singapore,2025,499,1,71.0,76.3477416246237,71.0,75.4597699331099,71.0,5.347741624623694,4.4597699331098966,-0.8879716915137976,28.59834048373287,19.88954785627105,-8.708792627461818,True,negative_binomial,negative_binomial_epidemiology,negative_binomial_climate
Singapore,2025,500,1,73.0,68.8008096472372,73.0,67.993558722498,73.0,4.199190352762798,5.006441277502006,0.8072509247392077,17.633199618736153,25.064454265075916,7.431254646339763,False,negative_binomial,negative_binomial_epidemiology,negative_binomial_climate
Singapore,2025,501,1,62.0,71.364575515953,62.0,71.289110009069,62.0,9.364575515953007,9.289110009069006,-0.07546550688400089,87.69527459398653,86.287564760586,-1.4077098334005314,True,negative_binomial,negative_binomial_epidemiology,negative_binomial_climate
Singapore,2025,502,1,47.0,64.0813398807375,47.0,61.5778382745855,47.0,17.081339880737502,14.577838274585503,-2.5035016061519997,291.77217212127346,212.51336875997004,-79.25880336130342,True,negative_binomial,negative_binomial_epidemiology,negative_binomial_climate
Singapore,2025,503,1,51.0,49.1325233965443,51.0,48.4565940952265,51.0,1.8674766034556995,2.5434059047735005,0.6759293013178009,3.4874688644544363,6.468913596436709,2.9814447319822723,False,negative_binomial,negative_binomial_epidemiology,negative_binomial_climate
Singapore,2025,504,1,42.0,48.0585312834208,42.0,48.0836236953191,42.0,6.058531283420798,6.083623695319098,0.02509241189829936,36.70580131218846,37.010477266247996,0.3046759540595332,False,negative_binomial,negative_binomial_epidemiology,negative_binomial_climate
Singapore,2025,505,1,49.0,42.1903368497641,49.0,42.0248947224096,49.0,6.809663150235899,6.975105277590401,0.1654421273545026,46.3715122196807,48.65209363346947,2.2805814137887666,False,negative_binomial,negative_binomial_epidemiology,negative_binomial_climate
Singapore,2025,506,1,45.0,48.1608249053941,45.0,47.6185044547579,45.0,3.160824905394101,2.618504454757897,-0.542320450636204,9.990814082559627,6.856565579586951,-3.1342485029726763,True,negative_binomial,negative_binomial_epidemiology,negative_binomial_climate
Singapore,2025,507,1,40.0,46.1590373554391,40.0,45.708657187587,40.0,6.1590373554390965,5.708657187587001,-0.4503801678520958,37.93374114569422,32.58876688538872,-5.344974260305499,True,negative_binomial,negative_binomial_epidemiology,negative_binomial_climate
Singapore,2025,508,1,55.0,41.9888196815903,55.0,41.5338580710724,55.0,13.0111803184097,13.466141928927598,0.4549616105178984,169.29081327817195,181.3369784500219,12.046165171849935,False,negative_binomial,negative_binomial_epidemiology,negative_binomial_climate
Singapore,2025,509,1,33.0,51.9533454430947,33.0,51.5522012957423,33.0,18.953345443094697,18.5522012957423,-0.40114414735239734,359.22930348527854,344.1841729177423,-15.045130567536262,True,negative_binomial,negative_binomial_epidemiology,negative_binomial_climate
Singapore,2025,510,1,47.0,36.9104233799517,47.0,36.969596063735,47.0,10.089576620048298,10.030403936265003,-0.0591726837832951,101.79955637182525,100.60900312464047,-1.1905532471847806,True,negative_binomial,negative_binomial_epidemiology,negative_binomial_climate
Singapore,2025,511,1,36.0,45.1522869591501,36.0,43.8893938733606,36.0,9.152286959150103,7.8893938733606035,-1.2628930857895,83.76435658262905,62.242535689019824,-21.521820893609224,True,negative_binomial,negative_binomial_epidemiology,negative_binomial_climate
Singapore,2025,512,1,53.0,37.2347076563708,53.0,37.0506132227772,53.0,15.765292343629199,15.949386777222799,0.18409443359360012,248.54444268009343,254.38293856944946,5.8384958893560395,False,negative_binomial,negative_binomial_epidemiology,negative_binomial_climate
Singapore,2025,513,1,55.0,52.4171703101776,55.0,51.6118667455162,55.0,2.582829689822397,3.3881332544837974,0.8053035646614006,6.671009206628058,11.47944695013897,4.808437743510911,False,negative_binomial,negative_binomial_epidemiology,negative_binomial_climate
Singapore,2025,514,1,39.0,56.9632055977783,39.0,56.3327993821054,39.0,17.9632055977783,17.3327993821054,-0.6304062156728989,322.6767553480536,300.4259344203133,-22.25082092774028,True,negative_binomial,negative_binomial_epidemiology,negative_binomial_climate
Singapore,2025,515,1,39.0,44.7610405022136,39.0,45.8120727185933,39.0,5.7610405022136035,6.812072718593299,1.0510322163796957,33.18958766814557,46.4043347234031,13.214747055257533,False,negative_binomial,negative_binomial_epidemiology,negative_binomial_climate
Singapore,2025,516,1,27.0,39.1661042538235,27.0,38.701406150775,27.0,12.166104253823498,11.701406150775,-0.464698103048498,148.0140927149022,136.922905905395,-11.091186809507207,True,negative_binomial,negative_binomial_epidemiology,negative_binomial_climate
Singapore,2025,517,1,38.0,27.7952034674943,38.0,28.565121776174,38.0,10.2047965325057,9.434878223826,-0.7699183086796992,104.13787226984036,89.01692709842607,-15.120945171414292,True,negative_binomial,negative_binomial_epidemiology,negative_binomial_climate
Singapore,2025,518,1,46.0,36.3492981077475,46.0,36.2496607496937,46.0,9.6507018922525,9.750339250306297,0.0996373580537977,93.13604701312597,95.06911549606356,1.9330684829375855,False,negative_binomial,negative_binomial_epidemiology,negative_binomial_climate
Singapore,2025,519,1,41.0,46.4173365418448,41.0,47.4923607064509,41.0,5.417336541844797,6.492360706450903,1.0750241646061056,29.347535207606946,42.150747542667666,12.80321233506072,False,negative_binomial,negative_binomial_epidemiology,negative_binomial_climate
Singapore,2025,520,1,32.0,47.6874072800235,32.0,48.7094773910072,32.0,15.6874072800235,16.709477391007198,1.022070110983698,246.0947471693343,279.2066346805807,33.11188751124638,False,negative_binomial,negative_binomial_epidemiology,negative_binomial_climate
Sri Lanka,2024,426,1,1136.0,1347.4535039285,1136.0,1381.13733411951,1136.0,211.4535039284999,245.1373341195099,33.683830191009974,44712.58432364013,60092.312579220226,15379.7282555801,False,negative_binomial,negative_binomial_epidemiology,negative_binomial_climate
Sri Lanka,2024,427,1,975.0,1134.00365238562,975.0,1137.52063813266,975.0,159.00365238561994,162.52063813266,3.516985747040053,25282.16147196706,26412.95781904702,1130.7963470799587,False,negative_binomial,negative_binomial_epidemiology,negative_binomial_climate
Sri Lanka,2024,428,1,1004.0,976.954005652355,1004.0,1006.15251451121,1004.0,27.045994347644978,2.152514511210029,-24.89347983643495,731.4858102528441,4.63331872096975,-726.8524915318743,True,negative_binomial,negative_binomial_epidemiology,negative_binomial_climate
Sri Lanka,2024,429,1,747.0,945.171750306167,747.0,958.431946052309,747.0,198.17175030616704,211.43194605230894,13.260195746141903,39272.04261940982,44703.46781146648,5431.42519205666,False,negative_binomial,negative_binomial_epidemiology,negative_binomial_climate
Sri Lanka,2024,430,1,664.0,804.634962349912,664.0,756.10487575139,664.0,140.63496234991203,92.10487575138995,-48.530086598522075,19778.192635161173,8483.308137178981,-11294.884497982192,True,negative_binomial,negative_binomial_epidemiology,negative_binomial_climate
Sri Lanka,2024,431,1,614.0,680.628996657308,614.0,619.202132263789,614.0,66.628996657308,5.2021322637890535,-61.42686439351894,4439.42319555956,27.06218008995502,-4412.361015469604,True,negative_binomial,negative_binomial_epidemiology,negative_binomial_climate
Sri Lanka,2024,432,1,427.0,621.13675707507,427.0,585.079196462305,427.0,194.13675707507002,158.07919646230505,-36.05756061276497,37689.08044762475,24989.032354168037,-12700.048093456713,True,negative_binomial,negative_binomial_epidemiology,negative_binomial_climate
Sri Lanka,2024,433,1,576.0,491.36020884197,576.0,563.830922467847,576.0,84.63979115803,12.169077532152983,-72.47071362587701,7163.894247274932,148.08644798355053,-7015.807799291381,True,negative_binomial,negative_binomial_epidemiology,negative_binomial_climate
Sri Lanka,2024,434,1,537.0,524.453078404683,537.0,560.465117243778,537.0,12.54692159531703,23.465117243777968,10.918195648460937,157.42524151903285,550.6117272642462,393.1864857452133,False,negative_binomial,negative_binomial_epidemiology,negative_binomial_climate
Sri Lanka,2024,435,1,571.0,564.632816262907,571.0,571.368244280636,571.0,6.367183737093001,0.36824428063596315,-5.9989394564570375,40.54102874190159,0.135603850221098,-40.4054248916805,True,negative_binomial,negative_binomial_epidemiology,negative_binomial_climate
Sri Lanka,2024,436,1,589.0,591.262037815879,589.0,671.187440556521,589.0,2.2620378158790118,82.18744055652098,79.92540274064197,5.11681508046669,6754.77538523167,6749.658570151203,False,negative_binomial,negative_binomial_epidemiology,negative_binomial_climate
Sri Lanka,2024,437,1,663.0,611.22217483584,663.0,647.943678421644,663.0,51.77782516416005,15.056321578356005,-36.721503585804044,2680.9431787303256,226.69281947086867,-2454.250359259457,True,negative_binomial,negative_binomial_epidemiology,negative_binomial_climate
Sri Lanka,2024,438,1,493.0,678.869136144065,493.0,739.272970354228,493.0,185.869136144065,246.27297035422805,60.40383421016304,34547.335770940976,60650.37592709449,26103.04015615351,False,negative_binomial,negative_binomial_epidemiology,negative_binomial_climate
Sri Lanka,2024,439,1,648.0,589.563884651298,648.0,640.761476837236,648.0,58.43611534870195,7.238523162763954,-51.19759218593799,3414.779577046799,52.396217577870274,-3362.383359468929,True,negative_binomial,negative_binomial_epidemiology,negative_binomial_climate
Sri Lanka,2024,440,1,640.0,631.053979256894,640.0,756.371186092873,640.0,8.946020743106033,116.37118609287302,107.42516534976698,80.0312871360834,13542.252952662082,13462.221665525998,False,negative_binomial,negative_binomial_epidemiology,negative_binomial_climate
Sri Lanka,2024,441,1,677.0,686.189908464022,677.0,802.059030234818,677.0,9.189908464021983,125.05903023481801,115.86912177079603,84.45441757710287,15639.761043273125,15555.306625696023,False,negative_binomial,negative_binomial_epidemiology,negative_binomial_climate
Sri Lanka,2024,442,1,683.0,721.73162440704,683.0,809.888241977429,683.0,38.731624407040044,126.88824197742895,88.1566175703889,1500.13872920802,16100.625952122562,14600.487222914542,False,negative_binomial,negative_binomial_epidemiology,negative_binomial_climate
Sri Lanka,2024,443,1,875.0,729.717103309849,875.0,814.100261106547,875.0,145.282896690151,60.89973889345299,-84.38315779669801,21107.12007068109,3708.778197290751,-17398.341873390338,True,negative_binomial,negative_binomial_epidemiology,negative_binomial_climate
Sri Lanka,2024,444,1,935.0,861.493780229524,935.0,880.905302049642,935.0,73.50621977047604,54.094697950357954,-19.411521820118082,5403.164344945522,2926.236346340461,-2476.9279986050615,True,negative_binomial,negative_binomial_epidemiology,negative_binomial_climate
Sri Lanka,2024,445,1,989.0,982.952162493309,989.0,961.656871974197,989.0,6.047837506691053,27.343128025803026,21.295290519111973,36.57633850733905,747.6466502354549,711.0703117281158,False,negative_binomial,negative_binomial_epidemiology,negative_binomial_climate
Sri Lanka,2024,446,1,992.0,1049.89522686049,992.0,1051.58442776553,992.0,57.895226860490084,59.58442776553011,1.6892009050400247,3351.8572932276124,3550.304032145675,198.4467389180627,False,negative_binomial,negative_binomial_epidemiology,negative_binomial_climate
Sri Lanka,2024,447,1,1031.0,1061.87355825436,1031.0,1027.72555990721,1031.0,30.873558254359978,3.2744400927899733,-27.599118161570004,953.1765992853591,10.721957921270409,-942.4546413640887,True,negative_binomial,negative_binomial_epidemiology,negative_binomial_climate
Sri Lanka,2024,448,1,1004.0,1085.21571578516,1004.0,1054.71286609249,1004.0,81.21571578516,50.71286609249,-30.502849692669997,6595.992490495887,2571.7947873148223,-4024.1977031810648,True,negative_binomial,negative_binomial_epidemiology,negative_binomial_climate
Sri Lanka,2024,449,1,960.0,1076.6685580897,960.0,1068.25859850405,960.0,116.6685580896999,108.25859850405004,-8.409959585649858,13611.55244672968,11719.924150061106,-1891.628296668574,True,negative_binomial,negative_binomial_epidemiology,negative_binomial_climate
Sri Lanka,2024,450,1,911.0,1033.11669711693,911.0,938.636319982326,911.0,122.11669711693003,27.636319982325972,-94.48037713460405,14912.487714748026,763.7661821655098,-14148.721532582516,True,negative_binomial,negative_binomial_epidemiology,negative_binomial_climate
Sri Lanka,2024,451,1,857.0,976.429959731893,857.0,947.674415972544,857.0,119.42995973189295,90.67441597254401,-28.75554375934894,14263.515281561571,8221.849711961944,-6041.665569599627,True,negative_binomial,negative_binomial_epidemiology,negative_binomial_climate
Sri Lanka,2024,452,1,854.0,919.026930719106,854.0,909.119311817009,854.0,65.02693071910596,55.11931181700902,-9.907618902096942,4228.501718747407,3038.1385351806703,-1190.3631835667366,True,negative_binomial,negative_binomial_epidemiology,negative_binomial_climate
Sri Lanka,2024,453,1,733.0,896.829299170606,733.0,954.344862166767,733.0,163.82929917060596,221.34486216676703,57.515562996161066,26840.03926673191,48993.5480076251,22153.508740893187,False,negative_binomial,negative_binomial_epidemiology,negative_binomial_climate
Sri Lanka,2024,454,1,694.0,814.63458461038,694.0,866.627142302779,694.0,120.63458461037999,172.62714230277902,51.99255769239903,14552.703004118928,29800.13025962392,15247.42725550499,False,negative_binomial,negative_binomial_epidemiology,negative_binomial_climate
Sri Lanka,2024,455,1,671.0,746.707380071291,671.0,713.299700606563,671.0,75.70738007129103,42.299700606562965,-33.40767946472806,5731.607397258914,1789.2646714048633,-3942.3427258540505,True,negative_binomial,negative_binomial_epidemiology,negative_binomial_climate
Sri Lanka,2024,456,1,657.0,715.779696561928,657.0,733.800191019448,657.0,58.77969656192795,76.800191019448,18.020494457520044,3455.0527279123244,5898.2693406237,2443.216612711376,False,negative_binomial,negative_binomial_epidemiology,negative_binomial_climate
Sri Lanka,2024,457,1,686.0,704.634726764273,686.0,684.398439700631,686.0,18.634726764272955,1.6015602993689981,-17.033166464903957,347.2530415791108,2.564995392514915,-344.6880461865959,True,negative_binomial,negative_binomial_epidemiology,negative_binomial_climate
Sri Lanka,2024,458,1,707.0,721.670350297391,707.0,679.19655239051,707.0,14.670350297390996,27.803447609490036,13.13309731209904,215.2191778481601,773.0316989736572,557.8125211254971,False,negative_binomial,negative_binomial_epidemiology,negative_binomial_climate
Sri Lanka,2024,459,1,668.0,751.232573916003,668.0,693.961570403462,668.0,83.23257391600305,25.96157040346202,-57.27100351254103,6927.6613606829105,674.003137813915,-6253.658222868996,True,negative_binomial,negative_binomial_epidemiology,negative_binomial_climate
Sri Lanka,2024,460,1,672.0,736.74773087843,672.0,763.54307426766,672.0,64.74773087843005,91.54307426766002,26.79534338922997,4192.268653905604,8380.134446374317,4187.865792468713,False,negative_binomial,negative_binomial_epidemiology,negative_binomial_climate
Sri Lanka,2024,461,1,669.0,724.887754363656,669.0,768.321186054879,669.0,55.88775436365597,99.32118605487904,43.43343169122306,3123.441087812347,9864.697999347898,6741.256911535551,False,negative_binomial,negative_binomial_epidemiology,negative_binomial_climate
Sri Lanka,2024,462,1,696.0,724.214690426377,696.0,785.697951477192,696.0,28.214690426377047,89.69795147719196,61.48326105081492,796.0687558562926,8045.722499204684,7249.653743348392,False,negative_binomial,negative_binomial_epidemiology,negative_binomial_climate
Sri Lanka,2024,463,1,626.0,743.316189738034,626.0,795.522132001687,626.0,117.31618973803404,169.52213200168705,52.205942263653014,13763.088374650404,28737.75323839741,14974.664863747006,False,negative_binomial,negative_binomial_epidemiology,negative_binomial_climate
Sri Lanka,2024,464,1,913.0,703.69381075376,913.0,755.240716215662,913.0,209.30618924624002,157.75928378433798,-51.54690546190204,43809.08085678284,24887.991620147284,-18921.08923663556,True,negative_binomial,negative_binomial_epidemiology,negative_binomial_climate
Sri Lanka,2024,465,1,832.0,858.308149504702,832.0,930.393970447149,832.0,26.308149504701987,98.39397044714894,72.08582094244696,692.1187303617514,9681.373420354419,8989.254689992667,False,negative_binomial,negative_binomial_epidemiology,negative_binomial_climate
Sri Lanka,2024,466,1,736.0,925.761960314871,736.0,998.936841679805,736.0,189.76196031487098,262.93684167980496,73.17488136493398,36009.601582542666,69135.78271255082,33126.18113000815,False,negative_binomial,negative_binomial_epidemiology,negative_binomial_climate
Sri Lanka,2024,467,1,915.0,836.679917352346,915.0,943.21985158698,915.0,78.32008264765398,28.219851586979985,-50.10023106067399,6134.035345935349,796.3600235911767,-5337.675322344172,True,negative_binomial,negative_binomial_epidemiology,negative_binomial_climate
Brazil,2023,365,2,28533.0,13842.3845908534,28533.0,14849.2290414054,28533.0,14690.6154091466,13683.7709585946,-1006.8444505520001,215814181.0994555,187245587.64727697,-28568593.452178538,True,negative_binomial,negative_binomial_epidemiology,negative_binomial_climate
Brazil,2023,366,2,30645.0,6217.50038927333,30645.0,6875.24286626036,30645.0,24427.49961072667,23769.75713373964,-657.7424769870304,596702737.2320516,565001354.1969665,-31701383.035085082,True,negative_binomial,negative_binomial_epidemiology,negative_binomial_climate
Brazil,2023,367,2,36999.0,19196.0667793812,36999.0,19645.5229813207,36999.0,17802.9332206188,17353.4770186793,-449.4562019395016,316944431.2578125,301143164.63783056,-15801266.619981945,True,negative_binomial,negative_binomial_epidemiology,negative_binomial_climate
Brazil,2023,368,2,42470.0,24844.0355276793,42470.0,25911.1663796354,42470.0,17625.9644723207,16558.8336203646,-1067.130851956099,310674623.57951146,274194970.866917,-36479652.71259445,True,negative_binomial,negative_binomial_epidemiology,negative_binomial_climate
Brazil,2023,369,2,52668.0,37812.0029113892,52668.0,38372.6829286564,52668.0,14855.997088610799,14295.317071343597,-560.680017267201,220700649.49681252,204356090.1702477,-16344559.326564819,True,negative_binomial,negative_binomial_epidemiology,negative_binomial_climate
Brazil,2023,370,2,64987.0,49512.0263879491,64987.0,50913.3467464374,64987.0,15474.973612050897,14073.653253562603,-1401.320358488294,239474808.29367158,198067715.90151325,-41407092.39215833,True,negative_binomial,negative_binomial_epidemiology,negative_binomial_climate
Brazil,2023,371,2,66762.0,70153.5483257252,66762.0,76824.7225954009,66762.0,3391.5483257252054,10062.722595400905,6671.174269675699,11502600.045729443,101258386.03199191,89755785.98626247,False,negative_binomial,negative_binomial_epidemiology,negative_binomial_climate
Brazil,2023,372,2,77027.0,82967.0638378226,77027.0,89925.3006902784,77027.0,5940.063837822599,12898.300690278396,6958.236852455797,35284358.39740775,166366160.69683614,131081802.2994284,False,negative_binomial,negative_binomial_epidemiology,negative_binomial_climate
Brazil,2023,373,2,98392.0,86996.4215057848,98392.0,95020.7651257614,98392.0,11395.578494215195,3371.234874238595,-8024.3436199766,129859209.21781985,11365224.577282514,-118493984.64053734,True,negative_binomial,negative_binomial_epidemiology,negative_binomial_climate
Brazil,2023,374,2,115216.0,90755.6084802248,115216.0,101144.839926141,115216.0,24460.391519775207,14071.160073859006,-10389.2314459162,598310753.3006909,197997545.8241638,-400313207.4765271,True,negative_binomial,negative_binomial_epidemiology,negative_binomial_climate
Brazil,2023,375,2,131868.0,99597.3159120567,131868.0,106708.729992207,131868.0,32270.6840879433,25159.270007793006,-7111.4140801502945,1041397051.5038369,632988867.3250327,-408408184.17880416,True,negative_binomial,negative_binomial_epidemiology,negative_binomial_climate
Brazil,2023,376,2,160054.0,113005.369132418,160054.0,115962.12988151,160054.0,47048.630867582004,44091.87011849,-2956.7607490920054,2213573666.51399,1944093010.5457911,-269480655.9681988,True,negative_binomial,negative_binomial_epidemiology,negative_binomial_climate
Brazil,2023,377,2,171176.0,125744.89496085,171176.0,136168.705705452,171176.0,45431.10503915,35007.29429454799,-10423.810744602015,2063985305.0782807,1225510653.825092,-838474651.2531886,True,negative_binomial,negative_binomial_epidemiology,negative_binomial_climate
Brazil,2023,378,2,161477.0,144802.719079755,161477.0,146748.076212496,161477.0,16674.280920244986,14728.923787503998,-1945.3571327409882,278031644.207246,216941195.9381011,-61090448.26914489,True,negative_binomial,negative_binomial_epidemiology,negative_binomial_climate
Brazil,2023,379,2,186718.0,154819.920305622,186718.0,155086.258759634,186718.0,31898.079694377986,31631.741240366013,-266.3384540119732,1017487488.1888891,1000567053.897472,-16920434.291417122,True,negative_binomial,negative_binomial_epidemiology,negative_binomial_climate
Brazil,2023,380,2,165002.0,149839.227106941,165002.0,153604.920263466,165002.0,15162.77289305901,11397.079736534011,-3765.693156524998,229909681.8064851,129893426.52091417,-100016255.28557092,True,negative_binomial,negative_binomial_epidemiology,negative_binomial_climate
Brazil,2023,381,2,148400.0,157916.337346228,148400.0,163316.508029571,148400.0,9516.337346228014,14916.508029571007,5400.170683342993,90560676.48721404,222502211.79625633,131941535.30904229,False,negative_binomial,negative_binomial_epidemiology,negative_binomial_climate
Brazil,2023,382,2,158352.0,141817.565750194,158352.0,142704.362063799,158352.0,16534.434249806014,15647.637936201005,-886.7963136050093,273387515.96115816,244848572.98243684,-28538942.97872132,True,negative_binomial,negative_binomial_epidemiology,negative_binomial_climate
Brazil,2023,383,2,144376.0,124926.889333109,144376.0,128307.248525081,144376.0,19449.110666891007,16068.751474919001,-3380.3591919720056,378267905.7329736,258204773.96271157,-120063131.770262,True,negative_binomial,negative_binomial_epidemiology,negative_binomial_climate
Brazil,2023,384,2,121825.0,119611.307890133,121825.0,116707.560791152,121825.0,2213.692109866999,5117.439208847994,2903.7470989809954,4900432.757287406,26188184.056254786,21287751.29896738,False,negative_binomial,negative_binomial_epidemiology,negative_binomial_climate
Brazil,2023,385,2,90703.0,107573.951585438,90703.0,101946.478759411,90703.0,16870.951585438,11243.478759410995,-5627.472826027006,284629007.398193,126415814.6133262,-158213192.7848668,True,negative_binomial,negative_binomial_epidemiology,negative_binomial_climate
Brazil,2023,386,2,72095.0,91466.1733459752,72095.0,92045.3812503133,72095.0,19371.1733459752,19950.381250313294,579.2079043380945,375242356.79982,398017712.03285223,22775355.233032227,False,negative_binomial,negative_binomial_epidemiology,negative_binomial_climate
Brazil,2023,387,2,55721.0,70966.1306818203,55721.0,67745.4435729724,55721.0,15245.130681820301,12024.443572972406,-3220.6871088478947,232414009.50577873,144587243.2395974,-87826766.26618132,True,negative_binomial,negative_binomial_epidemiology,negative_binomial_climate
Brazil,2023,388,2,48059.0,55550.4402667462,48059.0,53617.1838118158,48059.0,7491.440266746198,5558.1838118157975,-1933.2564549304007,56121677.27022635,30893407.28593119,-25228269.984295163,True,negative_binomial,negative_binomial_epidemiology,negative_binomial_climate
Brazil,2023,389,2,39160.0,41935.1134251635,39160.0,42558.8325156465,39160.0,2775.1134251635012,3398.8325156465,623.7190904829986,7701254.5225227,11552062.469415914,3850807.9468932142,False,negative_binomial,negative_binomial_epidemiology,negative_binomial_climate
Brazil,2023,390,2,33459.0,34059.9020065865,33459.0,34233.765744142,33459.0,600.902006586497,774.7657441420015,173.86373755550449,361083.2215196785,600261.9582959093,239178.73677623086,False,negative_binomial,negative_binomial_epidemiology,negative_binomial_climate
Brazil,2023,391,2,27767.0,27281.1772431649,27767.0,26458.1791557554,27767.0,485.8227568350994,1308.8208442446012,822.9980874095017,236023.75105885614,1713012.0023291507,1476988.2512702947,False,negative_binomial,negative_binomial_epidemiology,negative_binomial_climate
Brazil,2023,392,2,24236.0,23030.3431508825,24236.0,23153.6516590972,24236.0,1205.6568491174985,1082.3483409028013,-123.30850821469721,1453608.4378239345,1171477.9310550466,-282130.50676888786,True,negative_binomial,negative_binomial_epidemiology,negative_binomial_climate
Brazil,2023,393,2,20558.0,19494.2509513783,20558.0,19903.2405220322,20558.0,1063.7490486216993,654.7594779678002,-408.98957065389914,1131562.0384435705,428709.9739886662,-702852.0644549043,True,negative_binomial,negative_binomial_epidemiology,negative_binomial_climate
Brazil,2023,394,2,18393.0,17244.392410745,18393.0,18486.8380334174,18393.0,1148.6075892549998,93.83803341739986,-1054.7695558376,1319299.3940941822,8805.576515645052,-1310493.8175785372,True,negative_binomial,negative_binomial_epidemiology,negative_binomial_climate
Brazil,2023,395,2,19179.0,15077.099454213,19179.0,15458.0532681279,19179.0,4101.900545787001,3720.9467318721,-380.9538139149008,16825588.087527696,13845444.58142966,-2980143.5060980357,True,negative_binomial,negative_binomial_epidemiology,negative_binomial_climate
Brazil,2023,396,2,17728.0,13665.9819077856,17728.0,14594.5807275882,17728.0,4062.018092214401,3133.4192724118,-928.5988198026007,16499990.98147712,9818316.336721696,-6681674.644755425,True,negative_binomial,negative_binomial_epidemiology,negative_binomial_climate
Brazil,2023,397,2,17804.0,13728.6145316559,17804.0,13384.8087453018,17804.0,4075.3854683441004,4419.1912546982,343.80578635409984,16608766.715590263,19529251.345601052,2920484.6300107893,False,negative_binomial,negative_binomial_epidemiology,negative_binomial_climate
Brazil,2023,398,2,17132.0,13298.4032004573,17132.0,13665.1850329283,17132.0,3833.5967995427,3466.8149670716994,-366.7818324710006,14696464.421464032,12018806.015912348,-2677658.405551683,True,negative_binomial,negative_binomial_epidemiology,negative_binomial_climate
Brazil,2023,399,2,15933.0,13654.7269382858,15933.0,14224.4460032687,15933.0,2278.2730617142006,1708.5539967312998,-569.7190649829008,5190528.143732598,2919156.7597464984,-2271371.3839860996,True,negative_binomial,negative_binomial_epidemiology,negative_binomial_climate
Brazil,2023,400,2,14827.0,13779.5796853717,14827.0,13775.1883518415,14827.0,1047.4203146282998,1051.8116481585002,4.391333530200427,1097089.3154960466,1106307.7432019007,9218.427705854177,False,negative_binomial,negative_binomial_epidemiology,negative_binomial_climate
Brazil,2023,401,2,17637.0,13649.3668979224,17637.0,13311.9489604769,17637.0,3987.6331020775997,4325.0510395230995,337.4179374454998,15901217.75678502,18706066.494479842,2804848.7376948223,False,negative_binomial,negative_binomial_epidemiology,negative_binomial_climate
Brazil,2023,402,2,18790.0,13255.9250472503,18790.0,13239.6882788264,18790.0,5534.074952749699,5550.311721173601,16.236768423901594,30625985.582651585,30805960.20219706,179974.61954547465,False,negative_binomial,negative_binomial_epidemiology,negative_binomial_climate
Brazil,2023,403,2,17681.0,14910.5156702837,17681.0,14105.4461882621,17681.0,2770.4843297163006,3575.5538117379,805.0694820215995,7675583.42120358,12784585.060633427,5109001.639429847,False,negative_binomial,negative_binomial_epidemiology,negative_binomial_climate
Brazil,2023,404,2,19313.0,16242.6900496789,19313.0,14707.2607508797,19313.0,3070.3099503210997,4605.739249120301,1535.4292987992012,9426803.191040754,21212834.03088723,11786030.839846477,False,negative_binomial,negative_binomial_epidemiology,negative_binomial_climate
Brazil,2023,405,2,17341.0,16676.3332913217,17341.0,15182.0595755398,17341.0,664.6667086783018,2158.940424460199,1494.2737157818974,441781.83362524654,4661023.756368385,4219241.922743138,False,negative_binomial,negative_binomial_epidemiology,negative_binomial_climate
Brazil,2023,406,2,21013.0,18406.25519858,21013.0,17648.1413462696,21013.0,2606.7448014200017,3364.8586537304,758.1138523103982,6795118.459730204,11322273.75958436,4527155.299854156,False,negative_binomial,negative_binomial_epidemiology,negative_binomial_climate
Brazil,2023,407,2,19662.0,18159.4158766394,19662.0,17247.2245962673,19662.0,1502.5841233606006,2414.7754037326995,912.1912803720988,2257759.047775345,5831140.250472422,3573381.202697077,False,negative_binomial,negative_binomial_epidemiology,negative_binomial_climate
Brazil,2023,408,2,18785.0,20902.2713365565,18785.0,18654.2793677044,18785.0,2117.2713365564996,130.7206322956008,-1986.5507042608988,4482837.912603746,17087.883707761674,-4465750.028895984,True,negative_binomial,negative_binomial_epidemiology,negative_binomial_climate
Brazil,2023,409,2,24393.0,20962.9359270804,24393.0,18714.944589637,24393.0,3430.0640729195984,5678.055410362998,2247.9913374434,11765339.544333784,32240313.243152518,20474973.698818736,False,negative_binomial,negative_binomial_epidemiology,negative_binomial_climate
Brazil,2023,410,2,22124.0,21113.6534517964,22124.0,19163.7167173541,22124.0,1010.3465482036008,2960.2832826459016,1949.9367344423008,1020800.1474669311,8763277.113512795,7742476.966045864,False,negative_binomial,negative_binomial_epidemiology,negative_binomial_climate
Brazil,2023,411,2,27767.0,24993.4529811516,27767.0,23692.778044638,27767.0,2773.5470188483996,4074.2219553620016,1300.674936513602,7692563.065762845,16599284.541553771,8906721.475790925,False,negative_binomial,negative_binomial_epidemiology,negative_binomial_climate
Brazil,2023,412,2,30045.0,25219.8315922019,30045.0,23603.8092345361,30045.0,4825.168407798101,6441.1907654639,1616.022357665799,23282250.16361286,41488938.47709742,18206688.31348456,False,negative_binomial,negative_binomial_epidemiology,negative_binomial_climate
Brazil,2023,413,2,33247.0,30105.4257976227,33247.0,27534.1706856146,33247.0,3141.574202377298,5712.829314385399,2571.2551120081007,9869488.469042558,32636418.775301147,22766930.30625859,False,negative_binomial,negative_binomial_epidemiology,negative_binomial_climate
Brazil,2023,414,2,40789.0,33538.7627460989,40789.0,32171.3743097281,40789.0,7250.237253901098,8617.6256902719,1367.388436370802,52565940.23785533,74263472.53763424,21697532.29977891,False,negative_binomial,negative_binomial_epidemiology,negative_binomial_climate
Brazil,2023,415,2,38305.0,38386.0608264798,38305.0,37207.729923835,38305.0,81.06082647979929,1097.2700761649976,1016.2092496851983,6570.8575895881295,1204001.6200471397,1197430.7624575517,False,negative_binomial,negative_binomial_epidemiology,negative_binomial_climate
Brazil,2023,416,2,2146.0,45617.8414087753,2146.0,42375.3250297063,2146.0,43471.8414087753,40229.3250297063,-3242.5163790689985,1889800995.4697106,1618398592.3457537,-271402403.1239569,True,negative_binomial,negative_binomial_epidemiology,negative_binomial_climate
Colombia,2023,365,2,1071.0,1408.90552696987,1071.0,1373.73112355086,1071.0,337.9055269698699,302.73112355086005,-35.17440341900988,114180.1451567855,91646.1331663661,-22534.0119904194,True,negative_binomial,negative_binomial_epidemiology,negative_binomial_climate
Colombia,2023,366,2,2389.0,1412.77619722708,2389.0,1323.94897864923,2389.0,976.22380277292,1065.05102135077,88.82721857785009,953012.913100421,1134333.6780803185,181320.76497989753,False,negative_binomial,negative_binomial_epidemiology,negative_binomial_climate
Colombia,2023,367,2,2177.0,1189.50252215348,2177.0,1135.01140681767,2177.0,987.49747784652,1041.98859318233,54.491115335810036,975151.2687532384,1085740.2283220913,110588.95956885291,False,negative_binomial,negative_binomial_epidemiology,negative_binomial_climate
Colombia,2023,368,2,2237.0,1616.26625121484,2237.0,1525.74179975135,2237.0,620.7337487851601,711.2582002486499,90.52445146348987,385310.3868808782,505888.2274209486,120577.84054007044,False,negative_binomial,negative_binomial_epidemiology,negative_binomial_climate
Colombia,2023,369,2,2016.0,1775.07584627677,2016.0,1655.87756258661,2016.0,240.9241537232299,360.1224374133899,119.19828369016,58044.44784725451,129688.16992856092,71643.72208130642,False,negative_binomial,negative_binomial_epidemiology,negative_binomial_climate
Colombia,2023,370,2,1870.0,2254.44066730194,1870.0,2142.60236794418,1870.0,384.4406673019398,272.60236794418006,-111.83829935775975,147794.62667556078,74312.05100877413,-73482.57566678665,True,negative_binomial,negative_binomial_epidemiology,negative_binomial_climate
Colombia,2023,371,2,1918.0,1932.77071452818,1918.0,1851.24158374679,1918.0,14.770714528179951,66.75841625321004,51.98770172503009,218.17400767298628,4456.686140636859,4238.512132963872,False,negative_binomial,negative_binomial_epidemiology,negative_binomial_climate
Colombia,2023,372,2,2294.0,1926.42098627323,2294.0,1828.29225464436,2294.0,367.57901372677,465.7077453556401,98.12873162887013,135114.33133234494,216883.70408423373,81769.37275188879,False,negative_binomial,negative_binomial_epidemiology,negative_binomial_climate
Colombia,2023,373,2,1311.0,1838.44781443798,1311.0,1717.54934223752,1311.0,527.44781443798,406.54934223752,-120.89847220045999,278201.1969554018,165282.3676737602,-112918.8292816416,True,negative_binomial,negative_binomial_epidemiology,negative_binomial_climate
Colombia,2023,374,2,1735.0,1971.43913548822,1735.0,1782.27360700845,1735.0,236.43913548822002,47.27360700844997,-189.16552847977005,55903.46479041686,2234.7939195893705,-53668.67087082749,True,negative_binomial,negative_binomial_epidemiology,negative_binomial_climate
Colombia,2023,375,2,1752.0,1629.29885960978,1752.0,1545.73243160057,1752.0,122.70114039021996,206.26756839943005,83.56642800921009,15055.569853060468,42546.30977341355,27490.739920353084,False,negative_binomial,negative_binomial_epidemiology,negative_binomial_climate
Colombia,2023,376,2,2015.0,1528.94381139653,2015.0,1522.08314698085,2015.0,486.05618860347,492.91685301915004,6.8606644156800485,236250.618479732,242967.02399030238,6716.405510570388,False,negative_binomial,negative_binomial_epidemiology,negative_binomial_climate
Colombia,2023,377,2,2217.0,1477.37516520385,2217.0,1430.39026808324,2217.0,739.62483479615,786.60973191676,46.98489712060996,547044.8962472322,618754.870346157,71709.97409892478,False,negative_binomial,negative_binomial_epidemiology,negative_binomial_climate
Colombia,2023,378,2,1627.0,1815.64516709428,1627.0,1754.93843971466,1627.0,188.64516709427994,127.93843971466003,-60.706727379619906,35586.9990680288,16368.2443566217,-19218.754711407102,True,negative_binomial,negative_binomial_epidemiology,negative_binomial_climate
Colombia,2023,379,2,1682.0,1922.40001424857,1682.0,1923.8772566165,1682.0,240.40001424856996,241.87725661650006,1.4772423679301028,57792.16685071264,58504.607268324224,712.4404176115859,False,negative_binomial,negative_binomial_epidemiology,negative_binomial_climate
Colombia,2023,380,2,1751.0,1824.74528307328,1751.0,1777.59404545177,1751.0,73.74528307328,26.594045451769944,-47.15123762151006,5438.366775558198,707.2432534908056,-4731.1235220673925,True,negative_binomial,negative_binomial_epidemiology,negative_binomial_climate
Colombia,2023,381,2,2144.0,1686.71167940608,2144.0,1632.148379691,2144.0,457.28832059391993,511.85162030900005,54.56329971508012,209112.6081516077,261992.08121294875,52879.473061341036,False,negative_binomial,negative_binomial_epidemiology,negative_binomial_climate
Colombia,2023,382,2,2689.0,1611.44775069328,2689.0,1595.32227597242,2689.0,1077.55224930672,1093.67772402758,16.12547472086021,1161118.8499859713,1196130.9640341476,35012.11404817621,False,negative_binomial,negative_binomial_epidemiology,negative_binomial_climate
Colombia,2023,383,2,2729.0,1925.83509483298,2729.0,1915.85379815191,2729.0,803.1649051670199,813.14620184809,9.981296681070035,645073.8648919481,661206.7455799746,16132.880688026547,False,negative_binomial,negative_binomial_epidemiology,negative_binomial_climate
Colombia,2023,384,2,2179.0,2262.26265938319,2179.0,2246.03446480252,2179.0,83.26265938319011,67.03446480251978,-16.228194580670333,6932.670447561137,4493.619471360263,-2439.050976200874,True,negative_binomial,negative_binomial_epidemiology,negative_binomial_climate
Colombia,2023,385,2,2133.0,2612.85916881329,2133.0,2615.63819063813,2133.0,479.8591688132901,482.6381906381298,2.779021824839674,230264.82189418166,232939.62306244773,2674.8011682660726,False,negative_binomial,negative_binomial_epidemiology,negative_binomial_climate
Colombia,2023,386,2,2569.0,2452.71885176959,2569.0,2424.35783184217,2569.0,116.28114823041005,144.64216815782993,28.361019927419875,13521.305433782594,20921.35680939795,7400.051375615354,False,negative_binomial,negative_binomial_epidemiology,negative_binomial_climate
Colombia,2023,387,2,2152.0,2230.25538208767,2152.0,2256.71982992337,2152.0,78.25538208767011,104.71982992337007,26.464447835699957,6123.90482568724,10966.242779179554,4842.337953492314,False,negative_binomial,negative_binomial_epidemiology,negative_binomial_climate
Colombia,2023,388,2,2079.0,2343.47736670674,2079.0,2392.69978319126,2079.0,264.4773667067402,313.69978319125994,49.22241648451973,69948.27750013153,98407.55397424349,28459.27647411196,False,negative_binomial,negative_binomial_epidemiology,negative_binomial_climate
Colombia,2023,389,2,2082.0,2310.43873004413,2082.0,2367.52246792872,2082.0,228.4387300441299,285.52246792871983,57.08373788458994,52184.25338417486,81523.07969210684,29338.82630793198,False,negative_binomial,negative_binomial_epidemiology,negative_binomial_climate
Colombia,2023,390,2,1768.0,2188.65637230513,1768.0,2254.37869672381,1768.0,420.65637230512993,486.3786967238102,65.72232441868027,176951.7835609121,236564.23662675216,59612.45306584006,False,negative_binomial,negative_binomial_epidemiology,negative_binomial_climate
Colombia,2023,391,2,2203.0,2014.65204445372,2203.0,2056.45293636878,2203.0,188.34795554628,146.54706363122023,-41.800891915059765,35474.952358463466,21476.04185893291,-13998.910499530557,True,negative_binomial,negative_binomial_epidemiology,negative_binomial_climate
Colombia,2023,392,2,2617.0,1880.2085432824,2617.0,1903.6365798754,2617.0,736.7914567176001,713.3634201246,-23.428036593000115,542861.6506920432,508887.36917186657,-33974.28152017668,True,negative_binomial,negative_binomial_epidemiology,negative_binomial_climate
Colombia,2023,393,2,2458.0,1966.96195494592,2458.0,1981.67435497865,2458.0,491.03804505407993,476.32564502135006,-14.712400032729875,241118.36169053262,226886.1201050052,-14232.24158552743,True,negative_binomial,negative_binomial_epidemiology,negative_binomial_climate
Colombia,2023,394,2,2609.0,2251.27658524462,2609.0,2157.80321641822,2609.0,357.72341475537996,451.19678358178,93.47336882640002,127966.04146424959,203578.5375145436,75612.49605029401,False,negative_binomial,negative_binomial_epidemiology,negative_binomial_climate
Colombia,2023,395,2,2595.0,2495.7389929632,2595.0,2507.01326901122,2595.0,99.26100703680004,87.98673098877998,-11.274276048020056,9852.747517959666,7741.664830091936,-2111.08268786773,True,negative_binomial,negative_binomial_epidemiology,negative_binomial_climate
Colombia,2023,396,2,2876.0,2538.0343341875,2876.0,2549.86219474624,2876.0,337.9656658125,326.1378052537598,-11.827860558740213,114220.79126808642,106365.86801573934,-7854.9232523470855,True,negative_binomial,negative_binomial_epidemiology,negative_binomial_climate
Colombia,2023,397,2,2474.0,2567.31580963248,2474.0,2600.08864349479,2474.0,93.31580963248007,126.08864349479018,32.77283386231011,8707.84032736526,15898.346018356293,7190.505690991033,False,negative_binomial,negative_binomial_epidemiology,negative_binomial_climate
Colombia,2023,398,2,2299.0,2767.57571001929,2299.0,2797.53275618143,2299.0,468.57571001929,498.53275618143016,29.95704616214016,219563.19602008176,248534.90898585328,28971.712965771527,False,negative_binomial,negative_binomial_epidemiology,negative_binomial_climate
Colombia,2023,399,2,2504.0,2622.31633322318,2504.0,2619.13403846096,2504.0,118.31633322318021,115.1340384609598,-3.1822947622204083,13998.754707378617,13255.84681232977,-742.9078950488474,True,negative_binomial,negative_binomial_epidemiology,negative_binomial_climate
Colombia,2023,400,2,2559.0,2459.10146447867,2559.0,2488.79119093868,2559.0,99.8985355213299,70.20880906132015,-29.68972646000975,9979.717399306413,4929.276869808911,-5050.440529497502,True,negative_binomial,negative_binomial_epidemiology,negative_binomial_climate
Colombia,2023,401,2,2681.0,2335.82546429026,2681.0,2386.73943085178,2681.0,345.1745357097402,294.26056914821993,-50.91396656152028,119145.46010243472,86589.28255543433,-32556.177547000392,True,negative_binomial,negative_binomial_epidemiology,negative_binomial_climate
Colombia,2023,402,2,2677.0,2403.34222743712,2677.0,2449.838407367,2677.0,273.6577725628799,227.16159263300005,-46.49617992987987,74888.57648407691,51602.389167561065,-23286.187316515847,True,negative_binomial,negative_binomial_epidemiology,negative_binomial_climate
Colombia,2023,403,2,2809.0,2519.15525947453,2809.0,2641.56733590307,2809.0,289.8447405254701,167.43266409692978,-122.41207642854033,84009.9736102771,28033.69700659532,-55976.27660368178,True,negative_binomial,negative_binomial_epidemiology,negative_binomial_climate
Colombia,2023,404,2,2984.0,2530.53677199341,2984.0,2596.38125053118,2984.0,453.4632280065898,387.61874946882017,-65.84447853776965,205628.89915415648,150248.29493977196,-55380.60421438451,True,negative_binomial,negative_binomial_epidemiology,negative_binomial_climate
Colombia,2023,405,2,2632.0,2621.53715571996,2632.0,2728.37111324977,2632.0,10.462844280039917,96.37111324977013,85.90826896973022,109.47111042836401,9287.39146900002,9177.920358571657,False,negative_binomial,negative_binomial_epidemiology,negative_binomial_climate
Colombia,2023,406,2,2964.0,2719.70550957291,2964.0,2811.38615331645,2964.0,244.29449042708984,152.61384668355004,-91.6806437435398,59679.79805303149,23290.986199550116,-36388.81185348137,True,negative_binomial,negative_binomial_epidemiology,negative_binomial_climate
Colombia,2023,407,2,2969.0,2658.87039934319,2969.0,2740.00111145737,2969.0,310.12960065681,228.99888854263008,-81.13071211417991,96180.36920355244,52440.490953759916,-43739.87824979253,True,negative_binomial,negative_binomial_epidemiology,negative_binomial_climate
Colombia,2023,408,2,2852.0,2708.39244994927,2852.0,2843.4766182649,2852.0,143.60755005072997,8.523381735099974,-135.08416831563,20623.128431572914,72.64803620223584,-20550.480395370676,True,negative_binomial,negative_binomial_epidemiology,negative_binomial_climate
Colombia,2023,409,2,3322.0,2704.50831572744,3322.0,2920.23547709433,3322.0,617.4916842725602,401.7645229056702,-215.72716136688996,381295.98014576314,161414.73186562082,-219881.24828014232,True,negative_binomial,negative_binomial_epidemiology,negative_binomial_climate
Colombia,2023,410,2,3638.0,2748.74088182576,3638.0,2927.23646889079,3638.0,889.25911817424,710.7635311092099,-178.49558706503012,790781.779256027,505184.7971548328,-285596.98210119415,True,negative_binomial,negative_binomial_epidemiology,negative_binomial_climate
Colombia,2023,411,2,3999.0,2845.48141906466,3999.0,2948.12199201476,3999.0,1153.5185809353402,1050.87800798524,-102.64057295010025,1330605.116563081,1104344.587667026,-226260.52889605495,True,negative_binomial,negative_binomial_epidemiology,negative_binomial_climate
Colombia,2023,412,2,3916.0,3118.60309124601,3916.0,3232.09034139217,3916.0,797.3969087539899,683.9096586078299,-113.48725014616002,635841.8300904189,467732.42113707843,-168109.4089533405,True,negative_binomial,negative_binomial_epidemiology,negative_binomial_climate
Colombia,2023,413,2,4130.0,3492.80933271385,4130.0,3574.823929984,4130.0,637.1906672861501,555.1760700159998,-82.01459727015026,406011.9464765692,308220.46871841035,-97791.47775815887,True,negative_binomial,negative_binomial_epidemiology,negative_binomial_climate
Colombia,2023,414,2,4650.0,3581.1202100397,4650.0,3668.11588149133,4650.0,1068.8797899603,981.8841185086699,-86.99567145163019,1142504.0053855751,964096.4221795476,-178407.5832060275,True,negative_binomial,negative_binomial_epidemiology,negative_binomial_climate
Colombia,2023,415,2,3922.0,3737.303247345,3922.0,3882.71208916337,3922.0,184.69675265500018,39.28791083663009,-145.4088418183701,34112.89044130232,1543.539937906996,-32569.350503395322,True,negative_binomial,negative_binomial_epidemiology,negative_binomial_climate
Colombia,2023,416,2,3859.0,3952.92771735429,3859.0,4045.97637677021,3859.0,93.92771735429005,186.9763767702102,93.04865941592016,8822.4160873874,34960.1654701156,26137.7493827282,False,negative_binomial,negative_binomial_epidemiology,negative_binomial_climate
Peru,2023,365,2,1596.0,1758.67905789238,1596.0,1685.90781128375,1596.0,162.6790578923799,89.9078112837501,-72.77124660862978,26464.475876752287,8083.414529834423,-18381.061346917864,True,negative_binomial,negative_binomial_epidemiology,negative_binomial_climate
Peru,2023,366,2,1499.0,1409.50805660236,1499.0,1248.45558657283,1499.0,89.49194339763994,250.54441342716996,161.05247002953,8008.807933086391,62772.50309956466,54763.69516647827,False,negative_binomial,negative_binomial_epidemiology,negative_binomial_climate
Peru,2023,367,2,1851.0,1965.34661349082,1851.0,1699.61912219873,1851.0,114.34661349081989,151.3808778012699,37.03426431045,13075.148016818954,22916.170163883005,9841.022147064052,False,negative_binomial,negative_binomial_epidemiology,negative_binomial_climate
Peru,2023,368,2,1757.0,2175.12961074213,1757.0,1845.38193212175,1757.0,418.1296107421299,88.38193212174997,-329.74767862037993,174832.37137936507,7811.365925573619,-167021.00545379144,True,negative_binomial,negative_binomial_epidemiology,negative_binomial_climate
Peru,2023,369,2,1914.0,2015.15530148838,1914.0,1889.52375547118,1914.0,101.15530148838002,24.47624452881996,-76.67905695956006,10232.395019205056,599.0865462345892,-9633.308472970468,True,negative_binomial,negative_binomial_epidemiology,negative_binomial_climate
Peru,2023,370,2,2142.0,1979.50465189901,2142.0,1607.32425948657,2142.0,162.49534810099,534.6757405134299,372.1803924124399,26404.73815446191,285878.1474935846,259473.4093391227,False,negative_binomial,negative_binomial_epidemiology,negative_binomial_climate
Peru,2023,371,2,2303.0,2187.19251842505,2303.0,1784.23483823238,2303.0,115.80748157495009,518.7651617676199,402.95768019266984,13411.372788732404,269117.2930637849,255705.9202750525,False,negative_binomial,negative_binomial_epidemiology,negative_binomial_climate
Peru,2023,372,2,2513.0,2323.85366951167,2513.0,1873.47319334619,2513.0,189.14633048833002,639.5268066538099,450.3804761654799,35776.33433720056,408994.5364288195,373218.20209161896,False,negative_binomial,negative_binomial_epidemiology,negative_binomial_climate
Peru,2023,373,2,2545.0,2443.85388345135,2545.0,2032.89820071767,2545.0,101.14611654864984,512.1017992823299,410.9556827336801,10230.536892873057,262248.2528281997,252017.71593532665,False,negative_binomial,negative_binomial_epidemiology,negative_binomial_climate
Peru,2023,374,2,2528.0,2522.61132013835,2528.0,2326.72990843332,2528.0,5.388679861649962,201.2700915666801,195.88141170503013,29.037870651351852,40509.64975925979,40480.61188860844,False,negative_binomial,negative_binomial_epidemiology,negative_binomial_climate
Peru,2023,375,2,3018.0,2504.02911912272,3018.0,2081.25859588723,3018.0,513.9708808772798,936.7414041127699,422.77052323549015,264166.06638976693,877484.4581791637,613318.3917893968,False,negative_binomial,negative_binomial_epidemiology,negative_binomial_climate
Peru,2023,376,2,3796.0,2457.13593886747,3796.0,2270.01150677007,3796.0,1338.86406113253,1525.98849322993,187.12443209740013,1792556.974192291,2328640.8814701526,536083.9072778616,False,negative_binomial,negative_binomial_epidemiology,negative_binomial_climate
Peru,2023,377,2,4099.0,2610.41461340028,4099.0,2348.79028399652,4099.0,1488.58538659972,1750.20971600348,261.62432940375993,2215886.4531982383,3063234.0499929823,847347.596794744,False,negative_binomial,negative_binomial_epidemiology,negative_binomial_climate
Peru,2023,378,2,4430.0,2906.98893496448,4430.0,2996.61054065258,4430.0,1523.01106503552,1433.3894593474201,-89.62160568809986,2319562.704220629,2054605.3421682895,-264957.36205233936,True,negative_binomial,negative_binomial_epidemiology,negative_binomial_climate
Peru,2023,379,2,6520.0,2918.974426455,6520.0,3031.41079568332,6520.0,3601.025573545,3488.58920431668,-112.43636922832002,12967385.181325097,12170254.636474887,-797130.5448502097,True,negative_binomial,negative_binomial_epidemiology,negative_binomial_climate
Peru,2023,380,2,7614.0,2881.33856835702,7614.0,2820.2127832819,7614.0,4732.6614316429805,4793.787216718099,61.12578507511898,22398084.226560984,22980395.879169863,582311.6526088789,False,negative_binomial,negative_binomial_epidemiology,negative_binomial_climate
Peru,2023,381,2,8594.0,3446.74182505493,8594.0,3423.70536707888,8594.0,5147.25817494507,5170.29463292112,23.03645797604986,26494266.719538853,26731946.59121294,237679.8716740869,False,negative_binomial,negative_binomial_epidemiology,negative_binomial_climate
Peru,2023,382,2,11860.0,3831.91968130659,11860.0,3722.4613479989,11860.0,8028.08031869341,8137.5386520011,109.45833330768983,64450073.60339248,66219535.312811874,1769461.709419392,False,negative_binomial,negative_binomial_epidemiology,negative_binomial_climate
Peru,2023,383,2,15304.0,3862.68392513779,15304.0,3971.03978309842,15304.0,11441.31607486221,11332.96021690158,-108.3558579606306,130903713.52490042,128435987.2778739,-2467726.247026518,True,negative_binomial,negative_binomial_epidemiology,negative_binomial_climate
Peru,2023,384,2,20425.0,4497.10884903685,20425.0,4583.64669554533,20425.0,15927.89115096315,15841.353304454671,-86.53784650847956,253697716.51693025,250948474.51655692,-2749242.0003733337,True,negative_binomial,negative_binomial_epidemiology,negative_binomial_climate
Peru,2023,385,2,18043.0,5366.38519504414,18043.0,5904.03199119056,18043.0,12676.61480495586,12138.96800880944,-537.6467961464205,160696562.9132261,147354544.318899,-13342018.594327092,True,negative_binomial,negative_binomial_epidemiology,negative_binomial_climate
Peru,2023,386,2,17868.0,6095.63104829561,17868.0,6319.14882199708,17868.0,11772.36895170439,11548.85117800292,-223.5177737014692,138588670.7350535,133375963.53165944,-5212707.20339407,True,negative_binomial,negative_binomial_epidemiology,negative_binomial_climate
Peru,2023,387,2,15637.0,5876.99901546739,15637.0,6721.08615943308,15637.0,9760.00098453261,8915.91384056692,-844.0871439656894,95257619.21807751,79493519.61241277,-15764099.605664745,True,negative_binomial,negative_binomial_epidemiology,negative_binomial_climate
Peru,2023,388,2,13340.0,5846.37984355922,13340.0,6000.08779963866,13340.0,7493.62015644078,7339.91220036134,-153.70795607944,56154343.049015544,53874311.10901325,-2280031.9400022924,True,negative_binomial,negative_binomial_epidemiology,negative_binomial_climate
Peru,2023,389,2,11073.0,5807.07045034236,11073.0,6304.5859978334,11073.0,5265.92954965764,4768.4140021666,-497.5155474910398,27730014.021957513,22737772.09605849,-4992241.925899021,True,negative_binomial,negative_binomial_epidemiology,negative_binomial_climate
Peru,2023,390,2,8681.0,5448.22657508937,8681.0,6276.08956301953,8681.0,3232.7734249106297,2404.91043698047,-827.8629879301598,10450824.016808404,5783594.209897595,-4667229.806910808,True,negative_binomial,negative_binomial_epidemiology,negative_binomial_climate
Peru,2023,391,2,8132.0,4878.84618017005,8132.0,5383.5536256632,8132.0,3253.1538198299504,2748.4463743367996,-504.7074454931508,10583009.775474198,7553957.472605099,-3029052.302869099,True,negative_binomial,negative_binomial_epidemiology,negative_binomial_climate
Peru,2023,392,2,7669.0,4261.47711808737,7669.0,4199.16901799046,7669.0,3407.5228819126296,3469.83098200954,62.30810009691049,11611212.190758152,12039727.04371329,428514.8529551383,False,negative_binomial,negative_binomial_epidemiology,negative_binomial_climate
Peru,2023,393,2,6815.0,3946.53238426984,6815.0,3598.36857175795,6815.0,2868.46761573016,3216.63142824205,348.1638125118898,8228106.462492669,10346717.745154489,2118611.28266182,False,negative_binomial,negative_binomial_epidemiology,negative_binomial_climate
Peru,2023,394,2,5158.0,3730.89126813518,5158.0,2485.93152618612,5158.0,1427.1087318648201,2672.06847381388,1244.9597419490597,2036639.3325648152,7139949.928750037,5103310.596185222,False,negative_binomial,negative_binomial_epidemiology,negative_binomial_climate
Peru,2023,395,2,5423.0,3359.01764308495,5423.0,3455.2000533969,5423.0,2063.98235691505,1967.7999466031001,-96.18241031194975,4260023.1696566045,3872236.629851164,-387786.5398054407,True,negative_binomial,negative_binomial_epidemiology,negative_binomial_climate
Peru,2023,396,2,5060.0,2799.13124690733,5060.0,3123.30635541709,5060.0,2260.86875309267,1936.69364458291,-324.17510850975987,5111527.518710804,3750782.2729678354,-1360745.2457429687,True,negative_binomial,negative_binomial_epidemiology,negative_binomial_climate
Peru,2023,397,2,4380.0,2773.74284949399,4380.0,3325.75128540684,4380.0,1606.25715050601,1054.24871459316,-552.00843591285,2580062.033551687,1111440.3522213302,-1468621.6813303567,True,negative_binomial,negative_binomial_epidemiology,negative_binomial_climate
Peru,2023,398,2,3824.0,2767.01818439679,3824.0,3067.87929968076,3824.0,1056.9818156032102,756.1207003192399,-300.8611152839703,1117210.5585158586,571718.5134512577,-545492.0450646009,True,negative_binomial,negative_binomial_epidemiology,negative_binomial_climate
Peru,2023,399,2,3466.0,2492.8091957794,3466.0,2801.45526034739,3466.0,973.1908042206001,664.5447396526101,-308.6460645679899,947100.3414195384,441619.71099995536,-505480.630419583,True,negative_binomial,negative_binomial_epidemiology,negative_binomial_climate
Peru,2023,400,2,3368.0,2285.63475320781,3368.0,2611.72643262545,3368.0,1082.3652467921902,756.2735673745501,-326.0916794176401,1171514.5274635188,571949.7087094282,-599564.8187540906,True,negative_binomial,negative_binomial_epidemiology,negative_binomial_climate
Peru,2023,401,2,2883.0,2241.3280334684,2883.0,2774.18928064374,2883.0,641.6719665316,108.81071935626005,-532.8612471753399,411742.9126325308,11839.772646826787,-399903.139985704,True,negative_binomial,negative_binomial_epidemiology,negative_binomial_climate
Peru,2023,402,2,2317.0,2237.79048651739,2317.0,2530.78155256074,2317.0,79.20951348260996,213.78155256073978,134.57203907812982,6274.14702615177,45702.552215280346,39428.40518912858,False,negative_binomial,negative_binomial_epidemiology,negative_binomial_climate
Peru,2023,403,2,2158.0,2101.24893872053,2158.0,2848.44024716185,2158.0,56.75106127946992,690.44024716185,633.6891858823801,3220.68295634615,476707.7349009166,473487.05194457044,False,negative_binomial,negative_binomial_epidemiology,negative_binomial_climate
Peru,2023,404,2,2028.0,1893.09569748587,2028.0,2750.12605184465,2028.0,134.90430251413,722.1260518446502,587.2217493305202,18199.1708368239,521466.03475274245,503266.86391591857,False,negative_binomial,negative_binomial_epidemiology,negative_binomial_climate
Peru,2023,405,2,1829.0,1852.77503659453,1829.0,2615.36569938439,1829.0,23.775036594530093,786.3656993843902,762.5906627898601,565.2523650712451,618371.0131683011,617805.7608032299,False,negative_binomial,negative_binomial_epidemiology,negative_binomial_climate
Peru,2023,406,2,1874.0,1872.69148562,1874.0,2476.0710431932,1874.0,1.308514379999906,602.0710431931998,600.7625288131999,1.7122098826665382,362489.54105174786,362487.8288418652,False,negative_binomial,negative_binomial_epidemiology,negative_binomial_climate
Peru,2023,407,2,1563.0,1789.43117534309,1563.0,2377.15449390734,1563.0,226.43117534309,814.1544939073401,587.7233185642501,51271.07716725316,662847.5399495171,611576.462782264,False,negative_binomial,negative_binomial_epidemiology,negative_binomial_climate
Peru,2023,408,2,1626.0,1805.35273061766,1626.0,2734.38795581336,1626.0,179.35273061765997,1108.38795581336,929.0352251956999,32167.401980010905,1228523.8605921187,1196356.458612108,False,negative_binomial,negative_binomial_epidemiology,negative_binomial_climate
Peru,2023,409,2,1800.0,1722.35937236779,1800.0,2820.02492064035,1800.0,77.64062763221,1020.02492064035,942.38429300814,6028.067059123491,1040450.8387273524,1034422.7716682289,False,negative_binomial,negative_binomial_epidemiology,negative_binomial_climate
Peru,2023,410,2,1802.0,1742.57252917753,1802.0,2850.37266552132,1802.0,59.42747082247001,1048.37266552132,988.94519469885,3531.6242883555246,1099085.2458122773,1095553.6215239218,False,negative_binomial,negative_binomial_epidemiology,negative_binomial_climate
Peru,2023,411,2,1823.0,1918.17935882074,1823.0,2536.3379094061,1823.0,95.17935882073994,713.3379094061002,618.1585505853602,9059.110345527164,508850.97299586557,499791.8626503384,False,negative_binomial,negative_binomial_epidemiology,negative_binomial_climate
Peru,2023,412,2,1854.0,1985.61547587451,1854.0,2783.15638808719,1854.0,131.6154758745099,929.15638808719,797.54091221268,17322.6334896737,863331.5935232327,846008.960033559,False,negative_binomial,negative_binomial_epidemiology,negative_binomial_climate
Peru,2023,413,2,1680.0,1991.18417816058,1680.0,2376.49772032204,1680.0,311.1841781605799,696.4977203220401,385.3135421614602,96835.59273747554,485109.0744137988,388273.4816763233,False,negative_binomial,negative_binomial_epidemiology,negative_binomial_climate
Peru,2023,414,2,1784.0,2095.38002144803,1784.0,2478.92625741521,1784.0,311.3800214480302,694.9262574152099,383.54623596717965,96957.51775697577,482922.50324511057,385964.9854881348,False,negative_binomial,negative_binomial_epidemiology,negative_binomial_climate
Peru,2023,415,2,1651.0,2091.8607611134,1651.0,2641.50442915559,1651.0,440.8607611133998,990.5044291555901,549.6436680421903,194358.21068948618,981099.0241768414,786740.8134873551,False,negative_binomial,negative_binomial_epidemiology,negative_binomial_climate
Peru,2023,416,2,1310.0,2176.05081784859,1310.0,2710.40144457434,1310.0,866.0508178485902,1400.40144457434,534.3506267257499,750044.019096212,1961124.2059658985,1211080.1868696865,False,negative_binomial,negative_binomial_epidemiology,negative_binomial_climate
Philippines,2023,375,2,275.0,796.846977638803,275.0,786.338268632367,275.0,521.846977638803,511.338268632367,-10.508709006435993,272324.2680707533,261466.82496794668,-10857.443102806632,True,negative_binomial,negative_binomial_epidemiology,negative_binomial_climate
Philippines,2023,376,2,141.0,591.219044816033,141.0,559.690507417778,141.0,450.21904481603303,418.690507417778,-31.528537398255025,202697.18831506115,175301.74100175643,-27395.44731330473,True,negative_binomial,negative_binomial_epidemiology,negative_binomial_climate
Philippines,2023,377,2,1196.0,233.304332596096,1196.0,235.644051082929,1196.0,962.695667403904,960.355948917071,-2.3397184868330214,926782.9480382482,922283.5486204079,-4499.399417840294,True,negative_binomial,negative_binomial_epidemiology,negative_binomial_climate
Philippines,2023,378,2,1196.0,111.026827828415,1196.0,109.655841852447,1196.0,1084.973172171585,1086.3441581475531,1.3709859759680967,1177166.784332072,1180143.6299413159,2976.845609243959,False,negative_binomial,negative_binomial_epidemiology,negative_binomial_climate
Philippines,2023,379,2,1197.0,1711.14182819051,1197.0,1305.658239579,1197.0,514.1418281905101,108.65823957900011,-405.48358861150996,264341.81949508,11806.613028407386,-252535.2064666726,True,negative_binomial,negative_binomial_epidemiology,negative_binomial_climate
Philippines,2023,380,2,1482.0,1810.22720262204,1482.0,1496.89304659896,1482.0,328.22720262204007,14.893046598959927,-313.33415602308014,107733.09654108975,221.80283699879186,-107511.29370409096,True,negative_binomial,negative_binomial_epidemiology,negative_binomial_climate
Philippines,2023,381,2,1684.0,1567.23912834151,1684.0,1313.83316441794,1684.0,116.76087165849003,370.16683558206,253.40596392356997,13633.10115045038,137023.48616483583,123390.38501438545,False,negative_binomial,negative_binomial_epidemiology,negative_binomial_climate
Philippines,2023,382,2,1746.0,2645.59872044588,1746.0,2180.78436951582,1746.0,899.5987204458802,434.7843695158199,-464.8143509300603,809277.8578278649,189037.44797526902,-620240.4098525959,True,negative_binomial,negative_binomial_epidemiology,negative_binomial_climate
Philippines,2023,383,2,1727.0,2489.56816158342,1727.0,2235.00151433403,1727.0,762.5681615834201,508.00151433403016,-254.56664724938992,581510.2010607171,258065.53856566784,-323444.6624950493,True,negative_binomial,negative_binomial_epidemiology,negative_binomial_climate
Philippines,2023,384,2,1794.0,2394.25560790665,1794.0,2223.29196858759,1794.0,600.2556079066499,429.29196858758996,-170.9636393190599,360306.79482338176,184291.59429380833,-176015.20052957343,True,negative_binomial,negative_binomial_epidemiology,negative_binomial_climate
Philippines,2023,385,2,2269.0,2068.05058862708,2269.0,2498.99273001545,2269.0,200.94941137292017,229.99273001544998,29.04331864252981,40380.6659311231,52896.65585995967,12515.98992883657,False,negative_binomial,negative_binomial_epidemiology,negative_binomial_climate
Philippines,2023,386,2,2552.0,1801.06406736528,2552.0,2482.26759195359,2552.0,750.9359326347201,69.73240804641,-681.2035245883101,563904.7749219768,4862.608731951026,-559042.1661900259,True,negative_binomial,negative_binomial_epidemiology,negative_binomial_climate
Philippines,2023,387,2,207.0,2773.85061665031,207.0,3030.37366966994,207.0,2566.85061665031,2823.37366966994,256.5230530196304,6588722.088198076,7971438.878585504,1382716.7903874284,False,negative_binomial,negative_binomial_epidemiology,negative_binomial_climate
Philippines,2023,388,2,162.0,3119.93611604114,162.0,3542.13510300321,162.0,2957.93611604114,3380.13510300321,422.1989869620702,8749386.066580543,11425313.314554522,2675927.2479739785,False,negative_binomial,negative_binomial_epidemiology,negative_binomial_climate
Philippines,2023,389,2,132.0,130.582626175378,132.0,177.336795283264,132.0,1.4173738246219898,45.336795283263996,43.919421458642006,2.008948558723567,2055.4250065565884,2053.4160579978648,False,negative_binomial,negative_binomial_epidemiology,negative_binomial_climate
Philippines,2023,390,2,181.0,100.580596613791,181.0,120.972142948604,181.0,80.419403386209,60.027857051396,-20.391546334813,6467.2804409938035,3603.3436221828324,-2863.936818810971,True,negative_binomial,negative_binomial_epidemiology,negative_binomial_climate
Philippines,2023,391,2,271.0,106.480095839587,271.0,127.406426745948,271.0,164.519904160413,143.593573254052,-20.926330906361017,27066.79886495148,20619.114279866793,-6447.684585084688,True,negative_binomial,negative_binomial_epidemiology,negative_binomial_climate
Philippines,2023,392,2,147.0,138.684071570313,147.0,160.423433653608,147.0,8.315928429687006,13.423433653607987,5.107505223920981,69.15466564767658,180.18857105281546,111.03390540513888,False,negative_binomial,negative_binomial_epidemiology,negative_binomial_climate
Philippines,2023,393,2,735.0,325.100223424552,735.0,292.013693256134,735.0,409.899776575448,442.986306743866,33.086530168417994,168017.8268366022,196236.86796257054,28219.04112596833,False,negative_binomial,negative_binomial_epidemiology,negative_binomial_climate
Philippines,2023,394,2,715.0,166.664456454155,715.0,138.292239059498,715.0,548.335543545845,576.707760940502,28.372217394657014,300671.86831571726,332591.8415290072,31919.973213289923,False,negative_binomial,negative_binomial_epidemiology,negative_binomial_climate
Philippines,2023,395,2,893.0,1441.91714145246,893.0,899.87009078381,893.0,548.9171414524601,6.870090783810042,-542.0470506686501,301310.0281803401,47.19814737779168,-301262.83003296226,True,negative_binomial,negative_binomial_epidemiology,negative_binomial_climate
Philippines,2023,396,2,2955.0,1683.07800985867,2955.0,1071.4970459961,2955.0,1271.92199014133,1883.5029540039,611.5809638625699,1617785.5490050816,3547583.3777414174,1929797.8287363357,False,negative_binomial,negative_binomial_epidemiology,negative_binomial_climate
Philippines,2023,397,2,3355.0,1363.80585946988,3355.0,1152.67890290072,3355.0,1991.19414053012,2202.32109709928,211.12695656916003,3964854.105281483,4850218.214728576,885364.1094470932,False,negative_binomial,negative_binomial_epidemiology,negative_binomial_climate
Philippines,2023,398,2,3591.0,6861.37480388829,3591.0,5032.57128971772,3591.0,3270.3748038882904,1441.57128971772,-1828.8035141705705,10695351.357907373,2078127.7833384105,-8617223.574568963,True,negative_binomial,negative_binomial_epidemiology,negative_binomial_climate
Philippines,2023,399,2,3356.0,5895.63136547423,3356.0,5392.17601987483,3356.0,2539.63136547423,2036.1760198748298,-503.45534559940006,6449727.472500501,4146012.783913303,-2303714.688587198,True,negative_binomial,negative_binomial_epidemiology,negative_binomial_climate
Philippines,2023,400,2,3393.0,5265.36262970558,3393.0,4929.75794607481,3393.0,1872.3626297055798,1536.7579460748102,-335.6046836307696,3505741.817117994,2361624.9848240693,-1144116.8322939249,True,negative_binomial,negative_binomial_epidemiology,negative_binomial_climate
Philippines,2023,401,2,3179.0,4777.32849316026,3179.0,4724.10727200354,3179.0,1598.3284931602602,1545.10727200354,-53.221221156720276,2554653.972047948,2387356.481998221,-167297.4900497268,True,negative_binomial,negative_binomial_epidemiology,negative_binomial_climate
Philippines,2023,402,2,3142.0,3508.98661389377,3142.0,4198.49221080884,3142.0,366.98661389377,1056.4922108088404,689.5055969150703,134679.17477721503,1116175.7914997512,981496.6167225362,False,negative_binomial,negative_binomial_epidemiology,negative_binomial_climate
Philippines,2023,403,2,3318.0,3351.54748227027,3318.0,3491.23794233749,3318.0,33.54748227026994,173.23794233749004,139.6904600672201,1125.4335666740758,30011.384665327525,28885.951098653448,False,negative_binomial,negative_binomial_epidemiology,negative_binomial_climate
Philippines,2023,404,2,2578.0,2975.63023583803,2578.0,3350.01931425635,2578.0,397.6302358380299,772.0193142563498,374.38907841831997,158109.80445260726,596013.8215848446,437904.0171322373,False,negative_binomial,negative_binomial_epidemiology,negative_binomial_climate
Philippines,2023,405,2,2720.0,3046.38090152198,2720.0,3664.99930637551,2720.0,326.3809015219799,944.9993063755101,618.6184048535301,106524.49287830036,893023.6890501952,786499.1961718948,False,negative_binomial,negative_binomial_epidemiology,negative_binomial_climate
Philippines,2023,406,2,3430.0,2390.08520978212,3430.0,2409.29663125826,3430.0,1039.9147902178802,1020.7033687417402,-19.211421476140004,1081422.7709138978,1041835.3669607368,-39587.403953160974,True,negative_binomial,negative_binomial_epidemiology,negative_binomial_climate
Philippines,2023,407,2,2672.0,2574.61195452992,2672.0,2613.01915423496,2672.0,97.38804547008021,58.98084576504016,-38.40719970504006,9484.431400482412,3478.7401671594557,-6005.691233322956,True,negative_binomial,negative_binomial_epidemiology,negative_binomial_climate
Philippines,2023,408,2,1939.0,3582.06963063532,1939.0,3500.5167662905,1939.0,1643.0696306353202,1561.5167662905,-81.55286434482014,2699677.8111160877,2438334.6114063403,-261343.19970974745,True,negative_binomial,negative_binomial_epidemiology,negative_binomial_climate
Philippines,2023,409,2,2607.0,2518.99270563869,2607.0,2741.80592813012,2607.0,88.00729436130996,134.8059281301198,46.79863376880985,7745.283860798259,18172.638259023028,10427.354398224768,False,negative_binomial,negative_binomial_epidemiology,negative_binomial_climate
Singapore,2025,469,2,97.0,106.907175729577,97.0,112.90151286065,97.0,9.907175729577006,15.901512860650001,5.994337131072996,98.15213093671967,252.8581112574174,154.70598032069773,False,negative_binomial,negative_binomial_epidemiology,negative_binomial_climate
Singapore,2025,470,2,118.0,72.6304032066059,118.0,80.9592930928373,118.0,45.369596793394095,37.0407069071627,-8.328889886231394,2058.400313195156,1372.0139681823307,-686.3863450128251,True,negative_binomial,negative_binomial_epidemiology,negative_binomial_climate
Singapore,2025,471,2,99.0,93.2736218959128,99.0,99.673766701415,99.0,5.726378104087203,0.6737667014150048,-5.052611402672198,32.791406190969354,0.4539615679356563,-32.3374446230337,True,negative_binomial,negative_binomial_epidemiology,negative_binomial_climate
Singapore,2025,472,2,118.0,129.009441769837,118.0,131.901255926912,118.0,11.009441769836997,13.901255926912,2.8918141570750038,121.20780808343159,193.24491634550603,72.03710826207444,False,negative_binomial,negative_binomial_epidemiology,negative_binomial_climate
Singapore,2025,473,2,54.0,117.006028213081,54.0,117.598825283993,54.0,63.006028213080995,63.598825283992994,0.592797070911999,3969.7595911875583,4044.8105775038666,75.05098631630835,False,negative_binomial,negative_binomial_epidemiology,negative_binomial_climate
Singapore,2025,474,2,113.0,122.421309489354,113.0,118.146821910275,113.0,9.421309489354002,5.146821910274994,-4.274487579079008,88.76107249419177,26.48977577608674,-62.27129671810502,True,negative_binomial,negative_binomial_epidemiology,negative_binomial_climate
Singapore,2025,475,2,114.0,58.047285363521,114.0,57.075715220953,114.0,55.952714636479,56.924284779047,0.9715701425679981,3130.7062751912513,3240.374197606042,109.66792241479061,False,negative_binomial,negative_binomial_epidemiology,negative_binomial_climate
Singapore,2025,476,2,71.0,103.513075967715,71.0,109.091598215448,71.0,32.513075967715,38.091598215448,5.578522247733005,1057.1001088824064,1450.9698546071213,393.8697457247149,False,negative_binomial,negative_binomial_epidemiology,negative_binomial_climate
Singapore,2025,477,2,82.0,134.375012095226,82.0,125.961365997332,82.0,52.375012095226,43.961365997331995,-8.413646097894002,2743.1418919750695,1932.6017003513778,-810.5401916236917,True,negative_binomial,negative_binomial_epidemiology,negative_binomial_climate
Singapore,2025,478,2,86.0,90.9693884561666,86.0,90.6316802159811,86.0,4.969388456166598,4.631680215981106,-0.33770824018549206,24.694821628281847,21.452461623110786,-3.2423600051710615,True,negative_binomial,negative_binomial_epidemiology,negative_binomial_climate
Singapore,2025,479,2,72.0,77.0335359483361,72.0,69.1382233652634,72.0,5.033535948336095,2.8617766347366,-2.1717593135994946,25.336484143191747,8.18976550712434,-17.146718636067405,True,negative_binomial,negative_binomial_epidemiology,negative_binomial_climate
Singapore,2025,480,2,100.0,91.4175511077943,100.0,76.5998415150797,100.0,8.582448892205704,23.400158484920297,14.817709592714593,73.65842898732292,547.5674171193874,473.9089881320645,False,negative_binomial,negative_binomial_epidemiology,negative_binomial_climate
Singapore,2025,481,2,98.0,84.1318730931775,98.0,82.3168683313513,98.0,13.868126906822496,15.683131668648699,1.8150047618262022,192.3249439037341,245.9606189361717,53.635675032437604,False,negative_binomial,negative_binomial_epidemiology,negative_binomial_climate
Singapore,2025,482,2,87.0,104.478007136075,87.0,103.385021118787,87.0,17.478007136074993,16.385021118786995,-1.0929860172879984,305.4807334486884,268.46891706309583,-37.01181638559257,True,negative_binomial,negative_binomial_epidemiology,negative_binomial_climate
Singapore,2025,483,2,92.0,119.513870246032,92.0,117.580496390578,92.0,27.513870246032,25.580496390578006,-1.9333738554539934,757.013055915485,654.3617955883743,-102.65126032711066,True,negative_binomial,negative_binomial_epidemiology,negative_binomial_climate
Singapore,2025,484,2,94.0,99.6211161713394,94.0,103.337167149546,94.0,5.621116171339395,9.337167149546005,3.71605097820661,31.596947011693256,87.18269037856106,55.5857433668678,False,negative_binomial,negative_binomial_epidemiology,negative_binomial_climate
Singapore,2025,485,2,107.0,95.2220070962795,107.0,99.8965177329743,107.0,11.777992903720502,7.103482267025697,-4.674510636694805,138.7211168400905,50.45946031794854,-88.26165652214196,True,negative_binomial,negative_binomial_epidemiology,negative_binomial_climate
Singapore,2025,486,2,89.0,105.360388934814,89.0,113.086733705487,89.0,16.360388934813997,24.086733705487006,7.726344770673009,267.66232609838426,580.1707405990438,312.50841450065957,False,negative_binomial,negative_binomial_epidemiology,negative_binomial_climate
Singapore,2025,487,2,105.0,121.165688361001,105.0,125.104032528797,105.0,16.165688361001003,20.104032528797006,3.9383441677960036,261.32948018500326,404.17212391892815,142.8426437339249,False,negative_binomial,negative_binomial_epidemiology,negative_binomial_climate
Singapore,2025,488,2,103.0,101.500341247023,103.0,102.587364047758,103.0,1.4996587529769982,0.4126359522419989,-1.0870228007349994,2.2489763753805256,0.17026842908266118,-2.0787079462978646,True,negative_binomial,negative_binomial_epidemiology,negative_binomial_climate
Singapore,2025,489,2,118.0,113.413291365886,118.0,118.364908250971,118.0,4.586708634114004,0.36490825097099844,-4.221800383143005,21.03789609425595,0.1331580316267132,-20.904738062629235,True,negative_binomial,negative_binomial_epidemiology,negative_binomial_climate
Singapore,2025,490,2,117.0,113.348155423691,117.0,112.806261608331,117.0,3.651844576309003,4.193738391669001,0.5418938153599981,13.33596880951748,17.5874416977585,4.25147288824102,False,negative_binomial,negative_binomial_epidemiology,negative_binomial_climate
Singapore,2025,491,2,118.0,131.222678670271,118.0,132.386510708543,118.0,13.222678670270994,14.386510708543,1.1638320382720053,174.8392312172395,206.9716903670224,32.1324591497829,False,negative_binomial,negative_binomial_epidemiology,negative_binomial_climate
Singapore,2025,492,2,125.0,130.023800014933,125.0,131.343145253012,125.0,5.023800014932988,6.343145253012011,1.3193452380790234,25.238566590040687,40.23549170080881,14.996925110768121,False,negative_binomial,negative_binomial_epidemiology,negative_binomial_climate
Singapore,2025,493,2,106.0,128.870365796319,106.0,132.824138978964,106.0,22.870365796318993,26.824138978963987,3.953773182644994,523.0536316574377,719.5344319627751,196.48080030533743,False,negative_binomial,negative_binomial_epidemiology,negative_binomial_climate
Singapore,2025,494,2,100.0,132.655950362115,100.0,132.567147811653,100.0,32.65595036211499,32.567147811653,-0.08880255046199181,1066.4110940529183,1060.6191165860548,-5.7919774668635,True,negative_binomial,negative_binomial_epidemiology,negative_binomial_climate
Singapore,2025,495,2,119.0,113.325751157077,119.0,114.719182959944,119.0,5.6742488429230065,4.280817040055993,-1.3934318028670134,32.19709993141308,18.325394530433755,-13.871705400979323,True,negative_binomial,negative_binomial_epidemiology,negative_binomial_climate
Singapore,2025,496,2,112.0,102.461155676132,112.0,104.35942440587,112.0,9.538844323868005,7.640575594129999,-1.8982687297380068,90.98955103498886,58.37839540961498,-32.61115562537388,True,negative_binomial,negative_binomial_epidemiology,negative_binomial_climate
Singapore,2025,497,2,86.0,120.034765956888,86.0,124.439640810817,86.0,34.034765956887995,38.439640810817,4.404874853929002,1158.365293740142,1477.6059856646275,319.2406919244854,False,negative_binomial,negative_binomial_epidemiology,negative_binomial_climate
Singapore,2025,498,2,77.0,122.50810915218,77.0,123.734961284325,77.0,45.50810915218,46.734961284324996,1.226852132144998,2070.987998606729,2184.156606247356,113.16860764062722,False,negative_binomial,negative_binomial_epidemiology,negative_binomial_climate
Singapore,2025,499,2,71.0,89.3441257529971,71.0,82.4662329976563,71.0,18.3441257529971,11.466232997656306,-6.877892755340795,336.5069496417715,131.47449915654232,-205.03245048522916,True,negative_binomial,negative_binomial_epidemiology,negative_binomial_climate
Singapore,2025,500,2,73.0,72.5419628060256,73.0,70.2093964832774,73.0,0.45803719397440545,2.790603516722598,2.3325663227481925,0.20979807106394713,7.787467987544531,7.577669916480584,False,negative_binomial,negative_binomial_epidemiology,negative_binomial_climate
Singapore,2025,501,2,62.0,68.4890719036243,62.0,68.6998400494197,62.0,6.489071903624307,6.699840049419706,0.2107681457953987,42.10805417040639,44.887856687808245,2.779802517401855,False,negative_binomial,negative_binomial_epidemiology,negative_binomial_climate
Singapore,2025,502,2,47.0,72.7588412265367,47.0,72.6523472981618,47.0,25.758841226536703,25.6523472981618,-0.10649392837490268,663.5179013339268,658.042921905509,-5.474979428417782,True,negative_binomial,negative_binomial_epidemiology,negative_binomial_climate
Singapore,2025,503,2,51.0,63.7091478242797,51.0,59.8305082689272,51.0,12.709147824279697,8.830508268927197,-3.8786395553524997,161.52243841939335,77.9778762875916,-83.54456213180175,True,negative_binomial,negative_binomial_epidemiology,negative_binomial_climate
Singapore,2025,504,2,42.0,46.6368691557504,42.0,45.5646057351376,42.0,4.6368691557503965,3.5646057351375973,-1.0722634206127992,21.500555567549394,12.70641404697585,-8.794141520573545,True,negative_binomial,negative_binomial_epidemiology,negative_binomial_climate
Singapore,2025,505,2,49.0,47.0457452880387,49.0,47.9373702334238,49.0,1.9542547119612976,1.062629766576201,-0.8916249453850966,3.819111479222934,1.1291820208137915,-2.689929458409143,True,negative_binomial,negative_binomial_epidemiology,negative_binomial_climate
Singapore,2025,506,2,45.0,42.3086720947596,45.0,42.6738555848068,45.0,2.6913279052403993,2.3261444151931983,-0.3651834900472011,7.243245893525676,5.410947840334506,-1.8322980531911695,True,negative_binomial,negative_binomial_epidemiology,negative_binomial_climate
Singapore,2025,507,2,40.0,49.097164095769,40.0,48.4949785047043,40.0,9.097164095769003,8.4949785047043,-0.6021855910647034,82.75839458534865,72.16465979538809,-10.593734789960564,True,negative_binomial,negative_binomial_epidemiology,negative_binomial_climate
Singapore,2025,508,2,55.0,46.8110508023302,55.0,47.7262618281596,55.0,8.1889491976698,7.2737381718403995,-0.9152110258294002,67.05888896201685,52.90726699248812,-14.151621969528733,True,negative_binomial,negative_binomial_epidemiology,negative_binomial_climate
Singapore,2025,509,2,33.0,41.5847227907656,33.0,41.1270240933413,33.0,8.584722790765603,8.127024093341298,-0.4576986974243056,73.69746539429038,66.04852061374994,-7.6489447805404325,True,negative_binomial,negative_binomial_epidemiology,negative_binomial_climate
Singapore,2025,510,2,47.0,53.639219626856,47.0,52.7271042214578,47.0,6.639219626855997,5.7271042214578,-0.9121154053981968,44.079237253629884,32.79972276343976,-11.279514490190124,True,negative_binomial,negative_binomial_epidemiology,negative_binomial_climate
Singapore,2025,511,2,36.0,36.6268133448249,36.0,37.35734919872,36.0,0.6268133448249031,1.3573491987200015,0.7305358538950983,0.3928949692505829,1.84239684726583,1.449501878015247,False,negative_binomial,negative_binomial_epidemiology,negative_binomial_climate
Singapore,2025,512,2,53.0,45.51223664131,53.0,42.7151092802829,53.0,7.487763358690003,10.284890719717097,2.797127361027094,56.0666001157406,105.77897711652287,49.71237700078227,False,negative_binomial,negative_binomial_epidemiology,negative_binomial_climate
Singapore,2025,513,2,55.0,38.1243717268227,55.0,38.6740554844833,55.0,16.8756282731773,16.325944515516703,-0.5496837576605955,284.786829614461,266.5364643237299,-18.25036529073111,True,negative_binomial,negative_binomial_epidemiology,negative_binomial_climate
Singapore,2025,514,2,39.0,56.5800339340835,39.0,57.2492202541323,39.0,17.580033934083502,18.249220254132297,0.6691863200487944,309.05759312352745,333.03403988383246,23.97644676030501,False,negative_binomial,negative_binomial_epidemiology,negative_binomial_climate
Singapore,2025,515,2,39.0,60.6400627978673,39.0,60.0695043359173,39.0,21.6400627978673,21.0695043359173,-0.5705584619500002,468.2923178956404,443.92401296123796,-24.36830493440243,True,negative_binomial,negative_binomial_epidemiology,negative_binomial_climate
Singapore,2025,516,2,27.0,44.4188331793183,27.0,47.3199532622305,27.0,17.418833179318298,20.3199532622305,2.9011200829122004,303.41574932892,412.9005005792319,109.48475125031189,False,negative_binomial,negative_binomial_epidemiology,negative_binomial_climate
Singapore,2025,517,2,38.0,37.8191074189881,38.0,39.1838027789851,38.0,0.18089258101190353,1.183802778985097,1.0029101979731934,0.03272212586514808,1.4013890195328382,1.3686668936676902,False,negative_binomial,negative_binomial_epidemiology,negative_binomial_climate
Singapore,2025,518,2,46.0,27.5282959751734,46.0,29.799606947352,46.0,18.4717040248266,16.200393052648,-2.2713109721786005,341.20384958079524,262.4527350602856,-78.75111452050965,True,negative_binomial,negative_binomial_epidemiology,negative_binomial_climate
Singapore,2025,519,2,41.0,39.2025227251294,41.0,40.4592012269873,41.0,1.7974772748706016,0.5407987730127033,-1.2566785018578983,3.2309245536762443,0.29246331289204536,-2.938461240784199,True,negative_binomial,negative_binomial_epidemiology,negative_binomial_climate
Singapore,2025,520,2,32.0,52.3155701781574,32.0,54.7394443828184,32.0,20.3155701781574,22.739444382818398,2.423874204660997,412.72239166363835,517.0823308392912,104.35993917565287,False,negative_binomial,negative_binomial_epidemiology,negative_binomial_climate
Sri Lanka,2024,417,2,2760.0,3662.1948821392,2760.0,4209.00012976717,2760.0,902.1948821392002,1449.0001297671697,546.8052476279695,813955.6053581653,2099601.3760652747,1285645.7707071095,False,negative_binomial,negative_binomial_epidemiology,negative_binomial_climate
Sri Lanka,2024,427,2,975.0,1278.52058806833,975.0,1341.73946929215,975.0,303.52058806832997,366.73946929215003,63.21888122382006,92124.74738134485,134497.83833668786,42373.09095534301,False,negative_binomial,negative_binomial_epidemiology,negative_binomial_climate
Sri Lanka,2024,428,2,1004.0,1126.40074594965,1004.0,1129.39408110256,1004.0,122.40074594964995,125.39408110256,2.993335152910049,14981.942609030748,15723.675575555393,741.7329665246452,False,negative_binomial,negative_binomial_epidemiology,negative_binomial_climate
Sri Lanka,2024,429,2,747.0,947.70941419378,747.0,1005.12873902137,747.0,200.70941419378005,258.12873902137005,57.41932482759,40284.26894601036,66630.44590876257,26346.176962752215,False,negative_binomial,negative_binomial_epidemiology,negative_binomial_climate
Sri Lanka,2024,430,2,664.0,961.561589984627,664.0,1004.15676361909,664.0,297.56158998462695,340.15676361909004,42.595173634463094,88542.89983417925,115706.6238358135,27163.724001634255,False,negative_binomial,negative_binomial_epidemiology,negative_binomial_climate
Sri Lanka,2024,431,2,614.0,797.88694438287,614.0,726.539339717738,614.0,183.88694438286996,112.53933971773802,-71.34760466513194,33814.40831446871,12665.102984104446,-21149.305330364266,True,negative_binomial,negative_binomial_epidemiology,negative_binomial_climate
Sri Lanka,2024,432,2,427.0,681.635342772263,427.0,597.726241769628,427.0,254.63534277226302,170.72624176962802,-83.909101002635,64839.15778874788,29147.44962878148,-35691.708159966394,True,negative_binomial,negative_binomial_epidemiology,negative_binomial_climate
Sri Lanka,2024,433,2,576.0,641.127820660515,576.0,590.927903337364,576.0,65.127820660515,14.927903337364,-50.199917323151,4241.6330239882045,222.84229804968325,-4018.790725938521,True,negative_binomial,negative_binomial_epidemiology,negative_binomial_climate
Sri Lanka,2024,434,2,537.0,485.680341012177,537.0,621.055398745678,537.0,51.319658987823004,84.05539874567796,32.73573975785496,2633.7073986264427,7065.31005829492,4431.602659668477,False,negative_binomial,negative_binomial_epidemiology,negative_binomial_climate
Sri Lanka,2024,435,2,571.0,556.214553641993,571.0,633.368705238,571.0,14.785446358006993,62.36870523799996,47.58325887999297,218.60942400550226,3889.855393064524,3671.2459690590217,False,negative_binomial,negative_binomial_epidemiology,negative_binomial_climate
Sri Lanka,2024,436,2,589.0,601.353737712298,589.0,621.383337489457,589.0,12.35373771229797,32.38333748945695,20.029599777158978,152.6148354642531,1048.680546956068,896.0657114918148,False,negative_binomial,negative_binomial_epidemiology,negative_binomial_climate
Sri Lanka,2024,437,2,663.0,609.728044232332,663.0,766.628600991291,663.0,53.27195576766803,103.62860099129102,50.35664522362299,2837.9012713123793,10738.886943412203,7900.985672099823,False,negative_binomial,negative_binomial_epidemiology,negative_binomial_climate
Sri Lanka,2024,438,2,493.0,662.116271858115,493.0,739.722444933447,493.0,169.11627185811506,246.72244493344704,77.60617307533198,28600.313407187878,60871.9648339378,32271.651426749926,False,negative_binomial,negative_binomial_epidemiology,negative_binomial_climate
Sri Lanka,2024,439,2,648.0,710.91947181785,648.0,840.737236449803,648.0,62.91947181784997,192.73723644980305,129.81776463195308,3958.8599338372164,37147.64231430729,33188.782380470075,False,negative_binomial,negative_binomial_epidemiology,negative_binomial_climate
Sri Lanka,2024,440,2,640.0,601.169024023292,640.0,699.413777051691,640.0,38.83097597670803,59.413777051691,20.582801074982967,1507.8446953036764,3529.996903548044,2022.1522082443676,False,negative_binomial,negative_binomial_epidemiology,negative_binomial_climate
Sri Lanka,2024,441,2,677.0,661.789650771683,677.0,885.648408435697,677.0,15.210349228317,208.64840843569698,193.43805920737998,231.35472364736356,43534.158342749426,43302.803619102066,False,negative_binomial,negative_binomial_epidemiology,negative_binomial_climate
Sri Lanka,2024,442,2,683.0,729.654763396948,683.0,910.71051204635,683.0,46.654763396948056,227.71051204635,181.05574864940195,2176.666947625204,51852.07729641091,49675.41034878571,False,negative_binomial,negative_binomial_epidemiology,negative_binomial_climate
Sri Lanka,2024,443,2,875.0,734.201071902262,875.0,876.235775149345,875.0,140.79892809773798,1.235775149345045,-139.56315294839294,19824.338153471992,1.5271402197387685,-19822.811013252252,True,negative_binomial,negative_binomial_epidemiology,negative_binomial_climate
Sri Lanka,2024,444,2,935.0,776.516746720745,935.0,896.786804845705,935.0,158.483253279255,38.21319515429502,-120.27005812495997,25116.94156997649,1460.2482839002366,-23656.693286076254,True,negative_binomial,negative_binomial_epidemiology,negative_binomial_climate
Sri Lanka,2024,445,2,989.0,907.029925431165,989.0,907.050255072286,989.0,81.970074568835,81.94974492771405,-0.020329641120952147,6719.093124820371,6715.760693717395,-3.3324311029755336,True,negative_binomial,negative_binomial_epidemiology,negative_binomial_climate
Sri Lanka,2024,446,2,992.0,1030.62946884315,992.0,964.462876421313,992.0,38.62946884315011,27.537123578686987,-11.09234526446312,1492.2358631039049,758.2931749878788,-733.942688116026,True,negative_binomial,negative_binomial_epidemiology,negative_binomial_climate
Sri Lanka,2024,447,2,1031.0,1075.81426474872,1031.0,1064.80573596524,1031.0,44.81426474872001,33.805735965240046,-11.00852878347996,2008.3183249683686,1142.8277841515244,-865.4905408168443,True,negative_binomial,negative_binomial_epidemiology,negative_binomial_climate
Sri Lanka,2024,448,2,1004.0,1100.54898700698,1004.0,1013.77712816031,1004.0,96.54898700698004,9.777128160309985,-86.77185884667006,9321.706892074,95.59223506312651,-9226.114657010874,True,negative_binomial,negative_binomial_epidemiology,negative_binomial_climate
Sri Lanka,2024,449,2,960.0,1103.04825201042,960.0,1041.66213817126,960.0,143.0482520104199,81.66213817126004,-61.38611383915986,20462.8024032366,6668.704810701966,-13794.097592534636,True,negative_binomial,negative_binomial_epidemiology,negative_binomial_climate
Sri Lanka,2024,450,2,911.0,1090.95306831275,911.0,1065.28966496505,911.0,179.95306831275002,154.28966496504995,-25.66340334770007,32383.106795173277,23805.300715027362,-8577.806080145914,True,negative_binomial,negative_binomial_epidemiology,negative_binomial_climate
Sri Lanka,2024,451,2,857.0,1040.80398073107,857.0,883.939258716369,857.0,183.80398073106994,26.939258716368954,-156.864722014701,33783.90333258753,725.7236601874607,-33058.17967240007,True,negative_binomial,negative_binomial_epidemiology,negative_binomial_climate
Sri Lanka,2024,452,2,854.0,991.004026534801,854.0,948.359378085502,854.0,137.00402653480103,94.35937808550204,-42.644648449298984,18770.103286748465,8903.692232682723,-9866.411054065742,True,negative_binomial,negative_binomial_epidemiology,negative_binomial_climate
Sri Lanka,2024,453,2,733.0,930.368911395958,733.0,913.093132065424,733.0,197.36891139595798,180.09313206542402,-17.275779330533965,38954.48718562551,32433.536217134257,-6520.9509684912555,True,negative_binomial,negative_binomial_epidemiology,negative_binomial_climate
Sri Lanka,2024,454,2,694.0,915.80926990004,694.0,1013.65495300162,694.0,221.80926990004002,319.65495300162,97.84568310158,49199.3522135888,102179.2889784679,52979.9367648791,False,negative_binomial,negative_binomial_epidemiology,negative_binomial_climate
Sri Lanka,2024,455,2,671.0,826.057832146074,671.0,895.332466348792,671.0,155.05783214607402,224.33246634879197,69.27463420271795,24042.931309840067,50325.05545813188,26282.124148291812,False,negative_binomial,negative_binomial_epidemiology,negative_binomial_climate
Sri Lanka,2024,456,2,657.0,761.800397947074,657.0,689.456654189154,657.0,104.80039794707398,32.45665418915405,-72.34374375791992,10983.123409865068,1053.4344011543312,-9929.689008710737,True,negative_binomial,negative_binomial_epidemiology,negative_binomial_climate
Sri Lanka,2024,457,2,686.0,742.157574910215,686.0,769.746588937323,686.0,56.157574910214976,83.74658893732305,27.589014027108078,3153.6732197964066,7013.49115863696,3859.8179388405533,False,negative_binomial,negative_binomial_epidemiology,negative_binomial_climate
Sri Lanka,2024,458,2,707.0,726.220668236781,707.0,698.41240305649,707.0,19.220668236780966,8.587596943509993,-10.633071293270973,369.4340874684007,73.74682126418217,-295.68726620421853,True,negative_binomial,negative_binomial_epidemiology,negative_binomial_climate
Sri Lanka,2024,459,2,668.0,756.78678344589,668.0,701.490730616525,668.0,88.78678344589002,33.49073061652496,-55.29605282936507,7883.092914667371,1121.6290372286421,-6761.463877438729,True,negative_binomial,negative_binomial_epidemiology,negative_binomial_climate
Sri Lanka,2024,460,2,672.0,789.605219122166,672.0,712.694213143627,672.0,117.60521912216598,40.69421314362705,-76.91100597853892,13830.987564772673,1656.0189833789489,-12174.968581393725,True,negative_binomial,negative_binomial_epidemiology,negative_binomial_climate
Sri Lanka,2024,461,2,669.0,766.346545437866,669.0,832.26614915283,669.0,97.34654543786598,163.26614915283005,65.91960371496407,9476.349908686507,26655.83545919415,17179.48555050764,False,negative_binomial,negative_binomial_epidemiology,negative_binomial_climate
Sri Lanka,2024,462,2,696.0,756.643499437112,696.0,845.171094978764,696.0,60.64349943711204,149.17109497876402,88.52759554165198,3677.6340239790084,22252.015577163435,18574.381553184427,False,negative_binomial,negative_binomial_epidemiology,negative_binomial_climate
Sri Lanka,2024,463,2,626.0,756.477725688969,626.0,859.368546021281,626.0,130.47772568896903,233.36854602128096,102.89082033231193,17024.436900965848,54460.87827208673,37436.44137112088,False,negative_binomial,negative_binomial_epidemiology,negative_binomial_climate
Sri Lanka,2024,464,2,913.0,774.254123899636,913.0,865.200495686867,913.0,138.74587610036394,47.79950431313296,-90.94637178723099,19250.418134857544,2284.792612581216,-16965.62552227633,True,negative_binomial,negative_binomial_epidemiology,negative_binomial_climate
Sri Lanka,2024,465,2,832.0,729.325604176077,832.0,819.552995145299,832.0,102.67439582392296,12.44700485470105,-90.22739096922191,10542.03155780761,154.92792985295148,-10387.103627954659,True,negative_binomial,negative_binomial_epidemiology,negative_binomial_climate
Sri Lanka,2024,466,2,736.0,922.003126768161,736.0,1069.96502056473,736.0,186.003126768161,333.9650205647299,147.96189379656892,34597.16316753257,111532.63496080047,76935.4717932679,False,negative_binomial,negative_binomial_epidemiology,negative_binomial_climate
Sri Lanka,2024,467,2,915.0,973.757590253256,915.0,1100.52468288685,915.0,58.75759025325601,185.5246828868501,126.76709263359407,3452.454412369526,34419.40796026628,30966.953547896755,False,negative_binomial,negative_binomial_epidemiology,negative_binomial_climate
Brazil,2023,365,4,28533.0,24535.6637008905,28533.0,26056.1833644199,28533.0,3997.336299109498,2476.8166355801004,-1520.5196635293978,15978697.488178419,6134620.646286328,-9844076.84189209,True,negative_binomial,negative_binomial_epidemiology,negative_binomial_climate
Brazil,2023,366,4,30645.0,22999.8050474809,30645.0,26115.1891149883,30645.0,7645.194952519101,4529.810885011699,-3115.3840675074025,58449005.86202354,20519186.65397047,-37929819.20805307,True,negative_binomial,negative_binomial_epidemiology,negative_binomial_climate
Brazil,2023,367,4,36999.0,16055.8188542815,36999.0,18450.4091126449,36999.0,20943.1811457185,18548.5908873551,-2394.590258363398,438616836.5023788,344050223.90647274,-94566612.59590608,True,negative_binomial,negative_binomial_epidemiology,negative_binomial_climate
Brazil,2023,368,4,42470.0,6605.59420616389,42470.0,8096.01423422551,42470.0,35864.40579383611,34373.98576577449,-1490.4200280616205,1286255602.9449449,1181570897.425667,-104684705.51927781,True,negative_binomial,negative_binomial_epidemiology,negative_binomial_climate
Brazil,2023,369,4,52668.0,23273.9912319048,52668.0,25225.2615160251,52668.0,29394.0087680952,27442.7384839749,-1951.270284120299,864007751.4588574,753103895.4998369,-110903855.9590205,True,negative_binomial,negative_binomial_epidemiology,negative_binomial_climate
Brazil,2023,370,4,64987.0,31566.2631188269,64987.0,34656.3644254095,64987.0,33420.7368811731,30330.635574590502,-3090.1013065825973,1116945653.6806037,919947454.3586149,-196998199.32198882,True,negative_binomial,negative_binomial_epidemiology,negative_binomial_climate
Brazil,2023,371,4,66762.0,55249.5958240255,66762.0,56057.5333689926,66762.0,11512.404175974501,10704.466631007403,-807.9375449670988,132535449.91099514,114585605.85435097,-17949844.05664417,True,negative_binomial,negative_binomial_epidemiology,negative_binomial_climate
Brazil,2023,372,4,77027.0,56645.4316379991,77027.0,59773.9112957841,77027.0,20381.5683620009,17253.0887042159,-3128.4796577849993,415408328.89491606,297669069.8355423,-117739259.05937374,True,negative_binomial,negative_binomial_epidemiology,negative_binomial_climate
Brazil,2023,373,4,98392.0,89790.5498768497,98392.0,111174.391077829,98392.0,8601.450123150295,12782.391077829001,4180.9409546787065,73984944.22104222,163389521.66656244,89404577.44552022,False,negative_binomial,negative_binomial_epidemiology,negative_binomial_climate
Brazil,2023,374,4,115216.0,103042.904214687,115216.0,125112.650757991,115216.0,12173.095785312995,9896.650757990996,-2276.445027321999,148184260.998405,97943696.22564375,-50240564.772761256,True,negative_binomial,negative_binomial_epidemiology,negative_binomial_climate
Brazil,2023,375,4,131868.0,103257.818727131,131868.0,125778.778000863,131868.0,28610.181272869,6089.221999136993,-22520.959273732005,818542472.466424,37078624.55477392,-781463847.9116501,True,negative_binomial,negative_binomial_epidemiology,negative_binomial_climate
Brazil,2023,376,4,160054.0,99547.956777779,160054.0,120539.969042663,160054.0,60506.04322222099,39514.030957337,-20992.01226488399,3660981266.409275,1561358642.497387,-2099622623.9118881,True,negative_binomial,negative_binomial_epidemiology,negative_binomial_climate
Brazil,2023,377,4,171176.0,105053.171134513,171176.0,118711.104786511,171176.0,66122.828865487,52464.895213489,-13657.933651997999,4372228497.17448,2752565229.762381,-1619663267.4120994,True,negative_binomial,negative_binomial_epidemiology,negative_binomial_climate
Brazil,2023,378,4,161477.0,117478.653509839,161477.0,122484.535252316,161477.0,43998.346490161,38992.464747684004,-5005.881742476995,1935854493.8682628,1520412307.0993798,-415442186.768883,True,negative_binomial,negative_binomial_epidemiology,negative_binomial_climate
Brazil,2023,379,4,186718.0,126341.905454333,186718.0,142225.486480253,186718.0,60376.094545667,44492.51351974701,-15883.581025919993,3645272792.587321,1979583759.3048704,-1665689033.2824504,True,negative_binomial,negative_binomial_epidemiology,negative_binomial_climate
Brazil,2023,380,4,165002.0,140420.408475475,165002.0,144595.534044752,165002.0,24581.591524524993,20406.465955247986,-4175.125569277006,604254641.8785989,416423852.7826951,-187830789.0959038,True,negative_binomial,negative_binomial_epidemiology,negative_binomial_climate
Brazil,2023,381,4,148400.0,145672.430260996,148400.0,144403.131561099,148400.0,2727.569739003986,3996.8684389010014,1269.2986998970155,7439636.681130271,15974957.317882927,8535320.636752656,False,negative_binomial,negative_binomial_epidemiology,negative_binomial_climate
Brazil,2023,382,4,158352.0,135527.586848698,158352.0,138692.855811679,158352.0,22824.413151301997,19659.14418832099,-3165.2689629810047,520953835.70132756,386481950.21719503,-134471885.48413253,True,negative_binomial,negative_binomial_epidemiology,negative_binomial_climate
Brazil,2023,383,4,144376.0,137555.581739903,144376.0,142557.510264347,144376.0,6820.418260097009,1818.4897356530128,-5001.928524443996,46518105.24266471,3306904.918675364,-43211200.32398935,True,negative_binomial,negative_binomial_epidemiology,negative_binomial_climate
Brazil,2023,384,4,121825.0,118649.214839562,121825.0,118985.573579843,121825.0,3175.7851604379975,2839.426420157004,-336.3587402809935,10085611.385258198,8062342.395485619,-2023268.9897725787,True,negative_binomial,negative_binomial_epidemiology,negative_binomial_climate
Brazil,2023,385,4,90703.0,101629.556005918,90703.0,104719.445071873,90703.0,10926.556005917999,14016.445071872993,3089.8890659549943,119389626.15046269,196460732.45283273,77071106.30237004,False,negative_binomial,negative_binomial_epidemiology,negative_binomial_climate
Brazil,2023,386,4,72095.0,93385.2489152192,72095.0,89957.0880947343,72095.0,21290.2489152192,17862.088094734296,-3428.1608204849035,453274698.8719923,319054191.10404867,-134220507.76794362,True,negative_binomial,negative_binomial_epidemiology,negative_binomial_climate
Brazil,2023,387,4,55721.0,83193.3683581179,55721.0,76627.0571621754,55721.0,27472.368358117907,20906.057162175406,-6566.3111959425005,754731023.204118,437063226.0681456,-317667797.13597244,True,negative_binomial,negative_binomial_epidemiology,negative_binomial_climate
Brazil,2023,388,4,48059.0,69293.5187233821,48059.0,70255.9648307688,48059.0,21234.518723382105,22196.964830768804,962.4461073866987,450904785.4136652,492705247.69838715,41800462.28472197,False,negative_binomial,negative_binomial_epidemiology,negative_binomial_climate
Brazil,2023,389,4,39160.0,51602.4494858549,39160.0,49294.9028752118,39160.0,12442.4494858549,10134.902875211803,-2307.5466106430977,154814549.20805088,102716256.28997646,-52098292.918074414,True,negative_binomial,negative_binomial_epidemiology,negative_binomial_climate
Brazil,2023,390,4,33459.0,39823.2142241842,33459.0,37616.5670349285,33459.0,6364.214224184201,4157.567034928499,-2206.647189255702,40503222.69130851,17285363.64992415,-23217859.04138436,True,negative_binomial,negative_binomial_epidemiology,negative_binomial_climate
Brazil,2023,391,4,27767.0,29714.2319035645,27767.0,31259.6849637047,27767.0,1947.2319035645014,3492.6849637047017,1545.4530601402003,3791712.0862594317,12198848.255688913,8407136.169429481,False,negative_binomial,negative_binomial_epidemiology,negative_binomial_climate
Brazil,2023,392,4,24236.0,24366.7096271244,24236.0,24971.6581535688,24236.0,130.70962712440087,735.6581535687983,604.9485264443974,17085.00662299991,541192.9189122536,524107.91228925367,False,negative_binomial,negative_binomial_epidemiology,negative_binomial_climate
Brazil,2023,393,4,20558.0,19518.3156222814,20558.0,19163.3537985896,20558.0,1039.6843777186004,1394.6462014104,354.9618236917995,1080943.6052721133,1945038.0271084579,864094.4218363445,False,negative_binomial,negative_binomial_epidemiology,negative_binomial_climate
Brazil,2023,394,4,18393.0,16805.3243389336,18393.0,17712.575518037,18393.0,1587.6756610664015,680.4244819630003,-907.2511791034012,2520714.004742635,462977.4756546173,-2057736.5290880175,True,negative_binomial,negative_binomial_epidemiology,negative_binomial_climate
Brazil,2023,395,4,19179.0,14402.2969706971,19179.0,15249.434839698,19179.0,4776.7030293029,3929.5651603019996,-847.1378690009005,22816891.830151502,15441482.34905928,-7375409.481092222,True,negative_binomial,negative_binomial_epidemiology,negative_binomial_climate
Brazil,2023,396,4,17728.0,13131.7114960669,17728.0,15931.8161532563,17728.0,4596.2885039330995,1796.1838467436992,-2800.1046571894003,21125868.01138757,3226276.4113029926,-17899591.60008458,True,negative_binomial,negative_binomial_epidemiology,negative_binomial_climate
Brazil,2023,397,4,17804.0,11727.5289053276,17804.0,12968.2153726578,17804.0,6076.471094672401,4835.7846273422,-1240.6864673302007,36923500.964389205,23384812.962039143,-13538688.002350062,True,negative_binomial,negative_binomial_epidemiology,negative_binomial_climate
Brazil,2023,398,4,17132.0,10961.2269122482,17132.0,12797.0583744994,17132.0,6170.773087751801,4334.9416255006,-1835.8314622512007,38078440.50052189,18791718.896497782,-19286721.60402411,True,negative_binomial,negative_binomial_epidemiology,negative_binomial_climate
Brazil,2023,399,4,15933.0,11396.4656075395,15933.0,10945.0076022198,15933.0,4536.5343924605,4987.992397780199,451.4580053196987,20580144.293976963,24880068.16031306,4299923.866336096,False,negative_binomial,negative_binomial_epidemiology,negative_binomial_climate
Brazil,2023,400,4,14827.0,11437.4421900497,14827.0,12637.8981956975,14827.0,3389.5578099503,2189.1018043024997,-1200.4560056478003,11489102.146995073,4792166.70960046,-6696935.437394613,True,negative_binomial,negative_binomial_epidemiology,negative_binomial_climate
Brazil,2023,401,4,17637.0,12176.1294214592,17637.0,13441.0435648176,17637.0,5460.8705785408,4195.956435182399,-1264.914143358401,29821107.475572534,17606050.405948587,-12215057.069623947,True,negative_binomial,negative_binomial_epidemiology,negative_binomial_climate
Brazil,2023,402,4,18790.0,12532.4392434495,18790.0,12795.7204296131,18790.0,6257.5607565505,5994.2795703869,-263.28118616360007,39157066.62192086,35931387.56795775,-3225679.05396311,True,negative_binomial,negative_binomial_epidemiology,negative_binomial_climate
Brazil,2023,403,4,17681.0,12850.0757837358,17681.0,12475.5444262441,17681.0,4830.9242162642,5205.4555737559,374.53135749169996,23337828.78328788,27096767.73034637,3758938.9470584914,False,negative_binomial,negative_binomial_epidemiology,negative_binomial_climate
Brazil,2023,404,4,19313.0,12698.4439421467,19313.0,12684.6928519437,19313.0,6614.5560578533,6628.307148056299,13.751090202998967,43752351.842483796,43934455.64897423,182103.8064904362,False,negative_binomial,negative_binomial_epidemiology,negative_binomial_climate
Brazil,2023,405,4,17341.0,14837.7707291997,17341.0,13907.8861081616,17341.0,2503.2292708003006,3433.1138918384004,929.8846210380998,6266156.782191404,11786270.994333807,5520114.212142403,False,negative_binomial,negative_binomial_epidemiology,negative_binomial_climate
Brazil,2023,406,4,21013.0,16695.0766903622,21013.0,14975.9054402411,21013.0,4317.923309637801,6037.0945597589,1719.1712501210986,18644461.707913462,36446510.7234705,17802049.01555704,False,negative_binomial,negative_binomial_epidemiology,negative_binomial_climate
Brazil,2023,407,4,19662.0,17612.2398814105,19662.0,14757.1465622562,19662.0,2049.7601185895,4904.853437743801,2855.093319154301,4201516.543760042,24057587.245747183,19856070.70198714,False,negative_binomial,negative_binomial_epidemiology,negative_binomial_climate
Brazil,2023,408,4,18785.0,19623.88477073,18785.0,17337.3600385828,18785.0,838.884770730001,1447.6399614172005,608.7551906871995,703727.6585627265,2095661.457891994,1391933.7993292673,False,negative_binomial,negative_binomial_epidemiology,negative_binomial_climate
Brazil,2023,409,4,24393.0,19660.4310818638,24393.0,18000.5635586745,24393.0,4732.5689181361995,6392.436441325499,1659.8675231892994,22397208.564908836,40863243.65638621,18466035.091477375,False,negative_binomial,negative_binomial_epidemiology,negative_binomial_climate
Brazil,2023,410,4,22124.0,23511.6796194019,22124.0,18853.2357139285,22124.0,1387.6796194019007,3270.7642860714986,1883.084666669598,1925654.726103404,10697899.0150408,8772244.288937395,False,negative_binomial,negative_binomial_epidemiology,negative_binomial_climate
Brazil,2023,411,4,27767.0,23530.4446350867,27767.0,18996.3349443201,27767.0,4236.5553649133,8770.6650556799,4534.1096907666,17948401.359975662,76924565.51892449,58976164.158948824,False,negative_binomial,negative_binomial_epidemiology,negative_binomial_climate
Brazil,2023,412,4,30045.0,24276.818772262,30045.0,19657.2654439093,30045.0,5768.181227738001,10387.734556090702,4619.5533283527,33271914.676029075,107905029.20780088,74633114.53177181,False,negative_binomial,negative_binomial_epidemiology,negative_binomial_climate
Brazil,2023,413,4,33247.0,28819.7413216672,33247.0,25440.3430054506,33247.0,4427.258678332801,7806.656994549401,3379.3983162166005,19600619.404873095,60943893.43054709,41343274.02567399,False,negative_binomial,negative_binomial_epidemiology,negative_binomial_climate
Brazil,2023,414,4,40789.0,29699.8986901909,40789.0,26942.1100236321,40789.0,11089.101309809099,13846.8899763679,2757.788666558801,122968167.85920987,191736362.01763782,68768194.15842795,False,negative_binomial,negative_binomial_epidemiology,negative_binomial_climate
Brazil,2023,415,4,38305.0,36385.6079931951,38305.0,29679.7628097786,38305.0,1919.3920068048974,8625.2371902214,6705.845183416503,3684065.675786531,74394716.58757836,70710650.91179183,False,negative_binomial,negative_binomial_epidemiology,negative_binomial_climate
Brazil,2023,416,4,2146.0,39907.9238515868,2146.0,36999.9266914616,2146.0,37761.9238515868,34853.9266914616,-2907.9971601251964,1425962892.9730399,1214796205.8137796,-211166687.15926027,True,negative_binomial,negative_binomial_epidemiology,negative_binomial_climate
Colombia,2023,365,4,1071.0,1776.39930846995,1071.0,1695.68649832438,1071.0,705.39930846995,624.68649832438,-80.71281014557007,497588.1843898837,390233.22118877555,-107354.96320110816,True,negative_binomial,negative_binomial_epidemiology,negative_binomial_climate
Colombia,2023,366,4,2389.0,1648.26285191662,2389.0,1558.49441587443,2389.0,740.7371480833799,830.5055841255701,89.76843604219016,548691.5225506991,689739.5252637543,141048.00271305523,False,negative_binomial,negative_binomial_epidemiology,negative_binomial_climate
Colombia,2023,367,4,2177.0,1348.62144957945,2177.0,1246.44155006224,2177.0,828.37855042055,930.5584499377601,102.17989951721006,686211.0227968517,865939.0287505668,179728.00595371507,False,negative_binomial,negative_binomial_epidemiology,negative_binomial_climate
Colombia,2023,368,4,2237.0,1453.17431516036,2237.0,1325.59837184399,2237.0,783.82568483964,911.40162815601,127.57594331637006,614382.7042143306,830652.927805426,216270.2235910953,False,negative_binomial,negative_binomial_epidemiology,negative_binomial_climate
Colombia,2023,369,4,2016.0,1089.16773668342,2016.0,995.353126930615,2016.0,926.8322633165801,1020.646873069385,93.81460975280493,859018.0443245345,1041720.0395063134,182701.9951817789,False,negative_binomial,negative_binomial_epidemiology,negative_binomial_climate
Colombia,2023,370,4,1870.0,1640.69215123559,1870.0,1540.98107106442,1870.0,229.30784876440998,329.0189289355801,99.71108017117012,52582.08950496152,108253.45559791631,55671.36609295479,False,negative_binomial,negative_binomial_epidemiology,negative_binomial_climate
Colombia,2023,371,4,1918.0,1769.00400752357,1918.0,1709.22042431715,1918.0,148.99599247643005,208.77957568285,59.78358320641996,22199.8057740364,43588.9112223109,21389.1054482745,False,negative_binomial,negative_binomial_epidemiology,negative_binomial_climate
Colombia,2023,372,4,2294.0,2002.900840301,2294.0,1908.72144530816,2294.0,291.099159699,385.2785546918401,94.17939499284012,84738.7207774639,148439.56470543324,63700.84392796934,False,negative_binomial,negative_binomial_epidemiology,negative_binomial_climate
Colombia,2023,373,4,1311.0,2084.19430800747,1311.0,1886.64023545807,1311.0,773.1943080074702,575.64023545807,-197.5540725494002,597829.4379351507,331361.6806782223,-266467.75725692837,True,negative_binomial,negative_binomial_epidemiology,negative_binomial_climate
Colombia,2023,374,4,1735.0,1930.55314931458,1735.0,1755.61443489632,1735.0,195.55314931457997,20.614434896320063,-174.9387144182599,38241.03420685041,424.9549260946184,-37816.079280755795,True,negative_binomial,negative_binomial_epidemiology,negative_binomial_climate
Colombia,2023,375,4,1752.0,1882.93360655205,1752.0,1774.74657883288,1752.0,130.93360655204992,22.746578832880004,-108.18702771916992,17143.60932472701,517.4068486004247,-16626.202476126586,True,negative_binomial,negative_binomial_epidemiology,negative_binomial_climate
Colombia,2023,376,4,2015.0,1982.52141369972,2015.0,1934.95581286693,2015.0,32.478586300280085,80.04418713306995,47.56560083278987,1054.8585680647411,6407.071893793922,5352.213325729181,False,negative_binomial,negative_binomial_epidemiology,negative_binomial_climate
Colombia,2023,377,4,2217.0,1481.2758757279,2217.0,1482.07114241043,2217.0,735.7241242721,734.92885758957,-0.7952666825299275,541289.9870359484,540120.4257179105,-1169.561318037915,True,negative_binomial,negative_binomial_epidemiology,negative_binomial_climate
Colombia,2023,378,4,1627.0,1519.75197262152,1627.0,1526.96351431136,1627.0,107.24802737847995,100.03648568863991,-7.211541689840033,11502.139376575184,10007.298468933459,-1494.8409076417247,True,negative_binomial,negative_binomial_epidemiology,negative_binomial_climate
Colombia,2023,379,4,1682.0,1504.71889492587,1682.0,1543.3693303371,1682.0,177.28110507412998,138.6306696628999,-38.65043541123009,31428.590216304714,19218.46257118407,-12210.127645120643,True,negative_binomial,negative_binomial_epidemiology,negative_binomial_climate
Colombia,2023,380,4,1751.0,1647.57259061965,1751.0,1653.74950137321,1751.0,103.4274093803499,97.25049862678998,-6.176910753559923,10697.22901113049,9457.65948315928,-1239.5695279712108,True,negative_binomial,negative_binomial_epidemiology,negative_binomial_climate
Colombia,2023,381,4,2144.0,1938.47827914116,2144.0,1891.64868179796,2144.0,205.5217208588399,252.35131820203992,46.82959734320002,42239.177744778906,63681.187798307205,21442.010053528298,False,negative_binomial,negative_binomial_epidemiology,negative_binomial_climate
Colombia,2023,382,4,2689.0,1726.50986023745,2689.0,1616.43640448336,2689.0,962.4901397625499,1072.56359551664,110.07345575408999,926387.2691401328,1150392.6664275823,224005.39728744945,False,negative_binomial,negative_binomial_epidemiology,negative_binomial_climate
Colombia,2023,383,4,2729.0,1712.43896152102,2729.0,1765.83367992425,2729.0,1016.56103847898,963.16632007575,-53.394718403229945,1033396.3449534622,927689.3601282622,-105706.98482520005,True,negative_binomial,negative_binomial_epidemiology,negative_binomial_climate
Colombia,2023,384,4,2179.0,1665.45107268997,2179.0,1704.87577627396,2179.0,513.54892731003,474.1242237260401,-39.42470358398987,263732.5007412824,224793.77952382012,-38938.7212174623,True,negative_binomial,negative_binomial_epidemiology,negative_binomial_climate
Colombia,2023,385,4,2133.0,1905.81138447249,2133.0,1928.82770525429,2133.0,227.1886155275099,204.1722947457099,-23.016320781800005,51614.66702530672,41686.32594172904,-9928.341083577681,True,negative_binomial,negative_binomial_epidemiology,negative_binomial_climate
Colombia,2023,386,4,2569.0,2288.95262921547,2569.0,2245.68773074157,2569.0,280.0473707845299,323.3122692584302,43.2648984739003,78426.52988332797,104530.82345303567,26104.293569707705,False,negative_binomial,negative_binomial_epidemiology,negative_binomial_climate
Colombia,2023,387,4,2152.0,2582.11027589374,2152.0,2593.58659058751,2152.0,430.11027589374,441.5865905875098,11.476314693769837,184994.8494293891,194998.716986701,10003.867557311896,False,negative_binomial,negative_binomial_epidemiology,negative_binomial_climate
Colombia,2023,388,4,2079.0,2429.86289743419,2079.0,2338.08721584319,2079.0,350.86289743419,259.0872158431898,-91.7756815910002,123104.77279591495,67126.18541337563,-55978.58738253932,True,negative_binomial,negative_binomial_epidemiology,negative_binomial_climate
Colombia,2023,389,4,2082.0,2334.74296130823,2082.0,2397.464317266,2082.0,252.74296130822995,315.46431726599985,62.7213559577699,63879.004490853426,99517.73546810342,35638.730977249994,False,negative_binomial,negative_binomial_epidemiology,negative_binomial_climate
Colombia,2023,390,4,1768.0,2493.69772438618,1768.0,2632.01020599841,1768.0,725.6977243861802,864.0102059984101,138.31248161222993,526637.1871792803,746513.6360694151,219876.4488901348,False,negative_binomial,negative_binomial_epidemiology,negative_binomial_climate
Colombia,2023,391,4,2203.0,2212.18408190525,2203.0,2276.68672496497,2203.0,9.184081905249968,73.68672496496993,64.50264305971996,84.34736044233989,5429.733436063122,5345.386075620782,False,negative_binomial,negative_binomial_epidemiology,negative_binomial_climate
Colombia,2023,392,4,2617.0,2128.1255834772,2617.0,2163.09477101174,2617.0,488.87441652279995,453.9052289882602,-34.96918753453974,238998.1951305081,206029.95690288494,-32968.238227623166,True,negative_binomial,negative_binomial_epidemiology,negative_binomial_climate
Colombia,2023,393,4,2458.0,2040.17941975857,2458.0,2054.66351565887,2458.0,417.82058024143,403.33648434113,-14.484095900299963,174574.03727328524,162680.31960066262,-11893.717672622617,True,negative_binomial,negative_binomial_epidemiology,negative_binomial_climate
Colombia,2023,394,4,2609.0,1767.42158190666,2609.0,1778.68278595046,2609.0,841.5784180933399,830.3172140495401,-11.261204043799808,708254.2338004884,689426.6759469898,-18827.557853498613,True,negative_binomial,negative_binomial_epidemiology,negative_binomial_climate
Colombia,2023,395,4,2595.0,1959.13881746982,2595.0,1965.38713143247,2595.0,635.86118253018,629.6128685675301,-6.248313962649945,404319.44344867894,396412.3642658339,-7907.0791828450165,True,negative_binomial,negative_binomial_epidemiology,negative_binomial_climate
Colombia,2023,396,4,2876.0,2264.1624940233,2876.0,2183.56716784357,2876.0,611.8375059767,692.4328321564299,80.59532617972991,374345.13371978834,479463.2270481746,105118.09332838625,False,negative_binomial,negative_binomial_epidemiology,negative_binomial_climate
Colombia,2023,397,4,2474.0,2347.07470550184,2474.0,2368.98174058585,2474.0,126.92529449815993,105.01825941415018,-21.90703508400975,16110.030383444628,11028.834810377743,-5081.195573066885,True,negative_binomial,negative_binomial_epidemiology,negative_binomial_climate
Colombia,2023,398,4,2299.0,2556.8787086215,2299.0,2588.82782413198,2299.0,257.8787086215002,289.8278241319799,31.949115510479714,66501.4283602926,84000.16764107789,17498.73928078529,False,negative_binomial,negative_binomial_epidemiology,negative_binomial_climate
Colombia,2023,399,4,2504.0,2633.79386703663,2504.0,2762.61445091594,2504.0,129.79386703663022,258.61445091593987,128.82058387930965,16846.447920322444,66881.43422255307,50034.98630223062,False,negative_binomial,negative_binomial_epidemiology,negative_binomial_climate
Colombia,2023,400,4,2559.0,2785.82762960342,2559.0,2912.32845135836,2559.0,226.82762960342006,353.32845135835987,126.5008217549398,51450.773551506325,124840.99453929688,73390.22098779056,False,negative_binomial,negative_binomial_epidemiology,negative_binomial_climate
Colombia,2023,401,4,2681.0,2583.61575298905,2681.0,2663.4348121207,2681.0,97.38424701094982,17.565187879300083,-79.81905913164974,9483.691565889689,308.53582523511056,-9175.155740654578,True,negative_binomial,negative_binomial_epidemiology,negative_binomial_climate
Colombia,2023,402,4,2677.0,2409.79279607295,2677.0,2545.90830359311,2677.0,267.20720392705016,131.09169640689015,-136.11550752016,71399.68983051217,17185.032866836256,-54214.656963675916,True,negative_binomial,negative_binomial_epidemiology,negative_binomial_climate
Colombia,2023,403,4,2809.0,2359.36639556558,2809.0,2540.34154606853,2809.0,449.6336044344198,268.6584539314699,-180.97515050294987,202170.3782366883,72177.36486884774,-129993.01336784055,True,negative_binomial,negative_binomial_epidemiology,negative_binomial_climate
Colombia,2023,404,4,2984.0,2300.99608624105,2984.0,2419.06154511134,2984.0,683.0039137589501,564.9384548886601,-118.06545887029006,466494.3462100434,319155.4578119866,-147338.8883980568,True,negative_binomial,negative_binomial_epidemiology,negative_binomial_climate
Colombia,2023,405,4,2632.0,2403.06288402623,2632.0,2617.2866792654,2632.0,228.93711597376978,14.713320734600075,-214.2237952391697,52412.20307038731,216.48180703921247,-52195.721263348096,True,negative_binomial,negative_binomial_epidemiology,negative_binomial_climate
Colombia,2023,406,4,2964.0,2451.36789326024,2964.0,2699.1350549455,2964.0,512.6321067397598,264.8649450544999,-247.7671616852599,262791.6768604445,70153.43911872325,-192638.2377417212,True,negative_binomial,negative_binomial_epidemiology,negative_binomial_climate
Colombia,2023,407,4,2969.0,2547.76277260608,2969.0,2850.21578118737,2969.0,421.23722739391997,118.78421881263012,-302.45300858128985,177440.80174251704,14109.69063892679,-163331.11110359026,True,negative_binomial,negative_binomial_epidemiology,negative_binomial_climate
Colombia,2023,408,4,2852.0,2663.52604557269,2852.0,2884.38394416718,2852.0,188.47395442731022,32.383944167179834,-156.09001026013038,35522.431497467805,1048.7198398230207,-34473.71165764479,True,negative_binomial,negative_binomial_epidemiology,negative_binomial_climate
Colombia,2023,409,4,3322.0,2536.79888906912,3322.0,2786.53846592101,3322.0,785.2011109308801,535.4615340789901,-249.73957685188998,616540.7846070882,286719.0544782255,-329821.7301288627,True,negative_binomial,negative_binomial_epidemiology,negative_binomial_climate
Colombia,2023,410,4,3638.0,2676.28919262452,3638.0,2973.47333256978,3638.0,961.7108073754798,664.5266674302202,-297.18413994525963,924887.6770227973,441595.6917259145,-483291.9852968828,True,negative_binomial,negative_binomial_epidemiology,negative_binomial_climate
Colombia,2023,411,4,3999.0,2646.19954795322,3999.0,3087.98744790532,3999.0,1352.8004520467798,911.0125520946799,-441.7878999520999,1830069.063057972,829943.8700740619,-1000125.19298391,True,negative_binomial,negative_binomial_epidemiology,negative_binomial_climate
Colombia,2023,412,4,3916.0,2573.8459755154,3916.0,2931.37044769005,3916.0,1342.1540244846,984.6295523099502,-357.5244721746499,1801377.4254402085,969495.3552820929,-831882.0701581156,True,negative_binomial,negative_binomial_epidemiology,negative_binomial_climate
Colombia,2023,413,4,4130.0,2811.71757688612,4130.0,3031.41385865359,4130.0,1318.2824231138802,1098.58614134641,-219.69628176747028,1737868.5470910035,1206891.509958394,-530977.0371326094,True,negative_binomial,negative_binomial_epidemiology,negative_binomial_climate
Colombia,2023,414,4,4650.0,3027.46068960506,4650.0,3196.04960847019,4650.0,1622.53931039494,1453.95039152981,-168.58891886512993,2632633.8137768875,2113971.741029688,-518662.07274719933,True,negative_binomial,negative_binomial_epidemiology,negative_binomial_climate
Colombia,2023,415,4,3922.0,3338.12583817739,3922.0,3397.96792391372,3922.0,583.87416182261,524.0320760862801,-59.842085736329864,340909.0368440553,274609.61676729686,-66299.42007675843,True,negative_binomial,negative_binomial_epidemiology,negative_binomial_climate
Colombia,2023,416,4,3859.0,3475.7589302554,3859.0,3505.63129288006,3859.0,383.2410697445998,353.36870711994015,-29.872362624659672,146873.71753898522,124869.44317161804,-22004.27436736718,True,negative_binomial,negative_binomial_epidemiology,negative_binomial_climate
Peru,2023,365,4,1596.0,2429.32647788935,1596.0,2499.67854479082,1596.0,833.3264778893499,903.6785447908201,70.35206690147015,694433.0187514692,816634.9123152542,122201.89356378501,False,negative_binomial,negative_binomial_epidemiology,negative_binomial_climate
Peru,2023,366,4,1499.0,2494.86822546089,1499.0,2595.24664499793,1499.0,995.8682254608898,1096.2466449979302,100.37841953704037,991753.5224826216,1201756.706669218,210003.1841865963,False,negative_binomial,negative_binomial_epidemiology,negative_binomial_climate
Peru,2023,367,4,1851.0,2437.07456223275,1851.0,2201.4654547617,1851.0,586.0745622327499,350.46545476170013,-235.6091074710498,343483.3924963095,122826.03498132528,-220657.3575149842,True,negative_binomial,negative_binomial_epidemiology,negative_binomial_climate
Peru,2023,368,4,1757.0,2116.71989406961,1757.0,1774.92152404144,1757.0,359.71989406960984,17.92152404144008,-341.79837002816976,129398.40218945133,321.18102396791477,-129077.22116548341,True,negative_binomial,negative_binomial_epidemiology,negative_binomial_climate
Peru,2023,369,4,1914.0,2237.62989555168,1914.0,1823.80815614784,1914.0,323.62989555167997,90.19184385215999,-233.43805169951997,104736.30929479128,8134.56869745241,-96601.74059733887,True,negative_binomial,negative_binomial_epidemiology,negative_binomial_climate
Peru,2023,370,4,2142.0,2220.025824235,2142.0,1748.46405014821,2142.0,78.02582423500007,393.53594985179006,315.51012561679,6088.029247551125,154870.54382575062,148782.51457819948,False,negative_binomial,negative_binomial_epidemiology,negative_binomial_climate
Peru,2023,371,4,2303.0,2334.32667448825,2303.0,2108.23906922345,2303.0,31.326674488249864,194.76093077655014,163.43425628830028,981.3605344927649,37931.82015694815,36950.45962245539,False,negative_binomial,negative_binomial_epidemiology,negative_binomial_climate
Peru,2023,372,4,2513.0,2304.84806357679,2513.0,1741.47831085533,2513.0,208.15193642320992,771.5216891446701,563.3697527214601,43327.22863673203,595245.7168206449,551918.4881839129,False,negative_binomial,negative_binomial_epidemiology,negative_binomial_climate
Peru,2023,373,4,2545.0,2453.82702543923,2545.0,1882.71381345612,2545.0,91.17297456076994,662.2861865438799,571.11321198311,8312.511290258803,438622.9928868349,430310.4815965761,False,negative_binomial,negative_binomial_epidemiology,negative_binomial_climate
Peru,2023,374,4,2528.0,2486.16846068243,2528.0,1859.65447772322,2528.0,41.83153931756988,668.34552227678,626.5139829592101,1749.8776816773945,446685.7371474218,444935.8594657444,False,negative_binomial,negative_binomial_epidemiology,negative_binomial_climate
Peru,2023,375,4,3018.0,2625.33803086057,3018.0,2058.4809673252,3018.0,392.66196913942986,959.5190326748002,566.8570635353703,154183.42200845457,920676.7740651843,766493.3520567297,False,negative_binomial,negative_binomial_epidemiology,negative_binomial_climate
Peru,2023,376,4,3796.0,2907.5053500568,3796.0,2567.29824481814,3796.0,888.4946499431999,1228.7017551818599,340.20710523866,789422.7429776893,1509708.003186983,720285.2602092938,False,negative_binomial,negative_binomial_epidemiology,negative_binomial_climate
Peru,2023,377,4,4099.0,2580.99453796996,4099.0,2016.96131287073,4099.0,1518.0054620300398,2082.0386871292703,564.0332250992305,2304340.582753035,4334885.094702976,2030544.511949941,False,negative_binomial,negative_binomial_epidemiology,negative_binomial_climate
Peru,2023,378,4,4430.0,2545.15219188887,4430.0,2287.7815521878,4430.0,1884.8478081111298,2142.2184478122,257.3706397010701,3552651.2597413305,4589099.878146911,1036448.6184055805,False,negative_binomial,negative_binomial_epidemiology,negative_binomial_climate
Peru,2023,379,4,6520.0,2460.06862181128,6520.0,2150.73525628481,6520.0,4059.93137818872,4369.26474371519,309.33336552647006,16483042.795601359,19090474.400672566,2607431.6050712075,False,negative_binomial,negative_binomial_epidemiology,negative_binomial_climate
Peru,2023,380,4,7614.0,2550.82573994551,7614.0,2631.60650430533,7614.0,5063.174260054489,4982.3934956946705,-80.78076435981893,25635733.58767833,24824244.945940558,-811488.6417377703,True,negative_binomial,negative_binomial_epidemiology,negative_binomial_climate
Peru,2023,381,4,8594.0,2556.13526701385,8594.0,2667.41012156429,8594.0,6037.864732986151,5926.5898784357105,-111.27485455044007,36455810.53383792,35124467.587176606,-1331342.9466613159,True,negative_binomial,negative_binomial_epidemiology,negative_binomial_climate
Peru,2023,382,4,11860.0,2526.67313003324,11860.0,2505.74206004904,11860.0,9333.32686996676,9354.25793995096,20.931069984198984,87110990.46164353,87502141.60713556,391151.14549203217,False,negative_binomial,negative_binomial_epidemiology,negative_binomial_climate
Peru,2023,383,4,15304.0,2687.4553747113,15304.0,2660.79964909445,15304.0,12616.5446252887,12643.20035090555,26.65572561685076,159177198.28190118,159850515.11313823,673316.8312370479,False,negative_binomial,negative_binomial_epidemiology,negative_binomial_climate
Peru,2023,384,4,20425.0,2835.89453605669,20425.0,2772.18600522363,20425.0,17589.10546394331,17652.81399477637,63.70853083306065,309376631.0217204,311621841.93417245,2245210.912452042,False,negative_binomial,negative_binomial_epidemiology,negative_binomial_climate
Peru,2023,385,4,18043.0,2998.29034378131,18043.0,3161.89083220388,18043.0,15044.709656218689,14881.10916779612,-163.60048842256947,226343288.63991985,221447410.06386572,-4895878.576054126,True,negative_binomial,negative_binomial_epidemiology,negative_binomial_climate
Peru,2023,386,4,17868.0,3319.9061047726,17868.0,3462.15772339119,17868.0,14548.093895227401,14405.84227660881,-142.25161861859124,211647035.98435277,207528291.6985297,-4118744.285823077,True,negative_binomial,negative_binomial_epidemiology,negative_binomial_climate
Peru,2023,387,4,15637.0,3668.30120575048,15637.0,4146.33041230826,15637.0,11968.69879424952,11490.66958769174,-478.0292065577796,143249750.82746992,132035487.57350387,-11214263.253966048,True,negative_binomial,negative_binomial_epidemiology,negative_binomial_climate
Peru,2023,388,4,13340.0,4055.52359334361,13340.0,4329.31450823754,13340.0,9284.47640665639,9010.685491762459,-273.7909148939307,86201502.14575914,81192453.03145847,-5009049.114300668,True,negative_binomial,negative_binomial_epidemiology,negative_binomial_climate
Peru,2023,389,4,11073.0,4267.30694478602,11073.0,5061.25078323246,11073.0,6805.69305521398,6011.74921676754,-793.9438384464402,46317457.9617878,36141128.645305134,-10176329.316482663,True,negative_binomial,negative_binomial_epidemiology,negative_binomial_climate
Peru,2023,390,4,8681.0,4455.09958718808,8681.0,4736.60757699046,8681.0,4225.90041281192,3944.39242300954,-281.5079898023805,17858234.29900396,15558231.58669507,-2300002.7123088893,True,negative_binomial,negative_binomial_epidemiology,negative_binomial_climate
Peru,2023,391,4,8132.0,4217.52583591064,8132.0,4673.69873857749,8132.0,3914.47416408936,3458.30126142251,-456.17290266684995,15323107.981323093,11959847.614756523,-3363260.3665665705,True,negative_binomial,negative_binomial_epidemiology,negative_binomial_climate
Peru,2023,392,4,7669.0,4014.01675945197,7669.0,4893.20457617183,7669.0,3654.98324054803,2775.79542382817,-879.1878167198602,13358902.488686979,7705040.23494541,-5653862.253741569,True,negative_binomial,negative_binomial_epidemiology,negative_binomial_climate
Peru,2023,393,4,6815.0,3692.25047433499,6815.0,4262.34747190932,6815.0,3122.74952566501,2552.65252809068,-570.0969975743301,9751564.600041045,6516034.929167739,-3235529.6708733058,True,negative_binomial,negative_binomial_epidemiology,negative_binomial_climate
Peru,2023,394,4,5158.0,3202.8035728639,5158.0,3162.11875040068,5158.0,1955.1964271360998,1995.8812495993202,40.68482246322037,3822793.06868577,3983541.962502144,160748.89381637378,False,negative_binomial,negative_binomial_epidemiology,negative_binomial_climate
Peru,2023,395,4,5423.0,2826.23926628383,5423.0,2586.74602343484,5423.0,2596.76073371617,2836.25397656516,239.49324284899012,6743166.308170141,8044336.619581683,1301170.311411542,False,negative_binomial,negative_binomial_epidemiology,negative_binomial_climate
Peru,2023,396,4,5060.0,2490.87219632033,5060.0,1422.80167851538,5060.0,2569.12780367967,3637.19832148462,1068.0705178049502,6600417.671639924,13229211.629810538,6628793.958170614,False,negative_binomial,negative_binomial_epidemiology,negative_binomial_climate
Peru,2023,397,4,4380.0,2338.67452196122,4380.0,2426.85227868818,4380.0,2041.3254780387801,1953.14772131182,-88.17775672696007,4167009.707290254,3814786.021265555,-352223.6860246989,True,negative_binomial,negative_binomial_epidemiology,negative_binomial_climate
Peru,2023,398,4,3824.0,2087.35893868591,3824.0,2411.69342158526,3824.0,1736.6410613140902,1412.3065784147402,-324.33448289934995,3015922.1758421296,1994609.8714335507,-1021312.3044085789,True,negative_binomial,negative_binomial_epidemiology,negative_binomial_climate
Peru,2023,399,4,3466.0,2014.66121087452,3466.0,2555.36789250377,3466.0,1451.33878912548,910.6321074962302,-540.7066816292497,2106384.280820214,829250.8352030258,-1277133.4456171882,True,negative_binomial,negative_binomial_epidemiology,negative_binomial_climate
Peru,2023,400,4,3368.0,1975.42940743277,3368.0,2293.49950577286,3368.0,1392.57059256723,1074.5004942271398,-318.0700983400902,1939252.8552830461,1154551.3120943678,-784701.5431886783,True,negative_binomial,negative_binomial_epidemiology,negative_binomial_climate
Peru,2023,401,4,2883.0,1941.58831762343,2883.0,2217.4130134471,2883.0,941.4116823765701,665.5869865528998,-275.82469582367025,886255.9557150841,443006.03666857,-443249.9190465141,True,negative_binomial,negative_binomial_epidemiology,negative_binomial_climate
Peru,2023,402,4,2317.0,1922.3126491648,2317.0,2299.63966792065,2317.0,394.68735083520005,17.360332079349973,-377.3270187558501,155778.10490930828,301.3811299053078,-155476.72377940296,True,negative_binomial,negative_binomial_epidemiology,negative_binomial_climate
Peru,2023,403,4,2158.0,1893.91174966508,2158.0,2447.88610913537,2158.0,264.0882503349201,289.88610913537013,25.797858800450058,69742.60396495942,84033.95626964372,14291.352304684304,False,negative_binomial,negative_binomial_epidemiology,negative_binomial_climate
Peru,2023,404,4,2028.0,1891.11004264735,2028.0,2266.50785867229,2028.0,136.88995735265007,238.50785867228979,101.61790131963971,18738.860424010356,56885.99864844096,38147.1382244306,False,negative_binomial,negative_binomial_epidemiology,negative_binomial_climate
Peru,2023,405,4,1829.0,1878.02576919458,1829.0,2664.94831691464,1829.0,49.02576919458011,835.9483169146401,786.92254772006,2403.52604512024,698809.5885524197,696406.0625072995,False,negative_binomial,negative_binomial_epidemiology,negative_binomial_climate
Peru,2023,406,4,1874.0,1885.56968648954,1874.0,2957.22250653662,1874.0,11.56968648953989,1083.2225065366201,1071.6528200470802,133.85764546624188,1173370.998667478,1173237.1410220119,False,negative_binomial,negative_binomial_epidemiology,negative_binomial_climate
Peru,2023,407,4,1563.0,1829.5072962881,1563.0,2832.62841686075,1563.0,266.50729628809995,1269.62841686075,1003.1211205726499,71026.1389747931,1611956.316900334,1540930.177925541,False,negative_binomial,negative_binomial_epidemiology,negative_binomial_climate
Peru,2023,408,4,1626.0,1827.32051755226,1626.0,2558.10514803269,1626.0,201.32051755226007,932.1051480326901,730.78463048043,40529.95078750986,868820.0069890431,828290.0562015332,False,negative_binomial,negative_binomial_epidemiology,negative_binomial_climate
Peru,2023,409,4,1800.0,1838.82024733933,1800.0,2645.50510495827,1800.0,38.82024733933008,845.5051049582698,806.6848576189398,1507.0116034867642,714878.8825104949,713371.8709070082,False,negative_binomial,negative_binomial_epidemiology,negative_binomial_climate
Peru,2023,410,4,1802.0,1895.80109779917,1802.0,3105.46612379587,1802.0,93.80109779917007,1303.4661237958699,1209.6650259966998,8798.645948329468,1699023.9358834298,1690225.2899351004,False,negative_binomial,negative_binomial_epidemiology,negative_binomial_climate
Peru,2023,411,4,1823.0,1899.28868217941,1823.0,3524.16047672627,1823.0,76.28868217940999,1701.1604767262702,1624.8717945468602,5819.963028671027,2893946.967575551,2888127.00454688,False,negative_binomial,negative_binomial_epidemiology,negative_binomial_climate
Peru,2023,412,4,1854.0,1932.01360058311,1854.0,3581.75220018197,1854.0,78.01360058311002,1727.7522001819698,1649.7385995988598,6086.121875941024,2985127.665233637,2979041.5433576964,False,negative_binomial,negative_binomial_epidemiology,negative_binomial_climate
Peru,2023,413,4,1680.0,2057.29943192058,1680.0,2895.57331202184,1680.0,377.29943192058,1215.5733120218401,838.2738801012601,142354.86132759237,1477618.4768997459,1335263.6155721536,False,negative_binomial,negative_binomial_epidemiology,negative_binomial_climate
Peru,2023,414,4,1784.0,2231.01105499802,1784.0,3321.57724694444,1784.0,447.01105499802,1537.57724694444,1090.56619194642,199818.88329044284,2364143.7903212435,2164324.907030801,False,negative_binomial,negative_binomial_epidemiology,negative_binomial_climate
Peru,2023,415,4,1651.0,2348.74803738975,1651.0,2920.35332268573,1651.0,697.7480373897502,1269.3533226857298,571.6052852959797,486852.3236812482,1611257.8578133027,1124405.5341320545,False,negative_binomial,negative_binomial_epidemiology,negative_binomial_climate
Peru,2023,416,4,1310.0,2482.88661882688,1310.0,3035.47064460042,1310.0,1172.8866188268798,1725.4706446004202,552.5840257735404,1375663.0206231505,2977248.9453777894,1601585.924754639,False,negative_binomial,negative_binomial_epidemiology,negative_binomial_climate
Philippines,2023,365,4,425.0,207.252806317065,425.0,340.084233676775,425.0,217.747193682935,84.915766323225,-132.83142735971,47413.84035679361,7210.6873702605535,-40203.15298653306,True,negative_binomial,negative_binomial_epidemiology,negative_binomial_climate
Philippines,2023,366,4,575.0,252.93787915162,575.0,353.329618829547,575.0,322.06212084838,221.67038117045303,-100.39173967792698,103724.00968535652,49137.75788825394,-54586.25179710258,True,negative_binomial,negative_binomial_epidemiology,negative_binomial_climate
Philippines,2023,377,4,1196.0,774.880970709381,1196.0,740.352770635915,1196.0,421.119029290619,455.647229364085,34.528200073465996,177341.2368306732,207614.39762716705,30273.160796493845,False,negative_binomial,negative_binomial_epidemiology,negative_binomial_climate
Philippines,2023,378,4,1196.0,617.852897608162,1196.0,564.356697534789,1196.0,578.147102391838,631.643302465211,53.496200073373075,334254.07200407836,398973.2615491581,64719.18954507972,False,negative_binomial,negative_binomial_epidemiology,negative_binomial_climate
Philippines,2023,379,4,1197.0,231.447225765261,1197.0,238.154340782326,1197.0,965.552774234739,958.845659217674,-6.707115017065007,932292.1598324009,919384.9982005758,-12907.16163182503,True,negative_binomial,negative_binomial_epidemiology,negative_binomial_climate
Philippines,2023,380,4,1482.0,104.773065730314,1482.0,101.906280272622,1482.0,1377.226934269686,1380.093719727378,2.8667854576920035,1896754.0284778776,1904658.6752309503,7904.646753072739,False,negative_binomial,negative_binomial_epidemiology,negative_binomial_climate
Philippines,2023,381,4,1684.0,1845.83815965584,1684.0,1003.9112803459,1684.0,161.83815965583995,680.0887196541,518.2505599982601,26191.58992078914,462520.6666007531,436329.07667996397,False,negative_binomial,negative_binomial_epidemiology,negative_binomial_climate
Philippines,2023,382,4,1746.0,2512.69766330958,1746.0,1571.96592126149,1746.0,766.6976633095801,174.03407873851006,-592.66358457107,587825.3069243702,30287.86056236192,-557537.4463620083,True,negative_binomial,negative_binomial_epidemiology,negative_binomial_climate
Philippines,2023,383,4,1727.0,2402.40153152724,1727.0,1497.80296728195,1727.0,675.40153152724,229.19703271804997,-446.20449880919,456167.22878934134,52531.27980675887,-403635.9489825825,True,negative_binomial,negative_binomial_epidemiology,negative_binomial_climate
Philippines,2023,384,4,1794.0,5474.21004235304,1794.0,3506.17564702013,1794.0,3680.21004235304,1712.1756470201299,-1968.0343953329102,13543945.955836166,2931545.4462488005,-10612400.509587366,True,negative_binomial,negative_binomial_epidemiology,negative_binomial_climate
Philippines,2023,385,4,2269.0,4271.95283168587,2269.0,3511.81160281832,2269.0,2002.9528316858696,1242.81160281832,-760.1412288675497,4011820.0459584435,1544580.6800998414,-2467239.3658586023,True,negative_binomial,negative_binomial_epidemiology,negative_binomial_climate
Philippines,2023,386,4,2552.0,3534.903890611,2552.0,3091.43554652125,2552.0,982.903890611,539.4355465212502,-443.46834408974973,966100.0581782405,290990.7088506799,-675109.3493275606,True,negative_binomial,negative_binomial_epidemiology,negative_binomial_climate
Philippines,2023,387,4,207.0,2164.77786281622,207.0,3418.00308073472,207.0,1957.77786281622,3211.00308073472,1253.2252179184998,3832894.160133246,10310540.784487862,6477646.624354616,False,negative_binomial,negative_binomial_epidemiology,negative_binomial_climate
Philippines,2023,388,4,162.0,1226.04911526623,162.0,2642.08751751451,162.0,1064.04911526623,2480.08751751451,1416.0384022482801,1132200.5196988469,6150834.094531286,5018633.5748324385,False,negative_binomial,negative_binomial_epidemiology,negative_binomial_climate
Philippines,2023,389,4,132.0,3310.14773937506,132.0,4073.64351840507,132.0,3178.14773937506,3941.64351840507,763.49577903001,10100623.053294806,15536553.6261847,5435930.572889894,False,negative_binomial,negative_binomial_epidemiology,negative_binomial_climate
Philippines,2023,390,4,181.0,3683.61887306155,181.0,4921.18376912071,181.0,3502.61887306155,4740.18376912071,1237.5648960591602,12268338.969926963,22469342.165035423,10201003.19510846,False,negative_binomial,negative_binomial_epidemiology,negative_binomial_climate
Philippines,2023,391,4,271.0,115.238088217205,271.0,227.481711907265,271.0,155.76191178279498,43.51828809273499,-112.24362369005999,24261.773162231206,1893.84139852228,-22367.931763708926,True,negative_binomial,negative_binomial_epidemiology,negative_binomial_climate
Philippines,2023,392,4,147.0,72.746670304739,147.0,112.660375611169,147.0,74.253329695261,34.339624388831,-39.91370530643,5513.5569708331295,1179.2098031659966,-4334.347167667132,True,negative_binomial,negative_binomial_epidemiology,negative_binomial_climate
Philippines,2023,393,4,735.0,89.107041999279,735.0,137.273988426982,735.0,645.892958000721,597.726011573018,-48.16694642770301,417177.71319492115,357276.3849109877,-59901.32828393346,True,negative_binomial,negative_binomial_epidemiology,negative_binomial_climate
Philippines,2023,394,4,715.0,103.453251816776,715.0,134.624842165877,715.0,611.546748183224,580.375157834123,-31.171590349101052,373989.42521347565,336835.3238309832,-37154.10138249246,True,negative_binomial,negative_binomial_epidemiology,negative_binomial_climate
Philippines,2023,395,4,893.0,396.733088523849,893.0,278.666866626947,893.0,496.266911476151,614.333133373053,118.066221896902,246280.84742607787,377405.1987599533,131124.35133387544,False,negative_binomial,negative_binomial_epidemiology,negative_binomial_climate
Philippines,2023,396,4,2955.0,252.907505277201,2955.0,150.587712164536,2955.0,2702.092494722799,2804.412287835464,102.31979311266514,7301303.85003728,7864728.280162542,563424.4301252626,False,negative_binomial,negative_binomial_epidemiology,negative_binomial_climate
Philippines,2023,397,4,3355.0,3475.69038579505,3355.0,1104.82494663962,3355.0,120.69038579505013,2250.17505336038,2129.48466756533,14566.16922335804,5063287.770765388,5048721.60154203,False,negative_binomial,negative_binomial_epidemiology,negative_binomial_climate
Philippines,2023,398,4,3591.0,6524.38072283271,3591.0,2202.56787419331,3591.0,2933.3807228327096,1388.4321258066898,-1544.9485970260198,8604722.46508655,1927743.7679720835,-6676978.697114466,True,negative_binomial,negative_binomial_epidemiology,negative_binomial_climate
Philippines,2023,399,4,3356.0,2206.38325309828,3356.0,1469.24143790531,3356.0,1149.61674690172,1886.75856209469,737.14181519297,1321618.6647568934,3559857.871637622,2238239.2068807287,False,negative_binomial,negative_binomial_epidemiology,negative_binomial_climate
Philippines,2023,400,4,3393.0,13507.3024488293,3393.0,6897.45861026084,3393.0,10114.3024488293,3504.45861026084,-6609.843838568459,102299114.02639437,12281230.151031338,-90017883.87536302,True,negative_binomial,negative_binomial_epidemiology,negative_binomial_climate
Philippines,2023,401,4,3179.0,8802.68697713318,3179.0,7511.28856635685,3179.0,5623.68697713318,4332.28856635685,-1291.39841077633,31625855.21677733,18768724.222186293,-12857130.994591035,True,negative_binomial,negative_binomial_epidemiology,negative_binomial_climate
Philippines,2023,402,4,3142.0,6892.04628502711,3142.0,6112.96773221122,3142.0,3750.0462850271097,2970.96773221122,-779.0785528158895,14062847.139845626,8826649.26584028,-5236197.874005346,True,negative_binomial,negative_binomial_epidemiology,negative_binomial_climate
Philippines,2023,403,4,3318.0,6238.13433227767,3318.0,6411.06836177062,3318.0,2920.13433227767,3093.06836177062,172.93402949294978,8527184.518546754,9567071.890586387,1039887.3720396329,False,negative_binomial,negative_binomial_epidemiology,negative_binomial_climate
Philippines,2023,404,4,2578.0,2546.16287537145,2578.0,4104.08835596374,2578.0,31.8371246285501,1526.0883559637396,1494.2512313351895,1013.6025046138313,2328945.6702081095,2327932.0677034957,False,negative_binomial,negative_binomial_epidemiology,negative_binomial_climate
Philippines,2023,405,4,2720.0,3141.7689024863,2720.0,3596.56240529023,2720.0,421.7689024862998,876.5624052902299,454.7935028039301,177889.00710449787,768361.6503681933,590472.6432636954,False,negative_binomial,negative_binomial_epidemiology,negative_binomial_climate
Philippines,2023,406,4,3430.0,2280.49035397788,3430.0,3120.22426541814,3430.0,1149.5096460221198,309.77573458186,-839.7339114402598,1321372.426297899,95961.00573573096,-1225411.4205621681,True,negative_binomial,negative_binomial_epidemiology,negative_binomial_climate
Philippines,2023,407,4,2672.0,2171.48250434863,2672.0,3387.18445159023,2672.0,500.51749565137015,715.1844515902299,214.6669559388597,250517.76345311935,511488.7997964178,260971.03634329847,False,negative_binomial,negative_binomial_epidemiology,negative_binomial_climate
Philippines,2023,408,4,1939.0,2242.62152479961,1939.0,2283.04474990352,1939.0,303.62152479961014,344.0447499035199,40.42322510390977,92186.03032164028,118366.78993617557,26180.759614535287,False,negative_binomial,negative_binomial_epidemiology,negative_binomial_climate
Philippines,2023,409,4,2607.0,2453.26364327533,2607.0,2532.07131419197,2607.0,153.7363567246698,74.92868580802997,-78.80767091663984,23634.867378974926,5614.307956918472,-18020.559422056453,True,negative_binomial,negative_binomial_epidemiology,negative_binomial_climate
Singapore,2025,469,4,97.0,119.337789633016,97.0,126.921610623316,97.0,22.337789633016,29.921610623316,7.583820990299998,498.9768456888771,895.3027822933368,396.3259366044597,False,negative_binomial,negative_binomial_epidemiology,negative_binomial_climate
Singapore,2025,470,4,118.0,113.815001824409,118.0,115.873096953021,118.0,4.184998175591005,2.1269030469789953,-2.0580951286120097,17.514209729700042,4.523716571248534,-12.990493158451507,True,negative_binomial,negative_binomial_epidemiology,negative_binomial_climate
Singapore,2025,471,4,99.0,115.320570558584,99.0,118.907502369467,99.0,16.320570558583995,19.907502369466997,3.5869318108830015,266.3610233577187,396.3086505903341,129.9476272326154,False,negative_binomial,negative_binomial_epidemiology,negative_binomial_climate
Singapore,2025,472,4,118.0,75.4339031256743,118.0,86.4455383295592,118.0,42.566096874325694,31.5544616704408,-11.011635203884893,1811.8726031144797,995.6840513113177,-816.188551803162,True,negative_binomial,negative_binomial_epidemiology,negative_binomial_climate
Singapore,2025,473,4,54.0,104.048536548427,54.0,116.014359645643,54.0,50.048536548426995,62.014359645643,11.965823097216003,2504.856010639233,3845.780802259155,1340.924791619922,False,negative_binomial,negative_binomial_epidemiology,negative_binomial_climate
Singapore,2025,474,4,113.0,141.266605962353,113.0,146.090268411275,113.0,28.266605962352997,33.09026841127499,4.8236624489219935,799.0010126309301,1094.9658635302235,295.9648508992934,False,negative_binomial,negative_binomial_epidemiology,negative_binomial_climate
Singapore,2025,475,4,114.0,128.080084896256,114.0,128.143206159635,114.0,14.080084896256011,14.143206159635014,0.06312126337900281,198.24879068577664,200.0302804739378,1.781489788161167,False,negative_binomial,negative_binomial_epidemiology,negative_binomial_climate
Singapore,2025,476,4,71.0,136.661144827692,71.0,134.724775903798,71.0,65.661144827692,63.72477590379799,-1.9363689238940083,4311.385940083143,4060.847063989273,-250.53887609387039,True,negative_binomial,negative_binomial_epidemiology,negative_binomial_climate
Singapore,2025,477,4,82.0,61.0384792798457,82.0,61.6483491184652,82.0,20.961520720154297,20.351650881534802,-0.6098698386194954,439.3853509014579,414.18969360387626,-25.195657297581647,True,negative_binomial,negative_binomial_epidemiology,negative_binomial_climate
Singapore,2025,478,4,86.0,124.261519718845,86.0,113.010944176428,86.0,38.261519718844994,27.010944176427998,-11.250575542416996,1463.9438911955642,729.5911053021096,-734.3527858934547,True,negative_binomial,negative_binomial_epidemiology,negative_binomial_climate
Singapore,2025,479,4,72.0,147.712250217212,72.0,124.028643849781,72.0,75.71225021721199,52.028643849781005,-23.683606367430983,5732.344832953717,2706.979780847355,-3025.365052106362,True,negative_binomial,negative_binomial_epidemiology,negative_binomial_climate
Singapore,2025,480,4,100.0,100.34222386786,100.0,90.1946085093433,100.0,0.3422238678599996,9.805391490656703,9.463167622796703,0.11711717573305845,96.14570228504289,96.02858510930983,False,negative_binomial,negative_binomial_epidemiology,negative_binomial_climate
Singapore,2025,481,4,98.0,86.6414961288809,98.0,72.1373049527153,98.0,11.358503871119098,25.862695047284703,14.504191176165605,129.01561019022753,668.8789951088447,539.8633849186172,False,negative_binomial,negative_binomial_epidemiology,negative_binomial_climate
Singapore,2025,482,4,87.0,103.485848749847,87.0,84.9437676752461,87.0,16.485848749846994,2.056232324753907,-14.429616425093087,271.7832090028317,4.228091373362856,-267.55511762946884,True,negative_binomial,negative_binomial_epidemiology,negative_binomial_climate
Singapore,2025,483,4,92.0,95.022451632323,92.0,91.2781983644294,92.0,3.0224516323229977,0.7218016355705998,-2.300649996752398,9.135213869731954,0.520997601112393,-8.614216268619561,True,negative_binomial,negative_binomial_epidemiology,negative_binomial_climate
Singapore,2025,484,4,94.0,121.877240809402,94.0,114.475856168518,94.0,27.877240809401997,20.475856168518007,-7.40138464088399,777.1405551453881,419.26068583383693,-357.8798693115512,True,negative_binomial,negative_binomial_epidemiology,negative_binomial_climate
Singapore,2025,485,4,107.0,132.701176463547,107.0,130.244945373011,107.0,25.701176463547,23.244945373011006,-2.4562310905359936,660.5504716103823,540.3274853942658,-120.22298621611651,True,negative_binomial,negative_binomial_epidemiology,negative_binomial_climate
Singapore,2025,486,4,89.0,113.083197818725,89.0,115.569107739436,89.0,24.083197818724997,26.569107739436006,2.485909920711009,580.0004171758404,705.9174860697583,125.91706889391787,False,negative_binomial,negative_binomial_epidemiology,negative_binomial_climate
Singapore,2025,487,4,105.0,108.605077115885,105.0,105.404170513314,105.0,3.6050771158849955,0.4041705133139999,-3.2009066025709956,12.996581011477677,0.16335380383250217,-12.833227207645175,True,negative_binomial,negative_binomial_epidemiology,negative_binomial_climate
Singapore,2025,488,4,103.0,118.783892327437,103.0,120.791079848414,103.0,15.783892327437002,17.791079848414,2.0071875209769985,249.13125700412465,316.5225221726427,67.39126516851806,False,negative_binomial,negative_binomial_epidemiology,negative_binomial_climate
Singapore,2025,489,4,118.0,137.384584335361,118.0,141.307403079243,118.0,19.384584335361012,23.307403079242988,3.922818743881976,375.7621098547235,543.2350382983055,167.47292844358202,False,negative_binomial,negative_binomial_epidemiology,negative_binomial_climate
Singapore,2025,490,4,117.0,111.336008023716,117.0,106.054965741853,117.0,5.663991976283995,10.945034258147004,5.281042281863009,32.080805107409475,119.79377491201154,87.71296980460207,False,negative_binomial,negative_binomial_epidemiology,negative_binomial_climate
Singapore,2025,491,4,118.0,126.774826511962,118.0,130.689573462636,118.0,8.774826511962004,12.689573462635991,3.9147469506739867,76.99758031503127,161.02527466363557,84.0276943486043,False,negative_binomial,negative_binomial_epidemiology,negative_binomial_climate
Singapore,2025,492,4,125.0,123.705193626821,125.0,120.096378329654,125.0,1.294806373179,4.9036216703459985,3.6088152971669984,1.676523544024956,24.04550548588688,22.368981941861925,False,negative_binomial,negative_binomial_epidemiology,negative_binomial_climate
Singapore,2025,493,4,106.0,145.754029775342,106.0,144.993626838922,106.0,39.75402977534199,38.99362683892201,-0.7604029364199789,1580.3828833787775,1520.5029340530991,-59.87994932567835,True,negative_binomial,negative_binomial_epidemiology,negative_binomial_climate
Singapore,2025,494,4,100.0,139.925581047879,100.0,142.199925691964,100.0,39.92558104787901,42.19992569196401,2.274344644085005,1594.0520220107553,1780.8337284072843,186.781706396529,False,negative_binomial,negative_binomial_epidemiology,negative_binomial_climate
Singapore,2025,495,4,119.0,138.994958140513,119.0,148.323793210734,119.0,19.994958140513006,29.32379321073401,9.328835070221004,399.7983510408673,859.88484826589,460.0864972250227,False,negative_binomial,negative_binomial_epidemiology,negative_binomial_climate
Singapore,2025,496,4,112.0,141.634335604502,112.0,146.204868298792,112.0,29.634335604502013,34.20486829879201,4.570532694289994,878.1938467202557,1169.9730153377063,291.77916861745064,False,negative_binomial,negative_binomial_epidemiology,negative_binomial_climate
Singapore,2025,497,4,86.0,118.722549763246,86.0,129.250915910238,86.0,32.72254976324599,43.25091591023801,10.528366146992013,1070.7652630081104,1870.6417270744791,799.8764640663687,False,negative_binomial,negative_binomial_epidemiology,negative_binomial_climate
Singapore,2025,498,4,77.0,106.862546273339,77.0,117.65243310831,77.0,29.862546273339007,40.65243310831001,10.789886834971,891.7716699273134,1652.6203176256197,760.8486476983063,False,negative_binomial,negative_binomial_epidemiology,negative_binomial_climate
Singapore,2025,499,4,71.0,125.676857136092,71.0,133.898161357221,71.0,54.676857136091996,62.898161357221,8.221304221129003,2989.5587062806144,3956.178702119009,966.6199958383945,False,negative_binomial,negative_binomial_epidemiology,negative_binomial_climate
Singapore,2025,500,4,73.0,125.241584101625,73.0,128.16342375254,73.0,52.241584101624994,55.16342375254001,2.921839650915018,2729.183109447157,3043.0033201022957,313.82021065513845,False,negative_binomial,negative_binomial_epidemiology,negative_binomial_climate
Singapore,2025,501,4,62.0,90.0319154060485,62.0,88.0178533772355,62.0,28.031915406048498,26.017853377235497,-2.014062028813001,785.7882813318591,676.9286943593246,-108.85958697253454,True,negative_binomial,negative_binomial_epidemiology,negative_binomial_climate
Singapore,2025,502,4,47.0,73.2958086086885,47.0,71.0803709003853,47.0,26.295808608688503,24.080370900385304,-2.215437708303199,691.4695503847764,579.8642627001234,-111.60528768465304,True,negative_binomial,negative_binomial_epidemiology,negative_binomial_climate
Singapore,2025,503,4,51.0,69.0875630877386,51.0,72.3603416566806,51.0,18.0875630877386,21.360341656680603,3.2727785689420017,327.159938452924,456.26419569012467,129.10425723720067,False,negative_binomial,negative_binomial_epidemiology,negative_binomial_climate
Singapore,2025,504,4,42.0,74.1719923757193,42.0,75.7576698226471,42.0,32.1719923757193,33.7576698226471,1.5856774469278037,1035.0370934233406,1139.580271854859,104.5431784315183,False,negative_binomial,negative_binomial_epidemiology,negative_binomial_climate
Singapore,2025,505,4,49.0,63.5238756762835,49.0,63.2862556179108,49.0,14.523875676283502,14.286255617910797,-0.2376200583727055,210.94296466013955,204.09709958028782,-6.845865079851734,True,negative_binomial,negative_binomial_epidemiology,negative_binomial_climate
Singapore,2025,506,4,45.0,46.2972430388476,45.0,47.9165085193873,45.0,1.297243038847597,2.9165085193872997,1.6192654805397027,1.6828395018385482,8.506021943658698,6.82318244182015,False,negative_binomial,negative_binomial_epidemiology,negative_binomial_climate
Singapore,2025,507,4,40.0,48.1953329979749,40.0,49.8758188715539,40.0,8.195332997974901,9.875818871553903,1.680485873579002,67.16348294769628,97.53179838374021,30.36831543604393,False,negative_binomial,negative_binomial_epidemiology,negative_binomial_climate
Singapore,2025,508,4,55.0,42.7123013506433,55.0,40.6898543906708,55.0,12.287698649356699,14.310145609329197,2.0224469599724983,150.98753809740245,204.7802673602037,53.79272926280126,False,negative_binomial,negative_binomial_epidemiology,negative_binomial_climate
Singapore,2025,509,4,33.0,51.3689422463664,33.0,49.631896714959,33.0,18.3689422463664,16.631896714958998,-1.7370455314074036,337.41803925034435,276.6199883370639,-60.79805091328046,True,negative_binomial,negative_binomial_epidemiology,negative_binomial_climate
Singapore,2025,510,4,47.0,47.7515435482914,47.0,49.0437412713328,47.0,0.7515435482914015,2.0437412713327987,1.2921977230413972,0.5648177049784301,4.1768783841490045,3.6120606791705745,False,negative_binomial,negative_binomial_epidemiology,negative_binomial_climate
Singapore,2025,511,4,36.0,43.2324002883155,36.0,42.126671751414,36.0,7.232400288315503,6.126671751414001,-1.105728536901502,52.30761393042617,37.53610674957431,-14.771507180851863,True,negative_binomial,negative_binomial_epidemiology,negative_binomial_climate
Singapore,2025,512,4,53.0,57.6396637825726,53.0,55.2019616172134,53.0,4.6396637825725975,2.2019616172133993,-2.437702165359198,21.52648001531586,4.848634963681049,-16.67784505163481,True,negative_binomial,negative_binomial_epidemiology,negative_binomial_climate
Singapore,2025,513,4,55.0,37.3874642502088,55.0,36.8304131217622,55.0,17.6125357497912,18.1695868782378,0.5570511284466022,310.20141553767303,330.13388732583127,19.93247178815824,False,negative_binomial,negative_binomial_epidemiology,negative_binomial_climate
Singapore,2025,514,4,39.0,50.1728845970125,39.0,51.3061619358964,39.0,11.172884597012498,12.306161935896398,1.1332773388839001,124.83335021815913,151.44162159250538,26.60827137434626,False,negative_binomial,negative_binomial_epidemiology,negative_binomial_climate
Singapore,2025,515,4,39.0,39.3997392134914,39.0,42.1903887420348,39.0,0.39973921349140085,3.1903887420347985,2.7906495285433977,0.15979143880272376,10.178580325302384,10.01878888649966,False,negative_binomial,negative_binomial_epidemiology,negative_binomial_climate
Singapore,2025,516,4,27.0,63.406606237747,27.0,67.891271246478,27.0,36.406606237747,40.891271246478,4.484665008731,1325.4409777503588,1672.0960641530382,346.65508640267944,False,negative_binomial,negative_binomial_epidemiology,negative_binomial_climate
Singapore,2025,517,4,38.0,64.8098005570301,38.0,67.8490751920994,38.0,26.8098005570301,29.849075192099406,3.0392746350693045,718.7654059077315,890.9672898236041,172.2018839158726,False,negative_binomial,negative_binomial_epidemiology,negative_binomial_climate
Singapore,2025,518,4,46.0,47.7986471251244,46.0,51.6715700636636,46.0,1.798647125124397,5.6715700636636015,3.8729229385392046,3.235131480718258,32.166706987045146,28.931575506326887,False,negative_binomial,negative_binomial_epidemiology,negative_binomial_climate
Singapore,2025,519,4,41.0,41.329352307449,41.0,49.7483620810474,41.0,0.3293523074489997,8.748362081047397,8.419009773598397,0.10847294242198041,76.53383910110793,76.42536615868595,False,negative_binomial,negative_binomial_epidemiology,negative_binomial_climate
Singapore,2025,520,4,32.0,29.6878948885884,32.0,34.7923374914598,32.0,2.3121051114116007,2.792337491459797,0.48023238004819646,5.34583004621565,7.797148666211993,2.451318619996343,False,negative_binomial,negative_binomial_epidemiology,negative_binomial_climate
Sri Lanka,2024,417,4,2760.0,2681.91906880885,2760.0,3503.98673055972,2760.0,78.08093119114983,743.98673055972,665.9057993685701,6096.631815677074,553516.2552489414,547419.6234332643,False,negative_binomial,negative_binomial_epidemiology,negative_binomial_climate
Sri Lanka,2024,418,4,2656.0,2707.23506272153,2656.0,3666.37965310663,2656.0,51.235062721530085,1010.37965310663,959.1445903851,2625.0316520791216,1020867.043411874,1018242.0117597949,False,negative_binomial,negative_binomial_epidemiology,negative_binomial_climate
Sri Lanka,2024,419,4,2913.0,3492.34267787988,2913.0,4326.43523523108,2913.0,579.3426778798798,1413.4352352310798,834.0925573512,335637.9384130302,1997799.1641927378,1662161.2257797075,False,negative_binomial,negative_binomial_epidemiology,negative_binomial_climate
Sri Lanka,2024,429,4,747.0,1315.45964148553,747.0,1449.51343060375,747.0,568.45964148553,702.5134306037501,134.05378911822004,323146.3639978573,493525.12017864996,170378.75618079264,False,negative_binomial,negative_binomial_epidemiology,negative_binomial_climate
Sri Lanka,2024,430,4,664.0,1158.12335810181,664.0,1226.6462027829,664.0,494.12335810181,562.6462027829,68.52284468108996,244157.89302180958,316570.7495060162,72412.85648420663,False,negative_binomial,negative_binomial_epidemiology,negative_binomial_climate
Sri Lanka,2024,431,4,614.0,1016.64854064677,614.0,1183.25094775773,614.0,402.64854064677,569.25094775773,166.60240711096003,162125.8472849736,324046.6415230739,161920.7942381003,False,negative_binomial,negative_binomial_epidemiology,negative_binomial_climate
Sri Lanka,2024,432,4,427.0,1016.41733681705,427.0,1189.21401001857,427.0,589.41733681705,762.21401001857,172.79667320151998,347412.79694050376,580970.1970685887,233557.40012808493,False,negative_binomial,negative_binomial_epidemiology,negative_binomial_climate
Sri Lanka,2024,433,4,576.0,877.389596808517,576.0,819.112539863488,576.0,301.389596808517,243.112539863488,-58.27705694502902,90835.68906440045,59103.70703887604,-31731.982025524405,True,negative_binomial,negative_binomial_epidemiology,negative_binomial_climate
Sri Lanka,2024,434,4,537.0,743.044688336307,537.0,688.8003217483,537.0,206.044688336307,151.8003217483,-54.24436658800698,42454.41359160588,23043.337682887402,-19411.075908718478,True,negative_binomial,negative_binomial_epidemiology,negative_binomial_climate
Sri Lanka,2024,435,4,571.0,720.468609994125,571.0,701.285824731165,571.0,149.46860999412502,130.285824731165,-19.18278526296001,22340.86537357585,16974.396125879848,-5366.469247696001,True,negative_binomial,negative_binomial_epidemiology,negative_binomial_climate
Sri Lanka,2024,436,4,589.0,559.925581174075,589.0,810.816364306704,589.0,29.074418825925022,221.81636430670403,192.741945480779,845.3218300653034,49202.49947424444,48357.17764417914,False,negative_binomial,negative_binomial_epidemiology,negative_binomial_climate
Sri Lanka,2024,437,4,663.0,625.017980696042,663.0,822.291221044094,663.0,37.982019303958054,159.29122104409396,121.3092017401359,1442.6337904062423,25373.693101718403,23931.05931131216,False,negative_binomial,negative_binomial_epidemiology,negative_binomial_climate
Sri Lanka,2024,438,4,493.0,679.334105486789,493.0,786.641831592087,493.0,186.33410548678899,293.641831592087,107.307726105298,34720.3988675618,86225.52526075557,51505.12639319377,False,negative_binomial,negative_binomial_epidemiology,negative_binomial_climate
Sri Lanka,2024,439,4,648.0,680.873885245516,648.0,962.603786752232,648.0,32.87388524551602,314.60378675223205,281.72990150671603,1080.692331135356,98975.5426388439,97894.85030770853,False,negative_binomial,negative_binomial_epidemiology,negative_binomial_climate
Sri Lanka,2024,440,4,640.0,731.037433387947,640.0,945.408515534112,640.0,91.03743338794698,305.408515534112,214.371082146165,8287.814277864883,93274.36136074993,84986.54708288505,False,negative_binomial,negative_binomial_epidemiology,negative_binomial_climate
Sri Lanka,2024,441,4,677.0,792.708105817813,677.0,1093.12959740893,677.0,115.70810581781302,416.12959740893007,300.42149159111705,13388.365751946216,173163.84183971822,159775.476087772,False,negative_binomial,negative_binomial_epidemiology,negative_binomial_climate
Sri Lanka,2024,442,4,683.0,674.522828516738,683.0,907.604377687408,683.0,8.477171483262055,224.60437768740803,216.12720620414598,71.86243635663138,50447.12647634783,50375.2640399912,False,negative_binomial,negative_binomial_epidemiology,negative_binomial_climate
Sri Lanka,2024,443,4,875.0,733.107523958923,875.0,1040.53932061825,875.0,141.89247604107697,165.53932061825003,23.646844577173056,20133.474757067605,27403.26667075178,7269.791913684174,False,negative_binomial,negative_binomial_epidemiology,negative_binomial_climate
Sri Lanka,2024,444,4,935.0,786.587415462598,935.0,967.840610878764,935.0,148.41258453740204,32.84061087876398,-115.57197365863806,22026.295249071507,1078.5057228903913,-20947.789526181117,True,negative_binomial,negative_binomial_epidemiology,negative_binomial_climate
Sri Lanka,2024,445,4,989.0,807.307040165985,989.0,965.652016730572,989.0,181.69295983401503,23.347983269428028,-158.344976564587,33012.331653245,545.1283227494911,-32467.203330495508,True,negative_binomial,negative_binomial_epidemiology,negative_binomial_climate
Sri Lanka,2024,446,4,992.0,823.218600287064,992.0,966.320805935513,992.0,168.78139971293604,25.67919406448698,-143.10220564844906,28487.160889057886,659.4210078015833,-27827.739881256304,True,negative_binomial,negative_binomial_epidemiology,negative_binomial_climate
Sri Lanka,2024,447,4,1031.0,972.673763784314,1031.0,918.781582461742,1031.0,58.32623621568598,112.218417538258,53.892181322572014,3401.949831087999,12592.97323479081,9191.023403702811,False,negative_binomial,negative_binomial_epidemiology,negative_binomial_climate
Sri Lanka,2024,448,4,1004.0,1093.64152085859,1004.0,952.815318359582,1004.0,89.64152085858996,51.184681640418034,-38.45683921817192,8035.602261841018,2619.871634630947,-5415.73062721007,True,negative_binomial,negative_binomial_epidemiology,negative_binomial_climate
Sri Lanka,2024,449,4,960.0,1142.24752440458,960.0,1051.894423683,960.0,182.24752440457996,91.89442368300001,-90.35310072157995,33214.16015159797,8444.585104030713,-24769.575047567258,True,negative_binomial,negative_binomial_epidemiology,negative_binomial_climate
Sri Lanka,2024,450,4,911.0,1126.73553392264,911.0,991.250942927703,911.0,215.7355339226399,80.25094292770302,-135.48459099493687,46541.82059688651,6440.213840785448,-40101.60675610106,True,negative_binomial,negative_binomial_epidemiology,negative_binomial_climate
Sri Lanka,2024,451,4,857.0,1163.51132310082,857.0,1039.81652885644,857.0,306.51132310081994,182.81652885644007,-123.69479424437986,93949.19118901523,33421.883223117584,-60527.30796589764,True,negative_binomial,negative_binomial_epidemiology,negative_binomial_climate
Sri Lanka,2024,452,4,854.0,1144.25125004622,854.0,1068.94581524535,854.0,290.2512500462201,214.9458152453501,-75.30543480086999,84245.78815339338,46201.70349148818,-38044.0846619052,True,negative_binomial,negative_binomial_epidemiology,negative_binomial_climate
Sri Lanka,2024,453,4,733.0,1091.37076064881,733.0,899.12049411645,733.0,358.3707606488099,166.12049411645,-192.2502665323599,128429.60208800659,27596.0185654935,-100833.58352251309,True,negative_binomial,negative_binomial_epidemiology,negative_binomial_climate
Sri Lanka,2024,454,4,694.0,1032.72476870114,694.0,1004.2948166484,694.0,338.72476870113996,310.2948166484,-28.429952052739964,114734.46893164077,96282.87323886418,-18451.595692776595,True,negative_binomial,negative_binomial_epidemiology,negative_binomial_climate
Sri Lanka,2024,455,4,671.0,992.15211128866,671.0,973.801376187288,671.0,321.15211128865997,302.80137618728804,-18.350735101371924,103138.67858516384,91688.67342091553,-11450.005164248316,True,negative_binomial,negative_binomial_epidemiology,negative_binomial_climate
Sri Lanka,2024,456,4,657.0,980.536060787487,657.0,1108.44479082813,657.0,323.53606078748703,451.44479082812995,127.90873004064292,104675.5826298845,203802.399165854,99126.8165359695,False,negative_binomial,negative_binomial_epidemiology,negative_binomial_climate
Sri Lanka,2024,457,4,686.0,896.320314025194,686.0,947.393028357786,686.0,210.32031402519397,261.39302835778597,51.072714332592,44234.6344916562,68326.3152740543,24091.6807823981,False,negative_binomial,negative_binomial_epidemiology,negative_binomial_climate
Sri Lanka,2024,458,4,707.0,830.951070579993,707.0,729.094676663986,707.0,123.95107057999303,22.09467666398598,-101.85639391600705,15363.867897926413,488.1747368860866,-14875.693161040326,True,negative_binomial,negative_binomial_epidemiology,negative_binomial_climate
Sri Lanka,2024,459,4,668.0,818.949445798705,668.0,869.086468784487,668.0,150.94944579870503,201.086468784487,50.13702298578198,22785.73518693619,40435.76792821447,17650.03274127828,False,negative_binomial,negative_binomial_epidemiology,negative_binomial_climate
Sri Lanka,2024,460,4,672.0,809.061957957579,672.0,817.590766026058,672.0,137.061957957579,145.59076602605796,8.528808068478952,18785.980319165155,21196.671152054354,2410.6908328891986,False,negative_binomial,negative_binomial_epidemiology,negative_binomial_climate
Sri Lanka,2024,461,4,669.0,834.94770374313,669.0,841.475202535103,669.0,165.94770374312998,172.475202535103,6.5274987919730165,27538.640377617634,29747.695489524798,2209.0551119071642,False,negative_binomial,negative_binomial_epidemiology,negative_binomial_climate
Sri Lanka,2024,462,4,696.0,870.073712184323,696.0,851.498382462157,696.0,174.07371218432297,155.498382462157,-18.575329722165975,30301.657273630513,24179.746948347256,-6121.910325283257,True,negative_binomial,negative_binomial_epidemiology,negative_binomial_climate
Sri Lanka,2024,463,4,626.0,846.50571509569,626.0,1033.57433586784,626.0,220.50571509569,407.5743358678401,187.0686207721501,48622.77038986161,166116.8392581109,117494.0688682493,False,negative_binomial,negative_binomial_epidemiology,negative_binomial_climate
Sri Lanka,2024,464,4,913.0,840.316743570271,913.0,1009.12234756056,913.0,72.683256429729,96.12234756056,23.439091130831002,5282.855765229742,9239.505700553096,3956.649935323354,False,negative_binomial,negative_binomial_epidemiology,negative_binomial_climate
Sri Lanka,2024,465,4,832.0,838.353754443814,832.0,987.675981972647,832.0,6.353754443813955,155.67598197264704,149.32222752883308,40.37019553228558,24235.011363147925,24194.64116761564,False,negative_binomial,negative_binomial_epidemiology,negative_binomial_climate
Sri Lanka,2024,466,4,736.0,855.3626457606,736.0,1035.86227716193,736.0,119.3626457606,299.86227716193,180.49963140133002,14247.441202970482,89917.38526473814,75669.94406176766,False,negative_binomial,negative_binomial_epidemiology,negative_binomial_climate
Sri Lanka,2024,467,4,915.0,803.9634951614,915.0,1004.69655538023,915.0,111.03650483859997,89.69655538023005,-21.339949458369915,12329.105406772434,8045.472047078677,-4283.6333596937575,True,negative_binomial,negative_binomial_epidemiology,negative_binomial_climate
Brazil,2023,365,1,28533.0,12405.595,28533.0,9697.834,28533.0,16127.405,18835.165999999997,2707.760999999997,260093192.034025,354763478.2475559,94670286.2135309,False,xgboost,xgboost_epidemiology,xgboost_climate
Brazil,2023,366,1,30645.0,23233.895,30645.0,18733.523,30645.0,7411.105,11911.476999999999,4500.371999999999,54924477.32102499,141883284.32152897,86958807.00050399,False,xgboost,xgboost_epidemiology,xgboost_climate
Brazil,2023,367,1,36999.0,27099.225,36999.0,26355.371,36999.0,9899.775000000001,10643.629,743.8539999999994,98005545.05062503,113286838.28964102,15281293.239015996,False,xgboost,xgboost_epidemiology,xgboost_climate
Brazil,2023,368,1,42470.0,38208.062,42470.0,35925.97,42470.0,4261.938000000002,6544.029999999999,2282.091999999997,18164115.515844017,42824328.640899986,24660213.12505597,False,xgboost,xgboost_epidemiology,xgboost_climate
Brazil,2023,369,1,52668.0,43314.62,52668.0,40797.777,52668.0,9353.379999999997,11870.222999999998,2516.8430000000008,87485717.42439996,140902194.06972897,53416476.64532901,False,xgboost,xgboost_epidemiology,xgboost_climate
Brazil,2023,370,1,64987.0,50310.492,64987.0,51418.934,64987.0,14676.508000000002,13568.065999999999,-1108.4420000000027,215399887.07406405,184092414.98035598,-31307472.093708068,True,xgboost,xgboost_epidemiology,xgboost_climate
Brazil,2023,371,1,66762.0,62918.18,66762.0,69670.02,66762.0,3843.8199999999997,2908.020000000004,-935.7999999999956,14774952.192399997,8456580.320400024,-6318371.871999973,True,xgboost,xgboost_epidemiology,xgboost_climate
Brazil,2023,372,1,77027.0,73929.82,77027.0,68519.92,77027.0,3097.179999999993,8507.080000000002,5409.900000000009,9592523.952399956,72370410.12640002,62777886.17400007,False,xgboost,xgboost_epidemiology,xgboost_climate
Brazil,2023,373,1,98392.0,90718.39,98392.0,86482.11,98392.0,7673.610000000001,11909.89,4236.279999999999,58884290.432100005,141845479.8121,82961189.38,False,xgboost,xgboost_epidemiology,xgboost_climate
Brazil,2023,374,1,115216.0,110653.2,115216.0,114812.56,115216.0,4562.800000000003,403.4400000000023,-4159.360000000001,20819143.840000026,162763.83360000188,-20656380.006400023,True,xgboost,xgboost_epidemiology,xgboost_climate
Brazil,2023,375,1,131868.0,125248.0,131868.0,126616.16,131868.0,6620.0,5251.8399999999965,-1368.1600000000035,43824400.0,27581823.385599963,-16242576.614400037,True,xgboost,xgboost_epidemiology,xgboost_climate
Brazil,2023,376,1,160054.0,135294.95,160054.0,132748.33,160054.0,24759.04999999999,27305.670000000013,2546.6200000000244,613010556.9024994,745599614.1489007,132589057.24640131,False,xgboost,xgboost_epidemiology,xgboost_climate
Brazil,2023,377,1,171176.0,144264.23,171176.0,144547.11,171176.0,26911.76999999999,26628.890000000014,-282.87999999997555,724243364.5328994,709097782.6321007,-15145581.900798678,True,xgboost,xgboost_epidemiology,xgboost_climate
Brazil,2023,378,1,161477.0,143144.7,161477.0,143305.88,161477.0,18332.29999999999,18171.119999999995,-161.17999999999302,336073223.28999954,330189602.05439985,-5883621.235599697,True,xgboost,xgboost_epidemiology,xgboost_climate
Brazil,2023,379,1,186718.0,137857.67,186718.0,143353.45,186718.0,48860.32999999999,43364.54999999999,-5495.779999999999,2387331847.7088985,1880484196.702499,-506847651.00639963,True,xgboost,xgboost_epidemiology,xgboost_climate
Brazil,2023,380,1,165002.0,131122.58,165002.0,140761.56,165002.0,33879.42000000001,24240.440000000002,-9638.98000000001,1147815099.5364008,587598931.3936001,-560216168.1428007,True,xgboost,xgboost_epidemiology,xgboost_climate
Brazil,2023,381,1,148400.0,130396.06,148400.0,133233.72,148400.0,18003.940000000002,15166.279999999999,-2837.6600000000035,324141855.5236001,230016049.03839996,-94125806.48520014,True,xgboost,xgboost_epidemiology,xgboost_climate
Brazil,2023,382,1,158352.0,125301.164,158352.0,125700.33,158352.0,33050.835999999996,32651.67,-399.16599999999744,1092357760.2988956,1066131553.7888999,-26226206.5099957,True,xgboost,xgboost_epidemiology,xgboost_climate
Brazil,2023,383,1,144376.0,98149.84,144376.0,107386.28,144376.0,46226.16,36989.72,-9236.440000000002,2136857868.3456004,1368239385.6784,-768618482.6672003,True,xgboost,xgboost_epidemiology,xgboost_climate
Brazil,2023,384,1,121825.0,90737.69,121825.0,97612.445,121825.0,31087.309999999998,24212.554999999993,-6874.755000000005,966420843.0360999,586247819.6280247,-380173023.4080752,True,xgboost,xgboost_epidemiology,xgboost_climate
Brazil,2023,385,1,90703.0,81989.734,90703.0,83309.58,90703.0,8713.266000000003,7393.419999999998,-1319.846000000005,75921004.38675606,54662659.29639997,-21258345.09035609,True,xgboost,xgboost_epidemiology,xgboost_climate
Brazil,2023,386,1,72095.0,67490.03,72095.0,63667.2,72095.0,4604.970000000001,8427.800000000003,3822.8300000000017,21205748.70090001,71027812.84000005,49822064.13910004,False,xgboost,xgboost_epidemiology,xgboost_climate
Brazil,2023,387,1,55721.0,60352.293,55721.0,57710.46,55721.0,4631.292999999998,1989.4599999999991,-2641.8329999999987,21448874.85184898,3957951.0915999967,-17490923.76024898,True,xgboost,xgboost_epidemiology,xgboost_climate
Brazil,2023,388,1,48059.0,45911.31,48059.0,43627.46,48059.0,2147.6900000000023,4431.540000000001,2283.8499999999985,4612572.33610001,19638546.771600008,15025974.435499998,False,xgboost,xgboost_epidemiology,xgboost_climate
Brazil,2023,389,1,39160.0,43074.496,39160.0,39760.008,39160.0,3914.495999999999,600.0080000000016,-3314.4879999999976,15323278.934015993,360009.600064002,-14963269.333951991,True,xgboost,xgboost_epidemiology,xgboost_climate
Brazil,2023,390,1,33459.0,33226.68,33459.0,31772.787,33459.0,232.3199999999997,1686.2129999999997,1453.893,53972.58239999987,2843314.2813689993,2789341.6989689996,False,xgboost,xgboost_epidemiology,xgboost_climate
Brazil,2023,391,1,27767.0,27913.014,27767.0,27104.316,27767.0,146.0139999999992,662.6840000000011,516.6700000000019,21320.08819599977,439150.08385600144,417829.99566000164,False,xgboost,xgboost_epidemiology,xgboost_climate
Brazil,2023,392,1,24236.0,23265.582,24236.0,23887.693,24236.0,970.4180000000015,348.3070000000007,-622.1110000000008,941711.0947240029,121317.76624900049,-820393.3284750024,True,xgboost,xgboost_epidemiology,xgboost_climate
Brazil,2023,393,1,20558.0,20569.926,20558.0,22287.062,20558.0,11.925999999999476,1729.0620000000017,1717.1360000000022,142.2294759999875,2989655.399844006,2989513.170368006,False,xgboost,xgboost_epidemiology,xgboost_climate
Brazil,2023,394,1,18393.0,18047.51,18393.0,18370.219,18393.0,345.4900000000016,22.78099999999904,-322.70900000000256,119363.3401000011,518.9739609999563,-118844.36613900115,True,xgboost,xgboost_epidemiology,xgboost_climate
Brazil,2023,395,1,19179.0,16673.531,19179.0,16349.52,19179.0,2505.469000000001,2829.4799999999996,324.0109999999986,6277374.909961005,8005957.070399998,1728582.160438993,False,xgboost,xgboost_epidemiology,xgboost_climate
Brazil,2023,396,1,17728.0,16304.61,17728.0,17183.635,17728.0,1423.3899999999994,544.3650000000016,-879.0249999999978,2026039.0920999984,296333.25322500174,-1729705.8388749966,True,xgboost,xgboost_epidemiology,xgboost_climate
Brazil,2023,397,1,17804.0,15629.785,17804.0,15821.081,17804.0,2174.215,1982.9189999999999,-191.29600000000028,4727210.8662250005,3931967.7605609996,-795243.1056640008,True,xgboost,xgboost_epidemiology,xgboost_climate
Brazil,2023,398,1,17132.0,16001.451,17132.0,16565.273,17132.0,1130.549000000001,566.726999999999,-563.8220000000019,1278141.041401002,321179.4925289988,-956961.5488720033,True,xgboost,xgboost_epidemiology,xgboost_climate
Brazil,2023,399,1,15933.0,15486.581,15933.0,15404.647,15933.0,446.41899999999987,528.3529999999992,81.93399999999929,199289.9235609999,279156.8926089991,79866.96904799921,False,xgboost,xgboost_epidemiology,xgboost_climate
Brazil,2023,400,1,14827.0,15295.303,14827.0,15369.236,14827.0,468.3029999999999,542.2360000000008,73.9330000000009,219307.6998089999,294019.87969600083,74712.17988700094,False,xgboost,xgboost_epidemiology,xgboost_climate
Brazil,2023,401,1,17637.0,13937.856,17637.0,14269.387,17637.0,3699.1440000000002,3367.6129999999994,-331.53100000000086,13683666.332736002,11340817.317768997,-2342849.0149670057,True,xgboost,xgboost_epidemiology,xgboost_climate
Brazil,2023,402,1,18790.0,15544.722,18790.0,14973.689,18790.0,3245.2780000000002,3816.3109999999997,571.0329999999994,10531829.297284001,14564229.648720998,4032400.351436997,False,xgboost,xgboost_epidemiology,xgboost_climate
Brazil,2023,403,1,17681.0,17165.389,17681.0,16196.971,17681.0,515.6110000000008,1484.0290000000005,968.4179999999997,265854.7033210008,2202342.072841001,1936487.3695200004,False,xgboost,xgboost_epidemiology,xgboost_climate
Brazil,2023,404,1,19313.0,16555.227,19313.0,15508.575,19313.0,2757.773000000001,3804.4249999999993,1046.6519999999982,7605311.919529006,14473649.580624994,6868337.661095988,False,xgboost,xgboost_epidemiology,xgboost_climate
Brazil,2023,405,1,17341.0,18970.402,17341.0,17816.955,17341.0,1629.4019999999982,475.95500000000175,-1153.4469999999965,2654950.877603994,226533.16202500166,-2428417.7155789924,True,xgboost,xgboost_epidemiology,xgboost_climate
Brazil,2023,406,1,21013.0,17583.643,21013.0,16797.004,21013.0,3429.357,4215.995999999999,786.6389999999992,11760489.433449,17774622.272015993,6014132.838566992,False,xgboost,xgboost_epidemiology,xgboost_climate
Brazil,2023,407,1,19662.0,18959.947,19662.0,17173.184,19662.0,702.0529999999999,2488.815999999999,1786.762999999999,492878.41480899986,6194205.081855995,5701326.667046995,False,xgboost,xgboost_epidemiology,xgboost_climate
Brazil,2023,408,1,18785.0,20010.346,18785.0,19495.77,18785.0,1225.3460000000014,710.7700000000004,-514.5760000000009,1501472.8197160033,505193.9929000006,-996278.8268160026,True,xgboost,xgboost_epidemiology,xgboost_climate
Brazil,2023,409,1,24393.0,18241.984,24393.0,17794.963,24393.0,6151.016,6598.037,447.02100000000064,37834997.832256,43534092.253369,5699094.421113007,False,xgboost,xgboost_epidemiology,xgboost_climate
Brazil,2023,410,1,22124.0,23604.9,22124.0,21533.555,22124.0,1480.9000000000015,590.4449999999997,-890.4550000000017,2193064.8100000042,348625.2980249997,-1844439.5119750046,True,xgboost,xgboost_epidemiology,xgboost_climate
Brazil,2023,411,1,27767.0,23466.834,27767.0,20875.725,27767.0,4300.166000000001,6891.2750000000015,2591.1090000000004,18491427.62755601,47489671.12562502,28998243.49806901,False,xgboost,xgboost_epidemiology,xgboost_climate
Brazil,2023,412,1,30045.0,25972.105,30045.0,25104.332,30045.0,4072.8950000000004,4940.6680000000015,867.773000000001,16588473.681025004,24410200.286224015,7821726.605199011,False,xgboost,xgboost_epidemiology,xgboost_climate
Brazil,2023,413,1,33247.0,31263.895,33247.0,31795.066,33247.0,1983.1049999999996,1451.934000000001,-531.1709999999985,3932705.441024998,2108112.340356003,-1824593.1006689952,True,xgboost,xgboost_epidemiology,xgboost_climate
Brazil,2023,414,1,40789.0,30702.775,40789.0,30118.906,40789.0,10086.224999999999,10670.094000000001,583.8690000000024,101731934.75062497,113850905.96883602,12118971.218211055,False,xgboost,xgboost_epidemiology,xgboost_climate
Brazil,2023,415,1,38305.0,29315.445,38305.0,32340.535,38305.0,8989.555,5964.465,-3025.09,80812099.09802501,35574842.736225,-45237256.36180001,True,xgboost,xgboost_epidemiology,xgboost_climate
Brazil,2023,416,1,2146.0,25881.68,2146.0,38284.914,2146.0,23735.68,36138.914,12403.233999999997,563382505.0624,1306021105.0993958,742638600.0369958,False,xgboost,xgboost_epidemiology,xgboost_climate
Colombia,2023,365,1,1071.0,1294.478,1071.0,1242.3944,1071.0,223.47800000000007,171.3943999999999,-52.08360000000016,49942.41648400003,29376.040351359967,-20566.376132640064,True,xgboost,xgboost_epidemiology,xgboost_climate
Colombia,2023,366,1,2389.0,1378.2936,2389.0,1168.3644,2389.0,1010.7064,1220.6356,209.92920000000004,1021527.4270009601,1489951.2679873602,468423.84098640014,False,xgboost,xgboost_epidemiology,xgboost_climate
Colombia,2023,367,1,2177.0,1366.383,2177.0,1340.1484,2177.0,810.617,836.8516,26.2346,657099.9206889999,700320.6004225599,43220.679733559955,False,xgboost,xgboost_epidemiology,xgboost_climate
Colombia,2023,368,1,2237.0,1975.5477,2237.0,1836.1658,2237.0,261.4522999999999,400.8342,139.3819000000001,68357.30517528996,160668.05588964,92310.75071435004,False,xgboost,xgboost_epidemiology,xgboost_climate
Colombia,2023,369,1,2016.0,2151.6648,2016.0,1749.0608,2016.0,135.6648,266.9392,131.2744,18404.937959040002,71256.53649664001,52851.5985376,False,xgboost,xgboost_epidemiology,xgboost_climate
Colombia,2023,370,1,1870.0,2270.5325,1870.0,1692.7504,1870.0,400.5324999999998,177.2496000000001,-223.2828999999997,160426.28355624984,31417.420700160037,-129008.8628560898,True,xgboost,xgboost_epidemiology,xgboost_climate
Colombia,2023,371,1,1918.0,1858.8156,1918.0,1452.6414,1918.0,59.184400000000096,465.3586,406.1741999999999,3502.7932033600114,216558.62659396,213055.8333906,False,xgboost,xgboost_epidemiology,xgboost_climate
Colombia,2023,372,1,2294.0,1922.3383,2294.0,1454.7424,2294.0,371.6617000000001,839.2575999999999,467.5958999999998,138132.4192468901,704353.3191577599,566220.8999108698,False,xgboost,xgboost_epidemiology,xgboost_climate
Colombia,2023,373,1,1311.0,2208.8054,1311.0,1684.0671,1311.0,897.8054000000002,373.0671,-524.7383000000002,806054.5362691603,139179.06110241,-666875.4751667504,True,xgboost,xgboost_epidemiology,xgboost_climate
Colombia,2023,374,1,1735.0,1496.0841,1735.0,1237.4299,1735.0,238.91589999999997,497.5700999999999,258.65419999999995,57080.80727280999,247576.00441400992,190495.19714119993,False,xgboost,xgboost_epidemiology,xgboost_climate
Colombia,2023,375,1,1752.0,1620.7245,1752.0,1349.6196,1752.0,131.27549999999997,402.3804,271.10490000000004,17233.25690024999,161909.98630416,144676.72940391002,False,xgboost,xgboost_epidemiology,xgboost_climate
Colombia,2023,376,1,2015.0,1699.3503,2015.0,1651.917,2015.0,315.64969999999994,363.0830000000001,47.433300000000145,99634.73311008996,131829.26488900007,32194.53177891011,False,xgboost,xgboost_epidemiology,xgboost_climate
Colombia,2023,377,1,2217.0,2011.3414,2217.0,1908.1818,2217.0,205.65859999999998,308.81819999999993,103.15959999999995,42295.45975395999,95368.68065123996,53073.22089727997,False,xgboost,xgboost_epidemiology,xgboost_climate
Colombia,2023,378,1,1627.0,2125.4294,1627.0,1908.6515,1627.0,498.4294,281.65149999999994,-216.77790000000005,248431.86678436,79327.56745224996,-169104.29933211004,True,xgboost,xgboost_epidemiology,xgboost_climate
Colombia,2023,379,1,1682.0,1689.2504,1682.0,1531.826,1682.0,7.2503999999999,150.17399999999998,142.92360000000008,52.56830015999854,22552.230275999995,22499.661975839997,False,xgboost,xgboost_epidemiology,xgboost_climate
Colombia,2023,380,1,1751.0,1696.8452,1751.0,1607.8203,1751.0,54.15480000000002,143.1796999999999,89.02489999999989,2932.7423630400026,20500.426492089973,17567.684129049972,False,xgboost,xgboost_epidemiology,xgboost_climate
Colombia,2023,381,1,2144.0,1717.7332,2144.0,1704.6067,2144.0,426.2668000000001,439.39329999999995,13.12649999999985,181703.3847822401,193066.47208488995,11363.08730264986,False,xgboost,xgboost_epidemiology,xgboost_climate
Colombia,2023,382,1,2689.0,2209.207,2689.0,2085.0415,2689.0,479.7930000000001,603.9585000000002,124.16550000000007,230201.3228490001,364765.8697222502,134564.5468732501,False,xgboost,xgboost_epidemiology,xgboost_climate
Colombia,2023,383,1,2729.0,2151.8662,2729.0,2177.7751,2729.0,577.1338000000001,551.2249000000002,-25.908899999999903,333083.4231024401,303848.8903800102,-29234.532722429896,True,xgboost,xgboost_epidemiology,xgboost_climate
Colombia,2023,384,1,2179.0,2371.9375,2179.0,2347.411,2179.0,192.9375,168.41100000000006,-24.526499999999942,37224.87890625,28362.26492100002,-8862.61398524998,True,xgboost,xgboost_epidemiology,xgboost_climate
Colombia,2023,385,1,2133.0,2322.9526,2133.0,2222.6904,2133.0,189.95260000000007,89.69039999999995,-100.26220000000012,36081.990246760026,8044.367852159991,-28037.622394600035,True,xgboost,xgboost_epidemiology,xgboost_climate
Colombia,2023,386,1,2569.0,2265.95,2569.0,2373.6243,2569.0,303.0500000000002,195.37570000000005,-107.67430000000013,91839.3025000001,38171.66415049002,-53667.63834951009,True,xgboost,xgboost_epidemiology,xgboost_climate
Colombia,2023,387,1,2152.0,2232.7898,2152.0,2156.5823,2152.0,80.78980000000001,4.582300000000032,-76.20749999999998,6526.991784040002,20.997473290000293,-6505.994310750002,True,xgboost,xgboost_epidemiology,xgboost_climate
Colombia,2023,388,1,2079.0,2117.434,2079.0,2371.7927,2079.0,38.4340000000002,292.79269999999997,254.35869999999977,1477.172356000015,85727.56517328999,84250.39281728998,False,xgboost,xgboost_epidemiology,xgboost_climate
Colombia,2023,389,1,2082.0,2035.5284,2082.0,2093.4607,2082.0,46.47160000000008,11.460700000000088,-35.01089999999999,2159.6096065600073,131.347644490002,-2028.2619620700052,True,xgboost,xgboost_epidemiology,xgboost_climate
Colombia,2023,390,1,1768.0,2032.6492,1768.0,2236.1294,1768.0,264.64920000000006,468.1293999999998,203.48019999999974,70039.19906064004,219145.1351443598,149105.93608371977,False,xgboost,xgboost_epidemiology,xgboost_climate
Colombia,2023,391,1,2203.0,1630.3932,2203.0,1645.4989,2203.0,572.6068,557.5011,-15.10570000000007,327878.54740624,310807.47650120995,-17071.070905030065,True,xgboost,xgboost_epidemiology,xgboost_climate
Colombia,2023,392,1,2617.0,1987.8315,2617.0,2085.2732,2617.0,629.1685,531.7267999999999,-97.44170000000008,395853.00139225,282733.38983823993,-113119.61155401007,True,xgboost,xgboost_epidemiology,xgboost_climate
Colombia,2023,393,1,2458.0,1979.7775,2458.0,2044.7639,2458.0,478.2225000000001,413.2361000000001,-64.9864,228696.7595062501,170764.07434321006,-57932.685163040034,True,xgboost,xgboost_epidemiology,xgboost_climate
Colombia,2023,394,1,2609.0,2179.1326,2609.0,2100.349,2609.0,429.8674000000001,508.65099999999984,78.78359999999975,184785.98158276008,258725.83980099985,73939.85821823977,False,xgboost,xgboost_epidemiology,xgboost_climate
Colombia,2023,395,1,2595.0,2193.9644,2595.0,2027.3652,2595.0,401.03560000000016,567.6348,166.59919999999988,160829.55246736013,322209.2661710401,161379.71370367994,False,xgboost,xgboost_epidemiology,xgboost_climate
Colombia,2023,396,1,2876.0,2361.1147,2876.0,2142.9678,2876.0,514.8852999999999,733.0322000000001,218.1469000000002,265106.8721560899,537336.2062368401,272229.3340807502,False,xgboost,xgboost_epidemiology,xgboost_climate
Colombia,2023,397,1,2474.0,2372.697,2474.0,2190.8496,2474.0,101.30299999999988,283.1504,181.8474000000001,10262.297808999976,80174.14902016,69911.85121116001,False,xgboost,xgboost_epidemiology,xgboost_climate
Colombia,2023,398,1,2299.0,2379.0212,2299.0,2193.169,2299.0,80.02120000000014,105.83100000000013,25.809799999999996,6403.392449440022,11200.200561000027,4796.808111560005,False,xgboost,xgboost_epidemiology,xgboost_climate
Colombia,2023,399,1,2504.0,2342.0654,2504.0,2202.9998,2504.0,161.93460000000005,301.00019999999995,139.0655999999999,26222.814677160015,90601.12040003997,64378.30572287996,False,xgboost,xgboost_epidemiology,xgboost_climate
Colombia,2023,400,1,2559.0,2363.7146,2559.0,2162.699,2559.0,195.2854000000002,396.30099999999993,201.01559999999972,38136.38745316008,157054.48260099994,118918.09514783986,False,xgboost,xgboost_epidemiology,xgboost_climate
Colombia,2023,401,1,2681.0,2299.1833,2681.0,2101.3252,2681.0,381.81669999999986,579.6747999999998,197.85809999999992,145783.99239888988,336022.87375503976,190238.88135614988,False,xgboost,xgboost_epidemiology,xgboost_climate
Colombia,2023,402,1,2677.0,2240.004,2677.0,2292.88,2677.0,436.9960000000001,384.1199999999999,-52.876000000000204,190965.50401600008,147548.1743999999,-43417.32961600018,True,xgboost,xgboost_epidemiology,xgboost_climate
Colombia,2023,403,1,2809.0,2307.882,2809.0,2212.1292,2809.0,501.11799999999994,596.8708000000001,95.7528000000002,251119.24992399995,356254.7518926402,105135.50196864025,False,xgboost,xgboost_epidemiology,xgboost_climate
Colombia,2023,404,1,2984.0,2305.6758,2984.0,2367.61,2984.0,678.3242,616.3899999999999,-61.934200000000146,460123.72030564,379936.6320999999,-80187.08820564015,True,xgboost,xgboost_epidemiology,xgboost_climate
Colombia,2023,405,1,2632.0,2305.6758,2632.0,2370.794,2632.0,326.3242,261.20600000000013,-65.11819999999989,106487.48350564002,68228.57443600007,-38258.90906963995,True,xgboost,xgboost_epidemiology,xgboost_climate
Colombia,2023,406,1,2964.0,2288.7764,2964.0,2393.655,2964.0,675.2235999999998,570.3449999999998,-104.8786,455926.90999695973,325293.4190249998,-130633.49097195995,True,xgboost,xgboost_epidemiology,xgboost_climate
Colombia,2023,407,1,2969.0,2287.57,2969.0,2382.6157,2969.0,681.4299999999998,586.3843000000002,-95.04569999999967,464346.8448999998,343846.5472864902,-120500.29761350958,True,xgboost,xgboost_epidemiology,xgboost_climate
Colombia,2023,408,1,2852.0,2330.8716,2852.0,2405.4897,2852.0,521.1284,446.5102999999999,-74.61810000000014,271574.80928656005,199371.44800608992,-72203.36128047013,True,xgboost,xgboost_epidemiology,xgboost_climate
Colombia,2023,409,1,3322.0,2337.5159,3322.0,2418.007,3322.0,984.4841000000001,903.9929999999999,-80.49110000000019,969208.9431528102,817203.3440489998,-152005.59910381038,True,xgboost,xgboost_epidemiology,xgboost_climate
Colombia,2023,410,1,3638.0,2349.5833,3638.0,2439.6863,3638.0,1288.4167000000002,1198.3137000000002,-90.10300000000007,1660017.5928388906,1435955.7236076903,-224061.8692312003,True,xgboost,xgboost_epidemiology,xgboost_climate
Colombia,2023,411,1,3999.0,2331.9092,3999.0,2430.338,3999.0,1667.0908,1568.6619999999998,-98.42880000000014,2779191.73544464,2460700.4702439993,-318491.26520064054,True,xgboost,xgboost_epidemiology,xgboost_climate
Colombia,2023,412,1,3916.0,2331.9092,3916.0,2430.338,3916.0,1584.0908,1485.6619999999998,-98.42880000000014,2509343.6626446396,2207191.5782439993,-302152.08440064033,True,xgboost,xgboost_epidemiology,xgboost_climate
Colombia,2023,413,1,4130.0,2326.659,4130.0,2222.2727,4130.0,1803.341,1907.7273,104.38630000000012,3252038.7622809997,3639423.45116529,387384.6888842904,False,xgboost,xgboost_epidemiology,xgboost_climate
Colombia,2023,414,1,4650.0,2145.8916,4650.0,2186.5718,4650.0,2504.1084,2463.4282,-40.68020000000024,6270558.87895056,6068478.496555239,-202080.3823953215,True,xgboost,xgboost_epidemiology,xgboost_climate
Colombia,2023,415,1,3922.0,1733.076,3922.0,2217.9866,3922.0,2188.924,1704.0133999999998,-484.91060000000016,4791388.277776,2903661.6673795595,-1887726.6103964406,True,xgboost,xgboost_epidemiology,xgboost_climate
Colombia,2023,416,1,3859.0,1868.8245,3859.0,2260.9172,3859.0,1990.1755,1598.0828000000001,-392.0926999999999,3960798.52080025,2553868.6356558404,-1406929.8851444097,True,xgboost,xgboost_epidemiology,xgboost_climate
Peru,2023,365,1,1596.0,763.76624,1596.0,780.8412,1596.0,832.23376,815.1588,-17.07495999999992,692613.0312837375,664483.86921744,-28129.16206629749,True,xgboost,xgboost_epidemiology,xgboost_climate
Peru,2023,366,1,1499.0,1212.0597,1499.0,1481.1006,1499.0,286.9403,17.899400000000014,-269.04089999999997,82334.73576408999,320.3885203600005,-82014.34724372998,True,xgboost,xgboost_epidemiology,xgboost_climate
Peru,2023,367,1,1851.0,1209.051,1851.0,1453.4581,1851.0,641.9490000000001,397.54189999999994,-244.40710000000013,412098.5186010001,158039.56225560996,-254058.95634539012,True,xgboost,xgboost_epidemiology,xgboost_climate
Peru,2023,368,1,1757.0,1358.4535,1757.0,1538.9529,1757.0,398.5464999999999,218.0471,-180.49939999999992,158839.31266224993,47544.53781841,-111294.77484383993,True,xgboost,xgboost_epidemiology,xgboost_climate
Peru,2023,369,1,1914.0,1355.546,1914.0,1510.1515,1914.0,558.454,403.84850000000006,-154.6054999999999,311870.87011599995,163093.61095225005,-148777.2591637499,True,xgboost,xgboost_epidemiology,xgboost_climate
Peru,2023,370,1,2142.0,1521.7509,2142.0,1661.342,2142.0,620.2491,480.6579999999999,-139.5911000000001,384708.94605081,231032.1129639999,-153676.83308681007,True,xgboost,xgboost_epidemiology,xgboost_climate
Peru,2023,371,1,2303.0,2024.4899,2303.0,2096.492,2303.0,278.51009999999997,206.5079999999998,-72.00210000000015,77567.87580200998,42645.55406399992,-34922.321738010054,True,xgboost,xgboost_epidemiology,xgboost_climate
Peru,2023,372,1,2513.0,2408.8853,2513.0,2370.3145,2513.0,104.11470000000008,142.68550000000005,38.57079999999996,10839.870756090018,20359.151910250013,9519.281154159995,False,xgboost,xgboost_epidemiology,xgboost_climate
Peru,2023,373,1,2545.0,2677.6196,2545.0,2627.3552,2545.0,132.6196,82.35519999999997,-50.26440000000002,17587.958304159998,6782.378967039995,-10805.579337120003,True,xgboost,xgboost_epidemiology,xgboost_climate
Peru,2023,374,1,2528.0,2677.6196,2528.0,2448.5415,2528.0,149.6196,79.45850000000019,-70.1610999999998,22386.024704159998,6313.653222250029,-16072.37148190997,True,xgboost,xgboost_epidemiology,xgboost_climate
Peru,2023,375,1,3018.0,2677.6196,3018.0,2376.4304,3018.0,340.3804,641.5695999999998,301.1891999999998,115858.81670416001,411611.5516441598,295752.73493999976,False,xgboost,xgboost_epidemiology,xgboost_climate
Peru,2023,376,1,3796.0,2723.5654,3796.0,2740.5398,3796.0,1072.4346,1055.4602,-16.97440000000006,1150115.97127716,1113996.23378404,-36119.737493120134,True,xgboost,xgboost_epidemiology,xgboost_climate
Peru,2023,377,1,4099.0,3097.8428,4099.0,3460.0862,4099.0,1001.1572000000001,638.9137999999998,-362.2434000000003,1002315.7391118403,408210.8438304398,-594104.8952814005,True,xgboost,xgboost_epidemiology,xgboost_climate
Peru,2023,378,1,4430.0,3460.7827,4430.0,3624.1123,4430.0,969.2172999999998,805.8877000000002,-163.32959999999957,939382.1746192896,649454.9850112904,-289927.1896079992,True,xgboost,xgboost_epidemiology,xgboost_climate
Peru,2023,379,1,6520.0,4169.426,6520.0,4820.065,6520.0,2350.5739999999996,1699.9350000000004,-650.6389999999992,5525198.129475998,2889779.004225001,-2635419.1252509966,True,xgboost,xgboost_epidemiology,xgboost_climate
Peru,2023,380,1,7614.0,4179.4326,7614.0,4539.3447,7614.0,3434.5674,3074.6553000000004,-359.91209999999955,11796253.22514276,9453505.213818092,-2342748.0113246683,True,xgboost,xgboost_epidemiology,xgboost_climate
Peru,2023,381,1,8594.0,4114.5703,8594.0,4786.737,8594.0,4479.4297,3807.263,-672.1666999999998,20065290.437242087,14495251.551168999,-5570038.886073088,True,xgboost,xgboost_epidemiology,xgboost_climate
Peru,2023,382,1,11860.0,4093.5432,11860.0,4265.5083,11860.0,7766.4568,7594.4917,-171.96510000000035,60317851.22626624,57676304.18136888,-2641547.0448973626,True,xgboost,xgboost_epidemiology,xgboost_climate
Peru,2023,383,1,15304.0,4093.5432,15304.0,4105.7017,15304.0,11210.4568,11198.2983,-12.158499999999549,125674341.66466624,125401884.8157829,-272456.8488833308,True,xgboost,xgboost_epidemiology,xgboost_climate
Peru,2023,384,1,20425.0,3590.6194,20425.0,4087.0586,20425.0,16834.3806,16337.9414,-496.4392000000007,283396370.18565637,266928329.18983394,-16468040.99582243,True,xgboost,xgboost_epidemiology,xgboost_climate
Peru,2023,385,1,18043.0,3513.2598,18043.0,3329.609,18043.0,14529.7402,14713.391,183.65079999999944,211113350.27949604,216483874.71888098,5370524.439384937,False,xgboost,xgboost_epidemiology,xgboost_climate
Peru,2023,386,1,17868.0,3455.1848,17868.0,3739.2786,17868.0,14412.815200000001,14128.7214,-284.09380000000056,207729241.98935106,199620768.39881796,-8108473.5905331075,True,xgboost,xgboost_epidemiology,xgboost_climate
Peru,2023,387,1,15637.0,3373.0688,15637.0,3052.9058,15637.0,12263.931199999999,12584.0942,320.16300000000047,150404008.4783334,158359426.83447364,7955418.356140226,False,xgboost,xgboost_epidemiology,xgboost_climate
Peru,2023,388,1,13340.0,3251.044,13340.0,3188.0312,13340.0,10088.956,10151.9688,63.012800000000425,101787033.169936,103062470.51617345,1275437.3462374508,False,xgboost,xgboost_epidemiology,xgboost_climate
Peru,2023,389,1,11073.0,3122.4958,11073.0,2920.7068,11073.0,7950.504199999999,8152.2932,201.78900000000067,63210517.03421763,66459884.41876624,3249367.3845486045,False,xgboost,xgboost_epidemiology,xgboost_climate
Peru,2023,390,1,8681.0,2946.942,8681.0,3325.6821,8681.0,5734.058,5355.3179,-378.7401,32879421.147364,28679429.81006041,-4199991.33730359,True,xgboost,xgboost_epidemiology,xgboost_climate
Peru,2023,391,1,8132.0,2892.6501,8132.0,2206.4873,8132.0,5239.3499,5925.5127,686.1628000000001,27450787.37463001,35111700.757861294,7660913.383231282,False,xgboost,xgboost_epidemiology,xgboost_climate
Peru,2023,392,1,7669.0,3003.3953,7669.0,2345.6936,7669.0,4665.6047,5323.3063999999995,657.7016999999996,21767867.21666209,28337591.028280955,6569723.811618865,False,xgboost,xgboost_epidemiology,xgboost_climate
Peru,2023,393,1,6815.0,3182.2974,6815.0,2610.5288,6815.0,3632.7026,4204.4712,571.7685999999999,13196528.180046761,17677578.07162944,4481049.891582677,False,xgboost,xgboost_epidemiology,xgboost_climate
Peru,2023,394,1,5158.0,3182.2974,5158.0,2356.4292,5158.0,1975.7026,2801.5708,825.8681999999999,3903400.7636467605,7848798.94741264,3945398.1837658794,False,xgboost,xgboost_epidemiology,xgboost_climate
Peru,2023,395,1,5423.0,2853.465,5423.0,3197.3848,5423.0,2569.535,2225.6152,-343.91979999999967,6602510.116225,4953363.018471041,-1649147.0977539588,True,xgboost,xgboost_epidemiology,xgboost_climate
Peru,2023,396,1,5060.0,2866.8394,5060.0,2339.1199,5060.0,2193.1606,2720.8801,527.7194999999997,4809953.417392361,7403188.518576009,2593235.101183648,False,xgboost,xgboost_epidemiology,xgboost_climate
Peru,2023,397,1,4380.0,2866.8394,4380.0,2561.7617,4380.0,1513.1606000000002,1818.2383,305.0776999999998,2289655.0013923603,3305990.51558689,1016335.5141945295,False,xgboost,xgboost_epidemiology,xgboost_climate
Peru,2023,398,1,3824.0,2848.0095,3824.0,2678.082,3824.0,975.9904999999999,1145.9180000000001,169.92750000000024,952557.4560902498,1313128.0627240003,360570.6066337505,False,xgboost,xgboost_epidemiology,xgboost_climate
Peru,2023,399,1,3466.0,2433.7441,3466.0,2060.349,3466.0,1032.2559,1405.6509999999998,373.39509999999973,1065552.2430848102,1975854.7338009996,910302.4907161894,False,xgboost,xgboost_epidemiology,xgboost_climate
Peru,2023,400,1,3368.0,2270.0776,3368.0,2406.6387,3368.0,1097.9224,961.3613,-136.5610999999999,1205433.5964217598,924215.5491376901,-281218.0472840697,True,xgboost,xgboost_epidemiology,xgboost_climate
Peru,2023,401,1,2883.0,2324.6355,2883.0,2151.4175,2883.0,558.3645000000001,731.5825,173.21799999999985,311770.91486025014,535212.95430625,223442.03944599984,False,xgboost,xgboost_epidemiology,xgboost_climate
Peru,2023,402,1,2317.0,2109.3613,2317.0,2230.201,2317.0,207.63869999999997,86.79899999999998,-120.8397,43113.829737689986,7534.066400999996,-35579.76333668999,True,xgboost,xgboost_epidemiology,xgboost_climate
Peru,2023,403,1,2158.0,1853.924,2158.0,1991.2201,2158.0,304.076,166.7799,-137.29610000000002,92462.21377600002,27815.53504401,-64646.67873199002,True,xgboost,xgboost_epidemiology,xgboost_climate
Peru,2023,404,1,2028.0,1766.5072,2028.0,2406.633,2028.0,261.4928,378.6329999999998,117.14019999999982,68378.48445183999,143362.94868899987,74984.46423715987,False,xgboost,xgboost_epidemiology,xgboost_climate
Peru,2023,405,1,1829.0,1630.4663,1829.0,1560.5305,1829.0,198.53369999999995,268.4694999999999,69.93579999999997,39415.63003568998,72075.87243024996,32660.24239455998,False,xgboost,xgboost_epidemiology,xgboost_climate
Peru,2023,406,1,1874.0,1311.3209,1874.0,1605.709,1874.0,562.6791000000001,268.29099999999994,-294.3881000000001,316607.76957681007,71980.06068099997,-244627.7088958101,True,xgboost,xgboost_epidemiology,xgboost_climate
Peru,2023,407,1,1563.0,1281.927,1563.0,1443.5908,1563.0,281.0730000000001,119.40920000000006,-161.66380000000004,79002.03132900005,14258.557044640012,-64743.47428436004,True,xgboost,xgboost_epidemiology,xgboost_climate
Peru,2023,408,1,1626.0,1258.4004,1626.0,1617.385,1626.0,367.5996,8.615000000000009,-358.9846,135129.46592016,74.21822500000016,-135055.24769516,True,xgboost,xgboost_epidemiology,xgboost_climate
Peru,2023,409,1,1800.0,1258.4004,1800.0,1622.9175,1800.0,541.5996,177.08249999999998,-364.5171,293330.12672016,31358.211806249994,-261971.91491391003,True,xgboost,xgboost_epidemiology,xgboost_climate
Peru,2023,410,1,1802.0,1231.0498,1802.0,1355.597,1802.0,570.9502,446.403,-124.54719999999998,325984.13088004,199275.638409,-126708.49247104,True,xgboost,xgboost_epidemiology,xgboost_climate
Peru,2023,411,1,1823.0,1320.1008,1823.0,1471.7302,1823.0,502.89920000000006,351.26980000000003,-151.62940000000003,252907.60536064007,123390.47239204003,-129517.13296860004,True,xgboost,xgboost_epidemiology,xgboost_climate
Peru,2023,412,1,1854.0,1410.6827,1854.0,1490.9808,1854.0,443.31729999999993,363.01919999999996,-80.29809999999998,196530.22847928994,131782.93956863997,-64747.28891064998,True,xgboost,xgboost_epidemiology,xgboost_climate
Peru,2023,413,1,1680.0,1428.9949,1680.0,1499.3092,1680.0,251.00510000000008,180.69080000000008,-70.3143,63003.56022601004,32649.16520464003,-30354.39502137001,True,xgboost,xgboost_epidemiology,xgboost_climate
Peru,2023,414,1,1784.0,1393.0651,1784.0,1617.0948,1784.0,390.93489999999997,166.90519999999992,-224.02970000000005,152830.09603800997,27857.345787039972,-124972.75025097,True,xgboost,xgboost_epidemiology,xgboost_climate
Peru,2023,415,1,1651.0,1393.0651,1651.0,1535.4535,1651.0,257.93489999999997,115.54649999999992,-142.38840000000005,66530.41263800999,13350.993662249983,-53179.41897576001,True,xgboost,xgboost_epidemiology,xgboost_climate
Peru,2023,416,1,1310.0,1393.0651,1310.0,1502.8962,1310.0,83.06510000000003,192.8961999999999,109.83109999999988,6899.810838010005,37208.943974439964,30309.13313642996,False,xgboost,xgboost_epidemiology,xgboost_climate
Philippines,2023,374,1,575.0,741.4311,575.0,727.5261,575.0,166.43110000000001,152.52610000000004,-13.904999999999973,27699.311047210005,23264.211181210012,-4435.099865999993,True,xgboost,xgboost_epidemiology,xgboost_climate
Philippines,2023,375,1,275.0,620.95306,275.0,659.9452,275.0,345.95306000000005,384.9452,38.99213999999995,119683.51972336363,148182.80700304,28499.287279676384,False,xgboost,xgboost_epidemiology,xgboost_climate
Philippines,2023,376,1,141.0,592.90125,141.0,650.23737,141.0,451.90125,509.23737000000006,57.33612000000005,204214.7397515625,259322.69900451697,55107.95925295446,False,xgboost,xgboost_epidemiology,xgboost_climate
Philippines,2023,377,1,1196.0,591.7585,1196.0,623.1144,1196.0,604.2415,572.8856,-31.35590000000002,365107.79032225,328197.9106873599,-36909.879634890065,True,xgboost,xgboost_epidemiology,xgboost_climate
Philippines,2023,378,1,1196.0,1090.5706,1196.0,1147.3278,1196.0,105.42939999999999,48.672199999999975,-56.75720000000001,11115.358384359997,2368.9830528399975,-8746.37533152,True,xgboost,xgboost_epidemiology,xgboost_climate
Philippines,2023,379,1,1197.0,1232.2742,1197.0,1297.566,1197.0,35.274200000000064,100.56600000000003,65.29179999999997,1244.2691856400045,10113.520356000006,8869.251170360001,False,xgboost,xgboost_epidemiology,xgboost_climate
Philippines,2023,380,1,1482.0,1277.9037,1482.0,1299.2141,1482.0,204.09629999999993,182.78590000000008,-21.310399999999845,41655.29967368997,33410.68523881003,-8244.614434879943,True,xgboost,xgboost_epidemiology,xgboost_climate
Philippines,2023,381,1,1684.0,1477.8046,1684.0,1503.8611,1684.0,206.19540000000006,180.13889999999992,-26.056500000000142,42516.542981160026,32450.02329320997,-10066.519687950055,True,xgboost,xgboost_epidemiology,xgboost_climate
Philippines,2023,382,1,1746.0,1737.6879,1746.0,1729.8022,1746.0,8.3121000000001,16.197799999999916,7.885699999999815,69.09100641000167,262.36872483999724,193.27771842999556,False,xgboost,xgboost_epidemiology,xgboost_climate
Philippines,2023,383,1,1727.0,1995.5251,1727.0,2087.4958,1727.0,268.52510000000007,360.49580000000014,91.97070000000008,72105.72933001003,129957.22181764011,57851.49248763008,False,xgboost,xgboost_epidemiology,xgboost_climate
Philippines,2023,384,1,1794.0,1915.4868,1794.0,2028.4991,1794.0,121.4867999999999,234.4991,113.0123000000001,14759.042574239977,54989.82790081,40230.785326570025,False,xgboost,xgboost_epidemiology,xgboost_climate
Philippines,2023,385,1,2269.0,2015.917,2269.0,2144.5203,2269.0,253.08300000000008,124.47969999999987,-128.60330000000022,64051.00488900004,15495.195712089966,-48555.80917691007,True,xgboost,xgboost_epidemiology,xgboost_climate
Philippines,2023,386,1,2552.0,2511.429,2552.0,2591.0967,2552.0,40.57099999999991,39.096700000000055,-1.4742999999998574,1646.0060409999928,1528.5519508900043,-117.45409010998856,True,xgboost,xgboost_epidemiology,xgboost_climate
Philippines,2023,387,1,207.0,2895.0283,207.0,2827.5293,207.0,2688.0283,2620.5293,-67.4989999999998,7225496.14160089,6867173.8121584905,-358322.32944239955,True,xgboost,xgboost_epidemiology,xgboost_climate
Philippines,2023,388,1,162.0,876.8296,162.0,903.132,162.0,714.8296,741.132,26.30239999999992,510981.35703616,549276.6414239999,38295.2843878399,False,xgboost,xgboost_epidemiology,xgboost_climate
Philippines,2023,389,1,132.0,635.6498,132.0,682.6276,132.0,503.6498,550.6276,46.9778,253663.12104004002,303190.75388176006,49527.63284172004,False,xgboost,xgboost_epidemiology,xgboost_climate
Philippines,2023,390,1,181.0,607.37555,181.0,682.6276,181.0,426.37555,501.62760000000003,75.25205000000005,181796.10963780247,251630.24908176003,69834.13944395757,False,xgboost,xgboost_epidemiology,xgboost_climate
Philippines,2023,391,1,271.0,605.48413,271.0,682.6276,271.0,334.48413000000005,411.62760000000003,77.14346999999998,111879.63322185693,169437.28108176,57557.64785990308,False,xgboost,xgboost_epidemiology,xgboost_climate
Philippines,2023,392,1,147.0,601.8113,147.0,682.6276,147.0,454.81129999999996,535.6276,80.81630000000007,206853.31860768996,286896.92588176,80043.60727407006,False,xgboost,xgboost_epidemiology,xgboost_climate
Philippines,2023,393,1,735.0,600.43744,735.0,679.50183,735.0,134.56255999999996,55.49816999999996,-79.06439,18107.08255375359,3080.0468733488956,-15027.035680404693,True,xgboost,xgboost_epidemiology,xgboost_climate
Philippines,2023,394,1,715.0,709.9155,715.0,783.0012,715.0,5.084500000000048,68.00120000000004,62.91669999999999,25.85214025000049,4624.163201440006,4598.311061190006,False,xgboost,xgboost_epidemiology,xgboost_climate
Philippines,2023,395,1,893.0,684.1206,893.0,758.7402,893.0,208.87940000000003,134.25980000000004,-74.61959999999999,43630.603744360014,18025.69389604001,-25604.909848320003,True,xgboost,xgboost_epidemiology,xgboost_climate
Philippines,2023,396,1,2955.0,850.0983,2955.0,856.52985,2955.0,2104.9017,2098.47015,-6.431549999999788,4430611.1666628895,4403576.970441023,-27034.196221866645,True,xgboost,xgboost_epidemiology,xgboost_climate
Philippines,2023,397,1,3355.0,2426.5186,3355.0,2303.121,3355.0,928.4814000000001,1051.879,123.39759999999978,862077.7101459602,1106449.4306409997,244371.72049503948,False,xgboost,xgboost_epidemiology,xgboost_climate
Philippines,2023,398,1,3591.0,3532.378,3591.0,3622.609,3591.0,58.621999999999844,31.608999999999924,-27.01299999999992,3436.538883999982,999.1288809999952,-2437.410002999987,True,xgboost,xgboost_epidemiology,xgboost_climate
Philippines,2023,399,1,3356.0,3972.502,3356.0,4116.1914,3356.0,616.502,760.1913999999997,143.68939999999975,380074.7160039999,577890.9646339596,197816.24862995965,False,xgboost,xgboost_epidemiology,xgboost_climate
Philippines,2023,400,1,3393.0,3843.0398,3393.0,3792.5713,3393.0,450.0398,399.57130000000006,-50.46849999999995,202535.82158404,159657.22378369005,-42878.59780034996,True,xgboost,xgboost_epidemiology,xgboost_climate
Philippines,2023,401,1,3179.0,3573.0227,3179.0,3474.5242,3179.0,394.0227,295.52419999999984,-98.49850000000015,155253.88811529,87334.5527856399,-67919.3353296501,True,xgboost,xgboost_epidemiology,xgboost_climate
Philippines,2023,402,1,3142.0,3207.9192,3142.0,3179.9182,3142.0,65.91919999999982,37.91820000000007,-28.00099999999975,4345.3409286399765,1437.7898912400053,-2907.5510373999714,True,xgboost,xgboost_epidemiology,xgboost_climate
Philippines,2023,403,1,3318.0,2945.982,3318.0,2991.2656,3318.0,372.01800000000003,326.7343999999998,-45.283600000000206,138397.39232400001,106755.36814335988,-31642.02418064013,True,xgboost,xgboost_epidemiology,xgboost_climate
Philippines,2023,404,1,2578.0,3332.6755,2578.0,3614.3037,2578.0,754.6754999999998,1036.3037,281.6282000000001,569535.1103002498,1073925.3586336898,504390.24833344005,False,xgboost,xgboost_epidemiology,xgboost_climate
Philippines,2023,405,1,2720.0,2369.375,2720.0,2671.6462,2720.0,350.625,48.353799999999865,-302.27120000000014,122937.890625,2338.0899744399867,-120599.80065056,True,xgboost,xgboost_epidemiology,xgboost_climate
Philippines,2023,406,1,3430.0,2618.4731,3430.0,2755.6646,3430.0,811.5268999999998,674.3353999999999,-137.1914999999999,658575.9094236097,454728.2316931599,-203847.67773044982,True,xgboost,xgboost_epidemiology,xgboost_climate
Philippines,2023,407,1,2672.0,3177.15,2672.0,3369.5857,2672.0,505.1500000000001,697.5857000000001,192.4357,255176.52250000008,486625.80884449015,231449.28634449007,False,xgboost,xgboost_epidemiology,xgboost_climate
Philippines,2023,408,1,1939.0,2513.223,1939.0,2905.2764,1939.0,574.223,966.2764000000002,392.05340000000024,329732.053729,933690.0811969604,603958.0274679605,False,xgboost,xgboost_epidemiology,xgboost_climate
Philippines,2023,409,1,2607.0,1571.0249,2607.0,1767.7811,2607.0,1035.9751,839.2189000000001,-196.75620000000004,1073244.4078200103,704288.3621172102,-368956.04570280015,True,xgboost,xgboost_epidemiology,xgboost_climate
Singapore,2025,469,1,97.0,86.7227,97.0,87.34582,97.0,10.277299999999997,9.654179999999997,-0.6231200000000001,105.62289528999993,93.20319147239994,-12.419703817599995,True,xgboost,xgboost_epidemiology,xgboost_climate
Singapore,2025,470,1,118.0,100.93878,118.0,100.18317,118.0,17.061220000000006,17.816829999999996,0.7556099999999901,291.0852278884002,317.43943124889984,26.35420336049964,False,xgboost,xgboost_epidemiology,xgboost_climate
Singapore,2025,471,1,99.0,113.205986,99.0,116.12679,99.0,14.205985999999996,17.12679,2.920804000000004,201.8100382321959,293.3269357041,91.51689747190409,False,xgboost,xgboost_epidemiology,xgboost_climate
Singapore,2025,472,1,118.0,110.70882,118.0,104.52747,118.0,7.291179999999997,13.472530000000006,6.181350000000009,53.16130579239996,181.50906460090016,128.3477588085002,False,xgboost,xgboost_epidemiology,xgboost_climate
Singapore,2025,473,1,54.0,115.72352,54.0,114.70422,54.0,61.72351999999999,60.70422000000001,-1.019299999999987,3809.7929211903993,3685.0023258084007,-124.79059538199863,True,xgboost,xgboost_epidemiology,xgboost_climate
Singapore,2025,474,1,113.0,68.193436,113.0,61.50552,113.0,44.806563999999995,51.49448,6.687916000000008,2007.6281774860954,2651.6814704704,644.0532929843048,False,xgboost,xgboost_epidemiology,xgboost_climate
Singapore,2025,475,1,114.0,88.15258,114.0,92.6954,114.0,25.84742,21.304599999999994,-4.542820000000006,668.0891206563999,453.88598115999974,-214.20313949640018,True,xgboost,xgboost_epidemiology,xgboost_climate
Singapore,2025,476,1,71.0,115.30827,71.0,121.30916,71.0,44.30826999999999,50.309160000000006,6.0008900000000125,1963.2227903928995,2531.0115799056007,567.7887895127012,False,xgboost,xgboost_epidemiology,xgboost_climate
Singapore,2025,477,1,82.0,83.74427,82.0,82.57736,82.0,1.7442700000000002,0.5773599999999988,-1.1669100000000014,3.042477832900001,0.3333445695999986,-2.7091332633000023,True,xgboost,xgboost_epidemiology,xgboost_climate
Singapore,2025,478,1,86.0,71.444016,86.0,70.697556,86.0,14.555983999999995,15.302443999999994,0.746459999999999,211.87667020825586,234.1647923731358,22.28812216487995,False,xgboost,xgboost_epidemiology,xgboost_climate
Singapore,2025,479,1,72.0,74.41151,72.0,72.039635,72.0,2.411510000000007,0.039635000000004084,-2.371875000000003,5.815380480100034,0.0015709332250003238,-5.813809546875033,True,xgboost,xgboost_epidemiology,xgboost_climate
Singapore,2025,480,1,100.0,72.32904,100.0,67.22647,100.0,27.670959999999994,32.773529999999994,5.10257,765.6820273215997,1074.1042686608996,308.42224133929994,False,xgboost,xgboost_epidemiology,xgboost_climate
Singapore,2025,481,1,98.0,87.91602,98.0,91.55062,98.0,10.083979999999997,6.449380000000005,-3.634599999999992,101.68665264039994,41.594502384400066,-60.092150255999876,True,xgboost,xgboost_epidemiology,xgboost_climate
Singapore,2025,482,1,87.0,101.35118,87.0,108.54755,87.0,14.35118,21.54755,7.196370000000002,205.95636739239998,464.29691100250005,258.3405436101001,False,xgboost,xgboost_epidemiology,xgboost_climate
Singapore,2025,483,1,92.0,83.45326,92.0,88.9128,92.0,8.54674,3.0871999999999957,-5.459540000000004,73.0467646276,9.530803839999974,-63.51596078760002,True,xgboost,xgboost_epidemiology,xgboost_climate
Singapore,2025,484,1,94.0,94.845085,94.0,94.82685,94.0,0.8450849999999974,0.8268499999999932,-0.01823500000000422,0.7141686572249957,0.6836809224999888,-0.030487734725006876,True,xgboost,xgboost_epidemiology,xgboost_climate
Singapore,2025,485,1,107.0,101.49433,107.0,106.17017,107.0,5.505669999999995,0.8298300000000012,-4.675839999999994,30.312402148899945,0.688617828900002,-29.62378431999994,True,xgboost,xgboost_epidemiology,xgboost_climate
Singapore,2025,486,1,89.0,109.9335,89.0,114.48203,89.0,20.933499999999995,25.482029999999995,4.5485299999999995,438.21142224999977,649.3338529208997,211.12243067089997,False,xgboost,xgboost_epidemiology,xgboost_climate
Singapore,2025,487,1,105.0,92.22901,105.0,90.38013,105.0,12.770989999999998,14.619870000000006,1.8488800000000083,163.09818558009994,213.74059881690016,50.64241323680022,False,xgboost,xgboost_epidemiology,xgboost_climate
Singapore,2025,488,1,103.0,102.85442,103.0,101.38242,103.0,0.14557999999999538,1.6175800000000038,1.4720000000000084,0.021193536399998655,2.6165650564000122,2.595371520000014,False,xgboost,xgboost_epidemiology,xgboost_climate
Singapore,2025,489,1,118.0,107.641,118.0,113.20043,118.0,10.358999999999995,4.799570000000003,-5.559429999999992,107.30888099999989,23.035872184900025,-84.27300881509986,True,xgboost,xgboost_epidemiology,xgboost_climate
Singapore,2025,490,1,117.0,117.16831,117.0,122.118355,117.0,0.1683100000000053,5.118354999999994,4.950044999999989,0.02832825610000178,26.19755790602494,26.169229649924937,False,xgboost,xgboost_epidemiology,xgboost_climate
Singapore,2025,491,1,118.0,121.920494,118.0,123.347855,118.0,3.920494000000005,5.347854999999996,1.4273609999999906,15.370273204036039,28.599553101024952,13.229279896988913,False,xgboost,xgboost_epidemiology,xgboost_climate
Singapore,2025,492,1,125.0,121.920494,125.0,122.64479,125.0,3.079505999999995,2.3552099999999996,-0.7242959999999954,9.483357204035968,5.547014144099998,-3.936343059935971,True,xgboost,xgboost_epidemiology,xgboost_climate
Singapore,2025,493,1,106.0,122.35776,106.0,116.38079,106.0,16.35776,10.380790000000005,-5.976969999999994,267.5763122176,107.76080102410009,-159.8155111934999,True,xgboost,xgboost_epidemiology,xgboost_climate
Singapore,2025,494,1,100.0,118.74148,100.0,116.4057,100.0,18.741479999999996,16.405699999999996,-2.3357799999999997,351.24307259039983,269.1469924899999,-82.09608010039994,True,xgboost,xgboost_epidemiology,xgboost_climate
Singapore,2025,495,1,119.0,105.2423,119.0,101.597015,119.0,13.7577,17.402985,3.645285000000001,189.27430929,302.86388691022506,113.58957762022507,False,xgboost,xgboost_epidemiology,xgboost_climate
Singapore,2025,496,1,112.0,111.642525,112.0,112.95701,112.0,0.35747499999999377,0.9570099999999968,0.599535000000003,0.12778837562499554,0.9158681400999938,0.7880797644749983,False,xgboost,xgboost_epidemiology,xgboost_climate
Singapore,2025,497,1,86.0,114.52604,86.0,116.04165,86.0,28.526039999999995,30.041650000000004,1.5156100000000094,813.7349580815996,902.5007347225003,88.76577664090064,False,xgboost,xgboost_epidemiology,xgboost_climate
Singapore,2025,498,1,77.0,88.999275,77.0,85.55868,77.0,11.999274999999997,8.558679999999995,-3.440595000000002,143.98260052562495,73.25100334239993,-70.73159718322502,True,xgboost,xgboost_epidemiology,xgboost_climate
Singapore,2025,499,1,71.0,75.01431,71.0,73.68153,71.0,4.014309999999995,2.681529999999995,-1.3327799999999996,16.114684776099956,7.190603140899974,-8.924081635199983,True,xgboost,xgboost_epidemiology,xgboost_climate
Singapore,2025,500,1,73.0,71.72374,73.0,69.70382,73.0,1.2762599999999935,3.2961800000000068,2.0199200000000133,1.6288395875999835,10.864802592400045,9.23596300480006,False,xgboost,xgboost_epidemiology,xgboost_climate
Singapore,2025,501,1,62.0,70.44835,62.0,70.52351,62.0,8.448350000000005,8.523510000000002,0.07515999999999678,71.37461772250008,72.65022272010003,1.275604997599956,False,xgboost,xgboost_epidemiology,xgboost_climate
Singapore,2025,502,1,47.0,65.55905,47.0,63.681923,47.0,18.55905,16.681922999999998,-1.8771270000000015,344.43833690249994,278.2865549779289,-66.15178192457103,True,xgboost,xgboost_epidemiology,xgboost_climate
Singapore,2025,503,1,51.0,54.992275,51.0,53.631092,51.0,3.9922749999999994,2.6310920000000024,-1.361182999999997,15.938259675624995,6.9226451124640125,-9.015614563160982,True,xgboost,xgboost_epidemiology,xgboost_climate
Singapore,2025,504,1,42.0,51.447662,42.0,51.27254,42.0,9.447662000000001,9.27254,-0.17512200000000178,89.25831726624402,85.97999805159999,-3.2783192146440285,True,xgboost,xgboost_epidemiology,xgboost_climate
Singapore,2025,505,1,49.0,50.381374,49.0,49.430897,49.0,1.381374000000001,0.43089700000000164,-0.9504769999999994,1.9081941278760028,0.1856722246090014,-1.7225219032670014,True,xgboost,xgboost_epidemiology,xgboost_climate
Singapore,2025,506,1,45.0,53.236977,45.0,50.55089,45.0,8.236977000000003,5.5508900000000025,-2.6860870000000006,67.84779009852905,30.812379792100028,-37.035410306429014,True,xgboost,xgboost_epidemiology,xgboost_climate
Singapore,2025,507,1,40.0,49.00116,40.0,50.775734,40.0,9.001159999999999,10.775734,1.7745740000000012,81.02088134559997,116.11644323875599,35.09556189315602,False,xgboost,xgboost_epidemiology,xgboost_climate
Singapore,2025,508,1,55.0,47.130642,55.0,50.216053,55.0,7.869357999999998,4.783946999999998,-3.0854110000000006,61.92679533216398,22.88614889880898,-39.04064643335499,True,xgboost,xgboost_epidemiology,xgboost_climate
Singapore,2025,509,1,33.0,52.81471,33.0,55.376884,33.0,19.814709999999998,22.376883999999997,2.562173999999999,392.62273238409995,500.7249375494559,108.10220516535594,False,xgboost,xgboost_epidemiology,xgboost_climate
Singapore,2025,510,1,47.0,47.341488,47.0,51.639618,47.0,0.34148799999999824,4.639617999999999,4.2981300000000005,0.1166140541439988,21.526055185923987,21.40944113177999,False,xgboost,xgboost_epidemiology,xgboost_climate
Singapore,2025,511,1,36.0,47.7554,36.0,48.67493,36.0,11.755400000000002,12.674930000000003,0.9195300000000017,138.18942916000003,160.65385050490008,22.464421344900046,False,xgboost,xgboost_epidemiology,xgboost_climate
Singapore,2025,512,1,53.0,42.381065,53.0,44.49807,53.0,10.618935,8.501930000000002,-2.117004999999999,112.76178053422501,72.28281372490002,-40.47896680932499,True,xgboost,xgboost_epidemiology,xgboost_climate
Singapore,2025,513,1,55.0,49.285763,55.0,54.40894,55.0,5.714236999999997,0.5910599999999988,-5.123176999999998,32.652504492168966,0.3493519235999986,-32.30315256856897,True,xgboost,xgboost_epidemiology,xgboost_climate
Singapore,2025,514,1,39.0,52.392395,39.0,54.933647,39.0,13.392395,15.933647,2.541252,179.35624383602502,253.881106720609,74.524862884584,False,xgboost,xgboost_epidemiology,xgboost_climate
Singapore,2025,515,1,39.0,48.10476,39.0,52.139442,39.0,9.104759999999999,13.139442000000003,4.034682000000004,82.89665465759998,172.64493607136407,89.74828141376409,False,xgboost,xgboost_epidemiology,xgboost_climate
Singapore,2025,516,1,27.0,44.308125,27.0,46.753773,27.0,17.308124999999997,19.753773000000002,2.4456480000000056,299.5711910156249,390.2115477355291,90.64035671990422,False,xgboost,xgboost_epidemiology,xgboost_climate
Singapore,2025,517,1,38.0,42.176197,38.0,45.46316,38.0,4.176197000000002,7.463160000000002,3.286963,17.440621382809017,55.69875718560003,38.25813580279102,False,xgboost,xgboost_epidemiology,xgboost_climate
Singapore,2025,518,1,46.0,43.96593,46.0,45.280064,46.0,2.03407,0.719935999999997,-1.3141340000000028,4.137440764899999,0.5183078440959957,-3.6191329208040033,True,xgboost,xgboost_epidemiology,xgboost_climate
Singapore,2025,519,1,41.0,46.261757,41.0,49.627357,41.0,5.261757000000003,8.627357000000003,3.3656000000000006,27.68608672704903,74.43128880544906,46.74520207840003,False,xgboost,xgboost_epidemiology,xgboost_climate
Singapore,2025,520,1,32.0,50.99118,32.0,48.910736,32.0,18.99118,16.910736,-2.080444,360.6649177924,285.972992061696,-74.69192573070399,True,xgboost,xgboost_epidemiology,xgboost_climate
Sri Lanka,2024,426,1,1136.0,1379.4536,1136.0,1327.8802,1136.0,243.45360000000005,191.88020000000006,-51.57339999999999,59269.65535296003,36818.011152040024,-22451.644200920004,True,xgboost,xgboost_epidemiology,xgboost_climate
Sri Lanka,2024,427,1,975.0,1119.41,975.0,1106.8914,975.0,144.41000000000008,131.89139999999998,-12.518600000000106,20854.248100000023,17395.341393959992,-3458.9067060400303,True,xgboost,xgboost_epidemiology,xgboost_climate
Sri Lanka,2024,428,1,1004.0,860.7375,1004.0,792.3778,1004.0,143.26250000000005,211.62220000000002,68.35969999999998,20524.143906250014,44783.95553284001,24259.811626589995,False,xgboost,xgboost_epidemiology,xgboost_climate
Sri Lanka,2024,429,1,747.0,913.3653,747.0,826.5793,747.0,166.36530000000005,79.57929999999999,-86.78600000000006,27677.413044090015,6332.864988489999,-21344.54805560002,True,xgboost,xgboost_epidemiology,xgboost_climate
Sri Lanka,2024,430,1,664.0,700.7525,664.0,739.28955,664.0,36.752500000000055,75.28954999999996,38.53704999999991,1350.746256250004,5668.516339202494,4317.77008295249,False,xgboost,xgboost_epidemiology,xgboost_climate
Sri Lanka,2024,431,1,614.0,668.29926,614.0,685.1927,614.0,54.299260000000004,71.19269999999995,16.89343999999994,2948.4096365476003,5068.400533289992,2119.990896742392,False,xgboost,xgboost_epidemiology,xgboost_climate
Sri Lanka,2024,432,1,427.0,553.05695,427.0,587.8921,427.0,126.05695000000003,160.89210000000003,34.83515,15890.354643302508,25886.26784241001,9995.913199107501,False,xgboost,xgboost_epidemiology,xgboost_climate
Sri Lanka,2024,433,1,576.0,471.43597,576.0,512.12085,576.0,104.56403,63.87914999999998,-40.68488000000002,10933.6363698409,4080.5458047224975,-6853.090565118403,True,xgboost,xgboost_epidemiology,xgboost_climate
Sri Lanka,2024,434,1,537.0,502.0218,537.0,496.73615,537.0,34.978200000000015,40.26384999999999,5.2856499999999755,1223.474475240001,1621.1776168224992,397.7031415824981,False,xgboost,xgboost_epidemiology,xgboost_climate
Sri Lanka,2024,435,1,571.0,504.3336,571.0,534.2574,571.0,66.66640000000001,36.74260000000004,-29.92379999999997,4444.408888960002,1350.0186547600028,-3094.3902341999988,True,xgboost,xgboost_epidemiology,xgboost_climate
Sri Lanka,2024,436,1,589.0,581.29114,589.0,661.78235,589.0,7.708859999999959,72.78234999999995,65.07348999999999,59.426522499599365,5297.270471522493,5237.843949022893,False,xgboost,xgboost_epidemiology,xgboost_climate
Sri Lanka,2024,437,1,663.0,595.5288,663.0,676.50433,663.0,67.47119999999995,13.504329999999982,-53.96686999999997,4552.362829439994,182.3669287488995,-4369.995900691095,True,xgboost,xgboost_epidemiology,xgboost_climate
Sri Lanka,2024,438,1,493.0,679.8949,493.0,845.57074,493.0,186.8949,352.57074,165.67584,34929.703646010006,124306.1267041476,89376.42305813759,False,xgboost,xgboost_epidemiology,xgboost_climate
Sri Lanka,2024,439,1,648.0,539.4872,648.0,616.34344,648.0,108.51279999999997,31.656560000000013,-76.85623999999996,11775.027763839993,1002.1377910336008,-10772.889972806392,True,xgboost,xgboost_epidemiology,xgboost_climate
Sri Lanka,2024,440,1,640.0,527.916,640.0,680.52795,640.0,112.08399999999995,40.52795000000003,-71.55604999999991,12562.823055999988,1642.5147312025026,-10920.308324797486,True,xgboost,xgboost_epidemiology,xgboost_climate
Sri Lanka,2024,441,1,677.0,636.4125,677.0,801.0374,677.0,40.58749999999998,124.03740000000005,83.44990000000007,1647.3451562499981,15385.276598760012,13737.931442510015,False,xgboost,xgboost_epidemiology,xgboost_climate
Sri Lanka,2024,442,1,683.0,701.6797,683.0,857.4819,683.0,18.679700000000025,174.4819,155.80219999999997,348.93119209000093,30443.933427609998,30095.002235519998,False,xgboost,xgboost_epidemiology,xgboost_climate
Sri Lanka,2024,443,1,875.0,716.8068,875.0,879.0949,875.0,158.19320000000005,4.094900000000052,-154.0983,25025.088526240015,16.76820601000043,-25008.320320230014,True,xgboost,xgboost_epidemiology,xgboost_climate
Sri Lanka,2024,444,1,935.0,869.3983,935.0,876.414,935.0,65.60170000000005,58.58600000000001,-7.015700000000038,4303.583042890006,3432.3193960000017,-871.2636468900046,True,xgboost,xgboost_epidemiology,xgboost_climate
Sri Lanka,2024,445,1,989.0,953.2377,989.0,976.5499,989.0,35.76229999999998,12.45010000000002,-23.31219999999996,1278.9421012899986,155.0049900100005,-1123.9371112799981,True,xgboost,xgboost_epidemiology,xgboost_climate
Sri Lanka,2024,446,1,992.0,1015.62,992.0,1070.1096,992.0,23.620000000000005,78.1096,54.489599999999996,557.9044000000002,6101.10961216,5543.20521216,False,xgboost,xgboost_epidemiology,xgboost_climate
Sri Lanka,2024,447,1,1031.0,1050.2268,1031.0,1047.9625,1031.0,19.226799999999912,16.96250000000009,-2.264299999999821,369.66983823999664,287.7264062500031,-81.94343198999354,True,xgboost,xgboost_epidemiology,xgboost_climate
Sri Lanka,2024,448,1,1004.0,1065.4653,1004.0,1082.0743,1004.0,61.46530000000007,78.0743,16.608999999999924,3777.9831040900085,6095.596320489999,2317.6132163999905,False,xgboost,xgboost_epidemiology,xgboost_climate
Sri Lanka,2024,449,1,960.0,1027.7988,960.0,1043.6399,960.0,67.79880000000003,83.6398999999999,15.84109999999987,4596.677281440004,6995.632872009983,2398.955590569979,False,xgboost,xgboost_epidemiology,xgboost_climate
Sri Lanka,2024,450,1,911.0,954.8448,911.0,942.73413,911.0,43.844799999999964,31.73413000000005,-12.110669999999914,1922.3664870399969,1007.0550068569032,-915.3114801830936,True,xgboost,xgboost_epidemiology,xgboost_climate
Sri Lanka,2024,451,1,857.0,914.0156,857.0,911.0891,857.0,57.01559999999995,54.08910000000003,-2.926499999999919,3250.778643359994,2925.630738810003,-325.1479045499909,True,xgboost,xgboost_epidemiology,xgboost_climate
Sri Lanka,2024,452,1,854.0,798.2127,854.0,796.12933,854.0,55.78729999999996,57.87067000000002,2.083370000000059,3112.2228412899954,3349.014446248902,236.79160495890665,False,xgboost,xgboost_epidemiology,xgboost_climate
Sri Lanka,2024,453,1,733.0,785.8577,733.0,798.63434,733.0,52.85770000000002,65.63433999999995,12.77663999999993,2793.936449290002,4307.866587235594,1513.930137945592,False,xgboost,xgboost_epidemiology,xgboost_climate
Sri Lanka,2024,454,1,694.0,749.3714,694.0,782.62823,694.0,55.371399999999994,88.62823000000003,33.256830000000036,3065.991937959999,7854.963152932905,4788.971214972906,False,xgboost,xgboost_epidemiology,xgboost_climate
Sri Lanka,2024,455,1,671.0,715.9827,671.0,676.51465,671.0,44.98270000000002,5.5146499999999605,-39.46805000000006,2023.443299290002,30.411364622499566,-1993.0319346675024,True,xgboost,xgboost_epidemiology,xgboost_climate
Sri Lanka,2024,456,1,657.0,683.9674,657.0,709.48175,657.0,26.967399999999998,52.481750000000034,25.514350000000036,727.2406627599999,2754.3340830625034,2027.0934203025035,False,xgboost,xgboost_epidemiology,xgboost_climate
Sri Lanka,2024,457,1,686.0,639.955,686.0,640.2369,686.0,46.04499999999996,45.76310000000001,-0.2818999999999505,2120.142024999996,2094.261321610001,-25.880703389995233,True,xgboost,xgboost_epidemiology,xgboost_climate
Sri Lanka,2024,458,1,707.0,678.0827,707.0,709.6613,707.0,28.917299999999955,2.661299999999983,-26.255999999999972,836.2102392899974,7.082517689999909,-829.1277215999975,True,xgboost,xgboost_epidemiology,xgboost_climate
Sri Lanka,2024,459,1,668.0,716.5242,668.0,720.4892,668.0,48.52419999999995,52.48919999999998,3.965000000000032,2354.5979856399954,2755.1161166399984,400.518131000003,False,xgboost,xgboost_epidemiology,xgboost_climate
Sri Lanka,2024,460,1,672.0,698.69025,672.0,707.7939,672.0,26.690249999999992,35.79390000000001,9.103650000000016,712.3694450624996,1281.2032772100006,568.833832147501,False,xgboost,xgboost_epidemiology,xgboost_climate
Sri Lanka,2024,461,1,669.0,689.0958,669.0,749.2555,669.0,20.095800000000054,80.25549999999998,60.15969999999993,403.8411776400022,6440.945280249997,6037.104102609995,False,xgboost,xgboost_epidemiology,xgboost_climate
Sri Lanka,2024,462,1,696.0,730.07513,696.0,900.54724,696.0,34.075129999999945,204.54724,170.47211000000004,1161.1144845168963,41839.573391617596,40678.4589071007,False,xgboost,xgboost_epidemiology,xgboost_climate
Sri Lanka,2024,463,1,626.0,757.4469,626.0,794.3695,626.0,131.44690000000003,168.36950000000002,36.92259999999999,17278.287519610007,28348.288530250007,11070.00101064,False,xgboost,xgboost_epidemiology,xgboost_climate
Sri Lanka,2024,464,1,913.0,686.87067,913.0,689.0866,913.0,226.12932999999998,223.91340000000002,-2.2159299999999575,51134.47388624889,50137.21069956001,-997.2631866888769,True,xgboost,xgboost_epidemiology,xgboost_climate
Sri Lanka,2024,465,1,832.0,928.52203,832.0,1172.7352,832.0,96.52202999999997,340.7352000000001,244.2131700000001,9316.502275320894,116100.47651904005,106783.97424371916,False,xgboost,xgboost_epidemiology,xgboost_climate
Sri Lanka,2024,466,1,736.0,836.2243,736.0,918.2524,736.0,100.22429999999997,182.25239999999997,82.0281,10044.910310489995,33215.93730575999,23171.026995269993,False,xgboost,xgboost_epidemiology,xgboost_climate
Sri Lanka,2024,467,1,915.0,809.1453,915.0,858.42474,915.0,105.85469999999998,56.57525999999996,-49.27944000000002,11205.217512089996,3200.760044067595,-8004.4574680224005,True,xgboost,xgboost_epidemiology,xgboost_climate
Brazil,2023,365,2,28533.0,12527.334,28533.0,10623.732,28533.0,16005.666,17909.268,1903.6020000000008,256181344.10355598,320741880.295824,64560536.192268014,False,xgboost,xgboost_epidemiology,xgboost_climate
Brazil,2023,366,2,30645.0,14582.256,30645.0,10678.253,30645.0,16062.744,19966.747,3904.002999999999,258011744.809536,398670985.76200897,140659240.95247295,False,xgboost,xgboost_epidemiology,xgboost_climate
Brazil,2023,367,2,36999.0,28167.303,36999.0,20966.27,36999.0,8831.697,16032.73,7201.032999999999,77998871.899809,257048431.25289997,179049559.35309097,False,xgboost,xgboost_epidemiology,xgboost_climate
Brazil,2023,368,2,42470.0,26777.164,42470.0,25041.824,42470.0,15692.836,17428.176,1735.3400000000001,246265101.72289598,303741318.68697596,57476216.964079976,False,xgboost,xgboost_epidemiology,xgboost_climate
Brazil,2023,369,2,52668.0,40739.457,52668.0,35806.56,52668.0,11928.542999999998,16861.440000000002,4932.8970000000045,142290138.10284895,284308158.87360007,142018020.77075112,False,xgboost,xgboost_epidemiology,xgboost_climate
Brazil,2023,370,2,64987.0,45274.137,64987.0,39930.59,64987.0,19712.862999999998,25056.410000000003,5343.547000000006,388596967.6567689,627823682.0881002,239226714.43133128,False,xgboost,xgboost_epidemiology,xgboost_climate
Brazil,2023,371,2,66762.0,61705.684,66762.0,58420.266,66762.0,5056.315999999999,8341.733999999997,3285.417999999998,25566331.49185599,69584526.12675595,44018194.63489996,False,xgboost,xgboost_epidemiology,xgboost_climate
Brazil,2023,372,2,77027.0,79290.836,77027.0,88598.29,77027.0,2263.8359999999957,11571.289999999994,9307.453999999998,5124953.43489598,133894752.26409985,128769798.82920387,False,xgboost,xgboost_epidemiology,xgboost_climate
Brazil,2023,373,2,98392.0,90489.06,98392.0,87635.58,98392.0,7902.940000000002,10756.419999999998,2853.479999999996,62456460.64360004,115700571.21639997,53244110.57279993,False,xgboost,xgboost_epidemiology,xgboost_climate
Brazil,2023,374,2,115216.0,100626.445,115216.0,108647.16,115216.0,14589.554999999993,6568.8399999999965,-8020.7149999999965,212855115.0980248,43149658.94559995,-169705456.15242484,True,xgboost,xgboost_epidemiology,xgboost_climate
Brazil,2023,375,2,131868.0,114491.09,131868.0,120572.65,131868.0,17376.910000000003,11295.350000000006,-6081.559999999998,301957001.14810014,127584931.62250014,-174372069.52560002,True,xgboost,xgboost_epidemiology,xgboost_climate
Brazil,2023,376,2,160054.0,131633.27,160054.0,134757.72,160054.0,28420.73000000001,25296.28,-3124.4500000000116,807737893.7329006,639901781.8383999,-167836111.89450073,True,xgboost,xgboost_epidemiology,xgboost_climate
Brazil,2023,377,2,171176.0,134461.3,171176.0,135382.72,171176.0,36714.70000000001,35793.28,-921.4200000000128,1347969196.0900009,1281158893.1583998,-66810302.93160105,True,xgboost,xgboost_epidemiology,xgboost_climate
Brazil,2023,378,2,161477.0,134461.3,161477.0,133994.56,161477.0,27015.70000000001,27482.440000000002,466.7399999999907,729848046.4900006,755284508.3536001,25436461.86359954,False,xgboost,xgboost_epidemiology,xgboost_climate
Brazil,2023,379,2,186718.0,131923.95,186718.0,129900.695,186718.0,54794.04999999999,56817.30499999999,2023.2550000000047,3002387915.4024987,3228206147.463024,225818232.06052542,False,xgboost,xgboost_epidemiology,xgboost_climate
Brazil,2023,380,2,165002.0,122502.125,165002.0,134068.06,165002.0,42499.875,30933.940000000002,-11565.934999999998,1806239375.015625,956908643.9236002,-849330731.0920248,True,xgboost,xgboost_epidemiology,xgboost_climate
Brazil,2023,381,2,148400.0,118142.48,148400.0,133233.84,148400.0,30257.520000000004,15166.160000000003,-15091.36,915517516.5504003,230012409.1456001,-685505107.4048002,True,xgboost,xgboost_epidemiology,xgboost_climate
Brazil,2023,382,2,158352.0,114948.96,158352.0,123610.91,158352.0,43403.03999999999,34741.09,-8661.949999999997,1883823881.2415996,1206943334.3880997,-676880546.8534999,True,xgboost,xgboost_epidemiology,xgboost_climate
Brazil,2023,383,2,144376.0,105987.61,144376.0,110494.7,144376.0,38388.39,33881.3,-4507.0899999999965,1473668486.7921,1147942489.6900003,-325725997.10209966,True,xgboost,xgboost_epidemiology,xgboost_climate
Brazil,2023,384,2,121825.0,66405.23,121825.0,76614.19,121825.0,55419.770000000004,45210.81,-10208.960000000006,3071350906.8529005,2044017340.8560998,-1027333565.9968007,True,xgboost,xgboost_epidemiology,xgboost_climate
Brazil,2023,385,2,90703.0,54779.1,90703.0,62140.45,90703.0,35923.9,28562.550000000003,-7361.3499999999985,1290526591.21,815819262.5025002,-474707328.70749986,True,xgboost,xgboost_epidemiology,xgboost_climate
Brazil,2023,386,2,72095.0,53692.566,72095.0,53526.453,72095.0,18402.434,18568.547,166.11299999999756,338649577.12435603,344790937.69120896,6141360.566852927,False,xgboost,xgboost_epidemiology,xgboost_climate
Brazil,2023,387,2,55721.0,48384.656,55721.0,50258.793,55721.0,7336.343999999997,5462.207000000002,-1874.1369999999952,53821943.28633596,29835705.310849022,-23986237.975486938,True,xgboost,xgboost_epidemiology,xgboost_climate
Brazil,2023,388,2,48059.0,41850.46,48059.0,43148.918,48059.0,6208.540000000001,4910.082000000002,-1298.4579999999987,38545968.93160001,24108905.24672402,-14437063.684875991,True,xgboost,xgboost_epidemiology,xgboost_climate
Brazil,2023,389,2,39160.0,37389.11,39160.0,37069.95,39160.0,1770.8899999999994,2090.050000000003,319.1600000000035,3136051.392099998,4368309.0025000125,1232257.6104000146,False,xgboost,xgboost_epidemiology,xgboost_climate
Brazil,2023,390,2,33459.0,32266.258,33459.0,32629.867,33459.0,1192.7419999999984,829.1330000000016,-363.60899999999674,1422633.478563996,687461.5316890028,-735171.9468749933,True,xgboost,xgboost_epidemiology,xgboost_climate
Brazil,2023,391,2,27767.0,27380.078,27767.0,27723.771,27767.0,386.92199999999866,43.22899999999936,-343.6929999999993,149708.63408399897,1868.7464409999448,-147839.88764299903,True,xgboost,xgboost_epidemiology,xgboost_climate
Brazil,2023,392,2,24236.0,24413.395,24236.0,24227.396,24236.0,177.39500000000044,8.60399999999936,-168.79100000000108,31468.986025000155,74.02881599998898,-31394.957209000167,True,xgboost,xgboost_epidemiology,xgboost_climate
Brazil,2023,393,2,20558.0,20554.963,20558.0,21077.984,20558.0,3.037000000000262,519.9840000000004,516.9470000000001,9.223369000001592,270383.3602560004,270374.1368870004,False,xgboost,xgboost_epidemiology,xgboost_climate
Brazil,2023,394,2,18393.0,18096.045,18393.0,19974.69,18393.0,296.95500000000175,1581.6899999999987,1284.734999999997,88182.27202500103,2501743.2560999957,2413560.9840749945,False,xgboost,xgboost_epidemiology,xgboost_climate
Brazil,2023,395,2,19179.0,16277.514,19179.0,16747.592,19179.0,2901.486000000001,2431.4079999999994,-470.07800000000134,8418621.008196004,5911744.862463998,-2506876.145732006,True,xgboost,xgboost_epidemiology,xgboost_climate
Brazil,2023,396,2,17728.0,14900.606,17728.0,15489.802,17728.0,2827.3940000000002,2238.1980000000003,-589.1959999999999,7994156.831236001,5009530.287204001,-2984626.544032,True,xgboost,xgboost_epidemiology,xgboost_climate
Brazil,2023,397,2,17804.0,15288.74,17804.0,15815.394,17804.0,2515.26,1988.6059999999998,-526.6540000000005,6326532.867600001,3954553.823235999,-2371979.0443640025,True,xgboost,xgboost_epidemiology,xgboost_climate
Brazil,2023,398,2,17132.0,14513.1045,17132.0,16012.076,17132.0,2618.8955000000005,1119.924000000001,-1498.9714999999997,6858613.639920252,1254229.765776002,-5604383.8741442505,True,xgboost,xgboost_epidemiology,xgboost_climate
Brazil,2023,399,2,15933.0,14702.368,15933.0,15358.745,15933.0,1230.6319999999996,574.2549999999992,-656.3770000000004,1514455.119423999,329768.8050249991,-1184686.3143989998,True,xgboost,xgboost_epidemiology,xgboost_climate
Brazil,2023,400,2,14827.0,14757.635,14827.0,15969.19,14827.0,69.36499999999978,1142.1900000000005,1072.8250000000007,4811.5032249999695,1304597.9961000013,1299786.4928750014,False,xgboost,xgboost_epidemiology,xgboost_climate
Brazil,2023,401,2,17637.0,14470.742,17637.0,14311.706,17637.0,3166.258,3325.294,159.03600000000006,10025189.722563999,11057580.186436,1032390.4638720006,False,xgboost,xgboost_epidemiology,xgboost_climate
Brazil,2023,402,2,18790.0,13684.115,18790.0,14061.134,18790.0,5105.885,4728.866,-377.01900000000023,26070061.633225,22362173.645956,-3707887.987269003,True,xgboost,xgboost_epidemiology,xgboost_climate
Brazil,2023,403,2,17681.0,15141.51,17681.0,14719.514,17681.0,2539.49,2961.486000000001,421.996000000001,6449009.460099999,8770399.328196004,2321389.868096005,False,xgboost,xgboost_epidemiology,xgboost_climate
Brazil,2023,404,2,19313.0,16424.193,19313.0,14814.155,19313.0,2888.8070000000007,4498.844999999999,1610.0379999999986,8345205.883249004,20239606.334024996,11894400.450775992,False,xgboost,xgboost_epidemiology,xgboost_climate
Brazil,2023,405,2,17341.0,16756.586,17341.0,14795.065,17341.0,584.4140000000007,2545.9349999999995,1961.5209999999988,341539.7233960008,6481785.0242249975,6140245.300828997,False,xgboost,xgboost_epidemiology,xgboost_climate
Brazil,2023,406,2,21013.0,19433.543,21013.0,16914.469,21013.0,1579.4569999999985,4098.530999999999,2519.0740000000005,2494684.4148489954,16797956.35796099,14303271.943111997,False,xgboost,xgboost_epidemiology,xgboost_climate
Brazil,2023,407,2,19662.0,17066.107,19662.0,15814.896,19662.0,2595.893,3847.1039999999994,1251.2109999999993,6738660.467449,14800209.186815996,8061548.719366996,False,xgboost,xgboost_epidemiology,xgboost_climate
Brazil,2023,408,2,18785.0,19775.094,18785.0,16251.128,18785.0,990.094000000001,2533.8719999999994,1543.7779999999984,980286.1288360019,6420507.312383997,5440221.183547995,False,xgboost,xgboost_epidemiology,xgboost_climate
Brazil,2023,409,2,24393.0,20289.725,24393.0,17626.307,24393.0,4103.2750000000015,6766.692999999999,2663.417999999998,16836865.725625012,45788134.156248994,28951268.430623982,False,xgboost,xgboost_epidemiology,xgboost_climate
Brazil,2023,410,2,22124.0,18205.016,22124.0,15763.621,22124.0,3918.9840000000004,6360.379000000001,2441.3950000000004,15358435.592256002,40454421.02364101,25095985.43138501,False,xgboost,xgboost_epidemiology,xgboost_climate
Brazil,2023,411,2,27767.0,25874.893,27767.0,21171.77,27767.0,1892.107,6595.23,4703.123,3580068.8994489997,43497058.7529,39916989.853451,False,xgboost,xgboost_epidemiology,xgboost_climate
Brazil,2023,412,2,30045.0,22073.727,30045.0,20194.184,30045.0,7971.273000000001,9850.815999999999,1879.5429999999978,63541193.240529016,97038575.86585598,33497382.62532696,False,xgboost,xgboost_epidemiology,xgboost_climate
Brazil,2023,413,2,33247.0,28370.691,33247.0,22030.97,33247.0,4876.309000000001,11216.029999999999,6339.720999999998,23778389.46348101,125799328.96089998,102020939.49741897,False,xgboost,xgboost_epidemiology,xgboost_climate
Brazil,2023,414,2,40789.0,32369.418,40789.0,28834.855,40789.0,8419.581999999999,11954.145,3534.563000000002,70889361.05472398,142901582.681025,72012221.62630102,False,xgboost,xgboost_epidemiology,xgboost_climate
Brazil,2023,415,2,38305.0,30018.68,38305.0,24182.082,38305.0,8286.32,14122.918000000001,5836.598000000002,68663099.1424,199456812.83472404,130793713.69232404,False,xgboost,xgboost_epidemiology,xgboost_climate
Brazil,2023,416,2,2146.0,32662.246,2146.0,31447.506,2146.0,30516.246,29301.506,-1214.739999999998,931241269.932516,858578253.868036,-72663016.06447995,True,xgboost,xgboost_epidemiology,xgboost_climate
Colombia,2023,365,2,1071.0,1237.1512,1071.0,1215.008,1071.0,166.15120000000002,144.00800000000004,-22.14319999999998,27606.221261440005,20738.30406400001,-6867.917197439994,True,xgboost,xgboost_epidemiology,xgboost_climate
Colombia,2023,366,2,2389.0,1276.9314,2389.0,1207.3921,2389.0,1112.0686,1181.6079,69.53929999999991,1236696.57110596,1396197.2293424099,159500.65823644982,False,xgboost,xgboost_epidemiology,xgboost_climate
Colombia,2023,367,2,2177.0,1105.9604,2177.0,1081.7753,2177.0,1071.0396,1095.2247,24.18509999999992,1147125.8247681602,1199517.14349009,52391.3187219298,False,xgboost,xgboost_epidemiology,xgboost_climate
Colombia,2023,368,2,2237.0,1522.9421,2237.0,1484.5258,2237.0,714.0579,752.4742000000001,38.41630000000009,509878.68455241004,566217.4216656402,56338.73711323016,False,xgboost,xgboost_epidemiology,xgboost_climate
Colombia,2023,369,2,2016.0,1479.0186,2016.0,1413.9668,2016.0,536.9813999999999,602.0332000000001,65.05180000000018,288349.02394595987,362443.9739022401,74094.94995628024,False,xgboost,xgboost_epidemiology,xgboost_climate
Colombia,2023,370,2,1870.0,1815.7883,1870.0,1535.3282,1870.0,54.211700000000064,334.6718000000001,280.4601,2938.908416890007,112005.21371524005,109066.30529835005,False,xgboost,xgboost_epidemiology,xgboost_climate
Colombia,2023,371,2,1918.0,1881.4725,1918.0,1474.6017,1918.0,36.52749999999992,443.39830000000006,406.87080000000014,1334.258256249994,196602.05244289007,195267.79418664007,False,xgboost,xgboost_epidemiology,xgboost_climate
Colombia,2023,372,2,2294.0,1683.5393,2294.0,1333.6838,2294.0,610.4607000000001,960.3162,349.8554999999999,372662.2662444901,922207.2039824399,549544.9377379499,False,xgboost,xgboost_epidemiology,xgboost_climate
Colombia,2023,373,2,1311.0,1714.8065,1311.0,1346.9758,1311.0,403.8064999999999,35.975799999999936,-367.8307,163059.68944224992,1294.2581856399954,-161765.4312566099,True,xgboost,xgboost_epidemiology,xgboost_climate
Colombia,2023,374,2,1735.0,2064.57,1735.0,1564.6565,1735.0,329.57000000000016,170.34349999999995,-159.22650000000021,108616.3849000001,29016.907992249984,-79599.47690775013,True,xgboost,xgboost_epidemiology,xgboost_climate
Colombia,2023,375,2,1752.0,1568.3811,1752.0,1262.9172,1752.0,183.61889999999994,489.0827999999999,305.46389999999997,33715.90043720998,239201.9852558399,205486.08481862993,False,xgboost,xgboost_epidemiology,xgboost_climate
Colombia,2023,376,2,2015.0,1616.3805,2015.0,1473.515,2015.0,398.6195,541.4849999999999,142.86549999999988,158897.50578025,293206.0052249999,134308.4994447499,False,xgboost,xgboost_epidemiology,xgboost_climate
Colombia,2023,377,2,2217.0,1619.1152,2217.0,1521.2101,2217.0,597.8848,695.7899,97.90509999999995,357466.23407104006,484123.58494201,126657.35087096994,False,xgboost,xgboost_epidemiology,xgboost_climate
Colombia,2023,378,2,1627.0,1819.1033,1627.0,1549.9235,1627.0,192.1033,77.0764999999999,-115.0268000000001,36903.677870889995,5940.786852249984,-30962.89101864001,True,xgboost,xgboost_epidemiology,xgboost_climate
Colombia,2023,379,2,1682.0,1884.4524,1682.0,1598.3525,1682.0,202.4523999999999,83.64750000000004,-118.80489999999986,40986.974265759956,6996.904256250006,-33990.07000950995,True,xgboost,xgboost_epidemiology,xgboost_climate
Colombia,2023,380,2,1751.0,1698.0195,1751.0,1503.4622,1751.0,52.98049999999989,247.53780000000006,194.55730000000017,2806.9333802499887,61274.96242884003,58468.02904859004,False,xgboost,xgboost_epidemiology,xgboost_climate
Colombia,2023,381,2,2144.0,1612.9568,2144.0,1621.3857,2144.0,531.0432000000001,522.6143,-8.428900000000112,282006.8802662401,273125.7065644899,-8881.173701750173,True,xgboost,xgboost_epidemiology,xgboost_climate
Colombia,2023,382,2,2689.0,1622.7711,2689.0,1543.4159,2689.0,1066.2289,1145.5841,79.35519999999997,1136844.0671952101,1312362.93017281,175518.86297759996,False,xgboost,xgboost_epidemiology,xgboost_climate
Colombia,2023,383,2,2729.0,1854.4097,2729.0,1863.302,2729.0,874.5903000000001,865.6980000000001,-8.892299999999977,764908.1928540901,749433.0272040002,-15475.16565008997,True,xgboost,xgboost_epidemiology,xgboost_climate
Colombia,2023,384,2,2179.0,2038.7472,2179.0,2012.5931,2179.0,140.25279999999998,166.40689999999995,26.15409999999997,19670.847907839994,27691.256367609985,8020.408459769991,False,xgboost,xgboost_epidemiology,xgboost_climate
Colombia,2023,385,2,2133.0,2090.7708,2133.0,2193.0288,2133.0,42.22920000000022,60.02880000000005,17.799599999999828,1783.3053326400186,3603.4568294400055,1820.151496799987,False,xgboost,xgboost_epidemiology,xgboost_climate
Colombia,2023,386,2,2569.0,1941.4685,2569.0,2055.802,2569.0,627.5315,513.1979999999999,-114.33350000000019,393795.7834922501,263372.18720399984,-130423.59628825024,True,xgboost,xgboost_epidemiology,xgboost_climate
Colombia,2023,387,2,2152.0,1837.0034,2152.0,2048.6335,2152.0,314.99659999999994,103.36650000000009,-211.63009999999986,99222.85801155996,10684.633322250018,-88538.22468930995,True,xgboost,xgboost_epidemiology,xgboost_climate
Colombia,2023,388,2,2079.0,1936.1545,2079.0,2008.7227,2079.0,142.8454999999999,70.27729999999997,-72.56819999999993,20404.836870249972,4938.898895289995,-15465.937974959976,True,xgboost,xgboost_epidemiology,xgboost_climate
Colombia,2023,389,2,2082.0,1837.2997,2082.0,2116.0305,2082.0,244.70029999999997,34.03049999999985,-210.66980000000012,59878.23682008999,1158.0749302499896,-58720.16188984,True,xgboost,xgboost_epidemiology,xgboost_climate
Colombia,2023,390,2,1768.0,1741.411,1768.0,1911.3771,1768.0,26.588999999999942,143.37709999999993,116.78809999999999,706.9749209999969,20556.99280440998,19850.017883409982,False,xgboost,xgboost_epidemiology,xgboost_climate
Colombia,2023,391,2,2203.0,1741.411,2203.0,1784.0474,2203.0,461.58899999999994,418.9526000000001,-42.63639999999987,213064.40492099995,175521.28104676006,-37543.123874239885,True,xgboost,xgboost_epidemiology,xgboost_climate
Colombia,2023,392,2,2617.0,1561.4965,2617.0,1701.0385,2617.0,1055.5035,915.9614999999999,-139.54200000000014,1114087.63851225,838985.4694822498,-275102.1690300002,True,xgboost,xgboost_epidemiology,xgboost_climate
Colombia,2023,393,2,2458.0,1724.1704,2458.0,1890.3341,2458.0,733.8296,567.6659,-166.16370000000006,538505.8818361601,322244.57402281,-216261.3078133501,True,xgboost,xgboost_epidemiology,xgboost_climate
Colombia,2023,394,2,2609.0,1926.7069,2609.0,1856.6316,2609.0,682.2931000000001,752.3684000000001,70.07529999999997,465523.87430761015,566058.2093185601,100534.33501094993,False,xgboost,xgboost_epidemiology,xgboost_climate
Colombia,2023,395,2,2595.0,1959.4967,2595.0,1989.3096,2595.0,635.5033000000001,605.6904,-29.812900000000127,403864.4443108901,366860.86065215996,-37003.583658730146,True,xgboost,xgboost_epidemiology,xgboost_climate
Colombia,2023,396,2,2876.0,1973.1703,2876.0,1871.5557,2876.0,902.8297,1004.4443000000001,101.61460000000011,815101.46720209,1008908.3518024902,193806.88460040023,False,xgboost,xgboost_epidemiology,xgboost_climate
Colombia,2023,397,2,2474.0,2166.2612,2474.0,2107.762,2474.0,307.7388000000001,366.23799999999983,58.499199999999746,94703.16902544005,134130.27264399987,39427.10361855982,False,xgboost,xgboost_epidemiology,xgboost_climate
Colombia,2023,398,2,2299.0,2194.023,2299.0,2109.1882,2299.0,104.97699999999986,189.81179999999995,84.83480000000009,11020.170528999972,36028.51941923998,25008.348890240006,False,xgboost,xgboost_epidemiology,xgboost_climate
Colombia,2023,399,2,2504.0,2194.3894,2504.0,2181.6123,2504.0,309.6106,322.3877000000002,12.777100000000246,95858.72363235998,103933.82911129015,8075.105478930171,False,xgboost,xgboost_epidemiology,xgboost_climate
Colombia,2023,400,2,2559.0,2194.3894,2559.0,2158.4636,2559.0,364.6106,400.53639999999996,35.92579999999998,132940.88963236,160429.40772495998,27488.51809259999,False,xgboost,xgboost_epidemiology,xgboost_climate
Colombia,2023,401,2,2681.0,2262.307,2681.0,2130.0977,2681.0,418.6930000000002,550.9023000000002,132.20929999999998,175303.8282490002,303493.3441452902,128189.51589629002,False,xgboost,xgboost_epidemiology,xgboost_climate
Colombia,2023,402,2,2677.0,2256.762,2677.0,2212.772,2677.0,420.23799999999983,464.22800000000007,43.99000000000024,176599.97664399986,215507.63598400005,38907.65934000019,False,xgboost,xgboost_epidemiology,xgboost_climate
Colombia,2023,403,2,2809.0,2188.5369,2809.0,2283.8955,2809.0,620.4630999999999,525.1044999999999,-95.35860000000002,384974.4584616099,275734.7359202499,-109239.72254136001,True,xgboost,xgboost_epidemiology,xgboost_climate
Colombia,2023,404,2,2984.0,2256.762,2984.0,2185.7688,2984.0,727.2379999999998,798.2312000000002,70.99320000000034,528875.1086439998,637173.0486534403,108297.94000944053,False,xgboost,xgboost_epidemiology,xgboost_climate
Colombia,2023,405,2,2632.0,2259.453,2632.0,2264.9016,2632.0,372.547,367.09839999999986,-5.4486000000001695,138791.267209,134761.2352825599,-4030.031926440104,True,xgboost,xgboost_epidemiology,xgboost_climate
Colombia,2023,406,2,2964.0,2264.4424,2964.0,2236.0068,2964.0,699.5576000000001,727.9931999999999,28.435599999999795,489380.83571776014,529974.0992462399,40593.26352847973,False,xgboost,xgboost_epidemiology,xgboost_climate
Colombia,2023,407,2,2969.0,2266.3142,2969.0,2254.6077,2969.0,702.6858000000002,714.3923,11.706499999999778,493767.3335216403,510356.35829928995,16589.02477764967,False,xgboost,xgboost_epidemiology,xgboost_climate
Colombia,2023,408,2,2852.0,2272.5447,2852.0,2318.1736,2852.0,579.4553000000001,533.8263999999999,-45.62890000000016,335768.4446980901,284970.6253369599,-50797.81936113018,True,xgboost,xgboost_epidemiology,xgboost_climate
Colombia,2023,409,2,3322.0,2285.8433,3322.0,2326.123,3322.0,1036.1567,995.877,-40.27970000000005,1073620.70695489,991770.9991289999,-81849.70782589004,True,xgboost,xgboost_epidemiology,xgboost_climate
Colombia,2023,410,2,3638.0,2287.9094,3638.0,2294.032,3638.0,1350.0906,1343.9679999999998,-6.122600000000148,1822744.62820836,1806249.9850239996,-16494.64318436035,True,xgboost,xgboost_epidemiology,xgboost_climate
Colombia,2023,411,2,3999.0,2287.9094,3999.0,2315.3157,3999.0,1711.0906,1683.6843,-27.4063000000001,2927831.04140836,2834792.8220664896,-93038.2193418704,True,xgboost,xgboost_epidemiology,xgboost_climate
Colombia,2023,412,2,3916.0,2280.4443,3916.0,2355.3906,3916.0,1635.5557,1560.6093999999998,-74.94630000000006,2675042.4478024896,2435501.6993683595,-239540.7484341301,True,xgboost,xgboost_epidemiology,xgboost_climate
Colombia,2023,413,2,4130.0,2280.4443,4130.0,2335.8997,4130.0,1849.5557,1794.1003,-55.45539999999983,3420856.2874024897,3218795.88646009,-202060.40094239963,True,xgboost,xgboost_epidemiology,xgboost_climate
Colombia,2023,414,2,4650.0,2156.543,4650.0,2229.2266,4650.0,2493.457,2420.7734,-72.68359999999984,6217327.810849,5860143.85414756,-357183.9567014398,True,xgboost,xgboost_epidemiology,xgboost_climate
Colombia,2023,415,2,3922.0,1791.9681,3922.0,2098.8145,3922.0,2130.0319,1823.1855,-306.8463999999999,4537035.89501761,3324005.36741025,-1213030.52760736,True,xgboost,xgboost_epidemiology,xgboost_climate
Colombia,2023,416,2,3859.0,1866.9415,3859.0,2096.798,3859.0,1992.0585,1762.2020000000002,-229.85649999999987,3968297.0674222503,3105355.888804001,-862941.1786182495,True,xgboost,xgboost_epidemiology,xgboost_climate
Peru,2023,365,2,1596.0,1135.0663,1596.0,1070.2087,1596.0,460.93370000000004,525.7913000000001,64.85760000000005,212459.87579569005,276456.4911556901,63996.615360000054,False,xgboost,xgboost_epidemiology,xgboost_climate
Peru,2023,366,2,1499.0,818.1043,1499.0,911.2183,1499.0,680.8957,587.7817,-93.11400000000003,463618.95427849004,345487.32685489,-118131.62742360006,True,xgboost,xgboost_epidemiology,xgboost_climate
Peru,2023,367,2,1851.0,1086.4211,1851.0,1183.9874,1851.0,764.5789,667.0126,-97.56629999999996,584580.89432521,444905.80855876004,-139675.08576644998,True,xgboost,xgboost_epidemiology,xgboost_climate
Peru,2023,368,2,1757.0,1175.0792,1757.0,1287.9337,1757.0,581.9208000000001,469.06629999999996,-112.85450000000014,338631.81747264013,220023.19379568996,-118608.62367695017,True,xgboost,xgboost_epidemiology,xgboost_climate
Peru,2023,369,2,1914.0,1309.9181,1914.0,1426.3844,1914.0,604.0818999999999,487.6156000000001,-116.46629999999982,364914.9419076099,237768.97336336007,-127145.9685442498,True,xgboost,xgboost_epidemiology,xgboost_climate
Peru,2023,370,2,2142.0,1529.4226,2142.0,1475.3654,2142.0,612.5773999999999,666.6346000000001,54.05720000000019,375251.0709907599,444401.68991716014,69150.61892640026,False,xgboost,xgboost_epidemiology,xgboost_climate
Peru,2023,371,2,2303.0,1631.474,2303.0,1519.4154,2303.0,671.5260000000001,783.5845999999999,112.05859999999984,450947.1686760001,614004.8253571598,163057.65668115974,False,xgboost,xgboost_epidemiology,xgboost_climate
Peru,2023,372,2,2513.0,2288.3953,2513.0,2346.1133,2513.0,224.60469999999987,166.88670000000002,-57.71799999999985,50447.27126208994,27851.170636890005,-22596.100625199935,True,xgboost,xgboost_epidemiology,xgboost_climate
Peru,2023,373,2,2545.0,2542.7507,2545.0,2391.7168,2545.0,2.2492999999999483,153.28319999999985,151.0338999999999,5.059350489999767,23495.739402239953,23490.680051749954,False,xgboost,xgboost_epidemiology,xgboost_climate
Peru,2023,374,2,2528.0,2581.065,2528.0,2365.771,2528.0,53.065000000000055,162.22899999999981,109.16399999999976,2815.894225000006,26318.24844099994,23502.354215999934,False,xgboost,xgboost_epidemiology,xgboost_climate
Peru,2023,375,2,3018.0,2552.0405,3018.0,2296.8528,3018.0,465.95949999999993,721.1471999999999,255.18769999999995,217118.25564024993,520053.28406783985,302935.0284275899,False,xgboost,xgboost_epidemiology,xgboost_climate
Peru,2023,376,2,3796.0,2536.0325,3796.0,2493.926,3796.0,1259.9675000000002,1302.074,42.10649999999987,1587518.1010562505,1695396.7014760002,107878.60041974974,False,xgboost,xgboost_epidemiology,xgboost_climate
Peru,2023,377,2,4099.0,2683.3977,4099.0,2733.847,4099.0,1415.6023,1365.1529999999998,-50.44930000000022,2003929.8717652902,1863642.7134089994,-140287.15835629078,True,xgboost,xgboost_epidemiology,xgboost_climate
Peru,2023,378,2,4430.0,3698.6372,4430.0,3881.0261,4430.0,731.3627999999999,548.9739,-182.38889999999992,534891.5452238398,301372.34288121,-233519.20234262984,True,xgboost,xgboost_epidemiology,xgboost_climate
Peru,2023,379,2,6520.0,3991.4602,6520.0,3684.01,6520.0,2528.5398,2835.99,307.45019999999977,6393513.52018404,8042839.280099999,1649325.759915959,False,xgboost,xgboost_epidemiology,xgboost_climate
Peru,2023,380,2,7614.0,4069.032,7614.0,4173.688,7614.0,3544.968,3440.312,-104.65599999999995,12566798.121024,11835746.657343999,-731051.463680001,True,xgboost,xgboost_epidemiology,xgboost_climate
Peru,2023,381,2,8594.0,3447.7239,8594.0,3516.9917,8594.0,5146.2761,5077.0082999999995,-69.26780000000053,26484157.69743121,25776013.278268885,-708144.4191623256,True,xgboost,xgboost_epidemiology,xgboost_climate
Peru,2023,382,2,11860.0,3331.0068,11860.0,3498.9014,11860.0,8528.9932,8361.0986,-167.89460000000145,72743725.00564626,69907969.79892194,-2835755.206724316,True,xgboost,xgboost_epidemiology,xgboost_climate
Peru,2023,383,2,15304.0,3092.8997,15304.0,3712.3203,15304.0,12211.1003,11591.6797,-619.4205999999995,149110970.5366601,134367038.2673921,-14743932.269268006,True,xgboost,xgboost_epidemiology,xgboost_climate
Peru,2023,384,2,20425.0,3050.7395,20425.0,3140.7854,20425.0,17374.2605,17284.2146,-90.04590000000098,301864927.9218603,298744074.3388531,-3120853.583007157,True,xgboost,xgboost_epidemiology,xgboost_climate
Peru,2023,385,2,18043.0,2419.1838,18043.0,2808.3237,18043.0,15623.816200000001,15234.6763,-389.13990000000194,244103632.65138248,232095361.96578166,-12008270.685600817,True,xgboost,xgboost_epidemiology,xgboost_climate
Peru,2023,386,2,17868.0,1894.6996,17868.0,2219.6113,17868.0,15973.3004,15648.3887,-324.91170000000056,255146325.66864017,244872068.90628767,-10274256.762352496,True,xgboost,xgboost_epidemiology,xgboost_climate
Peru,2023,387,2,15637.0,1766.3251,15637.0,2176.9753,15637.0,13870.6749,13460.0247,-410.65020000000004,192395622.18149,181172264.92461008,-11223357.256879926,True,xgboost,xgboost_epidemiology,xgboost_climate
Peru,2023,388,2,13340.0,1543.2877,13340.0,1680.108,13340.0,11796.7123,11659.892,-136.8202999999994,139162421.08897126,135953081.451664,-3209339.6373072565,True,xgboost,xgboost_epidemiology,xgboost_climate
Peru,2023,389,2,11073.0,1473.9686,11073.0,1481.5168,11073.0,9599.0314,9591.4832,-7.5481999999992695,92141403.81818596,91996549.97588225,-144853.8423037082,True,xgboost,xgboost_epidemiology,xgboost_climate
Peru,2023,390,2,8681.0,1280.7157,8681.0,1292.6125,8681.0,7400.2843,7388.3875,-11.89680000000044,54764207.72082649,54588269.85015625,-175937.8706702441,True,xgboost,xgboost_epidemiology,xgboost_climate
Peru,2023,391,2,8132.0,1261.0665,8132.0,1200.235,8132.0,6870.9335,6931.765,60.83150000000023,47209727.16142225,48049366.01522501,839638.8538027555,False,xgboost,xgboost_epidemiology,xgboost_climate
Peru,2023,392,2,7669.0,1261.0665,7669.0,928.5713,7669.0,6407.9335,6740.4287,332.4952000000003,41061611.74042225,45433379.0597837,4371767.319361448,False,xgboost,xgboost_epidemiology,xgboost_climate
Peru,2023,393,2,6815.0,1261.0665,6815.0,1061.4469,6815.0,5553.9335,5753.5531,199.6196,30846177.32242225,33103373.27451961,2257195.95209736,False,xgboost,xgboost_epidemiology,xgboost_climate
Peru,2023,394,2,5158.0,1280.7157,5158.0,1010.4164,5158.0,3877.2843000000003,4147.5836,270.2992999999997,15033333.543026492,17202449.71898896,2169116.1759624667,False,xgboost,xgboost_epidemiology,xgboost_climate
Peru,2023,395,2,5423.0,1428.605,5423.0,1313.6873,5423.0,3994.395,4109.3127,114.91770000000042,15955191.416025,16886450.866381295,931259.4503562953,False,xgboost,xgboost_epidemiology,xgboost_climate
Peru,2023,396,2,5060.0,1468.1104,5060.0,1322.4451,5060.0,3591.8896,3737.5549,145.66530000000012,12901670.89858816,13969316.63051401,1067645.7319258507,False,xgboost,xgboost_epidemiology,xgboost_climate
Peru,2023,397,2,4380.0,1614.8164,4380.0,1241.1582,4380.0,2765.1836000000003,3138.8418,373.65819999999985,7646240.341708962,9852327.845427241,2206087.5037182793,False,xgboost,xgboost_epidemiology,xgboost_climate
Peru,2023,398,2,3824.0,1685.3444,3824.0,1419.0077,3824.0,2138.6556,2404.9923,266.33669999999984,4573847.77541136,5783987.963059289,1210140.1876479294,False,xgboost,xgboost_epidemiology,xgboost_climate
Peru,2023,399,2,3466.0,1762.241,3466.0,1378.8817,3466.0,1703.759,2087.1183,383.3593000000001,2902794.730081,4356062.798194891,1453268.068113891,False,xgboost,xgboost_epidemiology,xgboost_climate
Peru,2023,400,2,3368.0,1959.0667,3368.0,1504.5645,3368.0,1408.9333,1863.4355,454.50220000000013,1985093.0438488899,3472391.86266025,1487298.8188113603,False,xgboost,xgboost_epidemiology,xgboost_climate
Peru,2023,401,2,2883.0,1422.4631,2883.0,1226.6481,2883.0,1460.5369,1656.3519,195.81499999999983,2133168.03626161,2743501.6166336094,610333.5803719992,False,xgboost,xgboost_epidemiology,xgboost_climate
Peru,2023,402,2,2317.0,1353.7787,2317.0,1302.7778,2317.0,963.2212999999999,1014.2221999999999,51.0009,927795.2727736898,1028646.6709728398,100851.39819914999,False,xgboost,xgboost_epidemiology,xgboost_climate
Peru,2023,403,2,2158.0,1409.857,2158.0,1649.0498,2158.0,748.143,508.9502,-239.19280000000003,559717.948449,259030.30608004,-300687.64236896,True,xgboost,xgboost_epidemiology,xgboost_climate
Peru,2023,404,2,2028.0,1327.4722,2028.0,1437.8704,2028.0,700.5278000000001,590.1296,-110.39820000000009,490739.1985728401,348252.94479616,-142486.2537766801,True,xgboost,xgboost_epidemiology,xgboost_climate
Peru,2023,405,2,1829.0,1441.8842,1829.0,1489.2295,1829.0,387.11580000000004,339.7705000000001,-47.34529999999995,149858.64260964002,115443.99267025005,-34414.64993938997,True,xgboost,xgboost_epidemiology,xgboost_climate
Peru,2023,406,2,1874.0,1437.0808,1874.0,1437.8546,1874.0,436.91920000000005,436.1454000000001,-0.7737999999999374,190898.38732864003,190222.80994116009,-675.5773874799488,True,xgboost,xgboost_epidemiology,xgboost_climate
Peru,2023,407,2,1563.0,1172.9843,1563.0,1247.8098,1563.0,390.0156999999999,315.1902,-74.82549999999992,152112.24624648993,99344.86217604,-52767.38407044993,True,xgboost,xgboost_epidemiology,xgboost_climate
Peru,2023,408,2,1626.0,1099.3705,1626.0,1158.8998,1626.0,526.6295,467.1002000000001,-59.52929999999992,277338.63027025,218182.5968400401,-59156.033430209936,True,xgboost,xgboost_epidemiology,xgboost_climate
Peru,2023,409,2,1800.0,1197.1973,1800.0,1295.9503,1800.0,602.8027,504.04970000000003,-98.75299999999993,363371.09512728994,254066.10007009003,-109304.9950571999,True,xgboost,xgboost_epidemiology,xgboost_climate
Peru,2023,410,2,1802.0,1185.1786,1802.0,1236.3763,1802.0,616.8214,565.6237000000001,-51.19769999999994,380468.63949796004,319930.1700016901,-60538.46949626994,True,xgboost,xgboost_epidemiology,xgboost_climate
Peru,2023,411,2,1823.0,1332.0543,1823.0,1329.2256,1823.0,490.9457,493.7744,2.828700000000026,241027.68034849,243813.15809536,2785.4777468700195,False,xgboost,xgboost_epidemiology,xgboost_climate
Peru,2023,412,2,1854.0,1414.1726,1854.0,1229.5356,1854.0,439.8273999999999,624.4644000000001,184.63700000000017,193448.14179075992,389955.78686736006,196507.64507660014,False,xgboost,xgboost_epidemiology,xgboost_climate
Peru,2023,413,2,1680.0,1462.7548,1680.0,1313.0442,1680.0,217.24520000000007,366.95579999999995,149.71059999999989,47195.47692304003,134656.55915363997,87461.08223059995,False,xgboost,xgboost_epidemiology,xgboost_climate
Peru,2023,414,2,1784.0,1462.7548,1784.0,1409.588,1784.0,321.24520000000007,374.41200000000003,53.16679999999997,103198.47852304004,140184.34574400002,36985.867220959975,False,xgboost,xgboost_epidemiology,xgboost_climate
Peru,2023,415,2,1651.0,1400.5494,1651.0,1371.002,1651.0,250.4505999999999,279.99800000000005,29.547400000000152,62725.503040359945,78398.88000400002,15673.376963640076,False,xgboost,xgboost_epidemiology,xgboost_climate
Peru,2023,416,2,1310.0,1485.9893,1310.0,1437.6316,1310.0,175.98929999999996,127.63159999999993,-48.35770000000002,30972.233714489987,16289.825318559984,-14682.408395930002,True,xgboost,xgboost_epidemiology,xgboost_climate
Philippines,2023,375,2,275.0,899.815,275.0,907.96094,275.0,624.815,632.96094,8.145939999999996,390393.78422500007,400639.5515656837,10245.767340683611,False,xgboost,xgboost_epidemiology,xgboost_climate
Philippines,2023,376,2,141.0,859.287,141.0,870.44775,141.0,718.287,729.44775,11.160750000000007,515936.21436900005,532094.0199800626,16157.805611062562,False,xgboost,xgboost_epidemiology,xgboost_climate
Philippines,2023,377,2,1196.0,785.1324,1196.0,846.3316,1196.0,410.86760000000004,349.6684,-61.19920000000002,168812.18472976002,122267.98995856,-46544.19477120001,True,xgboost,xgboost_epidemiology,xgboost_climate
Philippines,2023,378,2,1196.0,785.1324,1196.0,851.7651,1196.0,410.86760000000004,344.23490000000004,-66.6327,168812.18472976002,118497.66637801002,-50314.51835175,True,xgboost,xgboost_epidemiology,xgboost_climate
Philippines,2023,379,2,1197.0,1220.8914,1197.0,1193.2102,1197.0,23.891399999999976,3.789800000000014,-20.101599999999962,570.7989939599988,14.362584040000105,-556.4364099199987,True,xgboost,xgboost_epidemiology,xgboost_climate
Philippines,2023,380,2,1482.0,1383.4999,1482.0,1341.6533,1482.0,98.50009999999997,140.34670000000006,41.84660000000008,9702.269700009994,19697.196200890015,9994.926500880021,False,xgboost,xgboost_epidemiology,xgboost_climate
Philippines,2023,381,2,1684.0,1382.6788,1684.0,1338.101,1684.0,301.3212000000001,345.8989999999999,44.5777999999998,90794.46556944006,119646.11820099992,28851.65263155986,False,xgboost,xgboost_epidemiology,xgboost_climate
Philippines,2023,382,2,1746.0,1638.6661,1746.0,1563.267,1746.0,107.33390000000009,182.73299999999995,75.39909999999986,11520.566089210019,33391.34928899998,21870.783199789963,False,xgboost,xgboost_epidemiology,xgboost_climate
Philippines,2023,383,2,1727.0,1990.7252,1727.0,1995.588,1727.0,263.7252000000001,268.58799999999997,4.862799999999879,69550.98111504005,72139.51374399998,2588.5326289599325,False,xgboost,xgboost_epidemiology,xgboost_climate
Philippines,2023,384,2,1794.0,2199.503,1794.0,2462.6355,1794.0,405.50300000000016,668.6354999999999,263.1324999999997,164432.68300900012,447073.43186024984,282640.7488512497,False,xgboost,xgboost_epidemiology,xgboost_climate
Philippines,2023,385,2,2269.0,2138.2927,2269.0,2419.822,2269.0,130.70730000000003,150.82200000000012,20.114700000000084,17084.398273290008,22747.275684000037,5662.877410710029,False,xgboost,xgboost_epidemiology,xgboost_climate
Philippines,2023,386,2,2552.0,2272.653,2552.0,2616.9873,2552.0,279.3470000000002,64.98729999999978,-214.35970000000043,78034.74640900012,4223.349161289971,-73811.39724771015,True,xgboost,xgboost_epidemiology,xgboost_climate
Philippines,2023,387,2,207.0,2754.386,207.0,2940.5823,207.0,2547.386,2733.5823,186.19630000000006,6489175.432996,7472472.19087329,983296.7578772902,False,xgboost,xgboost_epidemiology,xgboost_climate
Philippines,2023,388,2,162.0,3179.1963,162.0,3237.161,162.0,3017.1963,3075.161,57.96469999999999,9103473.51273369,9456615.175921,353141.6631873101,False,xgboost,xgboost_epidemiology,xgboost_climate
Philippines,2023,389,2,132.0,1178.112,132.0,1157.4952,132.0,1046.112,1025.4952,-20.616800000000012,1094350.316544,1051640.4052230401,-42709.911320959916,True,xgboost,xgboost_epidemiology,xgboost_climate
Philippines,2023,390,2,181.0,827.48425,181.0,865.7805,181.0,646.48425,684.7805,38.296249999999986,417941.8854980625,468924.33318024996,50982.447682187485,False,xgboost,xgboost_epidemiology,xgboost_climate
Philippines,2023,391,2,271.0,790.0437,271.0,870.1266,271.0,519.0437,599.1266,80.08290000000011,269406.36250968993,358952.68282756006,89546.32031787012,False,xgboost,xgboost_epidemiology,xgboost_climate
Philippines,2023,392,2,147.0,790.0437,147.0,866.2179,147.0,643.0437,719.2179,76.17420000000004,413505.2001096899,517274.38768041,103769.1875707201,False,xgboost,xgboost_epidemiology,xgboost_climate
Philippines,2023,393,2,735.0,785.46533,735.0,881.94653,735.0,50.465329999999994,146.94653000000005,96.48120000000006,2546.749532008899,21593.282679040916,19046.533147032016,False,xgboost,xgboost_epidemiology,xgboost_climate
Philippines,2023,394,2,715.0,815.6668,715.0,900.90155,715.0,100.66679999999997,185.90155000000004,85.23475000000008,10133.804622239993,34559.386292402516,24425.581670162523,False,xgboost,xgboost_epidemiology,xgboost_climate
Philippines,2023,395,2,893.0,806.7218,893.0,917.31616,893.0,86.27819999999997,24.316159999999968,-61.96204,7443.927795239994,591.2756371455985,-6852.652158094395,True,xgboost,xgboost_epidemiology,xgboost_climate
Philippines,2023,396,2,2955.0,778.8146,2955.0,887.577,2955.0,2176.1854,2067.423,-108.76240000000007,4735782.895173159,4274237.860928999,-461545.03424416017,True,xgboost,xgboost_epidemiology,xgboost_climate
Philippines,2023,397,2,3355.0,993.5016,3355.0,903.0988,3355.0,2361.4984,2451.9012000000002,90.4028000000003,5576674.69320256,6011819.494561441,435144.8013588814,False,xgboost,xgboost_epidemiology,xgboost_climate
Philippines,2023,398,2,3591.0,2450.474,3591.0,2447.4087,3591.0,1140.5259999999998,1143.5913,3.0653000000002066,1300799.5566759997,1307801.0614356901,7001.5047596904915,False,xgboost,xgboost_epidemiology,xgboost_climate
Philippines,2023,399,2,3356.0,3858.6187,3356.0,3958.5625,3356.0,502.6187,602.5625,99.94380000000001,252625.55758969,363081.56640625,110456.00881656,False,xgboost,xgboost_epidemiology,xgboost_climate
Philippines,2023,400,2,3393.0,4056.75,3393.0,4233.4893,3393.0,663.75,840.4893000000002,176.73930000000018,440564.0625,706422.2634144903,265858.20091449027,False,xgboost,xgboost_epidemiology,xgboost_climate
Philippines,2023,401,2,3179.0,3980.707,3179.0,4186.08,3179.0,801.7069999999999,1007.0799999999999,205.37300000000005,642734.1138489998,1014210.1263999998,371476.012551,False,xgboost,xgboost_epidemiology,xgboost_climate
Philippines,2023,402,2,3142.0,3701.7542,3142.0,4006.7727,3142.0,559.7541999999999,864.7727,305.01850000000013,313324.7644176398,747831.82266529,434507.05824765016,False,xgboost,xgboost_epidemiology,xgboost_climate
Philippines,2023,403,2,3318.0,3230.183,3318.0,3561.1028,3318.0,87.81700000000001,243.10280000000012,155.2858000000001,7711.825489000002,59098.97136784006,51387.145878840056,False,xgboost,xgboost_epidemiology,xgboost_climate
Philippines,2023,404,2,2578.0,3130.9163,2578.0,3458.9082,2578.0,552.9162999999999,880.9081999999999,327.9919,305716.43480568985,775999.2568272398,470282.8220215499,False,xgboost,xgboost_epidemiology,xgboost_climate
Philippines,2023,405,2,2720.0,3239.215,2720.0,3773.5818,2720.0,519.2150000000001,1053.5818,534.3667999999998,269584.21622500016,1110034.6092912399,840450.3930662398,False,xgboost,xgboost_epidemiology,xgboost_climate
Philippines,2023,406,2,3430.0,2168.266,3430.0,2778.7803,3430.0,1261.734,651.2197000000001,-610.5142999999998,1591972.686756,424087.09766809014,-1167885.5890879098,True,xgboost,xgboost_epidemiology,xgboost_climate
Philippines,2023,407,2,2672.0,2266.284,2672.0,2800.0627,2672.0,405.7159999999999,128.06269999999995,-277.65329999999994,164605.4726559999,16400.055131289988,-148205.41752470992,True,xgboost,xgboost_epidemiology,xgboost_climate
Philippines,2023,408,2,1939.0,3072.8215,1939.0,3303.148,1939.0,1133.8215,1364.1480000000001,230.32650000000012,1285551.19386225,1860899.7659040003,575348.5720417502,False,xgboost,xgboost_epidemiology,xgboost_climate
Philippines,2023,409,2,2607.0,2289.2776,2607.0,2721.2527,2607.0,317.7224000000001,114.2527,-203.4697000000001,100947.52346176007,13053.679457290002,-87893.84400447007,True,xgboost,xgboost_epidemiology,xgboost_climate
Singapore,2025,469,2,97.0,123.8221,97.0,127.624016,97.0,26.822100000000006,30.624015999999997,3.8019159999999914,719.4250484100003,937.8303559682558,218.40530755825557,False,xgboost,xgboost_epidemiology,xgboost_climate
Singapore,2025,470,2,118.0,95.46125,118.0,102.659294,118.0,22.538749999999993,15.340705999999997,-7.198043999999996,507.9952515624997,235.33726057843592,-272.65799098406376,True,xgboost,xgboost_epidemiology,xgboost_climate
Singapore,2025,471,2,99.0,118.89894,99.0,116.52198,99.0,19.898939999999996,17.52198,-2.376959999999997,395.96781312359985,307.01978312039995,-88.9480300031999,True,xgboost,xgboost_epidemiology,xgboost_climate
Singapore,2025,472,2,118.0,126.30991,118.0,120.98741,118.0,8.309910000000002,2.987409999999997,-5.322500000000005,69.05460420810003,8.924618508099982,-60.12998570000005,True,xgboost,xgboost_epidemiology,xgboost_climate
Singapore,2025,473,2,54.0,110.898186,54.0,95.585014,54.0,56.898185999999995,41.585014,-15.313171999999994,3237.4035700905956,1729.313389380196,-1508.0901807103996,True,xgboost,xgboost_epidemiology,xgboost_climate
Singapore,2025,474,2,113.0,125.64951,113.0,112.91213,113.0,12.649510000000006,0.08786999999999523,-12.561640000000011,160.01010324010016,0.007721136899999162,-160.00238210320018,True,xgboost,xgboost_epidemiology,xgboost_climate
Singapore,2025,475,2,114.0,64.29513,114.0,52.577934,114.0,49.70487,61.422066,11.717196000000001,2470.5741017169,3772.670191708356,1302.0960899914562,False,xgboost,xgboost_epidemiology,xgboost_climate
Singapore,2025,476,2,71.0,102.87329,71.0,102.059975,71.0,31.873289999999997,31.059974999999994,-0.8133150000000029,1015.9066154240999,964.7220470006247,-51.184568423475184,True,xgboost,xgboost_epidemiology,xgboost_climate
Singapore,2025,477,2,82.0,122.30136,82.0,128.98477,82.0,40.30136,46.98477,6.683409999999995,1624.1996178496001,2207.5686119528996,583.3689941032994,False,xgboost,xgboost_epidemiology,xgboost_climate
Singapore,2025,478,2,86.0,76.0211,86.0,67.83513,86.0,9.978899999999996,18.164869999999993,8.185969999999998,99.57844520999991,329.96250211689977,230.38405690689984,False,xgboost,xgboost_epidemiology,xgboost_climate
Singapore,2025,479,2,72.0,67.71779,72.0,60.585716,72.0,4.282210000000006,11.414284000000002,7.132073999999996,18.337322484100053,130.28587923265604,111.94855674855599,False,xgboost,xgboost_epidemiology,xgboost_climate
Singapore,2025,480,2,100.0,70.286026,100.0,60.51739,100.0,29.713973999999993,39.48261,9.768636000000008,882.9202508726756,1558.8764924121,675.9562415394245,False,xgboost,xgboost_epidemiology,xgboost_climate
Singapore,2025,481,2,98.0,65.13758,98.0,54.83436,98.0,32.86242,43.16564,10.303220000000003,1079.9386482564,1863.2724766096003,783.3338283532003,False,xgboost,xgboost_epidemiology,xgboost_climate
Singapore,2025,482,2,87.0,88.01024,87.0,95.9795,87.0,1.010239999999996,8.979500000000002,7.969260000000006,1.020584857599992,80.63142025000003,79.61083539240005,False,xgboost,xgboost_epidemiology,xgboost_climate
Singapore,2025,483,2,92.0,102.61274,92.0,109.092155,92.0,10.612740000000002,17.092155000000005,6.479415000000003,112.63025030760005,292.1417625440252,179.51151223642515,False,xgboost,xgboost_epidemiology,xgboost_climate
Singapore,2025,484,2,94.0,79.91747,94.0,84.31084,94.0,14.082530000000006,9.689160000000001,-4.393370000000004,198.31765120090014,93.87982150560002,-104.43782969530012,True,xgboost,xgboost_epidemiology,xgboost_climate
Singapore,2025,485,2,107.0,87.591545,107.0,89.01443,107.0,19.408455000000004,17.985569999999996,-1.422885000000008,376.68812548702516,323.48072822489985,-53.20739726212531,True,xgboost,xgboost_epidemiology,xgboost_climate
Singapore,2025,486,2,89.0,98.7564,89.0,105.99203,89.0,9.7564,16.99203,7.2356300000000005,95.18734095999999,288.7290835209,193.54174256090005,False,xgboost,xgboost_epidemiology,xgboost_climate
Singapore,2025,487,2,105.0,114.853226,105.0,113.810265,105.0,9.853226000000006,8.810265000000001,-1.0429610000000054,97.08606260707613,77.62076937022502,-19.46529323685111,True,xgboost,xgboost_epidemiology,xgboost_climate
Singapore,2025,488,2,103.0,86.466995,103.0,85.56083,103.0,16.533005000000003,17.439170000000004,0.9061650000000014,273.3402543300251,304.12465028890017,30.784395958875052,False,xgboost,xgboost_epidemiology,xgboost_climate
Singapore,2025,489,2,118.0,96.28607,118.0,103.32858,118.0,21.713930000000005,14.671419999999998,-7.042510000000007,471.4947560449002,215.25056481639993,-256.2441912285003,True,xgboost,xgboost_epidemiology,xgboost_climate
Singapore,2025,490,2,117.0,108.41708,117.0,113.44689,117.0,8.582920000000001,3.5531100000000038,-5.029809999999998,73.66651572640002,12.624590672100027,-61.041925054299995,True,xgboost,xgboost_epidemiology,xgboost_climate
Singapore,2025,491,2,118.0,126.55972,118.0,131.70287,118.0,8.559719999999999,13.70286999999999,5.1431499999999915,73.26880647839998,187.76864623689974,114.49983975849976,False,xgboost,xgboost_epidemiology,xgboost_climate
Singapore,2025,492,2,125.0,132.18338,125.0,134.19856,125.0,7.18338,9.198559999999986,2.0151799999999866,51.60094822439999,84.61350607359975,33.01255784919976,False,xgboost,xgboost_epidemiology,xgboost_climate
Singapore,2025,493,2,106.0,131.68712,106.0,131.17354,106.0,25.687119999999993,25.173540000000003,-0.5135799999999904,659.8281338943997,633.7071161316002,-26.12101776279951,True,xgboost,xgboost_epidemiology,xgboost_climate
Singapore,2025,494,2,100.0,132.22841,100.0,132.74437,100.0,32.22841,32.74437,0.5159600000000069,1038.6704111280999,1072.1937666969002,33.5233555688003,False,xgboost,xgboost_epidemiology,xgboost_climate
Singapore,2025,495,2,119.0,119.21942,119.0,126.32849,119.0,0.2194199999999995,7.328490000000002,7.109070000000003,0.04814513639999978,53.706765680100034,53.65862054370003,False,xgboost,xgboost_epidemiology,xgboost_climate
Singapore,2025,496,2,112.0,101.766525,112.0,99.10416,112.0,10.233474999999999,12.895840000000007,2.6623650000000083,104.72401057562497,166.30268930560018,61.57867872997521,False,xgboost,xgboost_epidemiology,xgboost_climate
Singapore,2025,497,2,86.0,112.676636,86.0,113.76341,86.0,26.676636000000002,27.763409999999993,1.0867739999999912,711.6429082764961,770.8069348280997,59.16402655160357,False,xgboost,xgboost_epidemiology,xgboost_climate
Singapore,2025,498,2,77.0,122.62663,77.0,124.94472,77.0,45.626630000000006,47.944720000000004,2.318089999999998,2081.7893651569007,2298.6961758784005,216.90681072149982,False,xgboost,xgboost_epidemiology,xgboost_climate
Singapore,2025,499,2,71.0,89.67168,71.0,81.74234,71.0,18.671679999999995,10.742339999999999,-7.929339999999996,348.6316340223998,115.39786867559997,-233.23376534679983,True,xgboost,xgboost_epidemiology,xgboost_climate
Singapore,2025,500,2,73.0,71.440765,73.0,68.13757,73.0,1.559235000000001,4.862430000000003,3.3031950000000023,2.4312137852250033,23.643225504900034,21.21201171967503,False,xgboost,xgboost_epidemiology,xgboost_climate
Singapore,2025,501,2,62.0,69.81378,62.0,68.16471,62.0,7.813779999999994,6.1647099999999995,-1.6490699999999947,61.05515788839991,38.003649384099994,-23.051508504299917,True,xgboost,xgboost_epidemiology,xgboost_climate
Singapore,2025,502,2,47.0,68.79964,47.0,60.304825,47.0,21.799639999999997,13.304825000000001,-8.494814999999996,475.22430412959983,177.01836828062503,-298.20593584897483,True,xgboost,xgboost_epidemiology,xgboost_climate
Singapore,2025,503,2,51.0,68.28172,51.0,62.26518,51.0,17.281720000000007,11.26518,-6.016540000000006,298.6578461584002,126.90428043240001,-171.7535657260002,True,xgboost,xgboost_epidemiology,xgboost_climate
Singapore,2025,504,2,42.0,53.764034,42.0,49.50155,42.0,11.764034000000002,7.501550000000002,-4.262484000000001,138.39249595315604,56.27325240250003,-82.11924355065602,True,xgboost,xgboost_epidemiology,xgboost_climate
Singapore,2025,505,2,49.0,55.089382,49.0,56.82671,49.0,6.0893820000000005,7.8267099999999985,1.737327999999998,37.080573141924006,61.257389424099976,24.17681628217597,False,xgboost,xgboost_epidemiology,xgboost_climate
Singapore,2025,506,2,45.0,54.707027,45.0,52.376904,45.0,9.707026999999997,7.376904000000003,-2.3301229999999933,94.22637317872893,54.418712625216045,-39.80766055351289,True,xgboost,xgboost_epidemiology,xgboost_climate
Singapore,2025,507,2,40.0,54.693165,40.0,54.01422,40.0,14.693165,14.014220000000002,-0.6789449999999988,215.889097717225,196.39836220840004,-19.49073550882497,True,xgboost,xgboost_epidemiology,xgboost_climate
Singapore,2025,508,2,55.0,55.98247,55.0,54.235676,55.0,0.9824699999999993,0.764324000000002,-0.2181459999999973,0.9652473008999986,0.5841911769760031,-0.38105612392399546,True,xgboost,xgboost_epidemiology,xgboost_climate
Singapore,2025,509,2,33.0,52.818047,33.0,46.914383,33.0,19.818047,13.914383,-5.903663999999999,392.754986894209,193.61005427068903,-199.14493262352,True,xgboost,xgboost_epidemiology,xgboost_climate
Singapore,2025,510,2,47.0,58.94944,47.0,56.37867,47.0,11.949440000000003,9.37867,-2.570770000000003,142.78911631360006,87.95945096889999,-54.829665344700075,True,xgboost,xgboost_epidemiology,xgboost_climate
Singapore,2025,511,2,36.0,50.117718,36.0,44.44773,36.0,14.117718000000004,8.44773,-5.669988000000004,199.3099615275241,71.3641421529,-127.94581937462411,True,xgboost,xgboost_epidemiology,xgboost_climate
Singapore,2025,512,2,53.0,48.70052,53.0,40.042004,53.0,4.299480000000003,12.957996000000001,8.658515999999999,18.48552827040002,167.90966033601603,149.42413206561602,False,xgboost,xgboost_epidemiology,xgboost_climate
Singapore,2025,513,2,55.0,47.63231,55.0,46.254074,55.0,7.367690000000003,8.745925999999997,1.378235999999994,54.28285593610005,76.49122159747596,22.208365661375908,False,xgboost,xgboost_epidemiology,xgboost_climate
Singapore,2025,514,2,39.0,48.58342,39.0,49.980843,39.0,9.583419999999997,10.980843,1.3974230000000034,91.84193889639994,120.578912990649,28.736974094249064,False,xgboost,xgboost_epidemiology,xgboost_climate
Singapore,2025,515,2,39.0,58.02322,39.0,56.91126,39.0,19.023220000000002,17.91126,-1.1119600000000034,361.88289916840006,320.8132347875999,-41.069664380800134,True,xgboost,xgboost_epidemiology,xgboost_climate
Singapore,2025,516,2,27.0,47.89858,27.0,45.765854,27.0,20.898580000000003,18.765853999999997,-2.1327260000000052,436.7506460164001,352.1572763493159,-84.59336966708418,True,xgboost,xgboost_epidemiology,xgboost_climate
Singapore,2025,517,2,38.0,47.08176,38.0,45.332848,38.0,9.081760000000003,7.3328479999999985,-1.7489120000000042,82.47836469760004,53.77065979110398,-28.707704906496062,True,xgboost,xgboost_epidemiology,xgboost_climate
Singapore,2025,518,2,46.0,47.389668,46.0,47.89915,46.0,1.3896680000000003,1.8991499999999988,0.5094819999999984,1.931177150224001,3.6067707224999954,1.6755935722759945,False,xgboost,xgboost_epidemiology,xgboost_climate
Singapore,2025,519,2,41.0,46.32202,41.0,46.892513,41.0,5.322020000000002,5.892513000000001,0.570492999999999,28.32389688040002,34.72170945516901,6.397812574768992,False,xgboost,xgboost_epidemiology,xgboost_climate
Singapore,2025,520,2,32.0,51.181095,32.0,54.58704,32.0,19.181095,22.587040000000002,3.4059450000000027,367.914405399025,510.1743759616001,142.25997056257512,False,xgboost,xgboost_epidemiology,xgboost_climate
Sri Lanka,2024,417,2,2760.0,2694.624,2760.0,3871.246,2760.0,65.3760000000002,1111.246,1045.87,4274.021376000027,1234867.6725160002,1230593.6511400002,False,xgboost,xgboost_epidemiology,xgboost_climate
Sri Lanka,2024,427,2,975.0,1245.1729,975.0,1277.9629,975.0,270.1729,302.9629,32.789999999999964,72993.39589441002,91786.51877641,18793.12288199998,False,xgboost,xgboost_epidemiology,xgboost_climate
Sri Lanka,2024,428,2,1004.0,991.4669,1004.0,842.40784,1004.0,12.53309999999999,161.59216000000004,149.05906000000004,157.07859560999975,26112.026173465612,25954.94757785561,False,xgboost,xgboost_epidemiology,xgboost_climate
Sri Lanka,2024,429,2,747.0,868.0165,747.0,670.76154,747.0,121.01649999999995,76.23846000000003,-44.77803999999992,14644.993272249989,5812.3027831716045,-8832.690489078384,True,xgboost,xgboost_epidemiology,xgboost_climate
Sri Lanka,2024,430,2,664.0,819.3872,664.0,702.5463,664.0,155.3872,38.546299999999974,-116.84090000000003,24145.181923840002,1485.817243689998,-22659.364680150004,True,xgboost,xgboost_epidemiology,xgboost_climate
Sri Lanka,2024,431,2,614.0,634.2848,614.0,619.41315,614.0,20.28480000000002,5.413149999999973,-14.871650000000045,411.47311104000073,29.30219292249971,-382.170918117501,True,xgboost,xgboost_epidemiology,xgboost_climate
Sri Lanka,2024,432,2,427.0,699.4123,427.0,656.4332,427.0,272.41229999999996,229.43320000000006,-42.9790999999999,74208.46119128997,52639.59326224003,-21568.867929049942,True,xgboost,xgboost_epidemiology,xgboost_climate
Sri Lanka,2024,433,2,576.0,514.8198,576.0,477.57828,576.0,61.18020000000001,98.42172,37.24151999999998,3743.0168720400015,9686.8349677584,5943.818095718398,False,xgboost,xgboost_epidemiology,xgboost_climate
Sri Lanka,2024,434,2,537.0,476.88116,537.0,499.16553,537.0,60.11883999999998,37.83447000000001,-22.284369999999967,3614.274922945597,1431.4471201809008,-2182.8278027646966,True,xgboost,xgboost_epidemiology,xgboost_climate
Sri Lanka,2024,435,2,571.0,581.63855,571.0,609.61017,571.0,10.63855000000001,38.61017000000004,27.97162000000003,113.1787461025002,1490.745227428903,1377.566481326403,False,xgboost,xgboost_epidemiology,xgboost_climate
Sri Lanka,2024,436,2,589.0,584.9957,589.0,541.5625,589.0,4.004299999999944,47.4375,43.433200000000056,16.03441848999955,2250.31640625,2234.2819877600004,False,xgboost,xgboost_epidemiology,xgboost_climate
Sri Lanka,2024,437,2,663.0,619.5717,663.0,676.56665,663.0,43.428300000000036,13.566649999999981,-29.861650000000054,1886.017240890003,184.0539922224995,-1701.9632486675034,True,xgboost,xgboost_epidemiology,xgboost_climate
Sri Lanka,2024,438,2,493.0,621.4803,493.0,669.3021,493.0,128.48030000000006,176.3021,47.82179999999994,16507.187488090014,31082.430464409998,14575.242976319983,False,xgboost,xgboost_epidemiology,xgboost_climate
Sri Lanka,2024,439,2,648.0,701.7008,648.0,952.38495,648.0,53.70079999999996,304.38495,250.68415000000005,2883.7759206399955,92650.1977865025,89766.4218658625,False,xgboost,xgboost_epidemiology,xgboost_climate
Sri Lanka,2024,440,2,640.0,536.91144,640.0,685.87946,640.0,103.08856000000003,45.879459999999995,-57.209100000000035,10627.251202873606,2104.9248498915995,-8522.326352982007,True,xgboost,xgboost_epidemiology,xgboost_climate
Sri Lanka,2024,441,2,677.0,638.9991,677.0,778.73987,677.0,38.0009,101.73987,63.738969999999995,1444.0684008100002,10351.001147616898,8906.932746806899,False,xgboost,xgboost_epidemiology,xgboost_climate
Sri Lanka,2024,442,2,683.0,650.1197,683.0,884.3994,683.0,32.880300000000034,201.3994,168.51909999999998,1081.1141280900022,40561.71832036001,39480.60419227,False,xgboost,xgboost_epidemiology,xgboost_climate
Sri Lanka,2024,443,2,875.0,705.37335,875.0,926.57654,875.0,169.62665000000004,51.57654000000002,-118.05011000000002,28773.200390222515,2660.1394783716023,-26113.060911850913,True,xgboost,xgboost_epidemiology,xgboost_climate
Sri Lanka,2024,444,2,935.0,710.8653,935.0,918.3313,935.0,224.13469999999995,16.668699999999944,-207.466,50236.36374408998,277.84555968999814,-49958.51818439998,True,xgboost,xgboost_epidemiology,xgboost_climate
Sri Lanka,2024,445,2,989.0,811.55133,989.0,910.7204,989.0,177.44867,78.27959999999996,-99.16907000000003,31488.030484768897,6127.695776159993,-25360.334708608905,True,xgboost,xgboost_epidemiology,xgboost_climate
Sri Lanka,2024,446,2,992.0,874.7024,992.0,985.5384,992.0,117.29759999999999,6.461599999999976,-110.83600000000001,13758.726965759997,41.752274559999684,-13716.974691199997,True,xgboost,xgboost_epidemiology,xgboost_climate
Sri Lanka,2024,447,2,1031.0,938.8738,1031.0,1112.1089,1031.0,92.12620000000004,81.10889999999995,-11.017300000000091,8487.236726440007,6578.653659209992,-1908.5830672300153,True,xgboost,xgboost_epidemiology,xgboost_climate
Sri Lanka,2024,448,2,1004.0,958.3612,1004.0,1002.0479,1004.0,45.63879999999995,1.952099999999973,-43.68669999999997,2082.900065439995,3.8106944099998947,-2079.089371029995,True,xgboost,xgboost_epidemiology,xgboost_climate
Sri Lanka,2024,449,2,960.0,980.46674,960.0,1069.8712,960.0,20.46673999999996,109.87120000000004,89.40446000000009,418.88744622759833,12071.68058944001,11652.793143212411,False,xgboost,xgboost_epidemiology,xgboost_climate
Sri Lanka,2024,450,2,911.0,1017.8834,911.0,1135.1443,911.0,106.88340000000005,224.14429999999993,117.26089999999988,11424.06119556001,50240.66722248997,38816.606026929956,False,xgboost,xgboost_epidemiology,xgboost_climate
Sri Lanka,2024,451,2,857.0,887.11237,857.0,861.0293,857.0,30.112370000000055,4.029300000000035,-26.08307000000002,906.7548270169034,16.23525849000028,-890.5195685269031,True,xgboost,xgboost_epidemiology,xgboost_climate
Sri Lanka,2024,452,2,854.0,882.7709,854.0,925.76044,854.0,28.770899999999983,71.76044000000002,42.989540000000034,827.764686809999,5149.560748993603,4321.796062183604,False,xgboost,xgboost_epidemiology,xgboost_climate
Sri Lanka,2024,453,2,733.0,802.5261,733.0,772.708,733.0,69.52610000000004,39.70799999999997,-29.818100000000072,4833.878581210006,1576.7252639999977,-3257.153317210008,True,xgboost,xgboost_epidemiology,xgboost_climate
Sri Lanka,2024,454,2,694.0,789.7552,694.0,833.16315,694.0,95.75519999999995,139.16314999999997,43.40795000000003,9169.05832703999,19366.382317922493,10197.323990882503,False,xgboost,xgboost_epidemiology,xgboost_climate
Sri Lanka,2024,455,2,671.0,713.1364,671.0,844.9896,671.0,42.13639999999998,173.9896,131.85320000000002,1775.4762049599983,30272.380908159997,28496.904703199998,False,xgboost,xgboost_epidemiology,xgboost_climate
Sri Lanka,2024,456,2,657.0,713.1364,657.0,657.5213,657.0,56.13639999999998,0.5212999999999965,-55.615099999999984,3151.295404959998,0.2717536899999964,-3151.023651269998,True,xgboost,xgboost_epidemiology,xgboost_climate
Sri Lanka,2024,457,2,686.0,697.2061,686.0,693.1793,686.0,11.206099999999992,7.179300000000012,-4.02679999999998,125.57667720999983,51.54234849000017,-74.03432871999965,True,xgboost,xgboost_epidemiology,xgboost_climate
Sri Lanka,2024,458,2,707.0,638.6846,707.0,593.5053,707.0,68.31539999999995,113.49469999999997,45.17930000000001,4666.993877159994,12881.046928089992,8214.053050929999,False,xgboost,xgboost_epidemiology,xgboost_climate
Sri Lanka,2024,459,2,668.0,697.33734,668.0,677.1996,668.0,29.33734000000004,9.199600000000032,-20.137740000000008,860.6795182756024,84.63264016000059,-776.0468781156018,True,xgboost,xgboost_epidemiology,xgboost_climate
Sri Lanka,2024,460,2,672.0,711.9918,672.0,710.31903,672.0,39.99180000000001,38.31903,-1.672770000000014,1599.3440672400009,1468.3480601408999,-130.996007099101,True,xgboost,xgboost_epidemiology,xgboost_climate
Sri Lanka,2024,461,2,669.0,701.72424,669.0,775.8766,669.0,32.72424000000001,106.87660000000005,74.15236000000004,1070.8758835776007,11422.607627560012,10351.731743982411,False,xgboost,xgboost_epidemiology,xgboost_climate
Sri Lanka,2024,462,2,696.0,702.2029,696.0,746.71796,696.0,6.2029,50.71795999999995,44.51505999999995,38.47596840999999,2572.311466561595,2533.835498151595,False,xgboost,xgboost_epidemiology,xgboost_climate
Sri Lanka,2024,463,2,626.0,721.67883,626.0,951.21094,626.0,95.67882999999995,325.21094000000005,229.5321100000001,9154.43851016889,105762.15549568363,96607.71698551474,False,xgboost,xgboost_epidemiology,xgboost_climate
Sri Lanka,2024,464,2,913.0,774.2587,913.0,899.3319,913.0,138.74130000000002,13.668099999999981,-125.07320000000004,19249.148325690006,186.8169576099995,-19062.331368080006,True,xgboost,xgboost_epidemiology,xgboost_climate
Sri Lanka,2024,465,2,832.0,732.67163,832.0,861.72546,832.0,99.32836999999995,29.725459999999998,-69.60290999999995,9866.12508685689,883.6029722115999,-8982.52211464529,True,xgboost,xgboost_epidemiology,xgboost_climate
Sri Lanka,2024,466,2,736.0,914.7672,736.0,1217.8241,736.0,178.7672,481.82410000000004,303.05690000000004,31957.71179584,232154.46334081003,200196.75154497003,False,xgboost,xgboost_epidemiology,xgboost_climate
Sri Lanka,2024,467,2,915.0,854.2655,915.0,867.70166,915.0,60.734500000000025,47.29834000000005,-13.436159999999973,3688.6794902500033,2237.132966755605,-1451.5465234943981,True,xgboost,xgboost_epidemiology,xgboost_climate
Brazil,2023,365,4,28533.0,11991.851,28533.0,15393.677,28533.0,16541.148999999998,13139.323,-3401.8259999999973,273609610.24020094,172641808.89832902,-100967801.34187192,True,xgboost,xgboost_epidemiology,xgboost_climate
Brazil,2023,366,4,30645.0,14243.186,30645.0,17570.014,30645.0,16401.814,13074.986,-3326.8279999999977,269019502.49059594,170955258.90019602,-98064243.59039992,True,xgboost,xgboost_epidemiology,xgboost_climate
Brazil,2023,367,4,36999.0,15654.49,36999.0,12817.392,36999.0,21344.510000000002,24181.608,2837.097999999998,455588107.14010006,584750165.465664,129162058.32556397,False,xgboost,xgboost_epidemiology,xgboost_climate
Brazil,2023,368,4,42470.0,16026.942,42470.0,14534.673,42470.0,26443.058,27935.326999999997,1492.2689999999966,699235316.3913641,780382494.5969288,81147178.20556474,False,xgboost,xgboost_epidemiology,xgboost_climate
Brazil,2023,369,4,52668.0,30598.303,52668.0,26518.777,52668.0,22069.697,26149.223,4079.5260000000017,487071525.671809,683781863.5037291,196710337.8319201,False,xgboost,xgboost_epidemiology,xgboost_climate
Brazil,2023,370,4,64987.0,38219.906,64987.0,37818.055,64987.0,26767.093999999997,27168.945,401.8510000000024,716477321.2048359,738151572.413025,21674251.20818913,False,xgboost,xgboost_epidemiology,xgboost_climate
Brazil,2023,371,4,66762.0,44629.21,66762.0,42251.05,66762.0,22132.79,24510.949999999997,2378.159999999996,489860393.18410003,600786669.9024999,110926276.71839988,False,xgboost,xgboost_epidemiology,xgboost_climate
Brazil,2023,372,4,77027.0,47740.562,77027.0,40465.65,77027.0,29286.438000000002,36561.35,7274.911999999997,857695450.7278441,1336732313.8225,479036863.0946559,False,xgboost,xgboost_epidemiology,xgboost_climate
Brazil,2023,373,4,98392.0,82354.93,98392.0,72183.95,98392.0,16037.070000000007,26208.050000000003,10170.979999999996,257187614.18490022,686861884.8025001,429674270.6175999,False,xgboost,xgboost_epidemiology,xgboost_climate
Brazil,2023,374,4,115216.0,108843.89,115216.0,113025.97,115216.0,6372.110000000001,2190.029999999999,-4182.080000000002,40603785.85210001,4796231.400899995,-35807554.45120001,True,xgboost,xgboost_epidemiology,xgboost_climate
Brazil,2023,375,4,131868.0,118673.67,131868.0,102491.92,131868.0,13194.330000000002,29376.08,16181.75,174090344.14890003,862954076.1664001,688863732.0175,False,xgboost,xgboost_epidemiology,xgboost_climate
Brazil,2023,376,4,160054.0,118576.375,160054.0,107587.41,160054.0,41477.625,52466.59,10988.964999999997,1720393375.640625,2752743066.2281,1032349690.5874748,False,xgboost,xgboost_epidemiology,xgboost_climate
Brazil,2023,377,4,171176.0,134049.02,171176.0,137766.47,171176.0,37126.98000000001,33409.53,-3717.4500000000116,1378412643.9204009,1116196694.8209,-262215949.0995009,True,xgboost,xgboost_epidemiology,xgboost_climate
Brazil,2023,378,4,161477.0,135673.4,161477.0,125050.59,161477.0,25803.600000000006,36426.41,10622.809999999998,665825772.9600003,1326883345.4881003,661057572.5281,False,xgboost,xgboost_epidemiology,xgboost_climate
Brazil,2023,379,4,186718.0,134146.98,186718.0,128033.69,186718.0,52571.01999999999,58684.31,6113.290000000008,2763712143.840399,3443848240.1761,680136096.335701,False,xgboost,xgboost_epidemiology,xgboost_climate
Brazil,2023,380,4,165002.0,128440.94,165002.0,125934.305,165002.0,36561.06,39067.69500000001,2506.6350000000093,1336711108.3235998,1526284792.6130254,189573684.2894256,False,xgboost,xgboost_epidemiology,xgboost_climate
Brazil,2023,381,4,148400.0,122634.21,148400.0,114090.2,148400.0,25765.789999999994,34309.8,8544.01000000001,663875934.3240997,1177162376.0400002,513286441.71590054,False,xgboost,xgboost_epidemiology,xgboost_climate
Brazil,2023,382,4,158352.0,109039.53,158352.0,124353.92,158352.0,49312.47,33998.08,-15314.39,2431719697.5009003,1155869443.6864002,-1275850253.8145,True,xgboost,xgboost_epidemiology,xgboost_climate
Brazil,2023,383,4,144376.0,94467.01,144376.0,121134.75,144376.0,49908.990000000005,23241.25,-26667.740000000005,2490907282.8201003,540155701.5625,-1950751581.2576003,True,xgboost,xgboost_epidemiology,xgboost_climate
Brazil,2023,384,4,121825.0,86564.625,121825.0,103823.87,121825.0,35260.375,18001.130000000005,-17259.244999999995,1243294045.140625,324040681.2769002,-919253363.8637248,True,xgboost,xgboost_epidemiology,xgboost_climate
Brazil,2023,385,4,90703.0,65170.83,90703.0,68865.88,90703.0,25532.17,21837.119999999995,-3695.050000000003,651891704.9088999,476859809.8943998,-175031895.01450008,True,xgboost,xgboost_epidemiology,xgboost_climate
Brazil,2023,386,4,72095.0,42131.625,72095.0,54638.49,72095.0,29963.375,17456.510000000002,-12506.864999999998,897803841.390625,304729741.3801001,-593074100.010525,True,xgboost,xgboost_epidemiology,xgboost_climate
Brazil,2023,387,4,55721.0,35829.785,55721.0,46660.3,55721.0,19891.214999999997,9060.699999999997,-10830.515,395660434.1762249,82096284.48999995,-313564149.68622494,True,xgboost,xgboost_epidemiology,xgboost_climate
Brazil,2023,388,4,48059.0,36791.984,48059.0,43432.055,48059.0,11267.016000000003,4626.945,-6640.071000000004,126945649.54425608,21408620.033024997,-105537029.51123108,True,xgboost,xgboost_epidemiology,xgboost_climate
Brazil,2023,389,4,39160.0,37566.965,39160.0,38122.67,39160.0,1593.0350000000035,1037.3300000000017,-555.7050000000017,2537760.511225011,1076053.5289000035,-1461706.9823250077,True,xgboost,xgboost_epidemiology,xgboost_climate
Brazil,2023,390,4,33459.0,30709.717,33459.0,32623.178,33459.0,2749.2829999999994,835.8220000000001,-1913.4609999999993,7558557.014088997,698598.4156840002,-6859958.598404996,True,xgboost,xgboost_epidemiology,xgboost_climate
Brazil,2023,391,4,27767.0,26406.344,27767.0,25207.496,27767.0,1360.655999999999,2559.504000000001,1198.8480000000018,1851384.7503359974,6551060.726016005,4699675.975680007,False,xgboost,xgboost_epidemiology,xgboost_climate
Brazil,2023,392,4,24236.0,22608.316,24236.0,22787.469,24236.0,1627.684000000001,1448.530999999999,-179.15300000000207,2649355.2038560035,2098242.0579609973,-551113.1458950061,True,xgboost,xgboost_epidemiology,xgboost_climate
Brazil,2023,393,4,20558.0,18769.56,20558.0,21547.916,20558.0,1788.4399999999987,989.9160000000011,-798.5239999999976,3198517.633599995,979933.6870560021,-2218583.946543993,True,xgboost,xgboost_epidemiology,xgboost_climate
Brazil,2023,394,4,18393.0,18213.664,18393.0,21081.965,18393.0,179.33599999999933,2688.965,2509.629000000001,32161.40089599976,7230532.771225001,7198371.370329001,False,xgboost,xgboost_epidemiology,xgboost_climate
Brazil,2023,395,4,19179.0,15500.855,19179.0,17530.729,19179.0,3678.1450000000004,1648.2710000000006,-2029.8739999999998,13528750.641025003,2716797.289441002,-10811953.351584,True,xgboost,xgboost_epidemiology,xgboost_climate
Brazil,2023,396,4,17728.0,15330.573,17728.0,17883.81,17728.0,2397.4269999999997,155.8100000000013,-2241.6169999999984,5747656.220328999,24276.75610000041,-5723379.464228998,True,xgboost,xgboost_epidemiology,xgboost_climate
Brazil,2023,397,4,17804.0,14102.54,17804.0,14676.912,17804.0,3701.459999999999,3127.0879999999997,-574.3719999999994,13700806.131599994,9778679.359743997,-3922126.771855997,True,xgboost,xgboost_epidemiology,xgboost_climate
Brazil,2023,398,4,17132.0,12099.383,17132.0,12693.185,17132.0,5032.617,4438.8150000000005,-593.8019999999997,25327233.868689,19703078.604225006,-5624155.264463995,True,xgboost,xgboost_epidemiology,xgboost_climate
Brazil,2023,399,4,15933.0,12245.778,15933.0,13674.383,15933.0,3687.2219999999998,2258.617,-1428.6049999999996,13595606.077283999,5101350.752689001,-8494255.324594997,True,xgboost,xgboost_epidemiology,xgboost_climate
Brazil,2023,400,4,14827.0,12497.464,14827.0,13935.478,14827.0,2329.536,891.5220000000008,-1438.0139999999992,5426737.975296,794811.4764840015,-4631926.498811998,True,xgboost,xgboost_epidemiology,xgboost_climate
Brazil,2023,401,4,17637.0,13416.196,17637.0,13215.97,17637.0,4220.804,4421.030000000001,200.22600000000057,17815186.406416,19545506.260900006,1730319.8544840068,False,xgboost,xgboost_epidemiology,xgboost_climate
Brazil,2023,402,4,18790.0,13496.885,18790.0,13669.232,18790.0,5293.115,5120.768,-172.34699999999975,28017066.403224997,26222264.909824,-1794801.4934009984,True,xgboost,xgboost_epidemiology,xgboost_climate
Brazil,2023,403,4,17681.0,12198.638,17681.0,12910.033,17681.0,5482.361999999999,4770.967000000001,-711.3949999999986,30056293.09904399,22762126.115089007,-7294166.983954985,True,xgboost,xgboost_epidemiology,xgboost_climate
Brazil,2023,404,4,19313.0,12385.627,19313.0,12802.193,19313.0,6927.373,6510.807000000001,-416.5659999999989,47988496.68112899,42390607.79124901,-5597888.889879987,True,xgboost,xgboost_epidemiology,xgboost_climate
Brazil,2023,405,4,17341.0,14489.413,17341.0,12811.587,17341.0,2851.5869999999995,4529.4130000000005,1677.826000000001,8131548.418568998,20515582.124569003,12384033.706000004,False,xgboost,xgboost_epidemiology,xgboost_climate
Brazil,2023,406,4,21013.0,15491.589,21013.0,12813.97,21013.0,5521.411,8199.03,2677.6190000000006,30485979.430921,67224092.94090001,36738113.50997901,False,xgboost,xgboost_epidemiology,xgboost_climate
Brazil,2023,407,4,19662.0,15896.298,19662.0,12708.727,19662.0,3765.7019999999993,6953.272999999999,3187.571,14180511.552803995,48348005.41252899,34167493.859725,False,xgboost,xgboost_epidemiology,xgboost_climate
Brazil,2023,408,4,18785.0,19726.213,18785.0,14135.559,18785.0,941.2129999999997,4649.441000000001,3708.228000000001,885881.9113689995,21617301.612481005,20731419.701112006,False,xgboost,xgboost_epidemiology,xgboost_climate
Brazil,2023,409,4,24393.0,17646.912,24393.0,13153.686,24393.0,6746.088,11239.314,4493.226000000001,45509703.303743996,126322179.19059601,80812475.88685203,False,xgboost,xgboost_epidemiology,xgboost_climate
Brazil,2023,410,4,22124.0,21822.021,22124.0,13781.574,22124.0,301.97899999999936,8342.426,8040.447,91191.31644099961,69596071.56547599,69504880.24903499,False,xgboost,xgboost_epidemiology,xgboost_climate
Brazil,2023,411,4,27767.0,23877.604,27767.0,16485.523,27767.0,3889.3960000000006,11281.476999999999,7392.080999999998,15127401.244816005,127271723.30152898,112144322.05671297,False,xgboost,xgboost_epidemiology,xgboost_climate
Brazil,2023,412,4,30045.0,19985.55,30045.0,15034.32,30045.0,10059.45,15010.68,4951.23,101192534.30250001,225320514.0624,124127979.7599,False,xgboost,xgboost_epidemiology,xgboost_climate
Brazil,2023,413,4,33247.0,30935.297,33247.0,17748.031,33247.0,2311.7030000000013,15498.969000000001,13187.266,5343970.760209006,240218040.06296104,234874069.30275205,False,xgboost,xgboost_epidemiology,xgboost_climate
Brazil,2023,414,4,40789.0,28825.176,40789.0,16746.729,40789.0,11963.824,24042.271,12078.447,143133084.70297602,578030794.8374411,434897710.1344651,False,xgboost,xgboost_epidemiology,xgboost_climate
Brazil,2023,415,4,38305.0,24827.375,38305.0,15924.203,38305.0,13477.625,22380.797,8903.171999999999,181646375.640625,500900074.35520893,319253698.71458393,False,xgboost,xgboost_epidemiology,xgboost_climate
Brazil,2023,416,4,2146.0,33304.12,2146.0,16341.615,2146.0,31158.120000000003,14195.615,-16962.505000000005,970828441.9344002,201515485.228225,-769312956.7061752,True,xgboost,xgboost_epidemiology,xgboost_climate
Colombia,2023,365,4,1071.0,1270.2211,1071.0,1312.1566,1071.0,199.22109999999998,241.15660000000003,41.93550000000005,39689.04668520999,58156.50572356001,18467.459038350018,False,xgboost,xgboost_epidemiology,xgboost_climate
Colombia,2023,366,4,2389.0,1204.1731,2389.0,1214.4528,2389.0,1184.8269,1174.5472,-10.279700000000048,1403814.78296361,1379561.12502784,-24253.657935769996,True,xgboost,xgboost_epidemiology,xgboost_climate
Colombia,2023,367,4,2177.0,1084.1892,2177.0,1259.5564,2177.0,1092.8108,917.4436000000001,-175.3671999999999,1194235.4445966398,841702.7591809601,-352532.6854156797,True,xgboost,xgboost_epidemiology,xgboost_climate
Colombia,2023,368,4,2237.0,1213.6688,2237.0,1115.8534,2237.0,1023.3312000000001,1121.1466,97.81539999999995,1047206.7448934402,1256969.6986915602,209762.95379812003,False,xgboost,xgboost_epidemiology,xgboost_climate
Colombia,2023,369,4,2016.0,1038.1917,2016.0,1090.0507,2016.0,977.8082999999999,925.9493,-51.858999999999924,956109.0715488899,857382.10617049,-98726.96537839982,True,xgboost,xgboost_epidemiology,xgboost_climate
Colombia,2023,370,4,1870.0,1428.1953,1870.0,1144.0219,1870.0,441.8046999999999,725.9781,284.17340000000013,195191.3929420899,527044.2016796101,331852.8087375201,False,xgboost,xgboost_epidemiology,xgboost_climate
Colombia,2023,371,4,1918.0,1120.4641,1918.0,1126.8206,1918.0,797.5359000000001,791.1794,-6.356500000000096,636063.5117888101,625964.84298436,-10098.668804450193,True,xgboost,xgboost_epidemiology,xgboost_climate
Colombia,2023,372,4,2294.0,1261.3867,2294.0,1170.75,2294.0,1032.6133,1123.25,90.63670000000002,1066290.22733689,1261690.5625,195400.33516310994,False,xgboost,xgboost_epidemiology,xgboost_climate
Colombia,2023,373,4,1311.0,1276.5128,1311.0,1376.7074,1311.0,34.48720000000003,65.7074,31.220199999999977,1189.366963840002,4317.462414760001,3128.0954509199987,False,xgboost,xgboost_epidemiology,xgboost_climate
Colombia,2023,374,4,1735.0,1787.6294,1735.0,1427.5331,1735.0,52.62940000000003,307.4668999999999,254.83749999999986,2769.8537443600035,94535.89459560993,91766.04085124993,False,xgboost,xgboost_epidemiology,xgboost_climate
Colombia,2023,375,4,1752.0,1979.9796,1752.0,1288.9648,1752.0,227.9795999999999,463.03520000000003,235.05560000000014,51974.69801615995,214401.59643904003,162426.8984228801,False,xgboost,xgboost_epidemiology,xgboost_climate
Colombia,2023,376,4,2015.0,2122.1892,2015.0,1346.2015,2015.0,107.1891999999998,668.7985000000001,561.6093000000003,11489.524596639958,447291.4336022501,435801.90900561016,False,xgboost,xgboost_epidemiology,xgboost_climate
Colombia,2023,377,4,2217.0,1818.4204,2217.0,1277.0703,2217.0,398.5796,939.9296999999999,541.3500999999999,158865.69753616003,883467.8409420898,724602.1434059298,False,xgboost,xgboost_epidemiology,xgboost_climate
Colombia,2023,378,4,1627.0,1915.0765,1627.0,1576.2034,1627.0,288.0764999999999,50.7965999999999,-237.2799,82988.06985224994,2580.29457155999,-80407.77528068995,True,xgboost,xgboost_epidemiology,xgboost_climate
Colombia,2023,379,4,1682.0,1898.1957,1682.0,1601.0469,1682.0,216.1957,80.95309999999995,-135.24260000000004,46740.58069849,6553.404399609992,-40187.176298880004,True,xgboost,xgboost_epidemiology,xgboost_climate
Colombia,2023,380,4,1751.0,1986.3365,1751.0,1390.1698,1751.0,235.3364999999999,360.8302000000001,125.49370000000022,55383.268232249946,130198.43323204007,74815.16499979013,False,xgboost,xgboost_epidemiology,xgboost_climate
Colombia,2023,381,4,2144.0,1886.7355,2144.0,1625.6897,2144.0,257.2645,518.3103000000001,261.0458000000001,66185.02296025,268645.5670860901,202460.5441258401,False,xgboost,xgboost_epidemiology,xgboost_climate
Colombia,2023,382,4,2689.0,1682.9923,2689.0,1560.1389,2689.0,1006.0077000000001,1128.8611,122.85339999999997,1012051.4924592902,1274327.3830932102,262275.89063392,False,xgboost,xgboost_epidemiology,xgboost_climate
Colombia,2023,383,4,2729.0,1710.9907,2729.0,1436.5577,2729.0,1018.0092999999999,1292.4423,274.433,1036342.9348864899,1670407.09882929,634064.1639428,False,xgboost,xgboost_epidemiology,xgboost_climate
Colombia,2023,384,4,2179.0,1924.3396,2179.0,1959.0096,2179.0,254.66039999999998,219.9903999999999,-34.67000000000007,64851.91932815999,48395.77609215996,-16456.143236000025,True,xgboost,xgboost_epidemiology,xgboost_climate
Colombia,2023,385,4,2133.0,1966.24,2133.0,1958.9219,2133.0,166.76,174.07809999999995,7.3180999999999585,27808.897599999997,30303.184899609983,2494.287299609987,False,xgboost,xgboost_epidemiology,xgboost_climate
Colombia,2023,386,4,2569.0,1997.3186,2569.0,2061.1719,2569.0,571.6813999999999,507.8281000000002,-63.85329999999976,326819.6231059599,257889.37914961018,-68930.24395634973,True,xgboost,xgboost_epidemiology,xgboost_climate
Colombia,2023,387,4,2152.0,1870.7041,2152.0,2271.409,2152.0,281.2959000000001,119.4090000000001,-161.88689999999997,79127.38335681004,14258.509281000026,-64868.87407581001,True,xgboost,xgboost_epidemiology,xgboost_climate
Colombia,2023,388,4,2079.0,1736.6875,2079.0,2113.4368,2079.0,342.3125,34.43679999999995,-307.87570000000005,117177.84765625,1185.8931942399965,-115991.95446201,True,xgboost,xgboost_epidemiology,xgboost_climate
Colombia,2023,389,4,2082.0,1712.8906,2082.0,2234.4873,2082.0,369.10940000000005,152.48729999999978,-216.62210000000027,136241.74916836002,23252.37666128993,-112989.37250707009,True,xgboost,xgboost_epidemiology,xgboost_climate
Colombia,2023,390,4,1768.0,1714.2396,1768.0,2067.2231,1768.0,53.76039999999989,299.22310000000016,245.46270000000027,2890.1806081599884,89534.46357361009,86644.2829654501,False,xgboost,xgboost_epidemiology,xgboost_climate
Colombia,2023,391,4,2203.0,1586.7366,2203.0,2191.0085,2203.0,616.2634,11.991500000000087,-604.2719,379780.5781795601,143.79607225000208,-379636.7821073101,True,xgboost,xgboost_epidemiology,xgboost_climate
Colombia,2023,392,4,2617.0,1593.2601,2617.0,1836.7615,2617.0,1023.7399,780.2384999999999,-243.5014000000001,1048043.3828520101,608772.11688225,-439271.26596976013,True,xgboost,xgboost_epidemiology,xgboost_climate
Colombia,2023,393,4,2458.0,1565.9874,2458.0,1889.5587,2458.0,892.0126,568.4413,-323.57130000000006,795686.47855876,323125.51154568995,-472560.96701307007,True,xgboost,xgboost_epidemiology,xgboost_climate
Colombia,2023,394,4,2609.0,1588.513,2609.0,1888.5438,2609.0,1020.4870000000001,720.4562000000001,-300.0308,1041393.7171690002,519057.13611844013,-522336.58105056005,True,xgboost,xgboost_epidemiology,xgboost_climate
Colombia,2023,395,4,2595.0,1566.9441,2595.0,1784.2279,2595.0,1028.0559,810.7720999999999,-217.28380000000016,1056898.9335248102,657351.3981384098,-399547.5353864004,True,xgboost,xgboost_epidemiology,xgboost_climate
Colombia,2023,396,4,2876.0,1644.4691,2876.0,1694.6606,2876.0,1231.5309,1181.3394,-50.191499999999905,1516668.35765481,1395562.77799236,-121105.57966244989,True,xgboost,xgboost_epidemiology,xgboost_climate
Colombia,2023,397,4,2474.0,1634.154,2474.0,1690.509,2474.0,839.846,783.491,-56.35500000000002,705341.303716,613858.147081,-91483.15663500002,True,xgboost,xgboost_epidemiology,xgboost_climate
Colombia,2023,398,4,2299.0,1639.1798,2299.0,1810.8044,2299.0,659.8202000000001,488.1956,-171.6246000000001,435362.69632804015,238334.94385936,-197027.75246868015,True,xgboost,xgboost_epidemiology,xgboost_climate
Colombia,2023,399,4,2504.0,1970.649,2504.0,1946.9856,2504.0,533.3510000000001,557.0144,23.66339999999991,284463.2892010001,310265.04180736,25801.752606359893,False,xgboost,xgboost_epidemiology,xgboost_climate
Colombia,2023,400,4,2559.0,2028.8263,2559.0,2161.087,2559.0,530.1737,397.913,-132.26070000000004,281084.1521716901,158334.755569,-122749.39660269007,True,xgboost,xgboost_epidemiology,xgboost_climate
Colombia,2023,401,4,2681.0,2064.45,2681.0,2164.2935,2681.0,616.5500000000002,516.7064999999998,-99.8435000000004,380133.9025000002,266985.60714224976,-113148.29535775044,True,xgboost,xgboost_epidemiology,xgboost_climate
Colombia,2023,402,4,2677.0,2081.9978,2677.0,2151.3005,2677.0,595.0021999999999,525.6995000000002,-69.30269999999973,354027.61800483987,276359.96430025017,-77667.6537045897,True,xgboost,xgboost_epidemiology,xgboost_climate
Colombia,2023,403,4,2809.0,2161.9644,2809.0,2244.488,2809.0,647.0356000000002,564.5120000000002,-82.52359999999999,418655.0676673602,318673.7981440002,-99981.26952336001,True,xgboost,xgboost_epidemiology,xgboost_climate
Colombia,2023,404,4,2984.0,2148.8706,2984.0,2152.8704,2984.0,835.1293999999998,831.1296000000002,-3.9997999999995955,697441.1147443596,690776.4119961604,-6664.702748199226,True,xgboost,xgboost_epidemiology,xgboost_climate
Colombia,2023,405,4,2632.0,1921.4653,2632.0,2263.9402,2632.0,710.5346999999999,368.0598,-342.47489999999993,504859.5599040899,135468.01637604,-369391.5435280499,True,xgboost,xgboost_epidemiology,xgboost_climate
Colombia,2023,406,4,2964.0,2171.9507,2964.0,2077.5627,2964.0,792.0493000000001,886.4373,94.38799999999992,627342.0936304902,785771.08683129,158428.9932007998,False,xgboost,xgboost_epidemiology,xgboost_climate
Colombia,2023,407,4,2969.0,2163.1528,2969.0,2330.7605,2969.0,805.8472000000002,638.2395000000001,-167.60770000000002,649389.7097478403,407349.65936025017,-242040.05038759013,True,xgboost,xgboost_epidemiology,xgboost_climate
Colombia,2023,408,4,2852.0,2233.0625,2852.0,2318.3142,2852.0,618.9375,533.6858000000002,-85.2516999999998,383083.62890625,284820.5331216402,-98263.09578460979,True,xgboost,xgboost_epidemiology,xgboost_climate
Colombia,2023,409,4,3322.0,2257.7021,3322.0,2184.6335,3322.0,1064.2979,1137.3665,73.06860000000006,1132730.01994441,1293602.5553222501,160872.53537784005,False,xgboost,xgboost_epidemiology,xgboost_climate
Colombia,2023,410,4,3638.0,2257.7021,3638.0,2416.464,3638.0,1380.2979,1221.536,-158.76189999999997,1905222.29274441,1492150.1992960002,-413072.0934484098,True,xgboost,xgboost_epidemiology,xgboost_climate
Colombia,2023,411,4,3999.0,2263.8743,3999.0,2401.5125,3999.0,1735.1257,1597.4875000000002,-137.63819999999987,3010661.19480049,2551966.312656251,-458694.88214423927,True,xgboost,xgboost_epidemiology,xgboost_climate
Colombia,2023,412,4,3916.0,2265.5488,3916.0,2376.3613,3916.0,1650.4512,1539.6387,-110.8125,2723989.1635814398,2370487.32653769,-353501.83704374963,True,xgboost,xgboost_epidemiology,xgboost_climate
Colombia,2023,413,4,4130.0,2273.36,4130.0,2424.5828,4130.0,1856.6399999999999,1705.4171999999999,-151.2228,3447112.0895999996,2908447.8260558397,-538664.2635441599,True,xgboost,xgboost_epidemiology,xgboost_climate
Colombia,2023,414,4,4650.0,2132.781,4650.0,2258.8333,4650.0,2517.219,2391.1667,-126.05229999999983,6336391.493961,5717678.187188891,-618713.3067721091,True,xgboost,xgboost_epidemiology,xgboost_climate
Colombia,2023,415,4,3922.0,1622.1023,3922.0,1719.4452,3922.0,2299.8977,2202.5548,-97.3429000000001,5289529.43046529,4851247.64700304,-438281.7834622506,True,xgboost,xgboost_epidemiology,xgboost_climate
Colombia,2023,416,4,3859.0,1628.3252,3859.0,1542.7444,3859.0,2230.6748,2316.2556,85.58080000000018,4975910.063355039,5365040.00453136,389129.94117632136,False,xgboost,xgboost_epidemiology,xgboost_climate
Peru,2023,365,4,1596.0,1134.9889,1596.0,1228.6417,1596.0,461.01109999999994,367.3583000000001,-93.65279999999984,212531.23432320994,134952.12057889008,-77579.11374431985,True,xgboost,xgboost_epidemiology,xgboost_climate
Peru,2023,366,4,1499.0,1125.0499,1499.0,1362.7236,1499.0,373.9501,136.27639999999997,-237.67370000000005,139838.67729001,18571.257196959992,-121267.42009305001,True,xgboost,xgboost_epidemiology,xgboost_climate
Peru,2023,367,4,1851.0,1114.4972,1851.0,1407.0713,1851.0,736.5028,443.92869999999994,-292.57410000000004,542436.37440784,197072.69068368993,-345363.68372415006,True,xgboost,xgboost_epidemiology,xgboost_climate
Peru,2023,368,4,1757.0,882.37146,1757.0,1139.9669,1757.0,874.62854,617.0331000000001,-257.59543999999994,764975.0829825316,380729.84649561014,-384245.2364869215,True,xgboost,xgboost_epidemiology,xgboost_climate
Peru,2023,369,4,1914.0,1078.0874,1914.0,1330.4135,1914.0,835.9126000000001,583.5864999999999,-252.32610000000022,698749.8748387602,340573.20298224984,-358176.6718565104,True,xgboost,xgboost_epidemiology,xgboost_climate
Peru,2023,370,4,2142.0,1094.2039,2142.0,1246.064,2142.0,1047.7961,895.9359999999999,-151.8601000000001,1097876.66717521,802701.3160959999,-295175.3510792102,True,xgboost,xgboost_epidemiology,xgboost_climate
Peru,2023,371,4,2303.0,1190.43,2303.0,1565.3674,2303.0,1112.57,737.6325999999999,-374.9374,1237812.0048999998,544101.8525827599,-693710.1523172399,True,xgboost,xgboost_epidemiology,xgboost_climate
Peru,2023,372,4,2513.0,1208.06,2513.0,1405.1497,2513.0,1304.94,1107.8503,-197.0897,1702868.4036,1227332.28721009,-475536.11638991,True,xgboost,xgboost_epidemiology,xgboost_climate
Peru,2023,373,4,2545.0,1631.0032,2545.0,2076.669,2545.0,913.9967999999999,468.33100000000013,-445.66579999999976,835390.1504102398,219333.92556100013,-616056.2248492397,True,xgboost,xgboost_epidemiology,xgboost_climate
Peru,2023,374,4,2528.0,2086.8147,2528.0,2463.6355,2528.0,441.1853000000001,64.36450000000013,-376.82079999999996,194644.4689360901,4142.788860250017,-190501.6800758401,True,xgboost,xgboost_epidemiology,xgboost_climate
Peru,2023,375,4,3018.0,2294.9668,3018.0,2467.6062,3018.0,723.0331999999999,550.3937999999998,-172.63940000000002,522777.00830223976,302933.3350784398,-219843.67322379997,True,xgboost,xgboost_epidemiology,xgboost_climate
Peru,2023,376,4,3796.0,2523.2354,3796.0,2586.5632,3796.0,1272.7646,1209.4368,-63.327800000000025,1619929.72701316,1462737.3731942398,-157192.3538189202,True,xgboost,xgboost_epidemiology,xgboost_climate
Peru,2023,377,4,4099.0,2299.009,4099.0,2446.5776,4099.0,1799.991,1652.4224,-147.56860000000006,3239967.600081,2730499.7880217596,-509467.8120592404,True,xgboost,xgboost_epidemiology,xgboost_climate
Peru,2023,378,4,4430.0,2323.52,4430.0,3138.2546,4430.0,2106.48,1291.7453999999998,-814.7346000000002,4437257.9904000005,1668606.1784211595,-2768651.811978841,True,xgboost,xgboost_epidemiology,xgboost_climate
Peru,2023,379,4,6520.0,2180.7725,6520.0,2694.5918,6520.0,4339.2275,3825.4082,-513.8193000000001,18828895.29675625,14633747.896627238,-4195147.400129011,True,xgboost,xgboost_epidemiology,xgboost_climate
Peru,2023,380,4,7614.0,2330.7048,7614.0,3766.3928,7614.0,5283.2952000000005,3847.6072,-1435.6880000000006,27913208.170343045,14804081.16549184,-13109127.004851205,True,xgboost,xgboost_epidemiology,xgboost_climate
Peru,2023,381,4,8594.0,2224.3962,8594.0,2972.8606,8594.0,6369.6038,5621.1394,-748.4643999999998,40571852.568974435,31597208.15423236,-8974644.414742075,True,xgboost,xgboost_epidemiology,xgboost_climate
Peru,2023,382,4,11860.0,2141.4807,11860.0,3518.0085,11860.0,9718.5193,8341.9915,-1376.5277999999998,94449617.38447249,69588822.18607225,-24860795.198400244,True,xgboost,xgboost_epidemiology,xgboost_climate
Peru,2023,383,4,15304.0,2141.4807,15304.0,3010.4778,15304.0,13162.5193,12293.5222,-868.9971000000005,173251914.3228725,151130688.08189282,-22121226.24097967,True,xgboost,xgboost_epidemiology,xgboost_climate
Peru,2023,384,4,20425.0,2095.428,20425.0,2744.391,20425.0,18329.572,17680.609,-648.9629999999997,335973209.703184,312603934.61088103,-23369275.092302978,True,xgboost,xgboost_epidemiology,xgboost_climate
Peru,2023,385,4,18043.0,2080.0093,18043.0,2420.828,18043.0,15962.9907,15622.172,-340.8186999999998,254817072.0882865,244052257.99758402,-10764814.090702474,True,xgboost,xgboost_epidemiology,xgboost_climate
Peru,2023,386,4,17868.0,2015.9574,17868.0,2612.3076,17868.0,15852.0426,15255.6924,-596.3502000000008,251287254.5922148,232736150.60341775,-18551103.98879704,True,xgboost,xgboost_epidemiology,xgboost_climate
Peru,2023,387,4,15637.0,1850.6887,15637.0,1781.7788,15637.0,13786.3113,13855.2212,68.90990000000056,190062379.26050767,191967154.50092945,1904775.240421772,False,xgboost,xgboost_epidemiology,xgboost_climate
Peru,2023,388,4,13340.0,1614.6616,13340.0,1609.3584,13340.0,11725.3384,11730.641599999999,5.303199999998469,137483560.59451458,137607952.34765053,124391.75313594937,False,xgboost,xgboost_epidemiology,xgboost_climate
Peru,2023,389,4,11073.0,1157.2539,11073.0,1908.3529,11073.0,9915.7461,9164.6471,-751.0990000000002,98322020.71966521,83990756.46753842,-14331264.252126798,True,xgboost,xgboost_epidemiology,xgboost_climate
Peru,2023,390,4,8681.0,667.11694,8681.0,994.3404,8681.0,8013.88306,7686.6596,-327.22346000000016,64222321.69935497,59084735.80627216,-5137585.893082812,True,xgboost,xgboost_epidemiology,xgboost_climate
Peru,2023,391,4,8132.0,593.0298,8132.0,627.251,8132.0,7538.9702,7504.749,-34.22119999999995,56836071.676488034,56321257.553000994,-514814.1234870404,True,xgboost,xgboost_epidemiology,xgboost_climate
Peru,2023,392,4,7669.0,597.69257,7669.0,455.3722,7669.0,7071.30743,7213.6278,142.32037000000037,50003388.769573204,52036426.03693284,2033037.2673596367,False,xgboost,xgboost_epidemiology,xgboost_climate
Peru,2023,393,4,6815.0,597.69257,6815.0,446.2936,6815.0,6217.30743,6368.7064,151.3989700000002,38654911.67913321,40560421.20940096,1905509.5302677527,False,xgboost,xgboost_epidemiology,xgboost_climate
Peru,2023,394,4,5158.0,597.69257,5158.0,695.58496,5158.0,4560.30743,4462.41504,-97.89238999999998,20796403.856113203,19913147.9892182,-883255.8668950014,True,xgboost,xgboost_epidemiology,xgboost_climate
Peru,2023,395,4,5423.0,597.69257,5423.0,776.07,5423.0,4825.30743,4646.93,-178.37742999999955,23283591.794013202,21593958.424900003,-1689633.3691131994,True,xgboost,xgboost_epidemiology,xgboost_climate
Peru,2023,396,4,5060.0,597.69257,5060.0,662.9644,5060.0,4462.30743,4397.0356,-65.27182999999968,19912187.5998332,19333922.06766736,-578265.5321658403,True,xgboost,xgboost_epidemiology,xgboost_climate
Peru,2023,397,4,4380.0,593.0298,4380.0,570.8411,4380.0,3786.9701999999997,3809.1589,22.188700000000154,14341143.295688039,14509691.525449209,168548.22976117022,False,xgboost,xgboost_epidemiology,xgboost_climate
Peru,2023,398,4,3824.0,622.8692,3824.0,590.9885,3824.0,3201.1308,3233.0115,31.88070000000016,10247238.39870864,10452363.35913225,205124.9604236111,False,xgboost,xgboost_epidemiology,xgboost_climate
Peru,2023,399,4,3466.0,779.28174,3466.0,711.413,3466.0,2686.71826,2754.587,67.86873999999989,7218455.008617428,7587749.540569,369294.5319515718,False,xgboost,xgboost_epidemiology,xgboost_climate
Peru,2023,400,4,3368.0,931.65344,3368.0,593.7574,3368.0,2436.34656,2774.2426,337.8960400000001,5935784.560423833,7696422.00365476,1760637.443230927,False,xgboost,xgboost_epidemiology,xgboost_climate
Peru,2023,401,4,2883.0,990.82733,2883.0,1009.2234,2883.0,1892.17267,1873.7766000000001,-18.39606999999978,3580317.4130949285,3511038.7467075605,-69278.666387368,True,xgboost,xgboost_epidemiology,xgboost_climate
Peru,2023,402,4,2317.0,1090.1229,2317.0,1006.3358,2317.0,1226.8771,1310.6642000000002,83.78710000000024,1505227.4185044097,1717840.6451616404,212613.22665723064,False,xgboost,xgboost_epidemiology,xgboost_climate
Peru,2023,403,4,2158.0,1069.5945,2158.0,1217.666,2158.0,1088.4055,940.3340000000001,-148.07150000000001,1184626.5324302502,884228.0315560001,-300398.5008742501,True,xgboost,xgboost_epidemiology,xgboost_climate
Peru,2023,404,4,2028.0,1077.5267,2028.0,1042.4087,2028.0,950.4733000000001,985.5913,35.11799999999994,903399.4940128902,971390.2106356901,67990.71662279998,False,xgboost,xgboost_epidemiology,xgboost_climate
Peru,2023,405,4,1829.0,1092.5648,1829.0,1213.2449,1829.0,736.4351999999999,615.7551000000001,-120.68009999999981,542336.8037990398,379154.3431760101,-163182.46062302968,True,xgboost,xgboost_epidemiology,xgboost_climate
Peru,2023,406,4,1874.0,1153.6167,1874.0,1221.0143,1874.0,720.3833,652.9857,-67.39760000000001,518952.09891888994,426390.32440448995,-92561.7745144,True,xgboost,xgboost_epidemiology,xgboost_climate
Peru,2023,407,4,1563.0,1153.6167,1563.0,1342.2668,1563.0,409.38329999999996,220.7331999999999,-188.65010000000007,167594.68631888996,48723.14558223995,-118871.54073665,True,xgboost,xgboost_epidemiology,xgboost_climate
Peru,2023,408,4,1626.0,1154.4554,1626.0,1435.6881,1626.0,471.54459999999995,190.31189999999992,-281.2327,222354.30978915995,36218.61928160997,-186135.69050754997,True,xgboost,xgboost_epidemiology,xgboost_climate
Peru,2023,409,4,1800.0,1084.5602,1800.0,1062.9226,1800.0,715.4398000000001,737.0773999999999,21.637599999999793,511854.10742404015,543283.0935907599,31428.986166719755,False,xgboost,xgboost_epidemiology,xgboost_climate
Peru,2023,410,4,1802.0,1108.0834,1802.0,1460.1815,1802.0,693.9166,341.8185000000001,-352.09809999999993,481520.24775556003,116839.88694225006,-364680.36081330996,True,xgboost,xgboost_epidemiology,xgboost_climate
Peru,2023,411,4,1823.0,1097.5251,1823.0,1228.2202,1823.0,725.4748999999999,594.7798,-130.6950999999999,526313.8305300099,353763.01048804005,-172550.82004196988,True,xgboost,xgboost_epidemiology,xgboost_climate
Peru,2023,412,4,1854.0,1103.8153,1854.0,1245.8706,1854.0,750.1847,608.1294,-142.0553,562777.0841140901,369821.36714436003,-192955.71696973004,True,xgboost,xgboost_epidemiology,xgboost_climate
Peru,2023,413,4,1680.0,1149.5662,1680.0,1508.8385,1680.0,530.4338,171.16149999999993,-359.2723000000001,281360.01618244004,29296.259082249977,-252063.75710019007,True,xgboost,xgboost_epidemiology,xgboost_climate
Peru,2023,414,4,1784.0,1196.7043,1784.0,1611.0994,1784.0,587.2956999999999,172.90059999999994,-414.39509999999996,344916.2392384899,29894.61748035998,-315021.6217581299,True,xgboost,xgboost_epidemiology,xgboost_climate
Peru,2023,415,4,1651.0,1238.5194,1651.0,1701.6204,1651.0,412.4806000000001,50.62040000000002,-361.8602000000001,170140.24537636008,2562.424896160002,-167577.82048020008,True,xgboost,xgboost_epidemiology,xgboost_climate
Peru,2023,416,4,1310.0,1317.5652,1310.0,1785.6125,1310.0,7.565200000000004,475.61249999999995,468.04729999999995,57.232251040000065,226207.25015624997,226150.01790520997,False,xgboost,xgboost_epidemiology,xgboost_climate
Philippines,2023,365,4,425.0,1232.5046,425.0,1013.1174,425.0,807.5046,588.1174,-219.3872,652063.67902116,345882.07618275995,-306181.60283840005,True,xgboost,xgboost_epidemiology,xgboost_climate
Philippines,2023,366,4,575.0,1038.8068,575.0,928.8949,575.0,463.80680000000007,353.8949,-109.91190000000006,215116.74772624005,125241.60024601,-89875.14748023005,True,xgboost,xgboost_epidemiology,xgboost_climate
Philippines,2023,377,4,1196.0,1423.7473,1196.0,1097.3114,1196.0,227.7473,98.68859999999995,-129.05870000000004,51868.83265729,9739.43976995999,-42129.39288733,True,xgboost,xgboost_epidemiology,xgboost_climate
Philippines,2023,378,4,1196.0,1412.0513,1196.0,1064.7206,1196.0,216.05130000000008,131.2793999999999,-84.77190000000019,46678.16423169003,17234.28086435997,-29443.88336733006,True,xgboost,xgboost_epidemiology,xgboost_climate
Philippines,2023,379,4,1197.0,1347.4683,1197.0,962.9132,1197.0,150.4683,234.08680000000004,83.61850000000004,22640.70930489,54796.629934240016,32155.920629350017,False,xgboost,xgboost_epidemiology,xgboost_climate
Philippines,2023,380,4,1482.0,1347.4683,1482.0,980.0601,1482.0,134.5317,501.93989999999997,367.40819999999997,18098.778304890002,251943.66321200997,233844.88490711997,False,xgboost,xgboost_epidemiology,xgboost_climate
Philippines,2023,381,4,1684.0,1645.5719,1684.0,1333.4751,1684.0,38.428100000000086,350.5248999999999,312.0967999999998,1476.7188696100065,122867.70552000993,121390.98665039992,False,xgboost,xgboost_epidemiology,xgboost_climate
Philippines,2023,382,4,1746.0,1729.3442,1746.0,1315.9547,1746.0,16.6558,430.0453,413.3895,277.41567363999997,184938.96005209,184661.54437845,False,xgboost,xgboost_epidemiology,xgboost_climate
Philippines,2023,383,4,1727.0,1729.3442,1727.0,1395.2218,1727.0,2.3442000000000007,331.77819999999997,329.43399999999997,5.495273640000003,110076.77399523999,110071.27872159999,False,xgboost,xgboost_epidemiology,xgboost_climate
Philippines,2023,384,4,1794.0,1893.9125,1794.0,1537.0104,1794.0,99.91249999999991,256.9896000000001,157.0771000000002,9982.507656249982,66043.65450816006,56061.14685191008,False,xgboost,xgboost_epidemiology,xgboost_climate
Philippines,2023,385,4,2269.0,2415.6182,2269.0,2284.8262,2269.0,146.6181999999999,15.826199999999972,-130.79199999999992,21496.896571239966,250.4686064399991,-21246.42796479997,True,xgboost,xgboost_epidemiology,xgboost_climate
Philippines,2023,386,4,2552.0,2844.6274,2552.0,2793.1926,2552.0,292.62739999999985,241.19259999999986,-51.434799999999996,85630.79523075992,58173.87029475993,-27456.92493599999,True,xgboost,xgboost_epidemiology,xgboost_climate
Philippines,2023,387,4,207.0,3003.7935,207.0,2973.74,207.0,2796.7935,2766.74,-30.05350000000044,7822053.881642251,7654850.227599999,-167203.65404225234,True,xgboost,xgboost_epidemiology,xgboost_climate
Philippines,2023,388,4,162.0,3242.2913,162.0,3194.074,162.0,3080.2913,3032.074,-48.217299999999796,9488194.492855689,9193472.741476001,-294721.75137968734,True,xgboost,xgboost_epidemiology,xgboost_climate
Philippines,2023,389,4,132.0,3821.3474,132.0,3507.8345,132.0,3689.3474,3375.8345,-313.5129000000002,13611284.23788676,11396258.571390249,-2215025.6664965115,True,xgboost,xgboost_epidemiology,xgboost_climate
Philippines,2023,390,4,181.0,4130.875,181.0,4554.1387,181.0,3949.875,4373.1387,423.2637000000004,15601512.515625,19124342.089437693,3522829.5738126934,False,xgboost,xgboost_epidemiology,xgboost_climate
Philippines,2023,391,4,271.0,1821.7671,271.0,1518.2137,271.0,1550.7671,1247.2137,-303.5534,2404878.59844241,1555542.01346769,-849336.5849747201,True,xgboost,xgboost_epidemiology,xgboost_climate
Philippines,2023,392,4,147.0,1376.3678,147.0,1138.8331,147.0,1229.3678,991.8331000000001,-237.53469999999993,1511345.18767684,983732.8982556101,-527612.2894212299,True,xgboost,xgboost_epidemiology,xgboost_climate
Philippines,2023,393,4,735.0,1342.7288,735.0,1085.697,735.0,607.7288000000001,350.6969999999999,-257.0318000000002,369334.29434944014,122988.38580899993,-246345.9085404402,True,xgboost,xgboost_epidemiology,xgboost_climate
Philippines,2023,394,4,715.0,1342.7288,715.0,1092.9263,715.0,627.7288000000001,377.9263000000001,-249.8025,394043.44634944014,142828.28823169007,-251215.15811775008,True,xgboost,xgboost_epidemiology,xgboost_climate
Philippines,2023,395,4,893.0,1342.7288,893.0,1110.69,893.0,449.7288000000001,217.69000000000005,-232.03880000000004,202255.99354944009,47388.93610000002,-154867.05744944006,True,xgboost,xgboost_epidemiology,xgboost_climate
Philippines,2023,396,4,2955.0,1342.7288,2955.0,1121.1093,2955.0,1612.2712,1833.8907,221.61950000000002,2599418.42234944,3363155.09954649,763736.6771970498,False,xgboost,xgboost_epidemiology,xgboost_climate
Philippines,2023,397,4,3355.0,1313.5631,3355.0,1119.5463,3355.0,2041.4369,2235.4537,194.0168000000001,4167464.61668161,4997253.24484369,829788.62816208,False,xgboost,xgboost_epidemiology,xgboost_climate
Philippines,2023,398,4,3591.0,1250.4344,3591.0,1031.527,3591.0,2340.5656,2559.473,218.90740000000005,5478247.327903359,6550902.037729,1072654.7098256405,False,xgboost,xgboost_epidemiology,xgboost_climate
Philippines,2023,399,4,3356.0,1483.0205,3356.0,1171.9233,3356.0,1872.9795,2184.0767,311.09720000000016,3508052.2074202495,4770191.03148289,1262138.8240626408,False,xgboost,xgboost_epidemiology,xgboost_climate
Philippines,2023,400,4,3393.0,3366.331,3393.0,3099.9832,3393.0,26.66899999999987,293.0167999999999,266.3478,711.235560999993,85858.84508223993,85147.60952123994,False,xgboost,xgboost_epidemiology,xgboost_climate
Philippines,2023,401,4,3179.0,3971.5964,3179.0,3895.2686,3179.0,792.5963999999999,716.2685999999999,-76.32780000000002,628209.0532929598,513040.70734595985,-115168.34594699997,True,xgboost,xgboost_epidemiology,xgboost_climate
Philippines,2023,402,4,3142.0,4200.2036,3142.0,3913.6118,3142.0,1058.2035999999998,771.6118000000001,-286.5917999999997,1119794.8590529596,595384.7698992402,-524410.0891537194,True,xgboost,xgboost_epidemiology,xgboost_climate
Philippines,2023,403,4,3318.0,3875.3696,3318.0,3704.2727,3318.0,557.3696,386.2727,-171.0969,310660.87100415997,149206.59876529,-161454.27223886998,True,xgboost,xgboost_epidemiology,xgboost_climate
Philippines,2023,404,4,2578.0,3589.6194,2578.0,3503.8447,2578.0,1011.6194,925.8447000000001,-85.77469999999994,1023373.8104563601,857188.4085180901,-166185.40193826996,True,xgboost,xgboost_epidemiology,xgboost_climate
Philippines,2023,405,4,2720.0,3158.6907,2720.0,3406.0176,2720.0,438.6907000000001,686.0176000000001,247.32690000000002,192449.5302664901,470620.14750976017,278170.61724327004,False,xgboost,xgboost_epidemiology,xgboost_climate
Philippines,2023,406,4,3430.0,3158.6907,3430.0,3249.9712,3430.0,271.3092999999999,180.02880000000005,-91.28049999999985,73608.73626648994,32410.368829440016,-41198.36743704992,True,xgboost,xgboost_epidemiology,xgboost_climate
Philippines,2023,407,4,2672.0,2771.1863,2672.0,3047.0283,2672.0,99.18629999999985,375.02829999999994,275.8420000000001,9837.92210768997,140646.22580088995,130808.30369319998,False,xgboost,xgboost_epidemiology,xgboost_climate
Philippines,2023,408,4,1939.0,2525.273,1939.0,2829.41,1939.0,586.2730000000001,890.4099999999999,304.1369999999997,343716.03052900016,792829.9680999997,449113.93757099955,False,xgboost,xgboost_epidemiology,xgboost_climate
Philippines,2023,409,4,2607.0,2587.1296,2607.0,2931.159,2607.0,19.87039999999979,324.1590000000001,304.2886000000003,394.8327961599917,105079.05728100007,104684.22448484009,False,xgboost,xgboost_epidemiology,xgboost_climate
Singapore,2025,469,4,97.0,142.19183,97.0,142.9661,97.0,45.19183000000001,45.96610000000001,0.7742700000000013,2042.301498748901,2112.882349210001,70.5808504611,False,xgboost,xgboost_epidemiology,xgboost_climate
Singapore,2025,470,4,118.0,137.41446,118.0,165.65413,118.0,19.41445999999999,47.65413000000001,28.239670000000018,376.92125709159967,2270.916106056901,1893.9948489653011,False,xgboost,xgboost_epidemiology,xgboost_climate
Singapore,2025,471,4,99.0,134.80397,99.0,190.59833,99.0,35.80396999999999,91.59833,55.79436000000001,1281.9242677608995,8390.254058788902,7108.329791028002,False,xgboost,xgboost_epidemiology,xgboost_climate
Singapore,2025,472,4,118.0,98.63865,118.0,95.614815,118.0,19.36135,22.385185000000007,3.0238350000000054,374.86187382250006,501.0965074842253,126.23463366172524,False,xgboost,xgboost_epidemiology,xgboost_climate
Singapore,2025,473,4,54.0,118.96848,54.0,111.432976,54.0,64.96848,57.432976,-7.535504000000003,4220.9033935104,3298.5467322165755,-922.3566612938243,True,xgboost,xgboost_epidemiology,xgboost_climate
Singapore,2025,474,4,113.0,163.2004,113.0,125.63061,113.0,50.2004,12.630610000000004,-37.56979,2520.08016016,159.5323089721001,-2360.5478511879,True,xgboost,xgboost_epidemiology,xgboost_climate
Singapore,2025,475,4,114.0,132.59,114.0,96.27865,114.0,18.590000000000003,17.72135,-0.8686500000000024,345.5881000000001,314.04624582250005,-31.541854177500056,True,xgboost,xgboost_epidemiology,xgboost_climate
Singapore,2025,476,4,71.0,144.36234,71.0,100.24513,71.0,73.36233999999999,29.245130000000003,-44.117209999999986,5382.032930275598,855.2776287169002,-4526.755301558698,True,xgboost,xgboost_epidemiology,xgboost_climate
Singapore,2025,477,4,82.0,81.90513,82.0,61.78967,82.0,0.09487000000000023,20.21033,20.11546,0.009000316900000045,408.4574387089,408.44843839199996,False,xgboost,xgboost_epidemiology,xgboost_climate
Singapore,2025,478,4,86.0,115.44123,86.0,98.349434,86.0,29.441230000000004,12.349434000000002,-17.091796000000002,866.7860239129003,152.50852012035605,-714.2775037925443,True,xgboost,xgboost_epidemiology,xgboost_climate
Singapore,2025,479,4,72.0,139.6051,72.0,123.67357,72.0,67.6051,51.67357,-15.931529999999995,4570.449546009999,2670.1578365449,-1900.2917094650988,True,xgboost,xgboost_epidemiology,xgboost_climate
Singapore,2025,480,4,100.0,79.41424,100.0,52.97578,100.0,20.585759999999993,47.02422,26.438460000000006,423.7735147775997,2211.2772666084,1787.5037518308004,False,xgboost,xgboost_epidemiology,xgboost_climate
Singapore,2025,481,4,98.0,73.91619,98.0,66.23197,98.0,24.08381,31.768029999999996,7.684219999999996,580.0299041160999,1009.2077300808998,429.1778259647998,False,xgboost,xgboost_epidemiology,xgboost_climate
Singapore,2025,482,4,87.0,74.98742,87.0,60.845245,87.0,12.01258,26.154755,14.142175000000002,144.3020782564,684.071209110025,539.769130853625,False,xgboost,xgboost_epidemiology,xgboost_climate
Singapore,2025,483,4,92.0,69.884995,92.0,56.556126,92.0,22.115004999999996,35.443874,13.328869000000005,489.07344615002484,1256.268204127876,767.1947579778512,False,xgboost,xgboost_epidemiology,xgboost_climate
Singapore,2025,484,4,94.0,100.105995,94.0,96.925835,94.0,6.105994999999993,2.9258350000000064,-3.1801599999999866,37.283174940024914,8.560510447225038,-28.722664492799876,True,xgboost,xgboost_epidemiology,xgboost_climate
Singapore,2025,485,4,107.0,117.96458,107.0,109.32122,107.0,10.964579999999998,2.3212199999999967,-8.643360000000001,120.22201457639996,5.3880622883999845,-114.83395228799998,True,xgboost,xgboost_epidemiology,xgboost_climate
Singapore,2025,486,4,89.0,87.703224,89.0,94.0246,89.0,1.2967759999999942,5.024600000000007,3.7278240000000125,1.6816279941759849,25.246605160000065,23.564977165824082,False,xgboost,xgboost_epidemiology,xgboost_climate
Singapore,2025,487,4,105.0,91.99206,105.0,88.34315,105.0,13.007940000000005,16.656850000000006,3.6489100000000008,169.20650304360012,277.4506519225002,108.24414887890006,False,xgboost,xgboost_epidemiology,xgboost_climate
Singapore,2025,488,4,103.0,95.95259,103.0,87.607895,103.0,7.047409999999999,15.392105,8.344695000000002,49.66598770809999,236.91689633102501,187.250908622925,False,xgboost,xgboost_epidemiology,xgboost_climate
Singapore,2025,489,4,118.0,128.7906,118.0,118.90609,118.0,10.790600000000012,0.9060900000000061,-9.884510000000006,116.43704836000026,0.820999088100011,-115.61604927190025,True,xgboost,xgboost_epidemiology,xgboost_climate
Singapore,2025,490,4,117.0,85.1077,117.0,89.22189,117.0,31.892300000000006,27.778109999999998,-4.114190000000008,1017.1187992900004,771.6233951720999,-245.49540411790053,True,xgboost,xgboost_epidemiology,xgboost_climate
Singapore,2025,491,4,118.0,105.72889,118.0,122.83484,118.0,12.271109999999993,4.83484,-7.436269999999993,150.58014063209984,23.375677825599997,-127.20446280649985,True,xgboost,xgboost_epidemiology,xgboost_climate
Singapore,2025,492,4,125.0,118.70917,125.0,131.21759,125.0,6.29083,6.217590000000001,-0.07323999999999842,39.574542088899996,38.658425408100015,-0.9161166807999805,True,xgboost,xgboost_epidemiology,xgboost_climate
Singapore,2025,493,4,106.0,145.60312,106.0,141.02692,106.0,39.60311999999999,35.02691999999999,-4.5762,1568.4071137343992,1226.8851246863992,-341.521989048,True,xgboost,xgboost_epidemiology,xgboost_climate
Singapore,2025,494,4,100.0,146.21776,100.0,140.66342,100.0,46.21776,40.66342,-5.554339999999996,2136.0813394176,1653.5137260964002,-482.5676133211996,True,xgboost,xgboost_epidemiology,xgboost_climate
Singapore,2025,495,4,119.0,135.96362,119.0,106.09252,119.0,16.96361999999999,12.907480000000007,-4.056139999999985,287.7644035043997,166.6030399504002,-121.16136355399951,True,xgboost,xgboost_epidemiology,xgboost_climate
Singapore,2025,496,4,112.0,142.34158,112.0,131.64821,112.0,30.341579999999993,19.648210000000006,-10.693369999999987,920.6114768963996,386.05215620410024,-534.5593206922994,True,xgboost,xgboost_epidemiology,xgboost_climate
Singapore,2025,497,4,86.0,125.541695,86.0,121.97789,86.0,39.541695000000004,35.97789,-3.563805000000002,1563.5456434730254,1294.4085688521002,-269.1370746209252,True,xgboost,xgboost_epidemiology,xgboost_climate
Singapore,2025,498,4,77.0,111.88395,77.0,97.15219,77.0,34.88395,20.152190000000004,-14.731759999999994,1216.8899676024998,406.1107617961002,-810.7792058063997,True,xgboost,xgboost_epidemiology,xgboost_climate
Singapore,2025,499,4,71.0,134.43658,71.0,100.67397,71.0,63.43657999999999,29.673969999999997,-33.762609999999995,4024.199682096399,880.5444955608998,-3143.6551865354995,True,xgboost,xgboost_epidemiology,xgboost_climate
Singapore,2025,500,4,73.0,129.92831,73.0,103.39526,73.0,56.92831000000001,30.395259999999993,-26.533050000000017,3240.8324794561013,923.8718304675996,-2316.960648988502,True,xgboost,xgboost_epidemiology,xgboost_climate
Singapore,2025,501,4,62.0,88.067856,62.0,74.800545,62.0,26.067856000000006,12.800545,-13.267311000000007,679.5331164367363,163.853952297025,-515.6791641397114,True,xgboost,xgboost_epidemiology,xgboost_climate
Singapore,2025,502,4,47.0,75.45066,47.0,60.602665,47.0,28.45066,13.602665000000002,-14.847994999999997,809.4400544355999,185.03249510222506,-624.4075593333748,True,xgboost,xgboost_epidemiology,xgboost_climate
Singapore,2025,503,4,51.0,73.42398,51.0,64.36852,51.0,22.42398,13.368520000000004,-9.055459999999997,502.8348790404,178.7173269904001,-324.11755204999986,True,xgboost,xgboost_epidemiology,xgboost_climate
Singapore,2025,504,4,42.0,72.899124,42.0,58.269802,42.0,30.899124,16.269802,-14.629322000000002,954.7558639673761,264.70645711920395,-690.0494068481721,True,xgboost,xgboost_epidemiology,xgboost_climate
Singapore,2025,505,4,49.0,72.52837,49.0,75.77221,49.0,23.528369999999995,26.77221,3.243840000000006,553.5841948568998,716.7512282841001,163.1670334272003,False,xgboost,xgboost_epidemiology,xgboost_climate
Singapore,2025,506,4,45.0,71.32228,45.0,62.673595,45.0,26.322280000000006,17.673595,-8.648685000000008,692.8624243984003,312.35596022402495,-380.50646417437537,True,xgboost,xgboost_epidemiology,xgboost_climate
Singapore,2025,507,4,40.0,71.757484,40.0,71.87797,40.0,31.757484000000005,31.877970000000005,0.12048599999999965,1008.5377900102563,1016.2049713209003,7.667181310643969,False,xgboost,xgboost_epidemiology,xgboost_climate
Singapore,2025,508,4,55.0,71.757484,55.0,56.92468,55.0,16.757484000000005,1.9246800000000022,-14.832804000000003,280.8132700102562,3.7043931024000085,-277.1088769078562,True,xgboost,xgboost_epidemiology,xgboost_climate
Singapore,2025,509,4,33.0,71.36937,33.0,65.084526,33.0,38.36937,32.084526,-6.284844000000007,1472.2085541969002,1029.4168086446757,-442.7917455522245,True,xgboost,xgboost_epidemiology,xgboost_climate
Singapore,2025,510,4,47.0,73.82779,47.0,64.32883,47.0,26.827789999999993,17.328829999999996,-9.498959999999997,719.7303162840997,300.28834916889986,-419.4419671151998,True,xgboost,xgboost_epidemiology,xgboost_climate
Singapore,2025,511,4,36.0,62.04519,36.0,48.121864,36.0,26.045189999999998,12.121864000000002,-13.923325999999996,678.3519221360999,146.93958683449605,-531.4123353016039,True,xgboost,xgboost_epidemiology,xgboost_climate
Singapore,2025,512,4,53.0,61.78847,53.0,51.592564,53.0,8.788469999999997,1.407435999999997,-7.381034,77.23720494089994,1.9808760940959915,-75.25632884680395,True,xgboost,xgboost_epidemiology,xgboost_climate
Singapore,2025,513,4,55.0,57.53366,55.0,38.534683,55.0,2.5336599999999976,16.465317,13.931657000000001,6.419432995599988,271.106663910489,264.68723091488897,False,xgboost,xgboost_epidemiology,xgboost_climate
Singapore,2025,514,4,39.0,57.31561,39.0,42.29063,39.0,18.31561,3.29063,-15.02498,335.4615696721,10.828245796900001,-324.6333238752,True,xgboost,xgboost_epidemiology,xgboost_climate
Singapore,2025,515,4,39.0,56.916145,39.0,44.977818,39.0,17.916145,5.977817999999999,-11.938327000000001,320.988251661025,35.73430804112399,-285.253943619901,True,xgboost,xgboost_epidemiology,xgboost_climate
Singapore,2025,516,4,27.0,57.5326,27.0,48.295822,27.0,30.532600000000002,21.295822,-9.236778000000001,932.2396627600001,453.51203465568403,-478.72762810431607,True,xgboost,xgboost_epidemiology,xgboost_climate
Singapore,2025,517,4,38.0,56.939957,38.0,47.943893,38.0,18.939957,9.943893000000003,-8.996063999999997,358.721971161849,98.88100799544905,-259.84096316639994,True,xgboost,xgboost_epidemiology,xgboost_climate
Singapore,2025,518,4,46.0,56.939957,46.0,55.630013,46.0,10.939957,9.630012999999998,-1.3099440000000016,119.68265916184899,92.73715038016897,-26.94550878168002,True,xgboost,xgboost_epidemiology,xgboost_climate
Singapore,2025,519,4,41.0,57.854088,41.0,50.26128,41.0,16.854087999999997,9.26128,-7.592807999999998,284.0602823117439,85.77130723839998,-198.28897507334392,True,xgboost,xgboost_epidemiology,xgboost_climate
Singapore,2025,520,4,32.0,57.450935,32.0,60.284805,32.0,25.450935,28.284805,2.8338699999999974,647.750092374225,800.0301938880249,152.28010151379988,False,xgboost,xgboost_epidemiology,xgboost_climate
Sri Lanka,2024,417,4,2760.0,1599.6663,2760.0,2349.6975,2760.0,1160.3337,410.3024999999998,-750.0312000000001,1346374.2953556897,168348.1415062498,-1178026.15384944,True,xgboost,xgboost_epidemiology,xgboost_climate
Sri Lanka,2024,418,4,2656.0,1815.8568,2656.0,2717.8267,2656.0,840.1432,61.82670000000007,-778.3164999999999,705840.59650624,3822.540832890009,-702018.05567335,True,xgboost,xgboost_epidemiology,xgboost_climate
Sri Lanka,2024,419,4,2913.0,2405.919,2913.0,3302.6028,2913.0,507.08100000000013,389.6028000000001,-117.47820000000002,257131.14056100012,151790.3417678401,-105340.79879316004,True,xgboost,xgboost_epidemiology,xgboost_climate
Sri Lanka,2024,429,4,747.0,1048.9148,747.0,794.93024,747.0,301.9148,47.930240000000026,-253.98456,91152.54645904001,2297.3079064576027,-88855.2385525824,True,xgboost,xgboost_epidemiology,xgboost_climate
Sri Lanka,2024,430,4,664.0,861.42316,664.0,658.16754,664.0,197.42316000000005,5.832459999999969,-191.59070000000008,38975.90410438562,34.01758965159964,-38941.88651473402,True,xgboost,xgboost_epidemiology,xgboost_climate
Sri Lanka,2024,431,4,614.0,472.60275,614.0,367.12375,614.0,141.39724999999999,246.87625000000003,105.47900000000004,19993.182307562496,60947.88281406251,40954.70050650001,False,xgboost,xgboost_epidemiology,xgboost_climate
Sri Lanka,2024,432,4,427.0,440.31415,427.0,365.47775,427.0,13.314149999999984,61.522249999999985,48.2081,177.26659022249956,3784.987245062498,3607.7206548399986,False,xgboost,xgboost_epidemiology,xgboost_climate
Sri Lanka,2024,433,4,576.0,362.03397,576.0,360.2009,576.0,213.96603,215.7991,1.8330700000000206,45781.4619939609,46569.25156081001,787.789566849111,False,xgboost,xgboost_epidemiology,xgboost_climate
Sri Lanka,2024,434,4,537.0,686.3883,537.0,871.6245,537.0,149.38829999999996,334.6245,185.23620000000005,22316.864176889987,111973.55600025001,89656.69182336003,False,xgboost,xgboost_epidemiology,xgboost_climate
Sri Lanka,2024,435,4,571.0,312.3812,571.0,389.04062,571.0,258.6188,181.95938,-76.65942000000001,66883.68371344001,33109.215969984405,-33774.46774345561,True,xgboost,xgboost_epidemiology,xgboost_climate
Sri Lanka,2024,436,4,589.0,537.9148,589.0,545.0677,589.0,51.085199999999986,43.932300000000055,-7.152899999999931,2609.6976590399986,1930.0469832900048,-679.6506757499938,True,xgboost,xgboost_epidemiology,xgboost_climate
Sri Lanka,2024,437,4,663.0,546.33307,663.0,594.7298,663.0,116.66692999999998,68.27020000000005,-48.396729999999934,13611.172555624895,4660.820208040006,-8950.352347584889,True,xgboost,xgboost_epidemiology,xgboost_climate
Sri Lanka,2024,438,4,493.0,610.2426,493.0,622.57446,493.0,117.24260000000004,129.57446000000004,12.331860000000006,13745.827254760008,16789.540684291613,3043.7134295316046,False,xgboost,xgboost_epidemiology,xgboost_climate
Sri Lanka,2024,439,4,648.0,610.2426,648.0,753.3093,648.0,37.75739999999996,105.30930000000001,67.55190000000005,1425.621254759997,11090.048666490002,9664.427411730005,False,xgboost,xgboost_epidemiology,xgboost_climate
Sri Lanka,2024,440,4,640.0,609.9731,640.0,835.7414,640.0,30.026899999999955,195.7414,165.71450000000004,901.6147236099973,38314.69567396,37413.08095035,False,xgboost,xgboost_epidemiology,xgboost_climate
Sri Lanka,2024,441,4,677.0,748.3595,677.0,978.00903,677.0,71.35950000000003,301.00903000000005,229.64953000000003,5092.178240250004,90606.43614154094,85514.25790129093,False,xgboost,xgboost_epidemiology,xgboost_climate
Sri Lanka,2024,442,4,683.0,601.4179,683.0,971.8472,683.0,81.58209999999997,288.84720000000004,207.26510000000007,6655.639040409995,83432.70494784003,76777.06590743003,False,xgboost,xgboost_epidemiology,xgboost_climate
Sri Lanka,2024,443,4,875.0,617.8383,875.0,906.15704,875.0,257.1617,31.157040000000052,-226.00465999999994,66132.13994688999,970.7611415616033,-65161.378805328386,True,xgboost,xgboost_epidemiology,xgboost_climate
Sri Lanka,2024,444,4,935.0,609.7861,935.0,951.90454,935.0,325.21389999999997,16.904539999999997,-308.30935999999997,105764.08075320997,285.7634726115999,-105478.31728059838,True,xgboost,xgboost_epidemiology,xgboost_climate
Sri Lanka,2024,445,4,989.0,734.1319,989.0,1019.8165,989.0,254.86810000000003,30.81650000000002,-224.0516,64957.74839761001,949.6566722500012,-64008.09172536001,True,xgboost,xgboost_epidemiology,xgboost_climate
Sri Lanka,2024,446,4,992.0,734.1319,992.0,1047.5034,992.0,257.8681,55.503400000000056,-202.36469999999997,66495.95699761002,3080.6274115600063,-63415.32958605001,True,xgboost,xgboost_epidemiology,xgboost_climate
Sri Lanka,2024,447,4,1031.0,805.30646,1031.0,937.39734,1031.0,225.69353999999998,93.60266000000001,-132.09087999999997,50937.57399773159,8761.457959075602,-42176.116038655986,True,xgboost,xgboost_epidemiology,xgboost_climate
Sri Lanka,2024,448,4,1004.0,823.424,1004.0,967.01025,1004.0,180.57600000000002,36.98974999999996,-143.58625000000006,32607.691776000007,1368.241605062497,-31239.45017093751,True,xgboost,xgboost_epidemiology,xgboost_climate
Sri Lanka,2024,449,4,960.0,875.6934,960.0,997.1127,960.0,84.3066,37.11270000000002,-47.193899999999985,7107.60280356,1377.3525012900013,-5730.250302269998,True,xgboost,xgboost_epidemiology,xgboost_climate
Sri Lanka,2024,450,4,911.0,876.0765,911.0,941.62506,911.0,34.92349999999999,30.625059999999962,-4.298440000000028,1219.6508522499994,937.8943000035977,-281.7565522464017,True,xgboost,xgboost_epidemiology,xgboost_climate
Sri Lanka,2024,451,4,857.0,934.2453,857.0,851.2736,857.0,77.24530000000004,5.726400000000012,-71.51890000000003,5966.836372090007,32.79165696000014,-5934.044715130007,True,xgboost,xgboost_epidemiology,xgboost_climate
Sri Lanka,2024,452,4,854.0,889.83826,854.0,1071.667,854.0,35.83825999999999,217.66699999999992,181.82873999999993,1284.3808798275993,47378.922888999965,46094.542009172364,False,xgboost,xgboost_epidemiology,xgboost_climate
Sri Lanka,2024,453,4,733.0,848.2275,733.0,916.03534,733.0,115.22749999999996,183.03534000000002,67.80784000000006,13277.376756249992,33501.935688915604,20224.55893266561,False,xgboost,xgboost_epidemiology,xgboost_climate
Sri Lanka,2024,454,4,694.0,848.2275,694.0,922.6889,694.0,154.22749999999996,228.6889,74.46140000000003,23786.121756249988,52298.61298321,28512.49122696001,False,xgboost,xgboost_epidemiology,xgboost_climate
Sri Lanka,2024,455,4,671.0,740.9494,671.0,854.11334,671.0,69.94939999999997,183.11334,113.16394000000003,4892.918560359995,33530.4952859556,28637.576725595605,False,xgboost,xgboost_epidemiology,xgboost_climate
Sri Lanka,2024,456,4,657.0,749.31775,657.0,825.57874,657.0,92.31775000000005,168.57874000000004,76.26098999999999,8522.566965062508,28418.791579987614,19896.224614925108,False,xgboost,xgboost_epidemiology,xgboost_climate
Sri Lanka,2024,457,4,686.0,737.3974,686.0,974.6327,686.0,51.39739999999995,288.6327,237.23530000000005,2641.6927267599945,83308.83550929,80667.14278253,False,xgboost,xgboost_epidemiology,xgboost_climate
Sri Lanka,2024,458,4,707.0,732.331,707.0,686.4257,707.0,25.331000000000017,20.574299999999994,-4.7567000000000235,641.6595610000008,423.3018204899997,-218.35774051000112,True,xgboost,xgboost_epidemiology,xgboost_climate
Sri Lanka,2024,459,4,668.0,729.657,668.0,662.13416,668.0,61.65700000000004,5.865840000000048,-55.79115999999999,3801.5856490000047,34.40807890560057,-3767.177570094404,True,xgboost,xgboost_epidemiology,xgboost_climate
Sri Lanka,2024,460,4,672.0,618.52716,672.0,539.5849,672.0,53.47284000000002,132.41510000000005,78.94226000000003,2859.344617665602,17533.758708010013,14674.414090344411,False,xgboost,xgboost_epidemiology,xgboost_climate
Sri Lanka,2024,461,4,669.0,729.657,669.0,793.7102,669.0,60.65700000000004,124.71019999999999,64.05319999999995,3679.271649000005,15552.633984039996,11873.36233503999,False,xgboost,xgboost_epidemiology,xgboost_climate
Sri Lanka,2024,462,4,696.0,722.9957,696.0,819.18146,696.0,26.995700000000056,123.18146000000002,96.18575999999996,728.767818490003,15173.672087731604,14444.9042692416,False,xgboost,xgboost_epidemiology,xgboost_climate
Sri Lanka,2024,463,4,626.0,729.657,626.0,928.2136,626.0,103.65700000000004,302.21360000000004,198.5566,10744.773649000008,91333.06002496002,80588.28637596001,False,xgboost,xgboost_epidemiology,xgboost_climate
Sri Lanka,2024,464,4,913.0,759.8463,913.0,912.17883,913.0,153.15369999999996,0.8211700000000519,-152.3325299999999,23456.05582368999,0.6743201689000853,-23455.38150352109,True,xgboost,xgboost_epidemiology,xgboost_climate
Sri Lanka,2024,465,4,832.0,817.34534,832.0,1009.79297,832.0,14.654660000000035,177.79296999999997,163.13830999999993,214.75905971560104,31610.34018142089,31395.581121705287,False,xgboost,xgboost_epidemiology,xgboost_climate
Sri Lanka,2024,466,4,736.0,869.67725,736.0,997.1993,736.0,133.67724999999996,261.1993,127.52205000000004,17869.607167562488,68225.07432048999,50355.46715292751,False,xgboost,xgboost_epidemiology,xgboost_climate
Sri Lanka,2024,467,4,915.0,779.5724,915.0,946.47614,915.0,135.42759999999998,31.476139999999987,-103.95146,18340.634841759995,990.7473892995991,-17349.887452460396,True,xgboost,xgboost_epidemiology,xgboost_climate
