"setting","validation_year","test_year","source_year","source_week","week_label","analysis_week","target_year","target_week","target_analysis_week","horizon_weeks","model","actual","predicted"
"Brazil",2022,2023,2022,52,"2022-W52",364,2023,1,365,1,"climate_informed",28533,5602.8186810249
"Brazil",2022,2023,2023,1,"2023-W01",365,2023,2,366,1,"climate_informed",30645,21206.8207560317
"Brazil",2022,2023,2023,2,"2023-W02",366,2023,3,367,1,"climate_informed",36999,22836.6585251505
"Brazil",2022,2023,2023,3,"2023-W03",367,2023,4,368,1,"climate_informed",42470,35675.143287163
"Brazil",2022,2023,2023,4,"2023-W04",368,2023,5,369,1,"climate_informed",52668,44322.3431500543
"Brazil",2022,2023,2023,5,"2023-W05",369,2023,6,370,1,"climate_informed",64987,63636.5110247146
"Brazil",2022,2023,2023,6,"2023-W06",370,2023,7,371,1,"climate_informed",66762,75456.1667595958
"Brazil",2022,2023,2023,7,"2023-W07",371,2023,8,372,1,"climate_informed",77027,79478.256208969
"Brazil",2022,2023,2023,8,"2023-W08",372,2023,9,373,1,"climate_informed",98392,87132.5962466599
"Brazil",2022,2023,2023,9,"2023-W09",373,2023,10,374,1,"climate_informed",115216,99595.3018873567
"Brazil",2022,2023,2023,10,"2023-W10",374,2023,11,375,1,"climate_informed",131868,111626.209131732
"Brazil",2022,2023,2023,11,"2023-W11",375,2023,12,376,1,"climate_informed",160054,130509.953256058
"Brazil",2022,2023,2023,12,"2023-W12",376,2023,13,377,1,"climate_informed",171176,146881.03647291
"Brazil",2022,2023,2023,13,"2023-W13",377,2023,14,378,1,"climate_informed",161477,158180.368157611
"Brazil",2022,2023,2023,14,"2023-W14",378,2023,15,379,1,"climate_informed",186718,157380.086354185
"Brazil",2022,2023,2023,15,"2023-W15",379,2023,16,380,1,"climate_informed",165002,172211.430462368
"Brazil",2022,2023,2023,16,"2023-W16",380,2023,17,381,1,"climate_informed",148400,151798.143587983
"Brazil",2022,2023,2023,17,"2023-W17",381,2023,18,382,1,"climate_informed",158352,139260.813869792
"Brazil",2022,2023,2023,18,"2023-W18",382,2023,19,383,1,"climate_informed",144376,133677.287422005
"Brazil",2022,2023,2023,19,"2023-W19",383,2023,20,384,1,"climate_informed",121825,118990.891446084
"Brazil",2022,2023,2023,20,"2023-W20",384,2023,21,385,1,"climate_informed",90703,105406.672102722
"Brazil",2022,2023,2023,21,"2023-W21",385,2023,22,386,1,"climate_informed",72095,79414.2107074598
"Brazil",2022,2023,2023,22,"2023-W22",386,2023,23,387,1,"climate_informed",55721,63972.0663633355
"Brazil",2022,2023,2023,23,"2023-W23",387,2023,24,388,1,"climate_informed",48059,49613.1554688963
"Brazil",2022,2023,2023,24,"2023-W24",388,2023,25,389,1,"climate_informed",39160,40712.3312640213
"Brazil",2022,2023,2023,25,"2023-W25",389,2023,26,390,1,"climate_informed",33459,31877.376117096
"Brazil",2022,2023,2023,26,"2023-W26",390,2023,27,391,1,"climate_informed",27767,27355.0480652229
"Brazil",2022,2023,2023,27,"2023-W27",391,2023,28,392,1,"climate_informed",24236,23298.5718550032
"Brazil",2022,2023,2023,28,"2023-W28",392,2023,29,393,1,"climate_informed",20558,20612.9019184764
"Brazil",2022,2023,2023,29,"2023-W29",393,2023,30,394,1,"climate_informed",18393,17354.7020054997
"Brazil",2022,2023,2023,30,"2023-W30",394,2023,31,395,1,"climate_informed",19179,15959.990251384
"Brazil",2022,2023,2023,31,"2023-W31",395,2023,32,396,1,"climate_informed",17728,15473.2857141713
"Brazil",2022,2023,2023,32,"2023-W32",396,2023,33,397,1,"climate_informed",17804,14774.8700627927
"Brazil",2022,2023,2023,33,"2023-W33",397,2023,34,398,1,"climate_informed",17132,15129.7671306397
"Brazil",2022,2023,2023,34,"2023-W34",398,2023,35,399,1,"climate_informed",15933,14690.4052146995
"Brazil",2022,2023,2023,35,"2023-W35",399,2023,36,400,1,"climate_informed",14827,14146.460561127
"Brazil",2022,2023,2023,36,"2023-W36",400,2023,37,401,1,"climate_informed",17637,13787.8410070672
"Brazil",2022,2023,2023,37,"2023-W37",401,2023,38,402,1,"climate_informed",18790,14955.2308140978
"Brazil",2022,2023,2023,38,"2023-W38",402,2023,39,403,1,"climate_informed",17681,15601.2203340307
"Brazil",2022,2023,2023,39,"2023-W39",403,2023,40,404,1,"climate_informed",19313,16010.0003788774
"Brazil",2022,2023,2023,40,"2023-W40",404,2023,41,405,1,"climate_informed",17341,18182.6641523614
"Brazil",2022,2023,2023,41,"2023-W41",405,2023,42,406,1,"climate_informed",21013,17081.5145816566
"Brazil",2022,2023,2023,42,"2023-W42",406,2023,43,407,1,"climate_informed",19662,19453.8231073159
"Brazil",2022,2023,2023,43,"2023-W43",407,2023,44,408,1,"climate_informed",18785,18950.9579501765
"Brazil",2022,2023,2023,44,"2023-W44",408,2023,45,409,1,"climate_informed",24393,19314.8646574023
"Brazil",2022,2023,2023,45,"2023-W45",409,2023,46,410,1,"climate_informed",22124,23566.1168928327
"Brazil",2022,2023,2023,46,"2023-W46",410,2023,47,411,1,"climate_informed",27767,22481.0336123948
"Brazil",2022,2023,2023,47,"2023-W47",411,2023,48,412,1,"climate_informed",30045,27692.7772960405
"Brazil",2022,2023,2023,48,"2023-W48",412,2023,49,413,1,"climate_informed",33247,30459.2608231876
"Brazil",2022,2023,2023,49,"2023-W49",413,2023,50,414,1,"climate_informed",40789,34943.6530029647
"Brazil",2022,2023,2023,50,"2023-W50",414,2023,51,415,1,"climate_informed",38305,40814.8752517942
"Brazil",2022,2023,2023,51,"2023-W51",415,2023,52,416,1,"climate_informed",2146,43009.4411817137
"Brazil",2022,2023,2022,52,"2022-W52",364,2023,1,365,1,"epidemiology_only",28533,5378.29223337777
"Brazil",2022,2023,2023,1,"2023-W01",365,2023,2,366,1,"epidemiology_only",30645,21339.592173837
"Brazil",2022,2023,2023,2,"2023-W02",366,2023,3,367,1,"epidemiology_only",36999,22530.2846877345
"Brazil",2022,2023,2023,3,"2023-W03",367,2023,4,368,1,"epidemiology_only",42470,35042.2939416979
"Brazil",2022,2023,2023,4,"2023-W04",368,2023,5,369,1,"epidemiology_only",52668,43706.9567935213
"Brazil",2022,2023,2023,5,"2023-W05",369,2023,6,370,1,"epidemiology_only",64987,61796.6436840022
"Brazil",2022,2023,2023,6,"2023-W06",370,2023,7,371,1,"epidemiology_only",66762,73602.3135279621
"Brazil",2022,2023,2023,7,"2023-W07",371,2023,8,372,1,"epidemiology_only",77027,77226.9239704796
"Brazil",2022,2023,2023,8,"2023-W08",372,2023,9,373,1,"epidemiology_only",98392,83352.9487862187
"Brazil",2022,2023,2023,9,"2023-W09",373,2023,10,374,1,"epidemiology_only",115216,96855.7067842098
"Brazil",2022,2023,2023,10,"2023-W10",374,2023,11,375,1,"epidemiology_only",131868,110785.557143575
"Brazil",2022,2023,2023,11,"2023-W11",375,2023,12,376,1,"epidemiology_only",160054,125160.555904678
"Brazil",2022,2023,2023,12,"2023-W12",376,2023,13,377,1,"epidemiology_only",171176,146799.596900331
"Brazil",2022,2023,2023,13,"2023-W13",377,2023,14,378,1,"epidemiology_only",161477,158056.326571364
"Brazil",2022,2023,2023,14,"2023-W14",378,2023,15,379,1,"epidemiology_only",186718,154653.842528399
"Brazil",2022,2023,2023,15,"2023-W15",379,2023,16,380,1,"epidemiology_only",165002,168470.831654889
"Brazil",2022,2023,2023,16,"2023-W16",380,2023,17,381,1,"epidemiology_only",148400,151314.430077378
"Brazil",2022,2023,2023,17,"2023-W17",381,2023,18,382,1,"epidemiology_only",158352,137057.657302519
"Brazil",2022,2023,2023,18,"2023-W18",382,2023,19,383,1,"epidemiology_only",144376,135154.543797201
"Brazil",2022,2023,2023,19,"2023-W19",383,2023,20,384,1,"epidemiology_only",121825,122063.780738911
"Brazil",2022,2023,2023,20,"2023-W20",384,2023,21,385,1,"epidemiology_only",90703,104988.561005078
"Brazil",2022,2023,2023,21,"2023-W21",385,2023,22,386,1,"epidemiology_only",72095,81643.8004638842
"Brazil",2022,2023,2023,22,"2023-W22",386,2023,23,387,1,"epidemiology_only",55721,65003.7323492589
"Brazil",2022,2023,2023,23,"2023-W23",387,2023,24,388,1,"epidemiology_only",48059,49541.6651427351
"Brazil",2022,2023,2023,24,"2023-W24",388,2023,25,389,1,"epidemiology_only",39160,40834.010311243
"Brazil",2022,2023,2023,25,"2023-W25",389,2023,26,390,1,"epidemiology_only",33459,32615.4002657671
"Brazil",2022,2023,2023,26,"2023-W26",390,2023,27,391,1,"epidemiology_only",27767,27614.6078419745
"Brazil",2022,2023,2023,27,"2023-W27",391,2023,28,392,1,"epidemiology_only",24236,23116.0558903015
"Brazil",2022,2023,2023,28,"2023-W28",392,2023,29,393,1,"epidemiology_only",20558,20296.2844435004
"Brazil",2022,2023,2023,29,"2023-W29",393,2023,30,394,1,"epidemiology_only",18393,17460.6931819721
"Brazil",2022,2023,2023,30,"2023-W30",394,2023,31,395,1,"epidemiology_only",19179,15687.5304333223
"Brazil",2022,2023,2023,31,"2023-W31",395,2023,32,396,1,"epidemiology_only",17728,15682.9626828552
"Brazil",2022,2023,2023,32,"2023-W32",396,2023,33,397,1,"epidemiology_only",17804,14808.3296415173
"Brazil",2022,2023,2023,33,"2023-W33",397,2023,34,398,1,"epidemiology_only",17132,15050.4311595446
"Brazil",2022,2023,2023,34,"2023-W34",398,2023,35,399,1,"epidemiology_only",15933,14851.1107301244
"Brazil",2022,2023,2023,35,"2023-W35",399,2023,36,400,1,"epidemiology_only",14827,14450.2471342861
"Brazil",2022,2023,2023,36,"2023-W36",400,2023,37,401,1,"epidemiology_only",17637,13843.0331843343
"Brazil",2022,2023,2023,37,"2023-W37",401,2023,38,402,1,"epidemiology_only",18790,15623.5018310207
"Brazil",2022,2023,2023,38,"2023-W38",402,2023,39,403,1,"epidemiology_only",17681,16615.2733861854
"Brazil",2022,2023,2023,39,"2023-W39",403,2023,40,404,1,"epidemiology_only",19313,16721.7730745807
"Brazil",2022,2023,2023,40,"2023-W40",404,2023,41,405,1,"epidemiology_only",17341,18381.0626002945
"Brazil",2022,2023,2023,41,"2023-W41",405,2023,42,406,1,"epidemiology_only",21013,17645.5963273337
"Brazil",2022,2023,2023,42,"2023-W42",406,2023,43,407,1,"epidemiology_only",19662,20592.660410891
"Brazil",2022,2023,2023,43,"2023-W43",407,2023,44,408,1,"epidemiology_only",18785,20000.844049733
"Brazil",2022,2023,2023,44,"2023-W44",408,2023,45,409,1,"epidemiology_only",24393,20111.3775847946
"Brazil",2022,2023,2023,45,"2023-W45",409,2023,46,410,1,"epidemiology_only",22124,24140.8313783008
"Brazil",2022,2023,2023,46,"2023-W46",410,2023,47,411,1,"epidemiology_only",27767,23496.9777823834
"Brazil",2022,2023,2023,47,"2023-W47",411,2023,48,412,1,"epidemiology_only",30045,28596.8051604644
"Brazil",2022,2023,2023,48,"2023-W48",412,2023,49,413,1,"epidemiology_only",33247,31117.3184820951
"Brazil",2022,2023,2023,49,"2023-W49",413,2023,50,414,1,"epidemiology_only",40789,35536.2742325486
"Brazil",2022,2023,2023,50,"2023-W50",414,2023,51,415,1,"epidemiology_only",38305,42349.9685932373
"Brazil",2022,2023,2023,51,"2023-W51",415,2023,52,416,1,"epidemiology_only",2146,42916.8075502699
"Brazil",2022,2023,2022,51,"2022-W51",363,2023,1,365,2,"climate_informed",28533,14849.2290414054
"Brazil",2022,2023,2022,52,"2022-W52",364,2023,2,366,2,"climate_informed",30645,6875.24286626036
"Brazil",2022,2023,2023,1,"2023-W01",365,2023,3,367,2,"climate_informed",36999,19645.5229813207
"Brazil",2022,2023,2023,2,"2023-W02",366,2023,4,368,2,"climate_informed",42470,25911.1663796354
"Brazil",2022,2023,2023,3,"2023-W03",367,2023,5,369,2,"climate_informed",52668,38372.6829286564
"Brazil",2022,2023,2023,4,"2023-W04",368,2023,6,370,2,"climate_informed",64987,50913.3467464374
"Brazil",2022,2023,2023,5,"2023-W05",369,2023,7,371,2,"climate_informed",66762,76824.7225954009
"Brazil",2022,2023,2023,6,"2023-W06",370,2023,8,372,2,"climate_informed",77027,89925.3006902784
"Brazil",2022,2023,2023,7,"2023-W07",371,2023,9,373,2,"climate_informed",98392,95020.7651257614
"Brazil",2022,2023,2023,8,"2023-W08",372,2023,10,374,2,"climate_informed",115216,101144.839926141
"Brazil",2022,2023,2023,9,"2023-W09",373,2023,11,375,2,"climate_informed",131868,106708.729992207
"Brazil",2022,2023,2023,10,"2023-W10",374,2023,12,376,2,"climate_informed",160054,115962.12988151
"Brazil",2022,2023,2023,11,"2023-W11",375,2023,13,377,2,"climate_informed",171176,136168.705705452
"Brazil",2022,2023,2023,12,"2023-W12",376,2023,14,378,2,"climate_informed",161477,146748.076212496
"Brazil",2022,2023,2023,13,"2023-W13",377,2023,15,379,2,"climate_informed",186718,155086.258759634
"Brazil",2022,2023,2023,14,"2023-W14",378,2023,16,380,2,"climate_informed",165002,153604.920263466
"Brazil",2022,2023,2023,15,"2023-W15",379,2023,17,381,2,"climate_informed",148400,163316.508029571
"Brazil",2022,2023,2023,16,"2023-W16",380,2023,18,382,2,"climate_informed",158352,142704.362063799
"Brazil",2022,2023,2023,17,"2023-W17",381,2023,19,383,2,"climate_informed",144376,128307.248525081
"Brazil",2022,2023,2023,18,"2023-W18",382,2023,20,384,2,"climate_informed",121825,116707.560791152
"Brazil",2022,2023,2023,19,"2023-W19",383,2023,21,385,2,"climate_informed",90703,101946.478759411
"Brazil",2022,2023,2023,20,"2023-W20",384,2023,22,386,2,"climate_informed",72095,92045.3812503133
"Brazil",2022,2023,2023,21,"2023-W21",385,2023,23,387,2,"climate_informed",55721,67745.4435729724
"Brazil",2022,2023,2023,22,"2023-W22",386,2023,24,388,2,"climate_informed",48059,53617.1838118158
"Brazil",2022,2023,2023,23,"2023-W23",387,2023,25,389,2,"climate_informed",39160,42558.8325156465
"Brazil",2022,2023,2023,24,"2023-W24",388,2023,26,390,2,"climate_informed",33459,34233.765744142
"Brazil",2022,2023,2023,25,"2023-W25",389,2023,27,391,2,"climate_informed",27767,26458.1791557554
"Brazil",2022,2023,2023,26,"2023-W26",390,2023,28,392,2,"climate_informed",24236,23153.6516590972
"Brazil",2022,2023,2023,27,"2023-W27",391,2023,29,393,2,"climate_informed",20558,19903.2405220322
"Brazil",2022,2023,2023,28,"2023-W28",392,2023,30,394,2,"climate_informed",18393,18486.8380334174
"Brazil",2022,2023,2023,29,"2023-W29",393,2023,31,395,2,"climate_informed",19179,15458.0532681279
"Brazil",2022,2023,2023,30,"2023-W30",394,2023,32,396,2,"climate_informed",17728,14594.5807275882
"Brazil",2022,2023,2023,31,"2023-W31",395,2023,33,397,2,"climate_informed",17804,13384.8087453018
"Brazil",2022,2023,2023,32,"2023-W32",396,2023,34,398,2,"climate_informed",17132,13665.1850329283
"Brazil",2022,2023,2023,33,"2023-W33",397,2023,35,399,2,"climate_informed",15933,14224.4460032687
"Brazil",2022,2023,2023,34,"2023-W34",398,2023,36,400,2,"climate_informed",14827,13775.1883518415
"Brazil",2022,2023,2023,35,"2023-W35",399,2023,37,401,2,"climate_informed",17637,13311.9489604769
"Brazil",2022,2023,2023,36,"2023-W36",400,2023,38,402,2,"climate_informed",18790,13239.6882788264
"Brazil",2022,2023,2023,37,"2023-W37",401,2023,39,403,2,"climate_informed",17681,14105.4461882621
"Brazil",2022,2023,2023,38,"2023-W38",402,2023,40,404,2,"climate_informed",19313,14707.2607508797
"Brazil",2022,2023,2023,39,"2023-W39",403,2023,41,405,2,"climate_informed",17341,15182.0595755398
"Brazil",2022,2023,2023,40,"2023-W40",404,2023,42,406,2,"climate_informed",21013,17648.1413462696
"Brazil",2022,2023,2023,41,"2023-W41",405,2023,43,407,2,"climate_informed",19662,17247.2245962673
"Brazil",2022,2023,2023,42,"2023-W42",406,2023,44,408,2,"climate_informed",18785,18654.2793677044
"Brazil",2022,2023,2023,43,"2023-W43",407,2023,45,409,2,"climate_informed",24393,18714.944589637
"Brazil",2022,2023,2023,44,"2023-W44",408,2023,46,410,2,"climate_informed",22124,19163.7167173541
"Brazil",2022,2023,2023,45,"2023-W45",409,2023,47,411,2,"climate_informed",27767,23692.778044638
"Brazil",2022,2023,2023,46,"2023-W46",410,2023,48,412,2,"climate_informed",30045,23603.8092345361
"Brazil",2022,2023,2023,47,"2023-W47",411,2023,49,413,2,"climate_informed",33247,27534.1706856146
"Brazil",2022,2023,2023,48,"2023-W48",412,2023,50,414,2,"climate_informed",40789,32171.3743097281
"Brazil",2022,2023,2023,49,"2023-W49",413,2023,51,415,2,"climate_informed",38305,37207.729923835
"Brazil",2022,2023,2023,50,"2023-W50",414,2023,52,416,2,"climate_informed",2146,42375.3250297063
"Brazil",2022,2023,2022,51,"2022-W51",363,2023,1,365,2,"epidemiology_only",28533,13842.3845908534
"Brazil",2022,2023,2022,52,"2022-W52",364,2023,2,366,2,"epidemiology_only",30645,6217.50038927333
"Brazil",2022,2023,2023,1,"2023-W01",365,2023,3,367,2,"epidemiology_only",36999,19196.0667793812
"Brazil",2022,2023,2023,2,"2023-W02",366,2023,4,368,2,"epidemiology_only",42470,24844.0355276793
"Brazil",2022,2023,2023,3,"2023-W03",367,2023,5,369,2,"epidemiology_only",52668,37812.0029113892
"Brazil",2022,2023,2023,4,"2023-W04",368,2023,6,370,2,"epidemiology_only",64987,49512.0263879491
"Brazil",2022,2023,2023,5,"2023-W05",369,2023,7,371,2,"epidemiology_only",66762,70153.5483257252
"Brazil",2022,2023,2023,6,"2023-W06",370,2023,8,372,2,"epidemiology_only",77027,82967.0638378226
"Brazil",2022,2023,2023,7,"2023-W07",371,2023,9,373,2,"epidemiology_only",98392,86996.4215057848
"Brazil",2022,2023,2023,8,"2023-W08",372,2023,10,374,2,"epidemiology_only",115216,90755.6084802248
"Brazil",2022,2023,2023,9,"2023-W09",373,2023,11,375,2,"epidemiology_only",131868,99597.3159120567
"Brazil",2022,2023,2023,10,"2023-W10",374,2023,12,376,2,"epidemiology_only",160054,113005.369132418
"Brazil",2022,2023,2023,11,"2023-W11",375,2023,13,377,2,"epidemiology_only",171176,125744.89496085
"Brazil",2022,2023,2023,12,"2023-W12",376,2023,14,378,2,"epidemiology_only",161477,144802.719079755
"Brazil",2022,2023,2023,13,"2023-W13",377,2023,15,379,2,"epidemiology_only",186718,154819.920305622
"Brazil",2022,2023,2023,14,"2023-W14",378,2023,16,380,2,"epidemiology_only",165002,149839.227106941
"Brazil",2022,2023,2023,15,"2023-W15",379,2023,17,381,2,"epidemiology_only",148400,157916.337346228
"Brazil",2022,2023,2023,16,"2023-W16",380,2023,18,382,2,"epidemiology_only",158352,141817.565750194
"Brazil",2022,2023,2023,17,"2023-W17",381,2023,19,383,2,"epidemiology_only",144376,124926.889333109
"Brazil",2022,2023,2023,18,"2023-W18",382,2023,20,384,2,"epidemiology_only",121825,119611.307890133
"Brazil",2022,2023,2023,19,"2023-W19",383,2023,21,385,2,"epidemiology_only",90703,107573.951585438
"Brazil",2022,2023,2023,20,"2023-W20",384,2023,22,386,2,"epidemiology_only",72095,91466.1733459752
"Brazil",2022,2023,2023,21,"2023-W21",385,2023,23,387,2,"epidemiology_only",55721,70966.1306818203
"Brazil",2022,2023,2023,22,"2023-W22",386,2023,24,388,2,"epidemiology_only",48059,55550.4402667462
"Brazil",2022,2023,2023,23,"2023-W23",387,2023,25,389,2,"epidemiology_only",39160,41935.1134251635
"Brazil",2022,2023,2023,24,"2023-W24",388,2023,26,390,2,"epidemiology_only",33459,34059.9020065865
"Brazil",2022,2023,2023,25,"2023-W25",389,2023,27,391,2,"epidemiology_only",27767,27281.1772431649
"Brazil",2022,2023,2023,26,"2023-W26",390,2023,28,392,2,"epidemiology_only",24236,23030.3431508825
"Brazil",2022,2023,2023,27,"2023-W27",391,2023,29,393,2,"epidemiology_only",20558,19494.2509513783
"Brazil",2022,2023,2023,28,"2023-W28",392,2023,30,394,2,"epidemiology_only",18393,17244.392410745
"Brazil",2022,2023,2023,29,"2023-W29",393,2023,31,395,2,"epidemiology_only",19179,15077.099454213
"Brazil",2022,2023,2023,30,"2023-W30",394,2023,32,396,2,"epidemiology_only",17728,13665.9819077856
"Brazil",2022,2023,2023,31,"2023-W31",395,2023,33,397,2,"epidemiology_only",17804,13728.6145316559
"Brazil",2022,2023,2023,32,"2023-W32",396,2023,34,398,2,"epidemiology_only",17132,13298.4032004573
"Brazil",2022,2023,2023,33,"2023-W33",397,2023,35,399,2,"epidemiology_only",15933,13654.7269382858
"Brazil",2022,2023,2023,34,"2023-W34",398,2023,36,400,2,"epidemiology_only",14827,13779.5796853717
"Brazil",2022,2023,2023,35,"2023-W35",399,2023,37,401,2,"epidemiology_only",17637,13649.3668979224
"Brazil",2022,2023,2023,36,"2023-W36",400,2023,38,402,2,"epidemiology_only",18790,13255.9250472503
"Brazil",2022,2023,2023,37,"2023-W37",401,2023,39,403,2,"epidemiology_only",17681,14910.5156702837
"Brazil",2022,2023,2023,38,"2023-W38",402,2023,40,404,2,"epidemiology_only",19313,16242.6900496789
"Brazil",2022,2023,2023,39,"2023-W39",403,2023,41,405,2,"epidemiology_only",17341,16676.3332913217
"Brazil",2022,2023,2023,40,"2023-W40",404,2023,42,406,2,"epidemiology_only",21013,18406.25519858
"Brazil",2022,2023,2023,41,"2023-W41",405,2023,43,407,2,"epidemiology_only",19662,18159.4158766394
"Brazil",2022,2023,2023,42,"2023-W42",406,2023,44,408,2,"epidemiology_only",18785,20902.2713365565
"Brazil",2022,2023,2023,43,"2023-W43",407,2023,45,409,2,"epidemiology_only",24393,20962.9359270804
"Brazil",2022,2023,2023,44,"2023-W44",408,2023,46,410,2,"epidemiology_only",22124,21113.6534517964
"Brazil",2022,2023,2023,45,"2023-W45",409,2023,47,411,2,"epidemiology_only",27767,24993.4529811516
"Brazil",2022,2023,2023,46,"2023-W46",410,2023,48,412,2,"epidemiology_only",30045,25219.8315922019
"Brazil",2022,2023,2023,47,"2023-W47",411,2023,49,413,2,"epidemiology_only",33247,30105.4257976227
"Brazil",2022,2023,2023,48,"2023-W48",412,2023,50,414,2,"epidemiology_only",40789,33538.7627460989
"Brazil",2022,2023,2023,49,"2023-W49",413,2023,51,415,2,"epidemiology_only",38305,38386.0608264798
"Brazil",2022,2023,2023,50,"2023-W50",414,2023,52,416,2,"epidemiology_only",2146,45617.8414087753
"Brazil",2022,2023,2022,49,"2022-W49",361,2023,1,365,4,"climate_informed",28533,26056.1833644199
"Brazil",2022,2023,2022,50,"2022-W50",362,2023,2,366,4,"climate_informed",30645,26115.1891149883
"Brazil",2022,2023,2022,51,"2022-W51",363,2023,3,367,4,"climate_informed",36999,18450.4091126449
"Brazil",2022,2023,2022,52,"2022-W52",364,2023,4,368,4,"climate_informed",42470,8096.01423422551
"Brazil",2022,2023,2023,1,"2023-W01",365,2023,5,369,4,"climate_informed",52668,25225.2615160251
"Brazil",2022,2023,2023,2,"2023-W02",366,2023,6,370,4,"climate_informed",64987,34656.3644254095
"Brazil",2022,2023,2023,3,"2023-W03",367,2023,7,371,4,"climate_informed",66762,56057.5333689926
"Brazil",2022,2023,2023,4,"2023-W04",368,2023,8,372,4,"climate_informed",77027,59773.9112957841
"Brazil",2022,2023,2023,5,"2023-W05",369,2023,9,373,4,"climate_informed",98392,111174.391077829
"Brazil",2022,2023,2023,6,"2023-W06",370,2023,10,374,4,"climate_informed",115216,125112.650757991
"Brazil",2022,2023,2023,7,"2023-W07",371,2023,11,375,4,"climate_informed",131868,125778.778000863
"Brazil",2022,2023,2023,8,"2023-W08",372,2023,12,376,4,"climate_informed",160054,120539.969042663
"Brazil",2022,2023,2023,9,"2023-W09",373,2023,13,377,4,"climate_informed",171176,118711.104786511
"Brazil",2022,2023,2023,10,"2023-W10",374,2023,14,378,4,"climate_informed",161477,122484.535252316
"Brazil",2022,2023,2023,11,"2023-W11",375,2023,15,379,4,"climate_informed",186718,142225.486480253
"Brazil",2022,2023,2023,12,"2023-W12",376,2023,16,380,4,"climate_informed",165002,144595.534044752
"Brazil",2022,2023,2023,13,"2023-W13",377,2023,17,381,4,"climate_informed",148400,144403.131561099
"Brazil",2022,2023,2023,14,"2023-W14",378,2023,18,382,4,"climate_informed",158352,138692.855811679
"Brazil",2022,2023,2023,15,"2023-W15",379,2023,19,383,4,"climate_informed",144376,142557.510264347
"Brazil",2022,2023,2023,16,"2023-W16",380,2023,20,384,4,"climate_informed",121825,118985.573579843
"Brazil",2022,2023,2023,17,"2023-W17",381,2023,21,385,4,"climate_informed",90703,104719.445071873
"Brazil",2022,2023,2023,18,"2023-W18",382,2023,22,386,4,"climate_informed",72095,89957.0880947343
"Brazil",2022,2023,2023,19,"2023-W19",383,2023,23,387,4,"climate_informed",55721,76627.0571621754
"Brazil",2022,2023,2023,20,"2023-W20",384,2023,24,388,4,"climate_informed",48059,70255.9648307688
"Brazil",2022,2023,2023,21,"2023-W21",385,2023,25,389,4,"climate_informed",39160,49294.9028752118
"Brazil",2022,2023,2023,22,"2023-W22",386,2023,26,390,4,"climate_informed",33459,37616.5670349285
"Brazil",2022,2023,2023,23,"2023-W23",387,2023,27,391,4,"climate_informed",27767,31259.6849637047
"Brazil",2022,2023,2023,24,"2023-W24",388,2023,28,392,4,"climate_informed",24236,24971.6581535688
"Brazil",2022,2023,2023,25,"2023-W25",389,2023,29,393,4,"climate_informed",20558,19163.3537985896
"Brazil",2022,2023,2023,26,"2023-W26",390,2023,30,394,4,"climate_informed",18393,17712.575518037
"Brazil",2022,2023,2023,27,"2023-W27",391,2023,31,395,4,"climate_informed",19179,15249.434839698
"Brazil",2022,2023,2023,28,"2023-W28",392,2023,32,396,4,"climate_informed",17728,15931.8161532563
"Brazil",2022,2023,2023,29,"2023-W29",393,2023,33,397,4,"climate_informed",17804,12968.2153726578
"Brazil",2022,2023,2023,30,"2023-W30",394,2023,34,398,4,"climate_informed",17132,12797.0583744994
"Brazil",2022,2023,2023,31,"2023-W31",395,2023,35,399,4,"climate_informed",15933,10945.0076022198
"Brazil",2022,2023,2023,32,"2023-W32",396,2023,36,400,4,"climate_informed",14827,12637.8981956975
"Brazil",2022,2023,2023,33,"2023-W33",397,2023,37,401,4,"climate_informed",17637,13441.0435648176
"Brazil",2022,2023,2023,34,"2023-W34",398,2023,38,402,4,"climate_informed",18790,12795.7204296131
"Brazil",2022,2023,2023,35,"2023-W35",399,2023,39,403,4,"climate_informed",17681,12475.5444262441
"Brazil",2022,2023,2023,36,"2023-W36",400,2023,40,404,4,"climate_informed",19313,12684.6928519437
"Brazil",2022,2023,2023,37,"2023-W37",401,2023,41,405,4,"climate_informed",17341,13907.8861081616
"Brazil",2022,2023,2023,38,"2023-W38",402,2023,42,406,4,"climate_informed",21013,14975.9054402411
"Brazil",2022,2023,2023,39,"2023-W39",403,2023,43,407,4,"climate_informed",19662,14757.1465622562
"Brazil",2022,2023,2023,40,"2023-W40",404,2023,44,408,4,"climate_informed",18785,17337.3600385828
"Brazil",2022,2023,2023,41,"2023-W41",405,2023,45,409,4,"climate_informed",24393,18000.5635586745
"Brazil",2022,2023,2023,42,"2023-W42",406,2023,46,410,4,"climate_informed",22124,18853.2357139285
"Brazil",2022,2023,2023,43,"2023-W43",407,2023,47,411,4,"climate_informed",27767,18996.3349443201
"Brazil",2022,2023,2023,44,"2023-W44",408,2023,48,412,4,"climate_informed",30045,19657.2654439093
"Brazil",2022,2023,2023,45,"2023-W45",409,2023,49,413,4,"climate_informed",33247,25440.3430054506
"Brazil",2022,2023,2023,46,"2023-W46",410,2023,50,414,4,"climate_informed",40789,26942.1100236321
"Brazil",2022,2023,2023,47,"2023-W47",411,2023,51,415,4,"climate_informed",38305,29679.7628097786
"Brazil",2022,2023,2023,48,"2023-W48",412,2023,52,416,4,"climate_informed",2146,36999.9266914616
"Brazil",2022,2023,2022,49,"2022-W49",361,2023,1,365,4,"epidemiology_only",28533,24535.6637008905
"Brazil",2022,2023,2022,50,"2022-W50",362,2023,2,366,4,"epidemiology_only",30645,22999.8050474809
"Brazil",2022,2023,2022,51,"2022-W51",363,2023,3,367,4,"epidemiology_only",36999,16055.8188542815
"Brazil",2022,2023,2022,52,"2022-W52",364,2023,4,368,4,"epidemiology_only",42470,6605.59420616389
"Brazil",2022,2023,2023,1,"2023-W01",365,2023,5,369,4,"epidemiology_only",52668,23273.9912319048
"Brazil",2022,2023,2023,2,"2023-W02",366,2023,6,370,4,"epidemiology_only",64987,31566.2631188269
"Brazil",2022,2023,2023,3,"2023-W03",367,2023,7,371,4,"epidemiology_only",66762,55249.5958240255
"Brazil",2022,2023,2023,4,"2023-W04",368,2023,8,372,4,"epidemiology_only",77027,56645.4316379991
"Brazil",2022,2023,2023,5,"2023-W05",369,2023,9,373,4,"epidemiology_only",98392,89790.5498768497
"Brazil",2022,2023,2023,6,"2023-W06",370,2023,10,374,4,"epidemiology_only",115216,103042.904214687
"Brazil",2022,2023,2023,7,"2023-W07",371,2023,11,375,4,"epidemiology_only",131868,103257.818727131
"Brazil",2022,2023,2023,8,"2023-W08",372,2023,12,376,4,"epidemiology_only",160054,99547.956777779
"Brazil",2022,2023,2023,9,"2023-W09",373,2023,13,377,4,"epidemiology_only",171176,105053.171134513
"Brazil",2022,2023,2023,10,"2023-W10",374,2023,14,378,4,"epidemiology_only",161477,117478.653509839
"Brazil",2022,2023,2023,11,"2023-W11",375,2023,15,379,4,"epidemiology_only",186718,126341.905454333
"Brazil",2022,2023,2023,12,"2023-W12",376,2023,16,380,4,"epidemiology_only",165002,140420.408475475
"Brazil",2022,2023,2023,13,"2023-W13",377,2023,17,381,4,"epidemiology_only",148400,145672.430260996
"Brazil",2022,2023,2023,14,"2023-W14",378,2023,18,382,4,"epidemiology_only",158352,135527.586848698
"Brazil",2022,2023,2023,15,"2023-W15",379,2023,19,383,4,"epidemiology_only",144376,137555.581739903
"Brazil",2022,2023,2023,16,"2023-W16",380,2023,20,384,4,"epidemiology_only",121825,118649.214839562
"Brazil",2022,2023,2023,17,"2023-W17",381,2023,21,385,4,"epidemiology_only",90703,101629.556005918
"Brazil",2022,2023,2023,18,"2023-W18",382,2023,22,386,4,"epidemiology_only",72095,93385.2489152192
"Brazil",2022,2023,2023,19,"2023-W19",383,2023,23,387,4,"epidemiology_only",55721,83193.3683581179
"Brazil",2022,2023,2023,20,"2023-W20",384,2023,24,388,4,"epidemiology_only",48059,69293.5187233821
"Brazil",2022,2023,2023,21,"2023-W21",385,2023,25,389,4,"epidemiology_only",39160,51602.4494858549
"Brazil",2022,2023,2023,22,"2023-W22",386,2023,26,390,4,"epidemiology_only",33459,39823.2142241842
"Brazil",2022,2023,2023,23,"2023-W23",387,2023,27,391,4,"epidemiology_only",27767,29714.2319035645
"Brazil",2022,2023,2023,24,"2023-W24",388,2023,28,392,4,"epidemiology_only",24236,24366.7096271244
"Brazil",2022,2023,2023,25,"2023-W25",389,2023,29,393,4,"epidemiology_only",20558,19518.3156222814
"Brazil",2022,2023,2023,26,"2023-W26",390,2023,30,394,4,"epidemiology_only",18393,16805.3243389336
"Brazil",2022,2023,2023,27,"2023-W27",391,2023,31,395,4,"epidemiology_only",19179,14402.2969706971
"Brazil",2022,2023,2023,28,"2023-W28",392,2023,32,396,4,"epidemiology_only",17728,13131.7114960669
"Brazil",2022,2023,2023,29,"2023-W29",393,2023,33,397,4,"epidemiology_only",17804,11727.5289053276
"Brazil",2022,2023,2023,30,"2023-W30",394,2023,34,398,4,"epidemiology_only",17132,10961.2269122482
"Brazil",2022,2023,2023,31,"2023-W31",395,2023,35,399,4,"epidemiology_only",15933,11396.4656075395
"Brazil",2022,2023,2023,32,"2023-W32",396,2023,36,400,4,"epidemiology_only",14827,11437.4421900497
"Brazil",2022,2023,2023,33,"2023-W33",397,2023,37,401,4,"epidemiology_only",17637,12176.1294214592
"Brazil",2022,2023,2023,34,"2023-W34",398,2023,38,402,4,"epidemiology_only",18790,12532.4392434495
"Brazil",2022,2023,2023,35,"2023-W35",399,2023,39,403,4,"epidemiology_only",17681,12850.0757837358
"Brazil",2022,2023,2023,36,"2023-W36",400,2023,40,404,4,"epidemiology_only",19313,12698.4439421467
"Brazil",2022,2023,2023,37,"2023-W37",401,2023,41,405,4,"epidemiology_only",17341,14837.7707291997
"Brazil",2022,2023,2023,38,"2023-W38",402,2023,42,406,4,"epidemiology_only",21013,16695.0766903622
"Brazil",2022,2023,2023,39,"2023-W39",403,2023,43,407,4,"epidemiology_only",19662,17612.2398814105
"Brazil",2022,2023,2023,40,"2023-W40",404,2023,44,408,4,"epidemiology_only",18785,19623.88477073
"Brazil",2022,2023,2023,41,"2023-W41",405,2023,45,409,4,"epidemiology_only",24393,19660.4310818638
"Brazil",2022,2023,2023,42,"2023-W42",406,2023,46,410,4,"epidemiology_only",22124,23511.6796194019
"Brazil",2022,2023,2023,43,"2023-W43",407,2023,47,411,4,"epidemiology_only",27767,23530.4446350867
"Brazil",2022,2023,2023,44,"2023-W44",408,2023,48,412,4,"epidemiology_only",30045,24276.818772262
"Brazil",2022,2023,2023,45,"2023-W45",409,2023,49,413,4,"epidemiology_only",33247,28819.7413216672
"Brazil",2022,2023,2023,46,"2023-W46",410,2023,50,414,4,"epidemiology_only",40789,29699.8986901909
"Brazil",2022,2023,2023,47,"2023-W47",411,2023,51,415,4,"epidemiology_only",38305,36385.6079931951
"Brazil",2022,2023,2023,48,"2023-W48",412,2023,52,416,4,"epidemiology_only",2146,39907.9238515868
"Colombia",2022,2023,2022,52,"2022-W52",364,2023,1,365,1,"climate_informed",1071,1371.04473304131
"Colombia",2022,2023,2023,1,"2023-W01",365,2023,2,366,1,"climate_informed",2389,1257.07230192267
"Colombia",2022,2023,2023,2,"2023-W02",366,2023,3,367,1,"climate_informed",2177,1355.49741401578
"Colombia",2022,2023,2023,3,"2023-W03",367,2023,4,368,1,"climate_informed",2237,1679.9360491045
"Colombia",2022,2023,2023,4,"2023-W04",368,2023,5,369,1,"climate_informed",2016,1812.35036844136
"Colombia",2022,2023,2023,5,"2023-W05",369,2023,6,370,1,"climate_informed",1870,2108.68158164802
"Colombia",2022,2023,2023,6,"2023-W06",370,2023,7,371,1,"climate_informed",1918,1783.80239041792
"Colombia",2022,2023,2023,7,"2023-W07",371,2023,8,372,1,"climate_informed",2294,1739.78712071746
"Colombia",2022,2023,2023,8,"2023-W08",372,2023,9,373,1,"climate_informed",1311,1687.60621416591
"Colombia",2022,2023,2023,9,"2023-W09",373,2023,10,374,1,"climate_informed",1735,1771.06501746022
"Colombia",2022,2023,2023,10,"2023-W10",374,2023,11,375,1,"climate_informed",1752,1551.68809231049
"Colombia",2022,2023,2023,11,"2023-W11",375,2023,12,376,1,"climate_informed",2015,1467.60530514805
"Colombia",2022,2023,2023,12,"2023-W12",376,2023,13,377,1,"climate_informed",2217,1542.74886328307
"Colombia",2022,2023,2023,13,"2023-W13",377,2023,14,378,1,"climate_informed",1627,1957.47828955149
"Colombia",2022,2023,2023,14,"2023-W14",378,2023,15,379,1,"climate_informed",1682,1798.15634380243
"Colombia",2022,2023,2023,15,"2023-W15",379,2023,16,380,1,"climate_informed",1751,1735.33426384344
"Colombia",2022,2023,2023,16,"2023-W16",380,2023,17,381,1,"climate_informed",2144,1602.54953627789
"Colombia",2022,2023,2023,17,"2023-W17",381,2023,18,382,1,"climate_informed",2689,1768.29556761455
"Colombia",2022,2023,2023,18,"2023-W18",382,2023,19,383,1,"climate_informed",2729,2122.93901389173
"Colombia",2022,2023,2023,19,"2023-W19",383,2023,20,384,1,"climate_informed",2179,2544.66158188311
"Colombia",2022,2023,2023,20,"2023-W20",384,2023,21,385,1,"climate_informed",2133,2502.62395269157
"Colombia",2022,2023,2023,21,"2023-W21",385,2023,22,386,1,"climate_informed",2569,2384.01831702251
"Colombia",2022,2023,2023,22,"2023-W22",386,2023,23,387,1,"climate_informed",2152,2368.04068700399
"Colombia",2022,2023,2023,23,"2023-W23",387,2023,24,388,1,"climate_informed",2079,2353.73134355644
"Colombia",2022,2023,2023,24,"2023-W24",388,2023,25,389,1,"climate_informed",2082,2408.76117015583
"Colombia",2022,2023,2023,25,"2023-W25",389,2023,26,390,1,"climate_informed",1768,2249.6266936329
"Colombia",2022,2023,2023,26,"2023-W26",390,2023,27,391,1,"climate_informed",2203,1937.97054613921
"Colombia",2022,2023,2023,27,"2023-W27",391,2023,28,392,1,"climate_informed",2617,1964.22555091578
"Colombia",2022,2023,2023,28,"2023-W28",392,2023,29,393,1,"climate_informed",2458,2110.12667693443
"Colombia",2022,2023,2023,29,"2023-W29",393,2023,30,394,1,"climate_informed",2609,2424.17967171585
"Colombia",2022,2023,2023,30,"2023-W30",394,2023,31,395,1,"climate_informed",2595,2597.57227479685
"Colombia",2022,2023,2023,31,"2023-W31",395,2023,32,396,1,"climate_informed",2876,2634.61025291953
"Colombia",2022,2023,2023,32,"2023-W32",396,2023,33,397,1,"climate_informed",2474,2637.35820023582
"Colombia",2022,2023,2023,33,"2023-W33",397,2023,34,398,1,"climate_informed",2299,2745.64019901522
"Colombia",2022,2023,2023,34,"2023-W34",398,2023,35,399,1,"climate_informed",2504,2592.22230314843
"Colombia",2022,2023,2023,35,"2023-W35",399,2023,36,400,1,"climate_informed",2559,2570.44371550072
"Colombia",2022,2023,2023,36,"2023-W36",400,2023,37,401,1,"climate_informed",2681,2405.94734172373
"Colombia",2022,2023,2023,37,"2023-W37",401,2023,38,402,1,"climate_informed",2677,2657.07938477818
"Colombia",2022,2023,2023,38,"2023-W38",402,2023,39,403,1,"climate_informed",2809,2834.4091053687
"Colombia",2022,2023,2023,39,"2023-W39",403,2023,40,404,1,"climate_informed",2984,2837.31255648192
"Colombia",2022,2023,2023,40,"2023-W40",404,2023,41,405,1,"climate_informed",2632,2836.85272291518
"Colombia",2022,2023,2023,41,"2023-W41",405,2023,42,406,1,"climate_informed",2964,2820.36144138881
"Colombia",2022,2023,2023,42,"2023-W42",406,2023,43,407,1,"climate_informed",2969,2956.77240136525
"Colombia",2022,2023,2023,43,"2023-W43",407,2023,44,408,1,"climate_informed",2852,2983.57504096998
"Colombia",2022,2023,2023,44,"2023-W44",408,2023,45,409,1,"climate_informed",3322,2957.73433929625
"Colombia",2022,2023,2023,45,"2023-W45",409,2023,46,410,1,"climate_informed",3638,3050.68841099093
"Colombia",2022,2023,2023,46,"2023-W46",410,2023,47,411,1,"climate_informed",3999,3192.14921950027
"Colombia",2022,2023,2023,47,"2023-W47",411,2023,48,412,1,"climate_informed",3916,3490.64264901327
"Colombia",2022,2023,2023,48,"2023-W48",412,2023,49,413,1,"climate_informed",4130,3734.50652890132
"Colombia",2022,2023,2023,49,"2023-W49",413,2023,50,414,1,"climate_informed",4650,3922.06237028678
"Colombia",2022,2023,2023,50,"2023-W50",414,2023,51,415,1,"climate_informed",3922,4129.93028547298
"Colombia",2022,2023,2023,51,"2023-W51",415,2023,52,416,1,"climate_informed",3859,3965.73762323219
"Colombia",2022,2023,2022,52,"2022-W52",364,2023,1,365,1,"epidemiology_only",1071,1436.77085525433
"Colombia",2022,2023,2023,1,"2023-W01",365,2023,2,366,1,"epidemiology_only",2389,1298.90385773853
"Colombia",2022,2023,2023,2,"2023-W02",366,2023,3,367,1,"epidemiology_only",2177,1416.64397779042
"Colombia",2022,2023,2023,3,"2023-W03",367,2023,4,368,1,"epidemiology_only",2237,1816.65407464905
"Colombia",2022,2023,2023,4,"2023-W04",368,2023,5,369,1,"epidemiology_only",2016,1907.76787007372
"Colombia",2022,2023,2023,5,"2023-W05",369,2023,6,370,1,"epidemiology_only",1870,2226.9084153729
"Colombia",2022,2023,2023,6,"2023-W06",370,2023,7,371,1,"epidemiology_only",1918,1869.14729697695
"Colombia",2022,2023,2023,7,"2023-W07",371,2023,8,372,1,"epidemiology_only",2294,1890.16262187316
"Colombia",2022,2023,2023,8,"2023-W08",372,2023,9,373,1,"epidemiology_only",1311,1883.28813346248
"Colombia",2022,2023,2023,9,"2023-W09",373,2023,10,374,1,"epidemiology_only",1735,1868.04817171084
"Colombia",2022,2023,2023,10,"2023-W10",374,2023,11,375,1,"epidemiology_only",1752,1576.96231585552
"Colombia",2022,2023,2023,11,"2023-W11",375,2023,12,376,1,"epidemiology_only",2015,1584.80014111515
"Colombia",2022,2023,2023,12,"2023-W12",376,2023,13,377,1,"epidemiology_only",2217,1568.41336830488
"Colombia",2022,2023,2023,13,"2023-W13",377,2023,14,378,1,"epidemiology_only",1627,1969.68922416853
"Colombia",2022,2023,2023,14,"2023-W14",378,2023,15,379,1,"epidemiology_only",1682,1885.24545125248
"Colombia",2022,2023,2023,15,"2023-W15",379,2023,16,380,1,"epidemiology_only",1751,1764.18146294481
"Colombia",2022,2023,2023,16,"2023-W16",380,2023,17,381,1,"epidemiology_only",2144,1628.26676572259
"Colombia",2022,2023,2023,17,"2023-W17",381,2023,18,382,1,"epidemiology_only",2689,1775.53896390996
"Colombia",2022,2023,2023,18,"2023-W18",382,2023,19,383,1,"epidemiology_only",2729,2129.62422547004
"Colombia",2022,2023,2023,19,"2023-W19",383,2023,20,384,1,"epidemiology_only",2179,2477.06472189764
"Colombia",2022,2023,2023,20,"2023-W20",384,2023,21,385,1,"epidemiology_only",2133,2522.32401309986
"Colombia",2022,2023,2023,21,"2023-W21",385,2023,22,386,1,"epidemiology_only",2569,2302.95952985783
"Colombia",2022,2023,2023,22,"2023-W22",386,2023,23,387,1,"epidemiology_only",2152,2299.64740371654
"Colombia",2022,2023,2023,23,"2023-W23",387,2023,24,388,1,"epidemiology_only",2079,2272.25938911841
"Colombia",2022,2023,2023,24,"2023-W24",388,2023,25,389,1,"epidemiology_only",2082,2282.26627502057
"Colombia",2022,2023,2023,25,"2023-W25",389,2023,26,390,1,"epidemiology_only",1768,2186.59323530068
"Colombia",2022,2023,2023,26,"2023-W26",390,2023,27,391,1,"epidemiology_only",2203,1904.43890279273
"Colombia",2022,2023,2023,27,"2023-W27",391,2023,28,392,1,"epidemiology_only",2617,1928.15768834873
"Colombia",2022,2023,2023,28,"2023-W28",392,2023,29,393,1,"epidemiology_only",2458,2177.36101804947
"Colombia",2022,2023,2023,29,"2023-W29",393,2023,30,394,1,"epidemiology_only",2609,2362.61287495266
"Colombia",2022,2023,2023,30,"2023-W30",394,2023,31,395,1,"epidemiology_only",2595,2541.6432374815
"Colombia",2022,2023,2023,31,"2023-W31",395,2023,32,396,1,"epidemiology_only",2876,2592.91568392457
"Colombia",2022,2023,2023,32,"2023-W32",396,2023,33,397,1,"epidemiology_only",2474,2622.90153297721
"Colombia",2022,2023,2023,33,"2023-W33",397,2023,34,398,1,"epidemiology_only",2299,2677.32590415396
"Colombia",2022,2023,2023,34,"2023-W34",398,2023,35,399,1,"epidemiology_only",2504,2574.65421592397
"Colombia",2022,2023,2023,35,"2023-W35",399,2023,36,400,1,"epidemiology_only",2559,2454.54620408572
"Colombia",2022,2023,2023,36,"2023-W36",400,2023,37,401,1,"epidemiology_only",2681,2355.58318075047
"Colombia",2022,2023,2023,37,"2023-W37",401,2023,38,402,1,"epidemiology_only",2677,2497.60095722379
"Colombia",2022,2023,2023,38,"2023-W38",402,2023,39,403,1,"epidemiology_only",2809,2593.97254004132
"Colombia",2022,2023,2023,39,"2023-W39",403,2023,40,404,1,"epidemiology_only",2984,2623.35338913557
"Colombia",2022,2023,2023,40,"2023-W40",404,2023,41,405,1,"epidemiology_only",2632,2683.74942717227
"Colombia",2022,2023,2023,41,"2023-W41",405,2023,42,406,1,"epidemiology_only",2964,2705.54213965952
"Colombia",2022,2023,2023,42,"2023-W42",406,2023,43,407,1,"epidemiology_only",2969,2746.37863453801
"Colombia",2022,2023,2023,43,"2023-W43",407,2023,44,408,1,"epidemiology_only",2852,2766.98345734614
"Colombia",2022,2023,2023,44,"2023-W44",408,2023,45,409,1,"epidemiology_only",3322,2729.02775326014
"Colombia",2022,2023,2023,45,"2023-W45",409,2023,46,410,1,"epidemiology_only",3638,2893.44264422627
"Colombia",2022,2023,2023,46,"2023-W46",410,2023,47,411,1,"epidemiology_only",3999,3058.78118593088
"Colombia",2022,2023,2023,47,"2023-W47",411,2023,48,412,1,"epidemiology_only",3916,3339.31430167856
"Colombia",2022,2023,2023,48,"2023-W48",412,2023,49,413,1,"epidemiology_only",4130,3611.81915220739
"Colombia",2022,2023,2023,49,"2023-W49",413,2023,50,414,1,"epidemiology_only",4650,3755.62112145891
"Colombia",2022,2023,2023,50,"2023-W50",414,2023,51,415,1,"epidemiology_only",3922,3911.38129092906
"Colombia",2022,2023,2023,51,"2023-W51",415,2023,52,416,1,"epidemiology_only",3859,3911.3237486937
"Colombia",2022,2023,2022,51,"2022-W51",363,2023,1,365,2,"climate_informed",1071,1373.73112355086
"Colombia",2022,2023,2022,52,"2022-W52",364,2023,2,366,2,"climate_informed",2389,1323.94897864923
"Colombia",2022,2023,2023,1,"2023-W01",365,2023,3,367,2,"climate_informed",2177,1135.01140681767
"Colombia",2022,2023,2023,2,"2023-W02",366,2023,4,368,2,"climate_informed",2237,1525.74179975135
"Colombia",2022,2023,2023,3,"2023-W03",367,2023,5,369,2,"climate_informed",2016,1655.87756258661
"Colombia",2022,2023,2023,4,"2023-W04",368,2023,6,370,2,"climate_informed",1870,2142.60236794418
"Colombia",2022,2023,2023,5,"2023-W05",369,2023,7,371,2,"climate_informed",1918,1851.24158374679
"Colombia",2022,2023,2023,6,"2023-W06",370,2023,8,372,2,"climate_informed",2294,1828.29225464436
"Colombia",2022,2023,2023,7,"2023-W07",371,2023,9,373,2,"climate_informed",1311,1717.54934223752
"Colombia",2022,2023,2023,8,"2023-W08",372,2023,10,374,2,"climate_informed",1735,1782.27360700845
"Colombia",2022,2023,2023,9,"2023-W09",373,2023,11,375,2,"climate_informed",1752,1545.73243160057
"Colombia",2022,2023,2023,10,"2023-W10",374,2023,12,376,2,"climate_informed",2015,1522.08314698085
"Colombia",2022,2023,2023,11,"2023-W11",375,2023,13,377,2,"climate_informed",2217,1430.39026808324
"Colombia",2022,2023,2023,12,"2023-W12",376,2023,14,378,2,"climate_informed",1627,1754.93843971466
"Colombia",2022,2023,2023,13,"2023-W13",377,2023,15,379,2,"climate_informed",1682,1923.8772566165
"Colombia",2022,2023,2023,14,"2023-W14",378,2023,16,380,2,"climate_informed",1751,1777.59404545177
"Colombia",2022,2023,2023,15,"2023-W15",379,2023,17,381,2,"climate_informed",2144,1632.148379691
"Colombia",2022,2023,2023,16,"2023-W16",380,2023,18,382,2,"climate_informed",2689,1595.32227597242
"Colombia",2022,2023,2023,17,"2023-W17",381,2023,19,383,2,"climate_informed",2729,1915.85379815191
"Colombia",2022,2023,2023,18,"2023-W18",382,2023,20,384,2,"climate_informed",2179,2246.03446480252
"Colombia",2022,2023,2023,19,"2023-W19",383,2023,21,385,2,"climate_informed",2133,2615.63819063813
"Colombia",2022,2023,2023,20,"2023-W20",384,2023,22,386,2,"climate_informed",2569,2424.35783184217
"Colombia",2022,2023,2023,21,"2023-W21",385,2023,23,387,2,"climate_informed",2152,2256.71982992337
"Colombia",2022,2023,2023,22,"2023-W22",386,2023,24,388,2,"climate_informed",2079,2392.69978319126
"Colombia",2022,2023,2023,23,"2023-W23",387,2023,25,389,2,"climate_informed",2082,2367.52246792872
"Colombia",2022,2023,2023,24,"2023-W24",388,2023,26,390,2,"climate_informed",1768,2254.37869672381
"Colombia",2022,2023,2023,25,"2023-W25",389,2023,27,391,2,"climate_informed",2203,2056.45293636878
"Colombia",2022,2023,2023,26,"2023-W26",390,2023,28,392,2,"climate_informed",2617,1903.6365798754
"Colombia",2022,2023,2023,27,"2023-W27",391,2023,29,393,2,"climate_informed",2458,1981.67435497865
"Colombia",2022,2023,2023,28,"2023-W28",392,2023,30,394,2,"climate_informed",2609,2157.80321641822
"Colombia",2022,2023,2023,29,"2023-W29",393,2023,31,395,2,"climate_informed",2595,2507.01326901122
"Colombia",2022,2023,2023,30,"2023-W30",394,2023,32,396,2,"climate_informed",2876,2549.86219474624
"Colombia",2022,2023,2023,31,"2023-W31",395,2023,33,397,2,"climate_informed",2474,2600.08864349479
"Colombia",2022,2023,2023,32,"2023-W32",396,2023,34,398,2,"climate_informed",2299,2797.53275618143
"Colombia",2022,2023,2023,33,"2023-W33",397,2023,35,399,2,"climate_informed",2504,2619.13403846096
"Colombia",2022,2023,2023,34,"2023-W34",398,2023,36,400,2,"climate_informed",2559,2488.79119093868
"Colombia",2022,2023,2023,35,"2023-W35",399,2023,37,401,2,"climate_informed",2681,2386.73943085178
"Colombia",2022,2023,2023,36,"2023-W36",400,2023,38,402,2,"climate_informed",2677,2449.838407367
"Colombia",2022,2023,2023,37,"2023-W37",401,2023,39,403,2,"climate_informed",2809,2641.56733590307
"Colombia",2022,2023,2023,38,"2023-W38",402,2023,40,404,2,"climate_informed",2984,2596.38125053118
"Colombia",2022,2023,2023,39,"2023-W39",403,2023,41,405,2,"climate_informed",2632,2728.37111324977
"Colombia",2022,2023,2023,40,"2023-W40",404,2023,42,406,2,"climate_informed",2964,2811.38615331645
"Colombia",2022,2023,2023,41,"2023-W41",405,2023,43,407,2,"climate_informed",2969,2740.00111145737
"Colombia",2022,2023,2023,42,"2023-W42",406,2023,44,408,2,"climate_informed",2852,2843.4766182649
"Colombia",2022,2023,2023,43,"2023-W43",407,2023,45,409,2,"climate_informed",3322,2920.23547709433
"Colombia",2022,2023,2023,44,"2023-W44",408,2023,46,410,2,"climate_informed",3638,2927.23646889079
"Colombia",2022,2023,2023,45,"2023-W45",409,2023,47,411,2,"climate_informed",3999,2948.12199201476
"Colombia",2022,2023,2023,46,"2023-W46",410,2023,48,412,2,"climate_informed",3916,3232.09034139217
"Colombia",2022,2023,2023,47,"2023-W47",411,2023,49,413,2,"climate_informed",4130,3574.823929984
"Colombia",2022,2023,2023,48,"2023-W48",412,2023,50,414,2,"climate_informed",4650,3668.11588149133
"Colombia",2022,2023,2023,49,"2023-W49",413,2023,51,415,2,"climate_informed",3922,3882.71208916337
"Colombia",2022,2023,2023,50,"2023-W50",414,2023,52,416,2,"climate_informed",3859,4045.97637677021
"Colombia",2022,2023,2022,51,"2022-W51",363,2023,1,365,2,"epidemiology_only",1071,1408.90552696987
"Colombia",2022,2023,2022,52,"2022-W52",364,2023,2,366,2,"epidemiology_only",2389,1412.77619722708
"Colombia",2022,2023,2023,1,"2023-W01",365,2023,3,367,2,"epidemiology_only",2177,1189.50252215348
"Colombia",2022,2023,2023,2,"2023-W02",366,2023,4,368,2,"epidemiology_only",2237,1616.26625121484
"Colombia",2022,2023,2023,3,"2023-W03",367,2023,5,369,2,"epidemiology_only",2016,1775.07584627677
"Colombia",2022,2023,2023,4,"2023-W04",368,2023,6,370,2,"epidemiology_only",1870,2254.44066730194
"Colombia",2022,2023,2023,5,"2023-W05",369,2023,7,371,2,"epidemiology_only",1918,1932.77071452818
"Colombia",2022,2023,2023,6,"2023-W06",370,2023,8,372,2,"epidemiology_only",2294,1926.42098627323
"Colombia",2022,2023,2023,7,"2023-W07",371,2023,9,373,2,"epidemiology_only",1311,1838.44781443798
"Colombia",2022,2023,2023,8,"2023-W08",372,2023,10,374,2,"epidemiology_only",1735,1971.43913548822
"Colombia",2022,2023,2023,9,"2023-W09",373,2023,11,375,2,"epidemiology_only",1752,1629.29885960978
"Colombia",2022,2023,2023,10,"2023-W10",374,2023,12,376,2,"epidemiology_only",2015,1528.94381139653
"Colombia",2022,2023,2023,11,"2023-W11",375,2023,13,377,2,"epidemiology_only",2217,1477.37516520385
"Colombia",2022,2023,2023,12,"2023-W12",376,2023,14,378,2,"epidemiology_only",1627,1815.64516709428
"Colombia",2022,2023,2023,13,"2023-W13",377,2023,15,379,2,"epidemiology_only",1682,1922.40001424857
"Colombia",2022,2023,2023,14,"2023-W14",378,2023,16,380,2,"epidemiology_only",1751,1824.74528307328
"Colombia",2022,2023,2023,15,"2023-W15",379,2023,17,381,2,"epidemiology_only",2144,1686.71167940608
"Colombia",2022,2023,2023,16,"2023-W16",380,2023,18,382,2,"epidemiology_only",2689,1611.44775069328
"Colombia",2022,2023,2023,17,"2023-W17",381,2023,19,383,2,"epidemiology_only",2729,1925.83509483298
"Colombia",2022,2023,2023,18,"2023-W18",382,2023,20,384,2,"epidemiology_only",2179,2262.26265938319
"Colombia",2022,2023,2023,19,"2023-W19",383,2023,21,385,2,"epidemiology_only",2133,2612.85916881329
"Colombia",2022,2023,2023,20,"2023-W20",384,2023,22,386,2,"epidemiology_only",2569,2452.71885176959
"Colombia",2022,2023,2023,21,"2023-W21",385,2023,23,387,2,"epidemiology_only",2152,2230.25538208767
"Colombia",2022,2023,2023,22,"2023-W22",386,2023,24,388,2,"epidemiology_only",2079,2343.47736670674
"Colombia",2022,2023,2023,23,"2023-W23",387,2023,25,389,2,"epidemiology_only",2082,2310.43873004413
"Colombia",2022,2023,2023,24,"2023-W24",388,2023,26,390,2,"epidemiology_only",1768,2188.65637230513
"Colombia",2022,2023,2023,25,"2023-W25",389,2023,27,391,2,"epidemiology_only",2203,2014.65204445372
"Colombia",2022,2023,2023,26,"2023-W26",390,2023,28,392,2,"epidemiology_only",2617,1880.2085432824
"Colombia",2022,2023,2023,27,"2023-W27",391,2023,29,393,2,"epidemiology_only",2458,1966.96195494592
"Colombia",2022,2023,2023,28,"2023-W28",392,2023,30,394,2,"epidemiology_only",2609,2251.27658524462
"Colombia",2022,2023,2023,29,"2023-W29",393,2023,31,395,2,"epidemiology_only",2595,2495.7389929632
"Colombia",2022,2023,2023,30,"2023-W30",394,2023,32,396,2,"epidemiology_only",2876,2538.0343341875
"Colombia",2022,2023,2023,31,"2023-W31",395,2023,33,397,2,"epidemiology_only",2474,2567.31580963248
"Colombia",2022,2023,2023,32,"2023-W32",396,2023,34,398,2,"epidemiology_only",2299,2767.57571001929
"Colombia",2022,2023,2023,33,"2023-W33",397,2023,35,399,2,"epidemiology_only",2504,2622.31633322318
"Colombia",2022,2023,2023,34,"2023-W34",398,2023,36,400,2,"epidemiology_only",2559,2459.10146447867
"Colombia",2022,2023,2023,35,"2023-W35",399,2023,37,401,2,"epidemiology_only",2681,2335.82546429026
"Colombia",2022,2023,2023,36,"2023-W36",400,2023,38,402,2,"epidemiology_only",2677,2403.34222743712
"Colombia",2022,2023,2023,37,"2023-W37",401,2023,39,403,2,"epidemiology_only",2809,2519.15525947453
"Colombia",2022,2023,2023,38,"2023-W38",402,2023,40,404,2,"epidemiology_only",2984,2530.53677199341
"Colombia",2022,2023,2023,39,"2023-W39",403,2023,41,405,2,"epidemiology_only",2632,2621.53715571996
"Colombia",2022,2023,2023,40,"2023-W40",404,2023,42,406,2,"epidemiology_only",2964,2719.70550957291
"Colombia",2022,2023,2023,41,"2023-W41",405,2023,43,407,2,"epidemiology_only",2969,2658.87039934319
"Colombia",2022,2023,2023,42,"2023-W42",406,2023,44,408,2,"epidemiology_only",2852,2708.39244994927
"Colombia",2022,2023,2023,43,"2023-W43",407,2023,45,409,2,"epidemiology_only",3322,2704.50831572744
"Colombia",2022,2023,2023,44,"2023-W44",408,2023,46,410,2,"epidemiology_only",3638,2748.74088182576
"Colombia",2022,2023,2023,45,"2023-W45",409,2023,47,411,2,"epidemiology_only",3999,2845.48141906466
"Colombia",2022,2023,2023,46,"2023-W46",410,2023,48,412,2,"epidemiology_only",3916,3118.60309124601
"Colombia",2022,2023,2023,47,"2023-W47",411,2023,49,413,2,"epidemiology_only",4130,3492.80933271385
"Colombia",2022,2023,2023,48,"2023-W48",412,2023,50,414,2,"epidemiology_only",4650,3581.1202100397
"Colombia",2022,2023,2023,49,"2023-W49",413,2023,51,415,2,"epidemiology_only",3922,3737.303247345
"Colombia",2022,2023,2023,50,"2023-W50",414,2023,52,416,2,"epidemiology_only",3859,3952.92771735429
"Colombia",2022,2023,2022,49,"2022-W49",361,2023,1,365,4,"climate_informed",1071,1695.68649832438
"Colombia",2022,2023,2022,50,"2022-W50",362,2023,2,366,4,"climate_informed",2389,1558.49441587443
"Colombia",2022,2023,2022,51,"2022-W51",363,2023,3,367,4,"climate_informed",2177,1246.44155006224
"Colombia",2022,2023,2022,52,"2022-W52",364,2023,4,368,4,"climate_informed",2237,1325.59837184399
"Colombia",2022,2023,2023,1,"2023-W01",365,2023,5,369,4,"climate_informed",2016,995.353126930615
"Colombia",2022,2023,2023,2,"2023-W02",366,2023,6,370,4,"climate_informed",1870,1540.98107106442
"Colombia",2022,2023,2023,3,"2023-W03",367,2023,7,371,4,"climate_informed",1918,1709.22042431715
"Colombia",2022,2023,2023,4,"2023-W04",368,2023,8,372,4,"climate_informed",2294,1908.72144530816
"Colombia",2022,2023,2023,5,"2023-W05",369,2023,9,373,4,"climate_informed",1311,1886.64023545807
"Colombia",2022,2023,2023,6,"2023-W06",370,2023,10,374,4,"climate_informed",1735,1755.61443489632
"Colombia",2022,2023,2023,7,"2023-W07",371,2023,11,375,4,"climate_informed",1752,1774.74657883288
"Colombia",2022,2023,2023,8,"2023-W08",372,2023,12,376,4,"climate_informed",2015,1934.95581286693
"Colombia",2022,2023,2023,9,"2023-W09",373,2023,13,377,4,"climate_informed",2217,1482.07114241043
"Colombia",2022,2023,2023,10,"2023-W10",374,2023,14,378,4,"climate_informed",1627,1526.96351431136
"Colombia",2022,2023,2023,11,"2023-W11",375,2023,15,379,4,"climate_informed",1682,1543.3693303371
"Colombia",2022,2023,2023,12,"2023-W12",376,2023,16,380,4,"climate_informed",1751,1653.74950137321
"Colombia",2022,2023,2023,13,"2023-W13",377,2023,17,381,4,"climate_informed",2144,1891.64868179796
"Colombia",2022,2023,2023,14,"2023-W14",378,2023,18,382,4,"climate_informed",2689,1616.43640448336
"Colombia",2022,2023,2023,15,"2023-W15",379,2023,19,383,4,"climate_informed",2729,1765.83367992425
"Colombia",2022,2023,2023,16,"2023-W16",380,2023,20,384,4,"climate_informed",2179,1704.87577627396
"Colombia",2022,2023,2023,17,"2023-W17",381,2023,21,385,4,"climate_informed",2133,1928.82770525429
"Colombia",2022,2023,2023,18,"2023-W18",382,2023,22,386,4,"climate_informed",2569,2245.68773074157
"Colombia",2022,2023,2023,19,"2023-W19",383,2023,23,387,4,"climate_informed",2152,2593.58659058751
"Colombia",2022,2023,2023,20,"2023-W20",384,2023,24,388,4,"climate_informed",2079,2338.08721584319
"Colombia",2022,2023,2023,21,"2023-W21",385,2023,25,389,4,"climate_informed",2082,2397.464317266
"Colombia",2022,2023,2023,22,"2023-W22",386,2023,26,390,4,"climate_informed",1768,2632.01020599841
"Colombia",2022,2023,2023,23,"2023-W23",387,2023,27,391,4,"climate_informed",2203,2276.68672496497
"Colombia",2022,2023,2023,24,"2023-W24",388,2023,28,392,4,"climate_informed",2617,2163.09477101174
"Colombia",2022,2023,2023,25,"2023-W25",389,2023,29,393,4,"climate_informed",2458,2054.66351565887
"Colombia",2022,2023,2023,26,"2023-W26",390,2023,30,394,4,"climate_informed",2609,1778.68278595046
"Colombia",2022,2023,2023,27,"2023-W27",391,2023,31,395,4,"climate_informed",2595,1965.38713143247
"Colombia",2022,2023,2023,28,"2023-W28",392,2023,32,396,4,"climate_informed",2876,2183.56716784357
"Colombia",2022,2023,2023,29,"2023-W29",393,2023,33,397,4,"climate_informed",2474,2368.98174058585
"Colombia",2022,2023,2023,30,"2023-W30",394,2023,34,398,4,"climate_informed",2299,2588.82782413198
"Colombia",2022,2023,2023,31,"2023-W31",395,2023,35,399,4,"climate_informed",2504,2762.61445091594
"Colombia",2022,2023,2023,32,"2023-W32",396,2023,36,400,4,"climate_informed",2559,2912.32845135836
"Colombia",2022,2023,2023,33,"2023-W33",397,2023,37,401,4,"climate_informed",2681,2663.4348121207
"Colombia",2022,2023,2023,34,"2023-W34",398,2023,38,402,4,"climate_informed",2677,2545.90830359311
"Colombia",2022,2023,2023,35,"2023-W35",399,2023,39,403,4,"climate_informed",2809,2540.34154606853
"Colombia",2022,2023,2023,36,"2023-W36",400,2023,40,404,4,"climate_informed",2984,2419.06154511134
"Colombia",2022,2023,2023,37,"2023-W37",401,2023,41,405,4,"climate_informed",2632,2617.2866792654
"Colombia",2022,2023,2023,38,"2023-W38",402,2023,42,406,4,"climate_informed",2964,2699.1350549455
"Colombia",2022,2023,2023,39,"2023-W39",403,2023,43,407,4,"climate_informed",2969,2850.21578118737
"Colombia",2022,2023,2023,40,"2023-W40",404,2023,44,408,4,"climate_informed",2852,2884.38394416718
"Colombia",2022,2023,2023,41,"2023-W41",405,2023,45,409,4,"climate_informed",3322,2786.53846592101
"Colombia",2022,2023,2023,42,"2023-W42",406,2023,46,410,4,"climate_informed",3638,2973.47333256978
"Colombia",2022,2023,2023,43,"2023-W43",407,2023,47,411,4,"climate_informed",3999,3087.98744790532
"Colombia",2022,2023,2023,44,"2023-W44",408,2023,48,412,4,"climate_informed",3916,2931.37044769005
"Colombia",2022,2023,2023,45,"2023-W45",409,2023,49,413,4,"climate_informed",4130,3031.41385865359
"Colombia",2022,2023,2023,46,"2023-W46",410,2023,50,414,4,"climate_informed",4650,3196.04960847019
"Colombia",2022,2023,2023,47,"2023-W47",411,2023,51,415,4,"climate_informed",3922,3397.96792391372
"Colombia",2022,2023,2023,48,"2023-W48",412,2023,52,416,4,"climate_informed",3859,3505.63129288006
"Colombia",2022,2023,2022,49,"2022-W49",361,2023,1,365,4,"epidemiology_only",1071,1776.39930846995
"Colombia",2022,2023,2022,50,"2022-W50",362,2023,2,366,4,"epidemiology_only",2389,1648.26285191662
"Colombia",2022,2023,2022,51,"2022-W51",363,2023,3,367,4,"epidemiology_only",2177,1348.62144957945
"Colombia",2022,2023,2022,52,"2022-W52",364,2023,4,368,4,"epidemiology_only",2237,1453.17431516036
"Colombia",2022,2023,2023,1,"2023-W01",365,2023,5,369,4,"epidemiology_only",2016,1089.16773668342
"Colombia",2022,2023,2023,2,"2023-W02",366,2023,6,370,4,"epidemiology_only",1870,1640.69215123559
"Colombia",2022,2023,2023,3,"2023-W03",367,2023,7,371,4,"epidemiology_only",1918,1769.00400752357
"Colombia",2022,2023,2023,4,"2023-W04",368,2023,8,372,4,"epidemiology_only",2294,2002.900840301
"Colombia",2022,2023,2023,5,"2023-W05",369,2023,9,373,4,"epidemiology_only",1311,2084.19430800747
"Colombia",2022,2023,2023,6,"2023-W06",370,2023,10,374,4,"epidemiology_only",1735,1930.55314931458
"Colombia",2022,2023,2023,7,"2023-W07",371,2023,11,375,4,"epidemiology_only",1752,1882.93360655205
"Colombia",2022,2023,2023,8,"2023-W08",372,2023,12,376,4,"epidemiology_only",2015,1982.52141369972
"Colombia",2022,2023,2023,9,"2023-W09",373,2023,13,377,4,"epidemiology_only",2217,1481.2758757279
"Colombia",2022,2023,2023,10,"2023-W10",374,2023,14,378,4,"epidemiology_only",1627,1519.75197262152
"Colombia",2022,2023,2023,11,"2023-W11",375,2023,15,379,4,"epidemiology_only",1682,1504.71889492587
"Colombia",2022,2023,2023,12,"2023-W12",376,2023,16,380,4,"epidemiology_only",1751,1647.57259061965
"Colombia",2022,2023,2023,13,"2023-W13",377,2023,17,381,4,"epidemiology_only",2144,1938.47827914116
"Colombia",2022,2023,2023,14,"2023-W14",378,2023,18,382,4,"epidemiology_only",2689,1726.50986023745
"Colombia",2022,2023,2023,15,"2023-W15",379,2023,19,383,4,"epidemiology_only",2729,1712.43896152102
"Colombia",2022,2023,2023,16,"2023-W16",380,2023,20,384,4,"epidemiology_only",2179,1665.45107268997
"Colombia",2022,2023,2023,17,"2023-W17",381,2023,21,385,4,"epidemiology_only",2133,1905.81138447249
"Colombia",2022,2023,2023,18,"2023-W18",382,2023,22,386,4,"epidemiology_only",2569,2288.95262921547
"Colombia",2022,2023,2023,19,"2023-W19",383,2023,23,387,4,"epidemiology_only",2152,2582.11027589374
"Colombia",2022,2023,2023,20,"2023-W20",384,2023,24,388,4,"epidemiology_only",2079,2429.86289743419
"Colombia",2022,2023,2023,21,"2023-W21",385,2023,25,389,4,"epidemiology_only",2082,2334.74296130823
"Colombia",2022,2023,2023,22,"2023-W22",386,2023,26,390,4,"epidemiology_only",1768,2493.69772438618
"Colombia",2022,2023,2023,23,"2023-W23",387,2023,27,391,4,"epidemiology_only",2203,2212.18408190525
"Colombia",2022,2023,2023,24,"2023-W24",388,2023,28,392,4,"epidemiology_only",2617,2128.1255834772
"Colombia",2022,2023,2023,25,"2023-W25",389,2023,29,393,4,"epidemiology_only",2458,2040.17941975857
"Colombia",2022,2023,2023,26,"2023-W26",390,2023,30,394,4,"epidemiology_only",2609,1767.42158190666
"Colombia",2022,2023,2023,27,"2023-W27",391,2023,31,395,4,"epidemiology_only",2595,1959.13881746982
"Colombia",2022,2023,2023,28,"2023-W28",392,2023,32,396,4,"epidemiology_only",2876,2264.1624940233
"Colombia",2022,2023,2023,29,"2023-W29",393,2023,33,397,4,"epidemiology_only",2474,2347.07470550184
"Colombia",2022,2023,2023,30,"2023-W30",394,2023,34,398,4,"epidemiology_only",2299,2556.8787086215
"Colombia",2022,2023,2023,31,"2023-W31",395,2023,35,399,4,"epidemiology_only",2504,2633.79386703663
"Colombia",2022,2023,2023,32,"2023-W32",396,2023,36,400,4,"epidemiology_only",2559,2785.82762960342
"Colombia",2022,2023,2023,33,"2023-W33",397,2023,37,401,4,"epidemiology_only",2681,2583.61575298905
"Colombia",2022,2023,2023,34,"2023-W34",398,2023,38,402,4,"epidemiology_only",2677,2409.79279607295
"Colombia",2022,2023,2023,35,"2023-W35",399,2023,39,403,4,"epidemiology_only",2809,2359.36639556558
"Colombia",2022,2023,2023,36,"2023-W36",400,2023,40,404,4,"epidemiology_only",2984,2300.99608624105
"Colombia",2022,2023,2023,37,"2023-W37",401,2023,41,405,4,"epidemiology_only",2632,2403.06288402623
"Colombia",2022,2023,2023,38,"2023-W38",402,2023,42,406,4,"epidemiology_only",2964,2451.36789326024
"Colombia",2022,2023,2023,39,"2023-W39",403,2023,43,407,4,"epidemiology_only",2969,2547.76277260608
"Colombia",2022,2023,2023,40,"2023-W40",404,2023,44,408,4,"epidemiology_only",2852,2663.52604557269
"Colombia",2022,2023,2023,41,"2023-W41",405,2023,45,409,4,"epidemiology_only",3322,2536.79888906912
"Colombia",2022,2023,2023,42,"2023-W42",406,2023,46,410,4,"epidemiology_only",3638,2676.28919262452
"Colombia",2022,2023,2023,43,"2023-W43",407,2023,47,411,4,"epidemiology_only",3999,2646.19954795322
"Colombia",2022,2023,2023,44,"2023-W44",408,2023,48,412,4,"epidemiology_only",3916,2573.8459755154
"Colombia",2022,2023,2023,45,"2023-W45",409,2023,49,413,4,"epidemiology_only",4130,2811.71757688612
"Colombia",2022,2023,2023,46,"2023-W46",410,2023,50,414,4,"epidemiology_only",4650,3027.46068960506
"Colombia",2022,2023,2023,47,"2023-W47",411,2023,51,415,4,"epidemiology_only",3922,3338.12583817739
"Colombia",2022,2023,2023,48,"2023-W48",412,2023,52,416,4,"epidemiology_only",3859,3475.7589302554
"Peru",2022,2023,2022,52,"2022-W52",364,2023,1,365,1,"climate_informed",1596,1138.58504976676
"Peru",2022,2023,2023,1,"2023-W01",365,2023,2,366,1,"climate_informed",1499,1382.36516703558
"Peru",2022,2023,2023,2,"2023-W02",366,2023,3,367,1,"climate_informed",1851,1515.09031862072
"Peru",2022,2023,2023,3,"2023-W03",367,2023,4,368,1,"climate_informed",1757,1978.08530746169
"Peru",2022,2023,2023,4,"2023-W04",368,2023,5,369,1,"climate_informed",1914,1527.35875112967
"Peru",2022,2023,2023,5,"2023-W05",369,2023,6,370,1,"climate_informed",2142,1575.84241219786
"Peru",2022,2023,2023,6,"2023-W06",370,2023,7,371,1,"climate_informed",2303,1637.14852885063
"Peru",2022,2023,2023,7,"2023-W07",371,2023,8,372,1,"climate_informed",2513,1864.89713336461
"Peru",2022,2023,2023,8,"2023-W08",372,2023,9,373,1,"climate_informed",2545,2440.02843897034
"Peru",2022,2023,2023,9,"2023-W09",373,2023,10,374,1,"climate_informed",2528,2042.3608106153
"Peru",2022,2023,2023,10,"2023-W10",374,2023,11,375,1,"climate_informed",3018,2286.32045603696
"Peru",2022,2023,2023,11,"2023-W11",375,2023,12,376,1,"climate_informed",3796,2304.88336973906
"Peru",2022,2023,2023,12,"2023-W12",376,2023,13,377,1,"climate_informed",4099,3066.01657536549
"Peru",2022,2023,2023,13,"2023-W13",377,2023,14,378,1,"climate_informed",4430,3357.73134497619
"Peru",2022,2023,2023,14,"2023-W14",378,2023,15,379,1,"climate_informed",6520,3189.73101519247
"Peru",2022,2023,2023,15,"2023-W15",379,2023,16,380,1,"climate_informed",7614,3797.56361485689
"Peru",2022,2023,2023,16,"2023-W16",380,2023,17,381,1,"climate_informed",8594,4202.90554485083
"Peru",2022,2023,2023,17,"2023-W17",381,2023,18,382,1,"climate_informed",11860,4982.32137320921
"Peru",2022,2023,2023,18,"2023-W18",382,2023,19,383,1,"climate_informed",15304,5756.32209970412
"Peru",2022,2023,2023,19,"2023-W19",383,2023,20,384,1,"climate_informed",20425,7505.97830148774
"Peru",2022,2023,2023,20,"2023-W20",384,2023,21,385,1,"climate_informed",18043,8475.06995474747
"Peru",2022,2023,2023,21,"2023-W21",385,2023,22,386,1,"climate_informed",17868,9727.61085054296
"Peru",2022,2023,2023,22,"2023-W22",386,2023,23,387,1,"climate_informed",15637,8533.86769861676
"Peru",2022,2023,2023,23,"2023-W23",387,2023,24,388,1,"climate_informed",13340,8401.53426579845
"Peru",2022,2023,2023,24,"2023-W24",388,2023,25,389,1,"climate_informed",11073,8350.80853594297
"Peru",2022,2023,2023,25,"2023-W25",389,2023,26,390,1,"climate_informed",8681,7319.98003671872
"Peru",2022,2023,2023,26,"2023-W26",390,2023,27,391,1,"climate_informed",8132,5636.4891061792
"Peru",2022,2023,2023,27,"2023-W27",391,2023,28,392,1,"climate_informed",7669,4603.25001875248
"Peru",2022,2023,2023,28,"2023-W28",392,2023,29,393,1,"climate_informed",6815,3168.5358308616
"Peru",2022,2023,2023,29,"2023-W29",393,2023,30,394,1,"climate_informed",5158,4516.71891743194
"Peru",2022,2023,2023,30,"2023-W30",394,2023,31,395,1,"climate_informed",5423,4077.23350450484
"Peru",2022,2023,2023,31,"2023-W31",395,2023,32,396,1,"climate_informed",5060,4070.80775738626
"Peru",2022,2023,2023,32,"2023-W32",396,2023,33,397,1,"climate_informed",4380,3554.14505764995
"Peru",2022,2023,2023,33,"2023-W33",397,2023,34,398,1,"climate_informed",3824,3516.52292947229
"Peru",2022,2023,2023,34,"2023-W34",398,2023,35,399,1,"climate_informed",3466,3210.93053528177
"Peru",2022,2023,2023,35,"2023-W35",399,2023,36,400,1,"climate_informed",3368,3253.592010967
"Peru",2022,2023,2023,36,"2023-W36",400,2023,37,401,1,"climate_informed",2883,2780.87653077095
"Peru",2022,2023,2023,37,"2023-W37",401,2023,38,402,1,"climate_informed",2317,3300.29559369707
"Peru",2022,2023,2023,38,"2023-W38",402,2023,39,403,1,"climate_informed",2158,3225.63725166619
"Peru",2022,2023,2023,39,"2023-W39",403,2023,40,404,1,"climate_informed",2028,2789.1812352229
"Peru",2022,2023,2023,40,"2023-W40",404,2023,41,405,1,"climate_informed",1829,2532.0411062706
"Peru",2022,2023,2023,41,"2023-W41",405,2023,42,406,1,"climate_informed",1874,2438.09047132386
"Peru",2022,2023,2023,42,"2023-W42",406,2023,43,407,1,"climate_informed",1563,2870.11021361691
"Peru",2022,2023,2023,43,"2023-W43",407,2023,44,408,1,"climate_informed",1626,2845.20750306318
"Peru",2022,2023,2023,44,"2023-W44",408,2023,45,409,1,"climate_informed",1800,2795.36090208306
"Peru",2022,2023,2023,45,"2023-W45",409,2023,46,410,1,"climate_informed",1802,2349.00159962082
"Peru",2022,2023,2023,46,"2023-W46",410,2023,47,411,1,"climate_informed",1823,2717.00139011005
"Peru",2022,2023,2023,47,"2023-W47",411,2023,48,412,1,"climate_informed",1854,2309.47302922709
"Peru",2022,2023,2023,48,"2023-W48",412,2023,49,413,1,"climate_informed",1680,2319.15984791919
"Peru",2022,2023,2023,49,"2023-W49",413,2023,50,414,1,"climate_informed",1784,2461.81212822662
"Peru",2022,2023,2023,50,"2023-W50",414,2023,51,415,1,"climate_informed",1651,2474.62463432901
"Peru",2022,2023,2023,51,"2023-W51",415,2023,52,416,1,"climate_informed",1310,1969.49786222974
"Peru",2022,2023,2022,52,"2022-W52",364,2023,1,365,1,"epidemiology_only",1596,1281.25557226352
"Peru",2022,2023,2023,1,"2023-W01",365,2023,2,366,1,"epidemiology_only",1499,1566.08254595784
"Peru",2022,2023,2023,2,"2023-W02",366,2023,3,367,1,"epidemiology_only",1851,1788.95504185075
"Peru",2022,2023,2023,3,"2023-W03",367,2023,4,368,1,"epidemiology_only",1757,2066.55885502368
"Peru",2022,2023,2023,4,"2023-W04",368,2023,5,369,1,"epidemiology_only",1914,1878.55402916525
"Peru",2022,2023,2023,5,"2023-W05",369,2023,6,370,1,"epidemiology_only",2142,1925.57851621525
"Peru",2022,2023,2023,6,"2023-W06",370,2023,7,371,1,"epidemiology_only",2303,2016.0369651803
"Peru",2022,2023,2023,7,"2023-W07",371,2023,8,372,1,"epidemiology_only",2513,2239.04609266162
"Peru",2022,2023,2023,8,"2023-W08",372,2023,9,373,1,"epidemiology_only",2545,2618.2873800323
"Peru",2022,2023,2023,9,"2023-W09",373,2023,10,374,1,"epidemiology_only",2528,2447.98534358397
"Peru",2022,2023,2023,10,"2023-W10",374,2023,11,375,1,"epidemiology_only",3018,2466.9747389073
"Peru",2022,2023,2023,11,"2023-W11",375,2023,12,376,1,"epidemiology_only",3796,2550.07108605013
"Peru",2022,2023,2023,12,"2023-W12",376,2023,13,377,1,"epidemiology_only",4099,2936.70358461645
"Peru",2022,2023,2023,13,"2023-W13",377,2023,14,378,1,"epidemiology_only",4430,3204.07326474087
"Peru",2022,2023,2023,14,"2023-W14",378,2023,15,379,1,"epidemiology_only",6520,3279.47267851642
"Peru",2022,2023,2023,15,"2023-W15",379,2023,16,380,1,"epidemiology_only",7614,3770.63266856548
"Peru",2022,2023,2023,16,"2023-W16",380,2023,17,381,1,"epidemiology_only",8594,4352.15765438166
"Peru",2022,2023,2023,17,"2023-W17",381,2023,18,382,1,"epidemiology_only",11860,4859.77590814963
"Peru",2022,2023,2023,18,"2023-W18",382,2023,19,383,1,"epidemiology_only",15304,5648.30555703458
"Peru",2022,2023,2023,19,"2023-W19",383,2023,20,384,1,"epidemiology_only",20425,6752.06540739196
"Peru",2022,2023,2023,20,"2023-W20",384,2023,21,385,1,"epidemiology_only",18043,8176.02711546664
"Peru",2022,2023,2023,21,"2023-W21",385,2023,22,386,1,"epidemiology_only",17868,8424.50715471245
"Peru",2022,2023,2023,22,"2023-W22",386,2023,23,387,1,"epidemiology_only",15637,8382.73864046989
"Peru",2022,2023,2023,23,"2023-W23",387,2023,24,388,1,"epidemiology_only",13340,7641.69627723263
"Peru",2022,2023,2023,24,"2023-W24",388,2023,25,389,1,"epidemiology_only",11073,7243.83725801537
"Peru",2022,2023,2023,25,"2023-W25",389,2023,26,390,1,"epidemiology_only",8681,6652.10956407166
"Peru",2022,2023,2023,26,"2023-W26",390,2023,27,391,1,"epidemiology_only",8132,5702.77635817645
"Peru",2022,2023,2023,27,"2023-W27",391,2023,28,392,1,"epidemiology_only",7669,5106.95571759256
"Peru",2022,2023,2023,28,"2023-W28",392,2023,29,393,1,"epidemiology_only",6815,4626.76581051822
"Peru",2022,2023,2023,29,"2023-W29",393,2023,30,394,1,"epidemiology_only",5158,4341.01632760109
"Peru",2022,2023,2023,30,"2023-W30",394,2023,31,395,1,"epidemiology_only",5423,3609.40338825711
"Peru",2022,2023,2023,31,"2023-W31",395,2023,32,396,1,"epidemiology_only",5060,3330.13557818449
"Peru",2022,2023,2023,32,"2023-W32",396,2023,33,397,1,"epidemiology_only",4380,3204.82483269294
"Peru",2022,2023,2023,33,"2023-W33",397,2023,34,398,1,"epidemiology_only",3824,3050.21073996737
"Peru",2022,2023,2023,34,"2023-W34",398,2023,35,399,1,"epidemiology_only",3466,2788.22198832033
"Peru",2022,2023,2023,35,"2023-W35",399,2023,36,400,1,"epidemiology_only",3368,2559.0270891267
"Peru",2022,2023,2023,36,"2023-W36",400,2023,37,401,1,"epidemiology_only",2883,2472.41868499393
"Peru",2022,2023,2023,37,"2023-W37",401,2023,38,402,1,"epidemiology_only",2317,2332.66396985734
"Peru",2022,2023,2023,38,"2023-W38",402,2023,39,403,1,"epidemiology_only",2158,2140.9646482706
"Peru",2022,2023,2023,39,"2023-W39",403,2023,40,404,1,"epidemiology_only",2028,1936.32009167002
"Peru",2022,2023,2023,40,"2023-W40",404,2023,41,405,1,"epidemiology_only",1829,1862.48931338379
"Peru",2022,2023,2023,41,"2023-W41",405,2023,42,406,1,"epidemiology_only",1874,1815.2226029049
"Peru",2022,2023,2023,42,"2023-W42",406,2023,43,407,1,"epidemiology_only",1563,1812.90236484886
"Peru",2022,2023,2023,43,"2023-W43",407,2023,44,408,1,"epidemiology_only",1626,1698.64843810547
"Peru",2022,2023,2023,44,"2023-W44",408,2023,45,409,1,"epidemiology_only",1800,1657.13967592539
"Peru",2022,2023,2023,45,"2023-W45",409,2023,46,410,1,"epidemiology_only",1802,1739.99319161924
"Peru",2022,2023,2023,46,"2023-W46",410,2023,47,411,1,"epidemiology_only",1823,1875.46820315374
"Peru",2022,2023,2023,47,"2023-W47",411,2023,48,412,1,"epidemiology_only",1854,1915.26047644649
"Peru",2022,2023,2023,48,"2023-W48",412,2023,49,413,1,"epidemiology_only",1680,1933.49088555232
"Peru",2022,2023,2023,49,"2023-W49",413,2023,50,414,1,"epidemiology_only",1784,1912.00056134329
"Peru",2022,2023,2023,50,"2023-W50",414,2023,51,415,1,"epidemiology_only",1651,1933.46208118136
"Peru",2022,2023,2023,51,"2023-W51",415,2023,52,416,1,"epidemiology_only",1310,1971.08971603091
"Peru",2022,2023,2022,51,"2022-W51",363,2023,1,365,2,"climate_informed",1596,1685.90781128375
"Peru",2022,2023,2022,52,"2022-W52",364,2023,2,366,2,"climate_informed",1499,1248.45558657283
"Peru",2022,2023,2023,1,"2023-W01",365,2023,3,367,2,"climate_informed",1851,1699.61912219873
"Peru",2022,2023,2023,2,"2023-W02",366,2023,4,368,2,"climate_informed",1757,1845.38193212175
"Peru",2022,2023,2023,3,"2023-W03",367,2023,5,369,2,"climate_informed",1914,1889.52375547118
"Peru",2022,2023,2023,4,"2023-W04",368,2023,6,370,2,"climate_informed",2142,1607.32425948657
"Peru",2022,2023,2023,5,"2023-W05",369,2023,7,371,2,"climate_informed",2303,1784.23483823238
"Peru",2022,2023,2023,6,"2023-W06",370,2023,8,372,2,"climate_informed",2513,1873.47319334619
"Peru",2022,2023,2023,7,"2023-W07",371,2023,9,373,2,"climate_informed",2545,2032.89820071767
"Peru",2022,2023,2023,8,"2023-W08",372,2023,10,374,2,"climate_informed",2528,2326.72990843332
"Peru",2022,2023,2023,9,"2023-W09",373,2023,11,375,2,"climate_informed",3018,2081.25859588723
"Peru",2022,2023,2023,10,"2023-W10",374,2023,12,376,2,"climate_informed",3796,2270.01150677007
"Peru",2022,2023,2023,11,"2023-W11",375,2023,13,377,2,"climate_informed",4099,2348.79028399652
"Peru",2022,2023,2023,12,"2023-W12",376,2023,14,378,2,"climate_informed",4430,2996.61054065258
"Peru",2022,2023,2023,13,"2023-W13",377,2023,15,379,2,"climate_informed",6520,3031.41079568332
"Peru",2022,2023,2023,14,"2023-W14",378,2023,16,380,2,"climate_informed",7614,2820.2127832819
"Peru",2022,2023,2023,15,"2023-W15",379,2023,17,381,2,"climate_informed",8594,3423.70536707888
"Peru",2022,2023,2023,16,"2023-W16",380,2023,18,382,2,"climate_informed",11860,3722.4613479989
"Peru",2022,2023,2023,17,"2023-W17",381,2023,19,383,2,"climate_informed",15304,3971.03978309842
"Peru",2022,2023,2023,18,"2023-W18",382,2023,20,384,2,"climate_informed",20425,4583.64669554533
"Peru",2022,2023,2023,19,"2023-W19",383,2023,21,385,2,"climate_informed",18043,5904.03199119056
"Peru",2022,2023,2023,20,"2023-W20",384,2023,22,386,2,"climate_informed",17868,6319.14882199708
"Peru",2022,2023,2023,21,"2023-W21",385,2023,23,387,2,"climate_informed",15637,6721.08615943308
"Peru",2022,2023,2023,22,"2023-W22",386,2023,24,388,2,"climate_informed",13340,6000.08779963866
"Peru",2022,2023,2023,23,"2023-W23",387,2023,25,389,2,"climate_informed",11073,6304.5859978334
"Peru",2022,2023,2023,24,"2023-W24",388,2023,26,390,2,"climate_informed",8681,6276.08956301953
"Peru",2022,2023,2023,25,"2023-W25",389,2023,27,391,2,"climate_informed",8132,5383.5536256632
"Peru",2022,2023,2023,26,"2023-W26",390,2023,28,392,2,"climate_informed",7669,4199.16901799046
"Peru",2022,2023,2023,27,"2023-W27",391,2023,29,393,2,"climate_informed",6815,3598.36857175795
"Peru",2022,2023,2023,28,"2023-W28",392,2023,30,394,2,"climate_informed",5158,2485.93152618612
"Peru",2022,2023,2023,29,"2023-W29",393,2023,31,395,2,"climate_informed",5423,3455.2000533969
"Peru",2022,2023,2023,30,"2023-W30",394,2023,32,396,2,"climate_informed",5060,3123.30635541709
"Peru",2022,2023,2023,31,"2023-W31",395,2023,33,397,2,"climate_informed",4380,3325.75128540684
"Peru",2022,2023,2023,32,"2023-W32",396,2023,34,398,2,"climate_informed",3824,3067.87929968076
"Peru",2022,2023,2023,33,"2023-W33",397,2023,35,399,2,"climate_informed",3466,2801.45526034739
"Peru",2022,2023,2023,34,"2023-W34",398,2023,36,400,2,"climate_informed",3368,2611.72643262545
"Peru",2022,2023,2023,35,"2023-W35",399,2023,37,401,2,"climate_informed",2883,2774.18928064374
"Peru",2022,2023,2023,36,"2023-W36",400,2023,38,402,2,"climate_informed",2317,2530.78155256074
"Peru",2022,2023,2023,37,"2023-W37",401,2023,39,403,2,"climate_informed",2158,2848.44024716185
"Peru",2022,2023,2023,38,"2023-W38",402,2023,40,404,2,"climate_informed",2028,2750.12605184465
"Peru",2022,2023,2023,39,"2023-W39",403,2023,41,405,2,"climate_informed",1829,2615.36569938439
"Peru",2022,2023,2023,40,"2023-W40",404,2023,42,406,2,"climate_informed",1874,2476.0710431932
"Peru",2022,2023,2023,41,"2023-W41",405,2023,43,407,2,"climate_informed",1563,2377.15449390734
"Peru",2022,2023,2023,42,"2023-W42",406,2023,44,408,2,"climate_informed",1626,2734.38795581336
"Peru",2022,2023,2023,43,"2023-W43",407,2023,45,409,2,"climate_informed",1800,2820.02492064035
"Peru",2022,2023,2023,44,"2023-W44",408,2023,46,410,2,"climate_informed",1802,2850.37266552132
"Peru",2022,2023,2023,45,"2023-W45",409,2023,47,411,2,"climate_informed",1823,2536.3379094061
"Peru",2022,2023,2023,46,"2023-W46",410,2023,48,412,2,"climate_informed",1854,2783.15638808719
"Peru",2022,2023,2023,47,"2023-W47",411,2023,49,413,2,"climate_informed",1680,2376.49772032204
"Peru",2022,2023,2023,48,"2023-W48",412,2023,50,414,2,"climate_informed",1784,2478.92625741521
"Peru",2022,2023,2023,49,"2023-W49",413,2023,51,415,2,"climate_informed",1651,2641.50442915559
"Peru",2022,2023,2023,50,"2023-W50",414,2023,52,416,2,"climate_informed",1310,2710.40144457434
"Peru",2022,2023,2022,51,"2022-W51",363,2023,1,365,2,"epidemiology_only",1596,1758.67905789238
"Peru",2022,2023,2022,52,"2022-W52",364,2023,2,366,2,"epidemiology_only",1499,1409.50805660236
"Peru",2022,2023,2023,1,"2023-W01",365,2023,3,367,2,"epidemiology_only",1851,1965.34661349082
"Peru",2022,2023,2023,2,"2023-W02",366,2023,4,368,2,"epidemiology_only",1757,2175.12961074213
"Peru",2022,2023,2023,3,"2023-W03",367,2023,5,369,2,"epidemiology_only",1914,2015.15530148838
"Peru",2022,2023,2023,4,"2023-W04",368,2023,6,370,2,"epidemiology_only",2142,1979.50465189901
"Peru",2022,2023,2023,5,"2023-W05",369,2023,7,371,2,"epidemiology_only",2303,2187.19251842505
"Peru",2022,2023,2023,6,"2023-W06",370,2023,8,372,2,"epidemiology_only",2513,2323.85366951167
"Peru",2022,2023,2023,7,"2023-W07",371,2023,9,373,2,"epidemiology_only",2545,2443.85388345135
"Peru",2022,2023,2023,8,"2023-W08",372,2023,10,374,2,"epidemiology_only",2528,2522.61132013835
"Peru",2022,2023,2023,9,"2023-W09",373,2023,11,375,2,"epidemiology_only",3018,2504.02911912272
"Peru",2022,2023,2023,10,"2023-W10",374,2023,12,376,2,"epidemiology_only",3796,2457.13593886747
"Peru",2022,2023,2023,11,"2023-W11",375,2023,13,377,2,"epidemiology_only",4099,2610.41461340028
"Peru",2022,2023,2023,12,"2023-W12",376,2023,14,378,2,"epidemiology_only",4430,2906.98893496448
"Peru",2022,2023,2023,13,"2023-W13",377,2023,15,379,2,"epidemiology_only",6520,2918.974426455
"Peru",2022,2023,2023,14,"2023-W14",378,2023,16,380,2,"epidemiology_only",7614,2881.33856835702
"Peru",2022,2023,2023,15,"2023-W15",379,2023,17,381,2,"epidemiology_only",8594,3446.74182505493
"Peru",2022,2023,2023,16,"2023-W16",380,2023,18,382,2,"epidemiology_only",11860,3831.91968130659
"Peru",2022,2023,2023,17,"2023-W17",381,2023,19,383,2,"epidemiology_only",15304,3862.68392513779
"Peru",2022,2023,2023,18,"2023-W18",382,2023,20,384,2,"epidemiology_only",20425,4497.10884903685
"Peru",2022,2023,2023,19,"2023-W19",383,2023,21,385,2,"epidemiology_only",18043,5366.38519504414
"Peru",2022,2023,2023,20,"2023-W20",384,2023,22,386,2,"epidemiology_only",17868,6095.63104829561
"Peru",2022,2023,2023,21,"2023-W21",385,2023,23,387,2,"epidemiology_only",15637,5876.99901546739
"Peru",2022,2023,2023,22,"2023-W22",386,2023,24,388,2,"epidemiology_only",13340,5846.37984355922
"Peru",2022,2023,2023,23,"2023-W23",387,2023,25,389,2,"epidemiology_only",11073,5807.07045034236
"Peru",2022,2023,2023,24,"2023-W24",388,2023,26,390,2,"epidemiology_only",8681,5448.22657508937
"Peru",2022,2023,2023,25,"2023-W25",389,2023,27,391,2,"epidemiology_only",8132,4878.84618017005
"Peru",2022,2023,2023,26,"2023-W26",390,2023,28,392,2,"epidemiology_only",7669,4261.47711808737
"Peru",2022,2023,2023,27,"2023-W27",391,2023,29,393,2,"epidemiology_only",6815,3946.53238426984
"Peru",2022,2023,2023,28,"2023-W28",392,2023,30,394,2,"epidemiology_only",5158,3730.89126813518
"Peru",2022,2023,2023,29,"2023-W29",393,2023,31,395,2,"epidemiology_only",5423,3359.01764308495
"Peru",2022,2023,2023,30,"2023-W30",394,2023,32,396,2,"epidemiology_only",5060,2799.13124690733
"Peru",2022,2023,2023,31,"2023-W31",395,2023,33,397,2,"epidemiology_only",4380,2773.74284949399
"Peru",2022,2023,2023,32,"2023-W32",396,2023,34,398,2,"epidemiology_only",3824,2767.01818439679
"Peru",2022,2023,2023,33,"2023-W33",397,2023,35,399,2,"epidemiology_only",3466,2492.8091957794
"Peru",2022,2023,2023,34,"2023-W34",398,2023,36,400,2,"epidemiology_only",3368,2285.63475320781
"Peru",2022,2023,2023,35,"2023-W35",399,2023,37,401,2,"epidemiology_only",2883,2241.3280334684
"Peru",2022,2023,2023,36,"2023-W36",400,2023,38,402,2,"epidemiology_only",2317,2237.79048651739
"Peru",2022,2023,2023,37,"2023-W37",401,2023,39,403,2,"epidemiology_only",2158,2101.24893872053
"Peru",2022,2023,2023,38,"2023-W38",402,2023,40,404,2,"epidemiology_only",2028,1893.09569748587
"Peru",2022,2023,2023,39,"2023-W39",403,2023,41,405,2,"epidemiology_only",1829,1852.77503659453
"Peru",2022,2023,2023,40,"2023-W40",404,2023,42,406,2,"epidemiology_only",1874,1872.69148562
"Peru",2022,2023,2023,41,"2023-W41",405,2023,43,407,2,"epidemiology_only",1563,1789.43117534309
"Peru",2022,2023,2023,42,"2023-W42",406,2023,44,408,2,"epidemiology_only",1626,1805.35273061766
"Peru",2022,2023,2023,43,"2023-W43",407,2023,45,409,2,"epidemiology_only",1800,1722.35937236779
"Peru",2022,2023,2023,44,"2023-W44",408,2023,46,410,2,"epidemiology_only",1802,1742.57252917753
"Peru",2022,2023,2023,45,"2023-W45",409,2023,47,411,2,"epidemiology_only",1823,1918.17935882074
"Peru",2022,2023,2023,46,"2023-W46",410,2023,48,412,2,"epidemiology_only",1854,1985.61547587451
"Peru",2022,2023,2023,47,"2023-W47",411,2023,49,413,2,"epidemiology_only",1680,1991.18417816058
"Peru",2022,2023,2023,48,"2023-W48",412,2023,50,414,2,"epidemiology_only",1784,2095.38002144803
"Peru",2022,2023,2023,49,"2023-W49",413,2023,51,415,2,"epidemiology_only",1651,2091.8607611134
"Peru",2022,2023,2023,50,"2023-W50",414,2023,52,416,2,"epidemiology_only",1310,2176.05081784859
"Peru",2022,2023,2022,49,"2022-W49",361,2023,1,365,4,"climate_informed",1596,2499.67854479082
"Peru",2022,2023,2022,50,"2022-W50",362,2023,2,366,4,"climate_informed",1499,2595.24664499793
"Peru",2022,2023,2022,51,"2022-W51",363,2023,3,367,4,"climate_informed",1851,2201.4654547617
"Peru",2022,2023,2022,52,"2022-W52",364,2023,4,368,4,"climate_informed",1757,1774.92152404144
"Peru",2022,2023,2023,1,"2023-W01",365,2023,5,369,4,"climate_informed",1914,1823.80815614784
"Peru",2022,2023,2023,2,"2023-W02",366,2023,6,370,4,"climate_informed",2142,1748.46405014821
"Peru",2022,2023,2023,3,"2023-W03",367,2023,7,371,4,"climate_informed",2303,2108.23906922345
"Peru",2022,2023,2023,4,"2023-W04",368,2023,8,372,4,"climate_informed",2513,1741.47831085533
"Peru",2022,2023,2023,5,"2023-W05",369,2023,9,373,4,"climate_informed",2545,1882.71381345612
"Peru",2022,2023,2023,6,"2023-W06",370,2023,10,374,4,"climate_informed",2528,1859.65447772322
"Peru",2022,2023,2023,7,"2023-W07",371,2023,11,375,4,"climate_informed",3018,2058.4809673252
"Peru",2022,2023,2023,8,"2023-W08",372,2023,12,376,4,"climate_informed",3796,2567.29824481814
"Peru",2022,2023,2023,9,"2023-W09",373,2023,13,377,4,"climate_informed",4099,2016.96131287073
"Peru",2022,2023,2023,10,"2023-W10",374,2023,14,378,4,"climate_informed",4430,2287.7815521878
"Peru",2022,2023,2023,11,"2023-W11",375,2023,15,379,4,"climate_informed",6520,2150.73525628481
"Peru",2022,2023,2023,12,"2023-W12",376,2023,16,380,4,"climate_informed",7614,2631.60650430533
"Peru",2022,2023,2023,13,"2023-W13",377,2023,17,381,4,"climate_informed",8594,2667.41012156429
"Peru",2022,2023,2023,14,"2023-W14",378,2023,18,382,4,"climate_informed",11860,2505.74206004904
"Peru",2022,2023,2023,15,"2023-W15",379,2023,19,383,4,"climate_informed",15304,2660.79964909445
"Peru",2022,2023,2023,16,"2023-W16",380,2023,20,384,4,"climate_informed",20425,2772.18600522363
"Peru",2022,2023,2023,17,"2023-W17",381,2023,21,385,4,"climate_informed",18043,3161.89083220388
"Peru",2022,2023,2023,18,"2023-W18",382,2023,22,386,4,"climate_informed",17868,3462.15772339119
"Peru",2022,2023,2023,19,"2023-W19",383,2023,23,387,4,"climate_informed",15637,4146.33041230826
"Peru",2022,2023,2023,20,"2023-W20",384,2023,24,388,4,"climate_informed",13340,4329.31450823754
"Peru",2022,2023,2023,21,"2023-W21",385,2023,25,389,4,"climate_informed",11073,5061.25078323246
"Peru",2022,2023,2023,22,"2023-W22",386,2023,26,390,4,"climate_informed",8681,4736.60757699046
"Peru",2022,2023,2023,23,"2023-W23",387,2023,27,391,4,"climate_informed",8132,4673.69873857749
"Peru",2022,2023,2023,24,"2023-W24",388,2023,28,392,4,"climate_informed",7669,4893.20457617183
"Peru",2022,2023,2023,25,"2023-W25",389,2023,29,393,4,"climate_informed",6815,4262.34747190932
"Peru",2022,2023,2023,26,"2023-W26",390,2023,30,394,4,"climate_informed",5158,3162.11875040068
"Peru",2022,2023,2023,27,"2023-W27",391,2023,31,395,4,"climate_informed",5423,2586.74602343484
"Peru",2022,2023,2023,28,"2023-W28",392,2023,32,396,4,"climate_informed",5060,1422.80167851538
"Peru",2022,2023,2023,29,"2023-W29",393,2023,33,397,4,"climate_informed",4380,2426.85227868818
"Peru",2022,2023,2023,30,"2023-W30",394,2023,34,398,4,"climate_informed",3824,2411.69342158526
"Peru",2022,2023,2023,31,"2023-W31",395,2023,35,399,4,"climate_informed",3466,2555.36789250377
"Peru",2022,2023,2023,32,"2023-W32",396,2023,36,400,4,"climate_informed",3368,2293.49950577286
"Peru",2022,2023,2023,33,"2023-W33",397,2023,37,401,4,"climate_informed",2883,2217.4130134471
"Peru",2022,2023,2023,34,"2023-W34",398,2023,38,402,4,"climate_informed",2317,2299.63966792065
"Peru",2022,2023,2023,35,"2023-W35",399,2023,39,403,4,"climate_informed",2158,2447.88610913537
"Peru",2022,2023,2023,36,"2023-W36",400,2023,40,404,4,"climate_informed",2028,2266.50785867229
"Peru",2022,2023,2023,37,"2023-W37",401,2023,41,405,4,"climate_informed",1829,2664.94831691464
"Peru",2022,2023,2023,38,"2023-W38",402,2023,42,406,4,"climate_informed",1874,2957.22250653662
"Peru",2022,2023,2023,39,"2023-W39",403,2023,43,407,4,"climate_informed",1563,2832.62841686075
"Peru",2022,2023,2023,40,"2023-W40",404,2023,44,408,4,"climate_informed",1626,2558.10514803269
"Peru",2022,2023,2023,41,"2023-W41",405,2023,45,409,4,"climate_informed",1800,2645.50510495827
"Peru",2022,2023,2023,42,"2023-W42",406,2023,46,410,4,"climate_informed",1802,3105.46612379587
"Peru",2022,2023,2023,43,"2023-W43",407,2023,47,411,4,"climate_informed",1823,3524.16047672627
"Peru",2022,2023,2023,44,"2023-W44",408,2023,48,412,4,"climate_informed",1854,3581.75220018197
"Peru",2022,2023,2023,45,"2023-W45",409,2023,49,413,4,"climate_informed",1680,2895.57331202184
"Peru",2022,2023,2023,46,"2023-W46",410,2023,50,414,4,"climate_informed",1784,3321.57724694444
"Peru",2022,2023,2023,47,"2023-W47",411,2023,51,415,4,"climate_informed",1651,2920.35332268573
"Peru",2022,2023,2023,48,"2023-W48",412,2023,52,416,4,"climate_informed",1310,3035.47064460042
"Peru",2022,2023,2022,49,"2022-W49",361,2023,1,365,4,"epidemiology_only",1596,2429.32647788935
"Peru",2022,2023,2022,50,"2022-W50",362,2023,2,366,4,"epidemiology_only",1499,2494.86822546089
"Peru",2022,2023,2022,51,"2022-W51",363,2023,3,367,4,"epidemiology_only",1851,2437.07456223275
"Peru",2022,2023,2022,52,"2022-W52",364,2023,4,368,4,"epidemiology_only",1757,2116.71989406961
"Peru",2022,2023,2023,1,"2023-W01",365,2023,5,369,4,"epidemiology_only",1914,2237.62989555168
"Peru",2022,2023,2023,2,"2023-W02",366,2023,6,370,4,"epidemiology_only",2142,2220.025824235
"Peru",2022,2023,2023,3,"2023-W03",367,2023,7,371,4,"epidemiology_only",2303,2334.32667448825
"Peru",2022,2023,2023,4,"2023-W04",368,2023,8,372,4,"epidemiology_only",2513,2304.84806357679
"Peru",2022,2023,2023,5,"2023-W05",369,2023,9,373,4,"epidemiology_only",2545,2453.82702543923
"Peru",2022,2023,2023,6,"2023-W06",370,2023,10,374,4,"epidemiology_only",2528,2486.16846068243
"Peru",2022,2023,2023,7,"2023-W07",371,2023,11,375,4,"epidemiology_only",3018,2625.33803086057
"Peru",2022,2023,2023,8,"2023-W08",372,2023,12,376,4,"epidemiology_only",3796,2907.5053500568
"Peru",2022,2023,2023,9,"2023-W09",373,2023,13,377,4,"epidemiology_only",4099,2580.99453796996
"Peru",2022,2023,2023,10,"2023-W10",374,2023,14,378,4,"epidemiology_only",4430,2545.15219188887
"Peru",2022,2023,2023,11,"2023-W11",375,2023,15,379,4,"epidemiology_only",6520,2460.06862181128
"Peru",2022,2023,2023,12,"2023-W12",376,2023,16,380,4,"epidemiology_only",7614,2550.82573994551
"Peru",2022,2023,2023,13,"2023-W13",377,2023,17,381,4,"epidemiology_only",8594,2556.13526701385
"Peru",2022,2023,2023,14,"2023-W14",378,2023,18,382,4,"epidemiology_only",11860,2526.67313003324
"Peru",2022,2023,2023,15,"2023-W15",379,2023,19,383,4,"epidemiology_only",15304,2687.4553747113
"Peru",2022,2023,2023,16,"2023-W16",380,2023,20,384,4,"epidemiology_only",20425,2835.89453605669
"Peru",2022,2023,2023,17,"2023-W17",381,2023,21,385,4,"epidemiology_only",18043,2998.29034378131
"Peru",2022,2023,2023,18,"2023-W18",382,2023,22,386,4,"epidemiology_only",17868,3319.9061047726
"Peru",2022,2023,2023,19,"2023-W19",383,2023,23,387,4,"epidemiology_only",15637,3668.30120575048
"Peru",2022,2023,2023,20,"2023-W20",384,2023,24,388,4,"epidemiology_only",13340,4055.52359334361
"Peru",2022,2023,2023,21,"2023-W21",385,2023,25,389,4,"epidemiology_only",11073,4267.30694478602
"Peru",2022,2023,2023,22,"2023-W22",386,2023,26,390,4,"epidemiology_only",8681,4455.09958718808
"Peru",2022,2023,2023,23,"2023-W23",387,2023,27,391,4,"epidemiology_only",8132,4217.52583591064
"Peru",2022,2023,2023,24,"2023-W24",388,2023,28,392,4,"epidemiology_only",7669,4014.01675945197
"Peru",2022,2023,2023,25,"2023-W25",389,2023,29,393,4,"epidemiology_only",6815,3692.25047433499
"Peru",2022,2023,2023,26,"2023-W26",390,2023,30,394,4,"epidemiology_only",5158,3202.8035728639
"Peru",2022,2023,2023,27,"2023-W27",391,2023,31,395,4,"epidemiology_only",5423,2826.23926628383
"Peru",2022,2023,2023,28,"2023-W28",392,2023,32,396,4,"epidemiology_only",5060,2490.87219632033
"Peru",2022,2023,2023,29,"2023-W29",393,2023,33,397,4,"epidemiology_only",4380,2338.67452196122
"Peru",2022,2023,2023,30,"2023-W30",394,2023,34,398,4,"epidemiology_only",3824,2087.35893868591
"Peru",2022,2023,2023,31,"2023-W31",395,2023,35,399,4,"epidemiology_only",3466,2014.66121087452
"Peru",2022,2023,2023,32,"2023-W32",396,2023,36,400,4,"epidemiology_only",3368,1975.42940743277
"Peru",2022,2023,2023,33,"2023-W33",397,2023,37,401,4,"epidemiology_only",2883,1941.58831762343
"Peru",2022,2023,2023,34,"2023-W34",398,2023,38,402,4,"epidemiology_only",2317,1922.3126491648
"Peru",2022,2023,2023,35,"2023-W35",399,2023,39,403,4,"epidemiology_only",2158,1893.91174966508
"Peru",2022,2023,2023,36,"2023-W36",400,2023,40,404,4,"epidemiology_only",2028,1891.11004264735
"Peru",2022,2023,2023,37,"2023-W37",401,2023,41,405,4,"epidemiology_only",1829,1878.02576919458
"Peru",2022,2023,2023,38,"2023-W38",402,2023,42,406,4,"epidemiology_only",1874,1885.56968648954
"Peru",2022,2023,2023,39,"2023-W39",403,2023,43,407,4,"epidemiology_only",1563,1829.5072962881
"Peru",2022,2023,2023,40,"2023-W40",404,2023,44,408,4,"epidemiology_only",1626,1827.32051755226
"Peru",2022,2023,2023,41,"2023-W41",405,2023,45,409,4,"epidemiology_only",1800,1838.82024733933
"Peru",2022,2023,2023,42,"2023-W42",406,2023,46,410,4,"epidemiology_only",1802,1895.80109779917
"Peru",2022,2023,2023,43,"2023-W43",407,2023,47,411,4,"epidemiology_only",1823,1899.28868217941
"Peru",2022,2023,2023,44,"2023-W44",408,2023,48,412,4,"epidemiology_only",1854,1932.01360058311
"Peru",2022,2023,2023,45,"2023-W45",409,2023,49,413,4,"epidemiology_only",1680,2057.29943192058
"Peru",2022,2023,2023,46,"2023-W46",410,2023,50,414,4,"epidemiology_only",1784,2231.01105499802
"Peru",2022,2023,2023,47,"2023-W47",411,2023,51,415,4,"epidemiology_only",1651,2348.74803738975
"Peru",2022,2023,2023,48,"2023-W48",412,2023,52,416,4,"epidemiology_only",1310,2482.88661882688
"Philippines",2022,2023,2023,9,"2023-W09",373,2023,10,374,1,"climate_informed",575,729.333005905109
"Philippines",2022,2023,2023,10,"2023-W10",374,2023,11,375,1,"climate_informed",275,636.75076735184
"Philippines",2022,2023,2023,11,"2023-W11",375,2023,12,376,1,"climate_informed",141,285.923170189864
"Philippines",2022,2023,2023,12,"2023-W12",376,2023,13,377,1,"climate_informed",1196,130.916443949849
"Philippines",2022,2023,2023,13,"2023-W13",377,2023,14,378,1,"climate_informed",1196,759.486892826592
"Philippines",2022,2023,2023,14,"2023-W14",378,2023,15,379,1,"climate_informed",1197,1863.48456288857
"Philippines",2022,2023,2023,15,"2023-W15",379,2023,16,380,1,"climate_informed",1482,947.808625578069
"Philippines",2022,2023,2023,16,"2023-W16",380,2023,17,381,1,"climate_informed",1684,1911.96925980422
"Philippines",2022,2023,2023,17,"2023-W17",381,2023,18,382,1,"climate_informed",1746,1968.74166012707
"Philippines",2022,2023,2023,18,"2023-W18",382,2023,19,383,1,"climate_informed",1727,1966.16910549228
"Philippines",2022,2023,2023,19,"2023-W19",383,2023,20,384,1,"climate_informed",1794,2166.74602347767
"Philippines",2022,2023,2023,20,"2023-W20",384,2023,21,385,1,"climate_informed",2269,2199.26106227802
"Philippines",2022,2023,2023,21,"2023-W21",385,2023,22,386,1,"climate_informed",2552,2580.52907925984
"Philippines",2022,2023,2023,22,"2023-W22",386,2023,23,387,1,"climate_informed",207,3095.12578793492
"Philippines",2022,2023,2023,23,"2023-W23",387,2023,24,388,1,"climate_informed",162,325.443076283777
"Philippines",2022,2023,2023,24,"2023-W24",388,2023,25,389,1,"climate_informed",132,104.183770756204
"Philippines",2022,2023,2023,25,"2023-W25",389,2023,26,390,1,"climate_informed",181,171.363963453439
"Philippines",2022,2023,2023,26,"2023-W26",390,2023,27,391,1,"climate_informed",271,139.161833842357
"Philippines",2022,2023,2023,27,"2023-W27",391,2023,28,392,1,"climate_informed",147,267.709586590802
"Philippines",2022,2023,2023,28,"2023-W28",392,2023,29,393,1,"climate_informed",735,160.779898742336
"Philippines",2022,2023,2023,29,"2023-W29",393,2023,30,394,1,"climate_informed",715,504.319455291007
"Philippines",2022,2023,2023,30,"2023-W30",394,2023,31,395,1,"climate_informed",893,1159.7776354816
"Philippines",2022,2023,2023,31,"2023-W31",395,2023,32,396,1,"climate_informed",2955,796.721844079035
"Philippines",2022,2023,2023,32,"2023-W32",396,2023,33,397,1,"climate_informed",3355,3493.82916930482
"Philippines",2022,2023,2023,33,"2023-W33",397,2023,34,398,1,"climate_informed",3591,5042.36283972434
"Philippines",2022,2023,2023,34,"2023-W34",398,2023,35,399,1,"climate_informed",3356,3890.20905889735
"Philippines",2022,2023,2023,35,"2023-W35",399,2023,36,400,1,"climate_informed",3393,4301.51737103457
"Philippines",2022,2023,2023,36,"2023-W36",400,2023,37,401,1,"climate_informed",3179,3903.00380543238
"Philippines",2022,2023,2023,37,"2023-W37",401,2023,38,402,1,"climate_informed",3142,3513.72479014721
"Philippines",2022,2023,2023,38,"2023-W38",402,2023,39,403,1,"climate_informed",3318,3319.82020102179
"Philippines",2022,2023,2023,39,"2023-W39",403,2023,40,404,1,"climate_informed",2578,3559.93426503849
"Philippines",2022,2023,2023,40,"2023-W40",404,2023,41,405,1,"climate_informed",2720,2655.22800758632
"Philippines",2022,2023,2023,41,"2023-W41",405,2023,42,406,1,"climate_informed",3430,2528.47123707375
"Philippines",2022,2023,2023,42,"2023-W42",406,2023,43,407,1,"climate_informed",2672,3427.66592130392
"Philippines",2022,2023,2023,43,"2023-W43",407,2023,44,408,1,"climate_informed",1939,2862.36938556366
"Philippines",2022,2023,2023,44,"2023-W44",408,2023,45,409,1,"climate_informed",2607,1884.1580718592
"Philippines",2022,2023,2023,9,"2023-W09",373,2023,10,374,1,"epidemiology_only",575,748.084074310731
"Philippines",2022,2023,2023,10,"2023-W10",374,2023,11,375,1,"epidemiology_only",275,647.36921039611
"Philippines",2022,2023,2023,11,"2023-W11",375,2023,12,376,1,"epidemiology_only",141,281.502372063794
"Philippines",2022,2023,2023,12,"2023-W12",376,2023,13,377,1,"epidemiology_only",1196,131.908748356569
"Philippines",2022,2023,2023,13,"2023-W13",377,2023,14,378,1,"epidemiology_only",1196,877.108074335876
"Philippines",2022,2023,2023,14,"2023-W14",378,2023,15,379,1,"epidemiology_only",1197,2119.44481850342
"Philippines",2022,2023,2023,15,"2023-W15",379,2023,16,380,1,"epidemiology_only",1482,1057.92025027374
"Philippines",2022,2023,2023,16,"2023-W16",380,2023,17,381,1,"epidemiology_only",1684,2084.23360643718
"Philippines",2022,2023,2023,17,"2023-W17",381,2023,18,382,1,"epidemiology_only",1746,2088.49394019342
"Philippines",2022,2023,2023,18,"2023-W18",382,2023,19,383,1,"epidemiology_only",1727,2068.57027815422
"Philippines",2022,2023,2023,19,"2023-W19",383,2023,20,384,1,"epidemiology_only",1794,1973.27488572991
"Philippines",2022,2023,2023,20,"2023-W20",384,2023,21,385,1,"epidemiology_only",2269,1885.46846707669
"Philippines",2022,2023,2023,21,"2023-W21",385,2023,22,386,1,"epidemiology_only",2552,2437.59455430594
"Philippines",2022,2023,2023,22,"2023-W22",386,2023,23,387,1,"epidemiology_only",207,2881.27867996998
"Philippines",2022,2023,2023,23,"2023-W23",387,2023,24,388,1,"epidemiology_only",162,280.989952114626
"Philippines",2022,2023,2023,24,"2023-W24",388,2023,25,389,1,"epidemiology_only",132,91.3368482671836
"Philippines",2022,2023,2023,25,"2023-W25",389,2023,26,390,1,"epidemiology_only",181,154.568509093999
"Philippines",2022,2023,2023,26,"2023-W26",390,2023,27,391,1,"epidemiology_only",271,129.935673239242
"Philippines",2022,2023,2023,27,"2023-W27",391,2023,28,392,1,"epidemiology_only",147,281.491226759226
"Philippines",2022,2023,2023,28,"2023-W28",392,2023,29,393,1,"epidemiology_only",735,176.742509115171
"Philippines",2022,2023,2023,29,"2023-W29",393,2023,30,394,1,"epidemiology_only",715,629.89751748123
"Philippines",2022,2023,2023,30,"2023-W30",394,2023,31,395,1,"epidemiology_only",893,1489.84187534027
"Philippines",2022,2023,2023,31,"2023-W31",395,2023,32,396,1,"epidemiology_only",2955,890.708793668375
"Philippines",2022,2023,2023,32,"2023-W32",396,2023,33,397,1,"epidemiology_only",3355,4062.34240427857
"Philippines",2022,2023,2023,33,"2023-W33",397,2023,34,398,1,"epidemiology_only",3591,5382.90144663512
"Philippines",2022,2023,2023,34,"2023-W34",398,2023,35,399,1,"epidemiology_only",3356,4121.03743900823
"Philippines",2022,2023,2023,35,"2023-W35",399,2023,36,400,1,"epidemiology_only",3393,4500.73408002417
"Philippines",2022,2023,2023,36,"2023-W36",400,2023,37,401,1,"epidemiology_only",3179,3654.72037379999
"Philippines",2022,2023,2023,37,"2023-W37",401,2023,38,402,1,"epidemiology_only",3142,3478.16755087655
"Philippines",2022,2023,2023,38,"2023-W38",402,2023,39,403,1,"epidemiology_only",3318,3140.60954387894
"Philippines",2022,2023,2023,39,"2023-W39",403,2023,40,404,1,"epidemiology_only",2578,3266.75016779711
"Philippines",2022,2023,2023,40,"2023-W40",404,2023,41,405,1,"epidemiology_only",2720,2653.62142670963
"Philippines",2022,2023,2023,41,"2023-W41",405,2023,42,406,1,"epidemiology_only",3430,2508.69073213931
"Philippines",2022,2023,2023,42,"2023-W42",406,2023,43,407,1,"epidemiology_only",2672,3467.44759947015
"Philippines",2022,2023,2023,43,"2023-W43",407,2023,44,408,1,"epidemiology_only",1939,2792.13996672134
"Philippines",2022,2023,2023,44,"2023-W44",408,2023,45,409,1,"epidemiology_only",2607,1830.00668432721
"Philippines",2022,2023,2023,9,"2023-W09",373,2023,11,375,2,"climate_informed",275,786.338268632367
"Philippines",2022,2023,2023,10,"2023-W10",374,2023,12,376,2,"climate_informed",141,559.690507417778
"Philippines",2022,2023,2023,11,"2023-W11",375,2023,13,377,2,"climate_informed",1196,235.644051082929
"Philippines",2022,2023,2023,12,"2023-W12",376,2023,14,378,2,"climate_informed",1196,109.655841852447
"Philippines",2022,2023,2023,13,"2023-W13",377,2023,15,379,2,"climate_informed",1197,1305.658239579
"Philippines",2022,2023,2023,14,"2023-W14",378,2023,16,380,2,"climate_informed",1482,1496.89304659896
"Philippines",2022,2023,2023,15,"2023-W15",379,2023,17,381,2,"climate_informed",1684,1313.83316441794
"Philippines",2022,2023,2023,16,"2023-W16",380,2023,18,382,2,"climate_informed",1746,2180.78436951582
"Philippines",2022,2023,2023,17,"2023-W17",381,2023,19,383,2,"climate_informed",1727,2235.00151433403
"Philippines",2022,2023,2023,18,"2023-W18",382,2023,20,384,2,"climate_informed",1794,2223.29196858759
"Philippines",2022,2023,2023,19,"2023-W19",383,2023,21,385,2,"climate_informed",2269,2498.99273001545
"Philippines",2022,2023,2023,20,"2023-W20",384,2023,22,386,2,"climate_informed",2552,2482.26759195359
"Philippines",2022,2023,2023,21,"2023-W21",385,2023,23,387,2,"climate_informed",207,3030.37366966994
"Philippines",2022,2023,2023,22,"2023-W22",386,2023,24,388,2,"climate_informed",162,3542.13510300321
"Philippines",2022,2023,2023,23,"2023-W23",387,2023,25,389,2,"climate_informed",132,177.336795283264
"Philippines",2022,2023,2023,24,"2023-W24",388,2023,26,390,2,"climate_informed",181,120.972142948604
"Philippines",2022,2023,2023,25,"2023-W25",389,2023,27,391,2,"climate_informed",271,127.406426745948
"Philippines",2022,2023,2023,26,"2023-W26",390,2023,28,392,2,"climate_informed",147,160.423433653608
"Philippines",2022,2023,2023,27,"2023-W27",391,2023,29,393,2,"climate_informed",735,292.013693256134
"Philippines",2022,2023,2023,28,"2023-W28",392,2023,30,394,2,"climate_informed",715,138.292239059498
"Philippines",2022,2023,2023,29,"2023-W29",393,2023,31,395,2,"climate_informed",893,899.87009078381
"Philippines",2022,2023,2023,30,"2023-W30",394,2023,32,396,2,"climate_informed",2955,1071.4970459961
"Philippines",2022,2023,2023,31,"2023-W31",395,2023,33,397,2,"climate_informed",3355,1152.67890290072
"Philippines",2022,2023,2023,32,"2023-W32",396,2023,34,398,2,"climate_informed",3591,5032.57128971772
"Philippines",2022,2023,2023,33,"2023-W33",397,2023,35,399,2,"climate_informed",3356,5392.17601987483
"Philippines",2022,2023,2023,34,"2023-W34",398,2023,36,400,2,"climate_informed",3393,4929.75794607481
"Philippines",2022,2023,2023,35,"2023-W35",399,2023,37,401,2,"climate_informed",3179,4724.10727200354
"Philippines",2022,2023,2023,36,"2023-W36",400,2023,38,402,2,"climate_informed",3142,4198.49221080884
"Philippines",2022,2023,2023,37,"2023-W37",401,2023,39,403,2,"climate_informed",3318,3491.23794233749
"Philippines",2022,2023,2023,38,"2023-W38",402,2023,40,404,2,"climate_informed",2578,3350.01931425635
"Philippines",2022,2023,2023,39,"2023-W39",403,2023,41,405,2,"climate_informed",2720,3664.99930637551
"Philippines",2022,2023,2023,40,"2023-W40",404,2023,42,406,2,"climate_informed",3430,2409.29663125826
"Philippines",2022,2023,2023,41,"2023-W41",405,2023,43,407,2,"climate_informed",2672,2613.01915423496
"Philippines",2022,2023,2023,42,"2023-W42",406,2023,44,408,2,"climate_informed",1939,3500.5167662905
"Philippines",2022,2023,2023,43,"2023-W43",407,2023,45,409,2,"climate_informed",2607,2741.80592813012
"Philippines",2022,2023,2023,9,"2023-W09",373,2023,11,375,2,"epidemiology_only",275,796.846977638803
"Philippines",2022,2023,2023,10,"2023-W10",374,2023,12,376,2,"epidemiology_only",141,591.219044816033
"Philippines",2022,2023,2023,11,"2023-W11",375,2023,13,377,2,"epidemiology_only",1196,233.304332596096
"Philippines",2022,2023,2023,12,"2023-W12",376,2023,14,378,2,"epidemiology_only",1196,111.026827828415
"Philippines",2022,2023,2023,13,"2023-W13",377,2023,15,379,2,"epidemiology_only",1197,1711.14182819051
"Philippines",2022,2023,2023,14,"2023-W14",378,2023,16,380,2,"epidemiology_only",1482,1810.22720262204
"Philippines",2022,2023,2023,15,"2023-W15",379,2023,17,381,2,"epidemiology_only",1684,1567.23912834151
"Philippines",2022,2023,2023,16,"2023-W16",380,2023,18,382,2,"epidemiology_only",1746,2645.59872044588
"Philippines",2022,2023,2023,17,"2023-W17",381,2023,19,383,2,"epidemiology_only",1727,2489.56816158342
"Philippines",2022,2023,2023,18,"2023-W18",382,2023,20,384,2,"epidemiology_only",1794,2394.25560790665
"Philippines",2022,2023,2023,19,"2023-W19",383,2023,21,385,2,"epidemiology_only",2269,2068.05058862708
"Philippines",2022,2023,2023,20,"2023-W20",384,2023,22,386,2,"epidemiology_only",2552,1801.06406736528
"Philippines",2022,2023,2023,21,"2023-W21",385,2023,23,387,2,"epidemiology_only",207,2773.85061665031
"Philippines",2022,2023,2023,22,"2023-W22",386,2023,24,388,2,"epidemiology_only",162,3119.93611604114
"Philippines",2022,2023,2023,23,"2023-W23",387,2023,25,389,2,"epidemiology_only",132,130.582626175378
"Philippines",2022,2023,2023,24,"2023-W24",388,2023,26,390,2,"epidemiology_only",181,100.580596613791
"Philippines",2022,2023,2023,25,"2023-W25",389,2023,27,391,2,"epidemiology_only",271,106.480095839587
"Philippines",2022,2023,2023,26,"2023-W26",390,2023,28,392,2,"epidemiology_only",147,138.684071570313
"Philippines",2022,2023,2023,27,"2023-W27",391,2023,29,393,2,"epidemiology_only",735,325.100223424552
"Philippines",2022,2023,2023,28,"2023-W28",392,2023,30,394,2,"epidemiology_only",715,166.664456454155
"Philippines",2022,2023,2023,29,"2023-W29",393,2023,31,395,2,"epidemiology_only",893,1441.91714145246
"Philippines",2022,2023,2023,30,"2023-W30",394,2023,32,396,2,"epidemiology_only",2955,1683.07800985867
"Philippines",2022,2023,2023,31,"2023-W31",395,2023,33,397,2,"epidemiology_only",3355,1363.80585946988
"Philippines",2022,2023,2023,32,"2023-W32",396,2023,34,398,2,"epidemiology_only",3591,6861.37480388829
"Philippines",2022,2023,2023,33,"2023-W33",397,2023,35,399,2,"epidemiology_only",3356,5895.63136547423
"Philippines",2022,2023,2023,34,"2023-W34",398,2023,36,400,2,"epidemiology_only",3393,5265.36262970558
"Philippines",2022,2023,2023,35,"2023-W35",399,2023,37,401,2,"epidemiology_only",3179,4777.32849316026
"Philippines",2022,2023,2023,36,"2023-W36",400,2023,38,402,2,"epidemiology_only",3142,3508.98661389377
"Philippines",2022,2023,2023,37,"2023-W37",401,2023,39,403,2,"epidemiology_only",3318,3351.54748227027
"Philippines",2022,2023,2023,38,"2023-W38",402,2023,40,404,2,"epidemiology_only",2578,2975.63023583803
"Philippines",2022,2023,2023,39,"2023-W39",403,2023,41,405,2,"epidemiology_only",2720,3046.38090152198
"Philippines",2022,2023,2023,40,"2023-W40",404,2023,42,406,2,"epidemiology_only",3430,2390.08520978212
"Philippines",2022,2023,2023,41,"2023-W41",405,2023,43,407,2,"epidemiology_only",2672,2574.61195452992
"Philippines",2022,2023,2023,42,"2023-W42",406,2023,44,408,2,"epidemiology_only",1939,3582.06963063532
"Philippines",2022,2023,2023,43,"2023-W43",407,2023,45,409,2,"epidemiology_only",2607,2518.99270563869
"Philippines",2022,2023,2022,49,"2022-W49",361,2023,1,365,4,"climate_informed",425,340.084233676775
"Philippines",2022,2023,2022,50,"2022-W50",362,2023,2,366,4,"climate_informed",575,353.329618829547
"Philippines",2022,2023,2023,9,"2023-W09",373,2023,13,377,4,"climate_informed",1196,740.352770635915
"Philippines",2022,2023,2023,10,"2023-W10",374,2023,14,378,4,"climate_informed",1196,564.356697534789
"Philippines",2022,2023,2023,11,"2023-W11",375,2023,15,379,4,"climate_informed",1197,238.154340782326
"Philippines",2022,2023,2023,12,"2023-W12",376,2023,16,380,4,"climate_informed",1482,101.906280272622
"Philippines",2022,2023,2023,13,"2023-W13",377,2023,17,381,4,"climate_informed",1684,1003.9112803459
"Philippines",2022,2023,2023,14,"2023-W14",378,2023,18,382,4,"climate_informed",1746,1571.96592126149
"Philippines",2022,2023,2023,15,"2023-W15",379,2023,19,383,4,"climate_informed",1727,1497.80296728195
"Philippines",2022,2023,2023,16,"2023-W16",380,2023,20,384,4,"climate_informed",1794,3506.17564702013
"Philippines",2022,2023,2023,17,"2023-W17",381,2023,21,385,4,"climate_informed",2269,3511.81160281832
"Philippines",2022,2023,2023,18,"2023-W18",382,2023,22,386,4,"climate_informed",2552,3091.43554652125
"Philippines",2022,2023,2023,19,"2023-W19",383,2023,23,387,4,"climate_informed",207,3418.00308073472
"Philippines",2022,2023,2023,20,"2023-W20",384,2023,24,388,4,"climate_informed",162,2642.08751751451
"Philippines",2022,2023,2023,21,"2023-W21",385,2023,25,389,4,"climate_informed",132,4073.64351840507
"Philippines",2022,2023,2023,22,"2023-W22",386,2023,26,390,4,"climate_informed",181,4921.18376912071
"Philippines",2022,2023,2023,23,"2023-W23",387,2023,27,391,4,"climate_informed",271,227.481711907265
"Philippines",2022,2023,2023,24,"2023-W24",388,2023,28,392,4,"climate_informed",147,112.660375611169
"Philippines",2022,2023,2023,25,"2023-W25",389,2023,29,393,4,"climate_informed",735,137.273988426982
"Philippines",2022,2023,2023,26,"2023-W26",390,2023,30,394,4,"climate_informed",715,134.624842165877
"Philippines",2022,2023,2023,27,"2023-W27",391,2023,31,395,4,"climate_informed",893,278.666866626947
"Philippines",2022,2023,2023,28,"2023-W28",392,2023,32,396,4,"climate_informed",2955,150.587712164536
"Philippines",2022,2023,2023,29,"2023-W29",393,2023,33,397,4,"climate_informed",3355,1104.82494663962
"Philippines",2022,2023,2023,30,"2023-W30",394,2023,34,398,4,"climate_informed",3591,2202.56787419331
"Philippines",2022,2023,2023,31,"2023-W31",395,2023,35,399,4,"climate_informed",3356,1469.24143790531
"Philippines",2022,2023,2023,32,"2023-W32",396,2023,36,400,4,"climate_informed",3393,6897.45861026084
"Philippines",2022,2023,2023,33,"2023-W33",397,2023,37,401,4,"climate_informed",3179,7511.28856635685
"Philippines",2022,2023,2023,34,"2023-W34",398,2023,38,402,4,"climate_informed",3142,6112.96773221122
"Philippines",2022,2023,2023,35,"2023-W35",399,2023,39,403,4,"climate_informed",3318,6411.06836177062
"Philippines",2022,2023,2023,36,"2023-W36",400,2023,40,404,4,"climate_informed",2578,4104.08835596374
"Philippines",2022,2023,2023,37,"2023-W37",401,2023,41,405,4,"climate_informed",2720,3596.56240529023
"Philippines",2022,2023,2023,38,"2023-W38",402,2023,42,406,4,"climate_informed",3430,3120.22426541814
"Philippines",2022,2023,2023,39,"2023-W39",403,2023,43,407,4,"climate_informed",2672,3387.18445159023
"Philippines",2022,2023,2023,40,"2023-W40",404,2023,44,408,4,"climate_informed",1939,2283.04474990352
"Philippines",2022,2023,2023,41,"2023-W41",405,2023,45,409,4,"climate_informed",2607,2532.07131419197
"Philippines",2022,2023,2022,49,"2022-W49",361,2023,1,365,4,"epidemiology_only",425,207.252806317065
"Philippines",2022,2023,2022,50,"2022-W50",362,2023,2,366,4,"epidemiology_only",575,252.93787915162
"Philippines",2022,2023,2023,9,"2023-W09",373,2023,13,377,4,"epidemiology_only",1196,774.880970709381
"Philippines",2022,2023,2023,10,"2023-W10",374,2023,14,378,4,"epidemiology_only",1196,617.852897608162
"Philippines",2022,2023,2023,11,"2023-W11",375,2023,15,379,4,"epidemiology_only",1197,231.447225765261
"Philippines",2022,2023,2023,12,"2023-W12",376,2023,16,380,4,"epidemiology_only",1482,104.773065730314
"Philippines",2022,2023,2023,13,"2023-W13",377,2023,17,381,4,"epidemiology_only",1684,1845.83815965584
"Philippines",2022,2023,2023,14,"2023-W14",378,2023,18,382,4,"epidemiology_only",1746,2512.69766330958
"Philippines",2022,2023,2023,15,"2023-W15",379,2023,19,383,4,"epidemiology_only",1727,2402.40153152724
"Philippines",2022,2023,2023,16,"2023-W16",380,2023,20,384,4,"epidemiology_only",1794,5474.21004235304
"Philippines",2022,2023,2023,17,"2023-W17",381,2023,21,385,4,"epidemiology_only",2269,4271.95283168587
"Philippines",2022,2023,2023,18,"2023-W18",382,2023,22,386,4,"epidemiology_only",2552,3534.903890611
"Philippines",2022,2023,2023,19,"2023-W19",383,2023,23,387,4,"epidemiology_only",207,2164.77786281622
"Philippines",2022,2023,2023,20,"2023-W20",384,2023,24,388,4,"epidemiology_only",162,1226.04911526623
"Philippines",2022,2023,2023,21,"2023-W21",385,2023,25,389,4,"epidemiology_only",132,3310.14773937506
"Philippines",2022,2023,2023,22,"2023-W22",386,2023,26,390,4,"epidemiology_only",181,3683.61887306155
"Philippines",2022,2023,2023,23,"2023-W23",387,2023,27,391,4,"epidemiology_only",271,115.238088217205
"Philippines",2022,2023,2023,24,"2023-W24",388,2023,28,392,4,"epidemiology_only",147,72.746670304739
"Philippines",2022,2023,2023,25,"2023-W25",389,2023,29,393,4,"epidemiology_only",735,89.107041999279
"Philippines",2022,2023,2023,26,"2023-W26",390,2023,30,394,4,"epidemiology_only",715,103.453251816776
"Philippines",2022,2023,2023,27,"2023-W27",391,2023,31,395,4,"epidemiology_only",893,396.733088523849
"Philippines",2022,2023,2023,28,"2023-W28",392,2023,32,396,4,"epidemiology_only",2955,252.907505277201
"Philippines",2022,2023,2023,29,"2023-W29",393,2023,33,397,4,"epidemiology_only",3355,3475.69038579505
"Philippines",2022,2023,2023,30,"2023-W30",394,2023,34,398,4,"epidemiology_only",3591,6524.38072283271
"Philippines",2022,2023,2023,31,"2023-W31",395,2023,35,399,4,"epidemiology_only",3356,2206.38325309828
"Philippines",2022,2023,2023,32,"2023-W32",396,2023,36,400,4,"epidemiology_only",3393,13507.3024488293
"Philippines",2022,2023,2023,33,"2023-W33",397,2023,37,401,4,"epidemiology_only",3179,8802.68697713318
"Philippines",2022,2023,2023,34,"2023-W34",398,2023,38,402,4,"epidemiology_only",3142,6892.04628502711
"Philippines",2022,2023,2023,35,"2023-W35",399,2023,39,403,4,"epidemiology_only",3318,6238.13433227767
"Philippines",2022,2023,2023,36,"2023-W36",400,2023,40,404,4,"epidemiology_only",2578,2546.16287537145
"Philippines",2022,2023,2023,37,"2023-W37",401,2023,41,405,4,"epidemiology_only",2720,3141.7689024863
"Philippines",2022,2023,2023,38,"2023-W38",402,2023,42,406,4,"epidemiology_only",3430,2280.49035397788
"Philippines",2022,2023,2023,39,"2023-W39",403,2023,43,407,4,"epidemiology_only",2672,2171.48250434863
"Philippines",2022,2023,2023,40,"2023-W40",404,2023,44,408,4,"epidemiology_only",1939,2242.62152479961
"Philippines",2022,2023,2023,41,"2023-W41",405,2023,45,409,4,"epidemiology_only",2607,2453.26364327533
"Singapore",2024,2025,2024,52,"2024-W52",468,2025,1,469,1,"climate_informed",97,79.017133518896
"Singapore",2024,2025,2025,1,"2025-W01",469,2025,2,470,1,"climate_informed",118,92.7926205350092
"Singapore",2024,2025,2025,2,"2025-W02",470,2025,3,471,1,"climate_informed",99,118.557223626277
"Singapore",2024,2025,2025,3,"2025-W03",471,2025,4,472,1,"climate_informed",118,110.628220316848
"Singapore",2024,2025,2025,4,"2025-W04",472,2025,5,473,1,"climate_informed",54,119.21871980365
"Singapore",2024,2025,2025,5,"2025-W05",473,2025,6,474,1,"climate_informed",113,60.7295124761442
"Singapore",2024,2025,2025,6,"2025-W06",474,2025,7,475,1,"climate_informed",114,102.666689881253
"Singapore",2024,2025,2025,7,"2025-W07",475,2025,8,476,1,"climate_informed",71,115.267183079453
"Singapore",2024,2025,2025,8,"2025-W08",476,2025,9,477,1,"climate_informed",82,90.0784416042994
"Singapore",2024,2025,2025,9,"2025-W09",477,2025,10,478,1,"climate_informed",86,77.1099662555551
"Singapore",2024,2025,2025,10,"2025-W10",478,2025,11,479,1,"climate_informed",72,77.2959456795947
"Singapore",2024,2025,2025,11,"2025-W11",479,2025,12,480,1,"climate_informed",100,78.6899018946017
"Singapore",2024,2025,2025,12,"2025-W12",480,2025,13,481,1,"climate_informed",98,99.751190153615
"Singapore",2024,2025,2025,13,"2025-W13",481,2025,14,482,1,"climate_informed",87,107.392389202598
"Singapore",2024,2025,2025,14,"2025-W14",482,2025,15,483,1,"climate_informed",92,99.791218140185
"Singapore",2024,2025,2025,15,"2025-W15",483,2025,16,484,1,"climate_informed",94,96.8998020474895
"Singapore",2024,2025,2025,16,"2025-W16",484,2025,17,485,1,"climate_informed",107,101.947656979669
"Singapore",2024,2025,2025,17,"2025-W17",485,2025,18,486,1,"climate_informed",89,113.983863638567
"Singapore",2024,2025,2025,18,"2025-W18",486,2025,19,487,1,"climate_informed",105,100.789857509596
"Singapore",2024,2025,2025,19,"2025-W19",487,2025,20,488,1,"climate_informed",103,110.984960251603
"Singapore",2024,2025,2025,20,"2025-W20",488,2025,21,489,1,"climate_informed",118,108.818991345142
"Singapore",2024,2025,2025,21,"2025-W21",489,2025,22,490,1,"climate_informed",117,125.136533765733
"Singapore",2024,2025,2025,22,"2025-W22",490,2025,23,491,1,"climate_informed",118,126.53288535078
"Singapore",2024,2025,2025,23,"2025-W23",491,2025,24,492,1,"climate_informed",125,127.659976027122
"Singapore",2024,2025,2025,24,"2025-W24",492,2025,25,493,1,"climate_informed",106,130.162527593353
"Singapore",2024,2025,2025,25,"2025-W25",493,2025,26,494,1,"climate_informed",100,112.884797421782
"Singapore",2024,2025,2025,26,"2025-W26",494,2025,27,495,1,"climate_informed",119,103.468695975005
"Singapore",2024,2025,2025,27,"2025-W27",495,2025,28,496,1,"climate_informed",112,116.153921984651
"Singapore",2024,2025,2025,28,"2025-W28",496,2025,29,497,1,"climate_informed",86,118.070505808026
"Singapore",2024,2025,2025,29,"2025-W29",497,2025,30,498,1,"climate_informed",77,88.7051797865149
"Singapore",2024,2025,2025,30,"2025-W30",498,2025,31,499,1,"climate_informed",71,75.4597699331099
"Singapore",2024,2025,2025,31,"2025-W31",499,2025,32,500,1,"climate_informed",73,67.993558722498
"Singapore",2024,2025,2025,32,"2025-W32",500,2025,33,501,1,"climate_informed",62,71.289110009069
"Singapore",2024,2025,2025,33,"2025-W33",501,2025,34,502,1,"climate_informed",47,61.5778382745855
"Singapore",2024,2025,2025,34,"2025-W34",502,2025,35,503,1,"climate_informed",51,48.4565940952265
"Singapore",2024,2025,2025,35,"2025-W35",503,2025,36,504,1,"climate_informed",42,48.0836236953191
"Singapore",2024,2025,2025,36,"2025-W36",504,2025,37,505,1,"climate_informed",49,42.0248947224096
"Singapore",2024,2025,2025,37,"2025-W37",505,2025,38,506,1,"climate_informed",45,47.6185044547579
"Singapore",2024,2025,2025,38,"2025-W38",506,2025,39,507,1,"climate_informed",40,45.708657187587
"Singapore",2024,2025,2025,39,"2025-W39",507,2025,40,508,1,"climate_informed",55,41.5338580710724
"Singapore",2024,2025,2025,40,"2025-W40",508,2025,41,509,1,"climate_informed",33,51.5522012957423
"Singapore",2024,2025,2025,41,"2025-W41",509,2025,42,510,1,"climate_informed",47,36.969596063735
"Singapore",2024,2025,2025,42,"2025-W42",510,2025,43,511,1,"climate_informed",36,43.8893938733606
"Singapore",2024,2025,2025,43,"2025-W43",511,2025,44,512,1,"climate_informed",53,37.0506132227772
"Singapore",2024,2025,2025,44,"2025-W44",512,2025,45,513,1,"climate_informed",55,51.6118667455162
"Singapore",2024,2025,2025,45,"2025-W45",513,2025,46,514,1,"climate_informed",39,56.3327993821054
"Singapore",2024,2025,2025,46,"2025-W46",514,2025,47,515,1,"climate_informed",39,45.8120727185933
"Singapore",2024,2025,2025,47,"2025-W47",515,2025,48,516,1,"climate_informed",27,38.701406150775
"Singapore",2024,2025,2025,48,"2025-W48",516,2025,49,517,1,"climate_informed",38,28.565121776174
"Singapore",2024,2025,2025,49,"2025-W49",517,2025,50,518,1,"climate_informed",46,36.2496607496937
"Singapore",2024,2025,2025,50,"2025-W50",518,2025,51,519,1,"climate_informed",41,47.4923607064509
"Singapore",2024,2025,2025,51,"2025-W51",519,2025,52,520,1,"climate_informed",32,48.7094773910072
"Singapore",2024,2025,2024,52,"2024-W52",468,2025,1,469,1,"epidemiology_only",97,75.4853236725014
"Singapore",2024,2025,2025,1,"2025-W01",469,2025,2,470,1,"epidemiology_only",118,90.2872567431763
"Singapore",2024,2025,2025,2,"2025-W02",470,2025,3,471,1,"epidemiology_only",99,115.840310302025
"Singapore",2024,2025,2025,3,"2025-W03",471,2025,4,472,1,"epidemiology_only",118,112.004472437226
"Singapore",2024,2025,2025,4,"2025-W04",472,2025,5,473,1,"epidemiology_only",54,121.325760331999
"Singapore",2024,2025,2025,5,"2025-W05",473,2025,6,474,1,"epidemiology_only",113,61.9052236243727
"Singapore",2024,2025,2025,6,"2025-W06",474,2025,7,475,1,"epidemiology_only",114,97.8984092707731
"Singapore",2024,2025,2025,7,"2025-W07",475,2025,8,476,1,"epidemiology_only",71,115.767996939715
"Singapore",2024,2025,2025,8,"2025-W08",476,2025,9,477,1,"epidemiology_only",82,89.7908036705153
"Singapore",2024,2025,2025,9,"2025-W09",477,2025,10,478,1,"epidemiology_only",86,81.1241722748659
"Singapore",2024,2025,2025,10,"2025-W10",478,2025,11,479,1,"epidemiology_only",72,84.181266834063
"Singapore",2024,2025,2025,11,"2025-W11",479,2025,12,480,1,"epidemiology_only",100,79.6785824056775
"Singapore",2024,2025,2025,12,"2025-W12",480,2025,13,481,1,"epidemiology_only",98,99.2619846469955
"Singapore",2024,2025,2025,13,"2025-W13",481,2025,14,482,1,"epidemiology_only",87,107.994039033576
"Singapore",2024,2025,2025,14,"2025-W14",482,2025,15,483,1,"epidemiology_only",92,97.5519366448764
"Singapore",2024,2025,2025,15,"2025-W15",483,2025,16,484,1,"epidemiology_only",94,94.3084608265987
"Singapore",2024,2025,2025,16,"2025-W16",484,2025,17,485,1,"epidemiology_only",107,98.2867762745568
"Singapore",2024,2025,2025,17,"2025-W17",485,2025,18,486,1,"epidemiology_only",89,112.356118204867
"Singapore",2024,2025,2025,18,"2025-W18",486,2025,19,487,1,"epidemiology_only",105,98.6377858571682
"Singapore",2024,2025,2025,19,"2025-W19",487,2025,20,488,1,"epidemiology_only",103,108.755671427192
"Singapore",2024,2025,2025,20,"2025-W20",488,2025,21,489,1,"epidemiology_only",118,107.623209348272
"Singapore",2024,2025,2025,21,"2025-W21",489,2025,22,490,1,"epidemiology_only",117,123.561446306614
"Singapore",2024,2025,2025,22,"2025-W22",490,2025,23,491,1,"epidemiology_only",118,124.907643645576
"Singapore",2024,2025,2025,23,"2025-W23",491,2025,24,492,1,"epidemiology_only",125,125.133195966033
"Singapore",2024,2025,2025,24,"2025-W24",492,2025,25,493,1,"epidemiology_only",106,128.773891216161
"Singapore",2024,2025,2025,25,"2025-W25",493,2025,26,494,1,"epidemiology_only",100,112.400472922661
"Singapore",2024,2025,2025,26,"2025-W26",494,2025,27,495,1,"epidemiology_only",119,102.980283593195
"Singapore",2024,2025,2025,27,"2025-W27",495,2025,28,496,1,"epidemiology_only",112,115.427323700426
"Singapore",2024,2025,2025,28,"2025-W28",496,2025,29,497,1,"epidemiology_only",86,117.223502146792
"Singapore",2024,2025,2025,29,"2025-W29",497,2025,30,498,1,"epidemiology_only",77,92.8146447568893
"Singapore",2024,2025,2025,30,"2025-W30",498,2025,31,499,1,"epidemiology_only",71,76.3477416246237
"Singapore",2024,2025,2025,31,"2025-W31",499,2025,32,500,1,"epidemiology_only",73,68.8008096472372
"Singapore",2024,2025,2025,32,"2025-W32",500,2025,33,501,1,"epidemiology_only",62,71.364575515953
"Singapore",2024,2025,2025,33,"2025-W33",501,2025,34,502,1,"epidemiology_only",47,64.0813398807375
"Singapore",2024,2025,2025,34,"2025-W34",502,2025,35,503,1,"epidemiology_only",51,49.1325233965443
"Singapore",2024,2025,2025,35,"2025-W35",503,2025,36,504,1,"epidemiology_only",42,48.0585312834208
"Singapore",2024,2025,2025,36,"2025-W36",504,2025,37,505,1,"epidemiology_only",49,42.1903368497641
"Singapore",2024,2025,2025,37,"2025-W37",505,2025,38,506,1,"epidemiology_only",45,48.1608249053941
"Singapore",2024,2025,2025,38,"2025-W38",506,2025,39,507,1,"epidemiology_only",40,46.1590373554391
"Singapore",2024,2025,2025,39,"2025-W39",507,2025,40,508,1,"epidemiology_only",55,41.9888196815903
"Singapore",2024,2025,2025,40,"2025-W40",508,2025,41,509,1,"epidemiology_only",33,51.9533454430947
"Singapore",2024,2025,2025,41,"2025-W41",509,2025,42,510,1,"epidemiology_only",47,36.9104233799517
"Singapore",2024,2025,2025,42,"2025-W42",510,2025,43,511,1,"epidemiology_only",36,45.1522869591501
"Singapore",2024,2025,2025,43,"2025-W43",511,2025,44,512,1,"epidemiology_only",53,37.2347076563708
"Singapore",2024,2025,2025,44,"2025-W44",512,2025,45,513,1,"epidemiology_only",55,52.4171703101776
"Singapore",2024,2025,2025,45,"2025-W45",513,2025,46,514,1,"epidemiology_only",39,56.9632055977783
"Singapore",2024,2025,2025,46,"2025-W46",514,2025,47,515,1,"epidemiology_only",39,44.7610405022136
"Singapore",2024,2025,2025,47,"2025-W47",515,2025,48,516,1,"epidemiology_only",27,39.1661042538235
"Singapore",2024,2025,2025,48,"2025-W48",516,2025,49,517,1,"epidemiology_only",38,27.7952034674943
"Singapore",2024,2025,2025,49,"2025-W49",517,2025,50,518,1,"epidemiology_only",46,36.3492981077475
"Singapore",2024,2025,2025,50,"2025-W50",518,2025,51,519,1,"epidemiology_only",41,46.4173365418448
"Singapore",2024,2025,2025,51,"2025-W51",519,2025,52,520,1,"epidemiology_only",32,47.6874072800235
"Singapore",2024,2025,2024,51,"2024-W51",467,2025,1,469,2,"climate_informed",97,112.90151286065
"Singapore",2024,2025,2024,52,"2024-W52",468,2025,2,470,2,"climate_informed",118,80.9592930928373
"Singapore",2024,2025,2025,1,"2025-W01",469,2025,3,471,2,"climate_informed",99,99.673766701415
"Singapore",2024,2025,2025,2,"2025-W02",470,2025,4,472,2,"climate_informed",118,131.901255926912
"Singapore",2024,2025,2025,3,"2025-W03",471,2025,5,473,2,"climate_informed",54,117.598825283993
"Singapore",2024,2025,2025,4,"2025-W04",472,2025,6,474,2,"climate_informed",113,118.146821910275
"Singapore",2024,2025,2025,5,"2025-W05",473,2025,7,475,2,"climate_informed",114,57.075715220953
"Singapore",2024,2025,2025,6,"2025-W06",474,2025,8,476,2,"climate_informed",71,109.091598215448
"Singapore",2024,2025,2025,7,"2025-W07",475,2025,9,477,2,"climate_informed",82,125.961365997332
"Singapore",2024,2025,2025,8,"2025-W08",476,2025,10,478,2,"climate_informed",86,90.6316802159811
"Singapore",2024,2025,2025,9,"2025-W09",477,2025,11,479,2,"climate_informed",72,69.1382233652634
"Singapore",2024,2025,2025,10,"2025-W10",478,2025,12,480,2,"climate_informed",100,76.5998415150797
"Singapore",2024,2025,2025,11,"2025-W11",479,2025,13,481,2,"climate_informed",98,82.3168683313513
"Singapore",2024,2025,2025,12,"2025-W12",480,2025,14,482,2,"climate_informed",87,103.385021118787
"Singapore",2024,2025,2025,13,"2025-W13",481,2025,15,483,2,"climate_informed",92,117.580496390578
"Singapore",2024,2025,2025,14,"2025-W14",482,2025,16,484,2,"climate_informed",94,103.337167149546
"Singapore",2024,2025,2025,15,"2025-W15",483,2025,17,485,2,"climate_informed",107,99.8965177329743
"Singapore",2024,2025,2025,16,"2025-W16",484,2025,18,486,2,"climate_informed",89,113.086733705487
"Singapore",2024,2025,2025,17,"2025-W17",485,2025,19,487,2,"climate_informed",105,125.104032528797
"Singapore",2024,2025,2025,18,"2025-W18",486,2025,20,488,2,"climate_informed",103,102.587364047758
"Singapore",2024,2025,2025,19,"2025-W19",487,2025,21,489,2,"climate_informed",118,118.364908250971
"Singapore",2024,2025,2025,20,"2025-W20",488,2025,22,490,2,"climate_informed",117,112.806261608331
"Singapore",2024,2025,2025,21,"2025-W21",489,2025,23,491,2,"climate_informed",118,132.386510708543
"Singapore",2024,2025,2025,22,"2025-W22",490,2025,24,492,2,"climate_informed",125,131.343145253012
"Singapore",2024,2025,2025,23,"2025-W23",491,2025,25,493,2,"climate_informed",106,132.824138978964
"Singapore",2024,2025,2025,24,"2025-W24",492,2025,26,494,2,"climate_informed",100,132.567147811653
"Singapore",2024,2025,2025,25,"2025-W25",493,2025,27,495,2,"climate_informed",119,114.719182959944
"Singapore",2024,2025,2025,26,"2025-W26",494,2025,28,496,2,"climate_informed",112,104.35942440587
"Singapore",2024,2025,2025,27,"2025-W27",495,2025,29,497,2,"climate_informed",86,124.439640810817
"Singapore",2024,2025,2025,28,"2025-W28",496,2025,30,498,2,"climate_informed",77,123.734961284325
"Singapore",2024,2025,2025,29,"2025-W29",497,2025,31,499,2,"climate_informed",71,82.4662329976563
"Singapore",2024,2025,2025,30,"2025-W30",498,2025,32,500,2,"climate_informed",73,70.2093964832774
"Singapore",2024,2025,2025,31,"2025-W31",499,2025,33,501,2,"climate_informed",62,68.6998400494197
"Singapore",2024,2025,2025,32,"2025-W32",500,2025,34,502,2,"climate_informed",47,72.6523472981618
"Singapore",2024,2025,2025,33,"2025-W33",501,2025,35,503,2,"climate_informed",51,59.8305082689272
"Singapore",2024,2025,2025,34,"2025-W34",502,2025,36,504,2,"climate_informed",42,45.5646057351376
"Singapore",2024,2025,2025,35,"2025-W35",503,2025,37,505,2,"climate_informed",49,47.9373702334238
"Singapore",2024,2025,2025,36,"2025-W36",504,2025,38,506,2,"climate_informed",45,42.6738555848068
"Singapore",2024,2025,2025,37,"2025-W37",505,2025,39,507,2,"climate_informed",40,48.4949785047043
"Singapore",2024,2025,2025,38,"2025-W38",506,2025,40,508,2,"climate_informed",55,47.7262618281596
"Singapore",2024,2025,2025,39,"2025-W39",507,2025,41,509,2,"climate_informed",33,41.1270240933413
"Singapore",2024,2025,2025,40,"2025-W40",508,2025,42,510,2,"climate_informed",47,52.7271042214578
"Singapore",2024,2025,2025,41,"2025-W41",509,2025,43,511,2,"climate_informed",36,37.35734919872
"Singapore",2024,2025,2025,42,"2025-W42",510,2025,44,512,2,"climate_informed",53,42.7151092802829
"Singapore",2024,2025,2025,43,"2025-W43",511,2025,45,513,2,"climate_informed",55,38.6740554844833
"Singapore",2024,2025,2025,44,"2025-W44",512,2025,46,514,2,"climate_informed",39,57.2492202541323
"Singapore",2024,2025,2025,45,"2025-W45",513,2025,47,515,2,"climate_informed",39,60.0695043359173
"Singapore",2024,2025,2025,46,"2025-W46",514,2025,48,516,2,"climate_informed",27,47.3199532622305
"Singapore",2024,2025,2025,47,"2025-W47",515,2025,49,517,2,"climate_informed",38,39.1838027789851
"Singapore",2024,2025,2025,48,"2025-W48",516,2025,50,518,2,"climate_informed",46,29.799606947352
"Singapore",2024,2025,2025,49,"2025-W49",517,2025,51,519,2,"climate_informed",41,40.4592012269873
"Singapore",2024,2025,2025,50,"2025-W50",518,2025,52,520,2,"climate_informed",32,54.7394443828184
"Singapore",2024,2025,2024,51,"2024-W51",467,2025,1,469,2,"epidemiology_only",97,106.907175729577
"Singapore",2024,2025,2024,52,"2024-W52",468,2025,2,470,2,"epidemiology_only",118,72.6304032066059
"Singapore",2024,2025,2025,1,"2025-W01",469,2025,3,471,2,"epidemiology_only",99,93.2736218959128
"Singapore",2024,2025,2025,2,"2025-W02",470,2025,4,472,2,"epidemiology_only",118,129.009441769837
"Singapore",2024,2025,2025,3,"2025-W03",471,2025,5,473,2,"epidemiology_only",54,117.006028213081
"Singapore",2024,2025,2025,4,"2025-W04",472,2025,6,474,2,"epidemiology_only",113,122.421309489354
"Singapore",2024,2025,2025,5,"2025-W05",473,2025,7,475,2,"epidemiology_only",114,58.047285363521
"Singapore",2024,2025,2025,6,"2025-W06",474,2025,8,476,2,"epidemiology_only",71,103.513075967715
"Singapore",2024,2025,2025,7,"2025-W07",475,2025,9,477,2,"epidemiology_only",82,134.375012095226
"Singapore",2024,2025,2025,8,"2025-W08",476,2025,10,478,2,"epidemiology_only",86,90.9693884561666
"Singapore",2024,2025,2025,9,"2025-W09",477,2025,11,479,2,"epidemiology_only",72,77.0335359483361
"Singapore",2024,2025,2025,10,"2025-W10",478,2025,12,480,2,"epidemiology_only",100,91.4175511077943
"Singapore",2024,2025,2025,11,"2025-W11",479,2025,13,481,2,"epidemiology_only",98,84.1318730931775
"Singapore",2024,2025,2025,12,"2025-W12",480,2025,14,482,2,"epidemiology_only",87,104.478007136075
"Singapore",2024,2025,2025,13,"2025-W13",481,2025,15,483,2,"epidemiology_only",92,119.513870246032
"Singapore",2024,2025,2025,14,"2025-W14",482,2025,16,484,2,"epidemiology_only",94,99.6211161713394
"Singapore",2024,2025,2025,15,"2025-W15",483,2025,17,485,2,"epidemiology_only",107,95.2220070962795
"Singapore",2024,2025,2025,16,"2025-W16",484,2025,18,486,2,"epidemiology_only",89,105.360388934814
"Singapore",2024,2025,2025,17,"2025-W17",485,2025,19,487,2,"epidemiology_only",105,121.165688361001
"Singapore",2024,2025,2025,18,"2025-W18",486,2025,20,488,2,"epidemiology_only",103,101.500341247023
"Singapore",2024,2025,2025,19,"2025-W19",487,2025,21,489,2,"epidemiology_only",118,113.413291365886
"Singapore",2024,2025,2025,20,"2025-W20",488,2025,22,490,2,"epidemiology_only",117,113.348155423691
"Singapore",2024,2025,2025,21,"2025-W21",489,2025,23,491,2,"epidemiology_only",118,131.222678670271
"Singapore",2024,2025,2025,22,"2025-W22",490,2025,24,492,2,"epidemiology_only",125,130.023800014933
"Singapore",2024,2025,2025,23,"2025-W23",491,2025,25,493,2,"epidemiology_only",106,128.870365796319
"Singapore",2024,2025,2025,24,"2025-W24",492,2025,26,494,2,"epidemiology_only",100,132.655950362115
"Singapore",2024,2025,2025,25,"2025-W25",493,2025,27,495,2,"epidemiology_only",119,113.325751157077
"Singapore",2024,2025,2025,26,"2025-W26",494,2025,28,496,2,"epidemiology_only",112,102.461155676132
"Singapore",2024,2025,2025,27,"2025-W27",495,2025,29,497,2,"epidemiology_only",86,120.034765956888
"Singapore",2024,2025,2025,28,"2025-W28",496,2025,30,498,2,"epidemiology_only",77,122.50810915218
"Singapore",2024,2025,2025,29,"2025-W29",497,2025,31,499,2,"epidemiology_only",71,89.3441257529971
"Singapore",2024,2025,2025,30,"2025-W30",498,2025,32,500,2,"epidemiology_only",73,72.5419628060256
"Singapore",2024,2025,2025,31,"2025-W31",499,2025,33,501,2,"epidemiology_only",62,68.4890719036243
"Singapore",2024,2025,2025,32,"2025-W32",500,2025,34,502,2,"epidemiology_only",47,72.7588412265367
"Singapore",2024,2025,2025,33,"2025-W33",501,2025,35,503,2,"epidemiology_only",51,63.7091478242797
"Singapore",2024,2025,2025,34,"2025-W34",502,2025,36,504,2,"epidemiology_only",42,46.6368691557504
"Singapore",2024,2025,2025,35,"2025-W35",503,2025,37,505,2,"epidemiology_only",49,47.0457452880387
"Singapore",2024,2025,2025,36,"2025-W36",504,2025,38,506,2,"epidemiology_only",45,42.3086720947596
"Singapore",2024,2025,2025,37,"2025-W37",505,2025,39,507,2,"epidemiology_only",40,49.097164095769
"Singapore",2024,2025,2025,38,"2025-W38",506,2025,40,508,2,"epidemiology_only",55,46.8110508023302
"Singapore",2024,2025,2025,39,"2025-W39",507,2025,41,509,2,"epidemiology_only",33,41.5847227907656
"Singapore",2024,2025,2025,40,"2025-W40",508,2025,42,510,2,"epidemiology_only",47,53.639219626856
"Singapore",2024,2025,2025,41,"2025-W41",509,2025,43,511,2,"epidemiology_only",36,36.6268133448249
"Singapore",2024,2025,2025,42,"2025-W42",510,2025,44,512,2,"epidemiology_only",53,45.51223664131
"Singapore",2024,2025,2025,43,"2025-W43",511,2025,45,513,2,"epidemiology_only",55,38.1243717268227
"Singapore",2024,2025,2025,44,"2025-W44",512,2025,46,514,2,"epidemiology_only",39,56.5800339340835
"Singapore",2024,2025,2025,45,"2025-W45",513,2025,47,515,2,"epidemiology_only",39,60.6400627978673
"Singapore",2024,2025,2025,46,"2025-W46",514,2025,48,516,2,"epidemiology_only",27,44.4188331793183
"Singapore",2024,2025,2025,47,"2025-W47",515,2025,49,517,2,"epidemiology_only",38,37.8191074189881
"Singapore",2024,2025,2025,48,"2025-W48",516,2025,50,518,2,"epidemiology_only",46,27.5282959751734
"Singapore",2024,2025,2025,49,"2025-W49",517,2025,51,519,2,"epidemiology_only",41,39.2025227251294
"Singapore",2024,2025,2025,50,"2025-W50",518,2025,52,520,2,"epidemiology_only",32,52.3155701781574
"Singapore",2024,2025,2024,49,"2024-W49",465,2025,1,469,4,"climate_informed",97,126.921610623316
"Singapore",2024,2025,2024,50,"2024-W50",466,2025,2,470,4,"climate_informed",118,115.873096953021
"Singapore",2024,2025,2024,51,"2024-W51",467,2025,3,471,4,"climate_informed",99,118.907502369467
"Singapore",2024,2025,2024,52,"2024-W52",468,2025,4,472,4,"climate_informed",118,86.4455383295592
"Singapore",2024,2025,2025,1,"2025-W01",469,2025,5,473,4,"climate_informed",54,116.014359645643
"Singapore",2024,2025,2025,2,"2025-W02",470,2025,6,474,4,"climate_informed",113,146.090268411275
"Singapore",2024,2025,2025,3,"2025-W03",471,2025,7,475,4,"climate_informed",114,128.143206159635
"Singapore",2024,2025,2025,4,"2025-W04",472,2025,8,476,4,"climate_informed",71,134.724775903798
"Singapore",2024,2025,2025,5,"2025-W05",473,2025,9,477,4,"climate_informed",82,61.6483491184652
"Singapore",2024,2025,2025,6,"2025-W06",474,2025,10,478,4,"climate_informed",86,113.010944176428
"Singapore",2024,2025,2025,7,"2025-W07",475,2025,11,479,4,"climate_informed",72,124.028643849781
"Singapore",2024,2025,2025,8,"2025-W08",476,2025,12,480,4,"climate_informed",100,90.1946085093433
"Singapore",2024,2025,2025,9,"2025-W09",477,2025,13,481,4,"climate_informed",98,72.1373049527153
"Singapore",2024,2025,2025,10,"2025-W10",478,2025,14,482,4,"climate_informed",87,84.9437676752461
"Singapore",2024,2025,2025,11,"2025-W11",479,2025,15,483,4,"climate_informed",92,91.2781983644294
"Singapore",2024,2025,2025,12,"2025-W12",480,2025,16,484,4,"climate_informed",94,114.475856168518
"Singapore",2024,2025,2025,13,"2025-W13",481,2025,17,485,4,"climate_informed",107,130.244945373011
"Singapore",2024,2025,2025,14,"2025-W14",482,2025,18,486,4,"climate_informed",89,115.569107739436
"Singapore",2024,2025,2025,15,"2025-W15",483,2025,19,487,4,"climate_informed",105,105.404170513314
"Singapore",2024,2025,2025,16,"2025-W16",484,2025,20,488,4,"climate_informed",103,120.791079848414
"Singapore",2024,2025,2025,17,"2025-W17",485,2025,21,489,4,"climate_informed",118,141.307403079243
"Singapore",2024,2025,2025,18,"2025-W18",486,2025,22,490,4,"climate_informed",117,106.054965741853
"Singapore",2024,2025,2025,19,"2025-W19",487,2025,23,491,4,"climate_informed",118,130.689573462636
"Singapore",2024,2025,2025,20,"2025-W20",488,2025,24,492,4,"climate_informed",125,120.096378329654
"Singapore",2024,2025,2025,21,"2025-W21",489,2025,25,493,4,"climate_informed",106,144.993626838922
"Singapore",2024,2025,2025,22,"2025-W22",490,2025,26,494,4,"climate_informed",100,142.199925691964
"Singapore",2024,2025,2025,23,"2025-W23",491,2025,27,495,4,"climate_informed",119,148.323793210734
"Singapore",2024,2025,2025,24,"2025-W24",492,2025,28,496,4,"climate_informed",112,146.204868298792
"Singapore",2024,2025,2025,25,"2025-W25",493,2025,29,497,4,"climate_informed",86,129.250915910238
"Singapore",2024,2025,2025,26,"2025-W26",494,2025,30,498,4,"climate_informed",77,117.65243310831
"Singapore",2024,2025,2025,27,"2025-W27",495,2025,31,499,4,"climate_informed",71,133.898161357221
"Singapore",2024,2025,2025,28,"2025-W28",496,2025,32,500,4,"climate_informed",73,128.16342375254
"Singapore",2024,2025,2025,29,"2025-W29",497,2025,33,501,4,"climate_informed",62,88.0178533772355
"Singapore",2024,2025,2025,30,"2025-W30",498,2025,34,502,4,"climate_informed",47,71.0803709003853
"Singapore",2024,2025,2025,31,"2025-W31",499,2025,35,503,4,"climate_informed",51,72.3603416566806
"Singapore",2024,2025,2025,32,"2025-W32",500,2025,36,504,4,"climate_informed",42,75.7576698226471
"Singapore",2024,2025,2025,33,"2025-W33",501,2025,37,505,4,"climate_informed",49,63.2862556179108
"Singapore",2024,2025,2025,34,"2025-W34",502,2025,38,506,4,"climate_informed",45,47.9165085193873
"Singapore",2024,2025,2025,35,"2025-W35",503,2025,39,507,4,"climate_informed",40,49.8758188715539
"Singapore",2024,2025,2025,36,"2025-W36",504,2025,40,508,4,"climate_informed",55,40.6898543906708
"Singapore",2024,2025,2025,37,"2025-W37",505,2025,41,509,4,"climate_informed",33,49.631896714959
"Singapore",2024,2025,2025,38,"2025-W38",506,2025,42,510,4,"climate_informed",47,49.0437412713328
"Singapore",2024,2025,2025,39,"2025-W39",507,2025,43,511,4,"climate_informed",36,42.126671751414
"Singapore",2024,2025,2025,40,"2025-W40",508,2025,44,512,4,"climate_informed",53,55.2019616172134
"Singapore",2024,2025,2025,41,"2025-W41",509,2025,45,513,4,"climate_informed",55,36.8304131217622
"Singapore",2024,2025,2025,42,"2025-W42",510,2025,46,514,4,"climate_informed",39,51.3061619358964
"Singapore",2024,2025,2025,43,"2025-W43",511,2025,47,515,4,"climate_informed",39,42.1903887420348
"Singapore",2024,2025,2025,44,"2025-W44",512,2025,48,516,4,"climate_informed",27,67.891271246478
"Singapore",2024,2025,2025,45,"2025-W45",513,2025,49,517,4,"climate_informed",38,67.8490751920994
"Singapore",2024,2025,2025,46,"2025-W46",514,2025,50,518,4,"climate_informed",46,51.6715700636636
"Singapore",2024,2025,2025,47,"2025-W47",515,2025,51,519,4,"climate_informed",41,49.7483620810474
"Singapore",2024,2025,2025,48,"2025-W48",516,2025,52,520,4,"climate_informed",32,34.7923374914598
"Singapore",2024,2025,2024,49,"2024-W49",465,2025,1,469,4,"epidemiology_only",97,119.337789633016
"Singapore",2024,2025,2024,50,"2024-W50",466,2025,2,470,4,"epidemiology_only",118,113.815001824409
"Singapore",2024,2025,2024,51,"2024-W51",467,2025,3,471,4,"epidemiology_only",99,115.320570558584
"Singapore",2024,2025,2024,52,"2024-W52",468,2025,4,472,4,"epidemiology_only",118,75.4339031256743
"Singapore",2024,2025,2025,1,"2025-W01",469,2025,5,473,4,"epidemiology_only",54,104.048536548427
"Singapore",2024,2025,2025,2,"2025-W02",470,2025,6,474,4,"epidemiology_only",113,141.266605962353
"Singapore",2024,2025,2025,3,"2025-W03",471,2025,7,475,4,"epidemiology_only",114,128.080084896256
"Singapore",2024,2025,2025,4,"2025-W04",472,2025,8,476,4,"epidemiology_only",71,136.661144827692
"Singapore",2024,2025,2025,5,"2025-W05",473,2025,9,477,4,"epidemiology_only",82,61.0384792798457
"Singapore",2024,2025,2025,6,"2025-W06",474,2025,10,478,4,"epidemiology_only",86,124.261519718845
"Singapore",2024,2025,2025,7,"2025-W07",475,2025,11,479,4,"epidemiology_only",72,147.712250217212
"Singapore",2024,2025,2025,8,"2025-W08",476,2025,12,480,4,"epidemiology_only",100,100.34222386786
"Singapore",2024,2025,2025,9,"2025-W09",477,2025,13,481,4,"epidemiology_only",98,86.6414961288809
"Singapore",2024,2025,2025,10,"2025-W10",478,2025,14,482,4,"epidemiology_only",87,103.485848749847
"Singapore",2024,2025,2025,11,"2025-W11",479,2025,15,483,4,"epidemiology_only",92,95.022451632323
"Singapore",2024,2025,2025,12,"2025-W12",480,2025,16,484,4,"epidemiology_only",94,121.877240809402
"Singapore",2024,2025,2025,13,"2025-W13",481,2025,17,485,4,"epidemiology_only",107,132.701176463547
"Singapore",2024,2025,2025,14,"2025-W14",482,2025,18,486,4,"epidemiology_only",89,113.083197818725
"Singapore",2024,2025,2025,15,"2025-W15",483,2025,19,487,4,"epidemiology_only",105,108.605077115885
"Singapore",2024,2025,2025,16,"2025-W16",484,2025,20,488,4,"epidemiology_only",103,118.783892327437
"Singapore",2024,2025,2025,17,"2025-W17",485,2025,21,489,4,"epidemiology_only",118,137.384584335361
"Singapore",2024,2025,2025,18,"2025-W18",486,2025,22,490,4,"epidemiology_only",117,111.336008023716
"Singapore",2024,2025,2025,19,"2025-W19",487,2025,23,491,4,"epidemiology_only",118,126.774826511962
"Singapore",2024,2025,2025,20,"2025-W20",488,2025,24,492,4,"epidemiology_only",125,123.705193626821
"Singapore",2024,2025,2025,21,"2025-W21",489,2025,25,493,4,"epidemiology_only",106,145.754029775342
"Singapore",2024,2025,2025,22,"2025-W22",490,2025,26,494,4,"epidemiology_only",100,139.925581047879
"Singapore",2024,2025,2025,23,"2025-W23",491,2025,27,495,4,"epidemiology_only",119,138.994958140513
"Singapore",2024,2025,2025,24,"2025-W24",492,2025,28,496,4,"epidemiology_only",112,141.634335604502
"Singapore",2024,2025,2025,25,"2025-W25",493,2025,29,497,4,"epidemiology_only",86,118.722549763246
"Singapore",2024,2025,2025,26,"2025-W26",494,2025,30,498,4,"epidemiology_only",77,106.862546273339
"Singapore",2024,2025,2025,27,"2025-W27",495,2025,31,499,4,"epidemiology_only",71,125.676857136092
"Singapore",2024,2025,2025,28,"2025-W28",496,2025,32,500,4,"epidemiology_only",73,125.241584101625
"Singapore",2024,2025,2025,29,"2025-W29",497,2025,33,501,4,"epidemiology_only",62,90.0319154060485
"Singapore",2024,2025,2025,30,"2025-W30",498,2025,34,502,4,"epidemiology_only",47,73.2958086086885
"Singapore",2024,2025,2025,31,"2025-W31",499,2025,35,503,4,"epidemiology_only",51,69.0875630877386
"Singapore",2024,2025,2025,32,"2025-W32",500,2025,36,504,4,"epidemiology_only",42,74.1719923757193
"Singapore",2024,2025,2025,33,"2025-W33",501,2025,37,505,4,"epidemiology_only",49,63.5238756762835
"Singapore",2024,2025,2025,34,"2025-W34",502,2025,38,506,4,"epidemiology_only",45,46.2972430388476
"Singapore",2024,2025,2025,35,"2025-W35",503,2025,39,507,4,"epidemiology_only",40,48.1953329979749
"Singapore",2024,2025,2025,36,"2025-W36",504,2025,40,508,4,"epidemiology_only",55,42.7123013506433
"Singapore",2024,2025,2025,37,"2025-W37",505,2025,41,509,4,"epidemiology_only",33,51.3689422463664
"Singapore",2024,2025,2025,38,"2025-W38",506,2025,42,510,4,"epidemiology_only",47,47.7515435482914
"Singapore",2024,2025,2025,39,"2025-W39",507,2025,43,511,4,"epidemiology_only",36,43.2324002883155
"Singapore",2024,2025,2025,40,"2025-W40",508,2025,44,512,4,"epidemiology_only",53,57.6396637825726
"Singapore",2024,2025,2025,41,"2025-W41",509,2025,45,513,4,"epidemiology_only",55,37.3874642502088
"Singapore",2024,2025,2025,42,"2025-W42",510,2025,46,514,4,"epidemiology_only",39,50.1728845970125
"Singapore",2024,2025,2025,43,"2025-W43",511,2025,47,515,4,"epidemiology_only",39,39.3997392134914
"Singapore",2024,2025,2025,44,"2025-W44",512,2025,48,516,4,"epidemiology_only",27,63.406606237747
"Singapore",2024,2025,2025,45,"2025-W45",513,2025,49,517,4,"epidemiology_only",38,64.8098005570301
"Singapore",2024,2025,2025,46,"2025-W46",514,2025,50,518,4,"epidemiology_only",46,47.7986471251244
"Singapore",2024,2025,2025,47,"2025-W47",515,2025,51,519,4,"epidemiology_only",41,41.329352307449
"Singapore",2024,2025,2025,48,"2025-W48",516,2025,52,520,4,"epidemiology_only",32,29.6878948885884
"Sri Lanka",2023,2024,2024,9,"2024-W09",425,2024,10,426,1,"climate_informed",1136,1381.13733411951
"Sri Lanka",2023,2024,2024,10,"2024-W10",426,2024,11,427,1,"climate_informed",975,1137.52063813266
"Sri Lanka",2023,2024,2024,11,"2024-W11",427,2024,12,428,1,"climate_informed",1004,1006.15251451121
"Sri Lanka",2023,2024,2024,12,"2024-W12",428,2024,13,429,1,"climate_informed",747,958.431946052309
"Sri Lanka",2023,2024,2024,13,"2024-W13",429,2024,14,430,1,"climate_informed",664,756.10487575139
"Sri Lanka",2023,2024,2024,14,"2024-W14",430,2024,15,431,1,"climate_informed",614,619.202132263789
"Sri Lanka",2023,2024,2024,15,"2024-W15",431,2024,16,432,1,"climate_informed",427,585.079196462305
"Sri Lanka",2023,2024,2024,16,"2024-W16",432,2024,17,433,1,"climate_informed",576,563.830922467847
"Sri Lanka",2023,2024,2024,17,"2024-W17",433,2024,18,434,1,"climate_informed",537,560.465117243778
"Sri Lanka",2023,2024,2024,18,"2024-W18",434,2024,19,435,1,"climate_informed",571,571.368244280636
"Sri Lanka",2023,2024,2024,19,"2024-W19",435,2024,20,436,1,"climate_informed",589,671.187440556521
"Sri Lanka",2023,2024,2024,20,"2024-W20",436,2024,21,437,1,"climate_informed",663,647.943678421644
"Sri Lanka",2023,2024,2024,21,"2024-W21",437,2024,22,438,1,"climate_informed",493,739.272970354228
"Sri Lanka",2023,2024,2024,22,"2024-W22",438,2024,23,439,1,"climate_informed",648,640.761476837236
"Sri Lanka",2023,2024,2024,23,"2024-W23",439,2024,24,440,1,"climate_informed",640,756.371186092873
"Sri Lanka",2023,2024,2024,24,"2024-W24",440,2024,25,441,1,"climate_informed",677,802.059030234818
"Sri Lanka",2023,2024,2024,25,"2024-W25",441,2024,26,442,1,"climate_informed",683,809.888241977429
"Sri Lanka",2023,2024,2024,26,"2024-W26",442,2024,27,443,1,"climate_informed",875,814.100261106547
"Sri Lanka",2023,2024,2024,27,"2024-W27",443,2024,28,444,1,"climate_informed",935,880.905302049642
"Sri Lanka",2023,2024,2024,28,"2024-W28",444,2024,29,445,1,"climate_informed",989,961.656871974197
"Sri Lanka",2023,2024,2024,29,"2024-W29",445,2024,30,446,1,"climate_informed",992,1051.58442776553
"Sri Lanka",2023,2024,2024,30,"2024-W30",446,2024,31,447,1,"climate_informed",1031,1027.72555990721
"Sri Lanka",2023,2024,2024,31,"2024-W31",447,2024,32,448,1,"climate_informed",1004,1054.71286609249
"Sri Lanka",2023,2024,2024,32,"2024-W32",448,2024,33,449,1,"climate_informed",960,1068.25859850405
"Sri Lanka",2023,2024,2024,33,"2024-W33",449,2024,34,450,1,"climate_informed",911,938.636319982326
"Sri Lanka",2023,2024,2024,34,"2024-W34",450,2024,35,451,1,"climate_informed",857,947.674415972544
"Sri Lanka",2023,2024,2024,35,"2024-W35",451,2024,36,452,1,"climate_informed",854,909.119311817009
"Sri Lanka",2023,2024,2024,36,"2024-W36",452,2024,37,453,1,"climate_informed",733,954.344862166767
"Sri Lanka",2023,2024,2024,37,"2024-W37",453,2024,38,454,1,"climate_informed",694,866.627142302779
"Sri Lanka",2023,2024,2024,38,"2024-W38",454,2024,39,455,1,"climate_informed",671,713.299700606563
"Sri Lanka",2023,2024,2024,39,"2024-W39",455,2024,40,456,1,"climate_informed",657,733.800191019448
"Sri Lanka",2023,2024,2024,40,"2024-W40",456,2024,41,457,1,"climate_informed",686,684.398439700631
"Sri Lanka",2023,2024,2024,41,"2024-W41",457,2024,42,458,1,"climate_informed",707,679.19655239051
"Sri Lanka",2023,2024,2024,42,"2024-W42",458,2024,43,459,1,"climate_informed",668,693.961570403462
"Sri Lanka",2023,2024,2024,43,"2024-W43",459,2024,44,460,1,"climate_informed",672,763.54307426766
"Sri Lanka",2023,2024,2024,44,"2024-W44",460,2024,45,461,1,"climate_informed",669,768.321186054879
"Sri Lanka",2023,2024,2024,45,"2024-W45",461,2024,46,462,1,"climate_informed",696,785.697951477192
"Sri Lanka",2023,2024,2024,46,"2024-W46",462,2024,47,463,1,"climate_informed",626,795.522132001687
"Sri Lanka",2023,2024,2024,47,"2024-W47",463,2024,48,464,1,"climate_informed",913,755.240716215662
"Sri Lanka",2023,2024,2024,48,"2024-W48",464,2024,49,465,1,"climate_informed",832,930.393970447149
"Sri Lanka",2023,2024,2024,49,"2024-W49",465,2024,50,466,1,"climate_informed",736,998.936841679805
"Sri Lanka",2023,2024,2024,50,"2024-W50",466,2024,51,467,1,"climate_informed",915,943.21985158698
"Sri Lanka",2023,2024,2024,51,"2024-W51",467,2024,52,468,1,"climate_informed",860,1015.26194219119
"Sri Lanka",2023,2024,2024,9,"2024-W09",425,2024,10,426,1,"epidemiology_only",1136,1347.4535039285
"Sri Lanka",2023,2024,2024,10,"2024-W10",426,2024,11,427,1,"epidemiology_only",975,1134.00365238562
"Sri Lanka",2023,2024,2024,11,"2024-W11",427,2024,12,428,1,"epidemiology_only",1004,976.954005652355
"Sri Lanka",2023,2024,2024,12,"2024-W12",428,2024,13,429,1,"epidemiology_only",747,945.171750306167
"Sri Lanka",2023,2024,2024,13,"2024-W13",429,2024,14,430,1,"epidemiology_only",664,804.634962349912
"Sri Lanka",2023,2024,2024,14,"2024-W14",430,2024,15,431,1,"epidemiology_only",614,680.628996657308
"Sri Lanka",2023,2024,2024,15,"2024-W15",431,2024,16,432,1,"epidemiology_only",427,621.13675707507
"Sri Lanka",2023,2024,2024,16,"2024-W16",432,2024,17,433,1,"epidemiology_only",576,491.36020884197
"Sri Lanka",2023,2024,2024,17,"2024-W17",433,2024,18,434,1,"epidemiology_only",537,524.453078404683
"Sri Lanka",2023,2024,2024,18,"2024-W18",434,2024,19,435,1,"epidemiology_only",571,564.632816262907
"Sri Lanka",2023,2024,2024,19,"2024-W19",435,2024,20,436,1,"epidemiology_only",589,591.262037815879
"Sri Lanka",2023,2024,2024,20,"2024-W20",436,2024,21,437,1,"epidemiology_only",663,611.22217483584
"Sri Lanka",2023,2024,2024,21,"2024-W21",437,2024,22,438,1,"epidemiology_only",493,678.869136144065
"Sri Lanka",2023,2024,2024,22,"2024-W22",438,2024,23,439,1,"epidemiology_only",648,589.563884651298
"Sri Lanka",2023,2024,2024,23,"2024-W23",439,2024,24,440,1,"epidemiology_only",640,631.053979256894
"Sri Lanka",2023,2024,2024,24,"2024-W24",440,2024,25,441,1,"epidemiology_only",677,686.189908464022
"Sri Lanka",2023,2024,2024,25,"2024-W25",441,2024,26,442,1,"epidemiology_only",683,721.73162440704
"Sri Lanka",2023,2024,2024,26,"2024-W26",442,2024,27,443,1,"epidemiology_only",875,729.717103309849
"Sri Lanka",2023,2024,2024,27,"2024-W27",443,2024,28,444,1,"epidemiology_only",935,861.493780229524
"Sri Lanka",2023,2024,2024,28,"2024-W28",444,2024,29,445,1,"epidemiology_only",989,982.952162493309
"Sri Lanka",2023,2024,2024,29,"2024-W29",445,2024,30,446,1,"epidemiology_only",992,1049.89522686049
"Sri Lanka",2023,2024,2024,30,"2024-W30",446,2024,31,447,1,"epidemiology_only",1031,1061.87355825436
"Sri Lanka",2023,2024,2024,31,"2024-W31",447,2024,32,448,1,"epidemiology_only",1004,1085.21571578516
"Sri Lanka",2023,2024,2024,32,"2024-W32",448,2024,33,449,1,"epidemiology_only",960,1076.6685580897
"Sri Lanka",2023,2024,2024,33,"2024-W33",449,2024,34,450,1,"epidemiology_only",911,1033.11669711693
"Sri Lanka",2023,2024,2024,34,"2024-W34",450,2024,35,451,1,"epidemiology_only",857,976.429959731893
"Sri Lanka",2023,2024,2024,35,"2024-W35",451,2024,36,452,1,"epidemiology_only",854,919.026930719106
"Sri Lanka",2023,2024,2024,36,"2024-W36",452,2024,37,453,1,"epidemiology_only",733,896.829299170606
"Sri Lanka",2023,2024,2024,37,"2024-W37",453,2024,38,454,1,"epidemiology_only",694,814.63458461038
"Sri Lanka",2023,2024,2024,38,"2024-W38",454,2024,39,455,1,"epidemiology_only",671,746.707380071291
"Sri Lanka",2023,2024,2024,39,"2024-W39",455,2024,40,456,1,"epidemiology_only",657,715.779696561928
"Sri Lanka",2023,2024,2024,40,"2024-W40",456,2024,41,457,1,"epidemiology_only",686,704.634726764273
"Sri Lanka",2023,2024,2024,41,"2024-W41",457,2024,42,458,1,"epidemiology_only",707,721.670350297391
"Sri Lanka",2023,2024,2024,42,"2024-W42",458,2024,43,459,1,"epidemiology_only",668,751.232573916003
"Sri Lanka",2023,2024,2024,43,"2024-W43",459,2024,44,460,1,"epidemiology_only",672,736.74773087843
"Sri Lanka",2023,2024,2024,44,"2024-W44",460,2024,45,461,1,"epidemiology_only",669,724.887754363656
"Sri Lanka",2023,2024,2024,45,"2024-W45",461,2024,46,462,1,"epidemiology_only",696,724.214690426377
"Sri Lanka",2023,2024,2024,46,"2024-W46",462,2024,47,463,1,"epidemiology_only",626,743.316189738034
"Sri Lanka",2023,2024,2024,47,"2024-W47",463,2024,48,464,1,"epidemiology_only",913,703.69381075376
"Sri Lanka",2023,2024,2024,48,"2024-W48",464,2024,49,465,1,"epidemiology_only",832,858.308149504702
"Sri Lanka",2023,2024,2024,49,"2024-W49",465,2024,50,466,1,"epidemiology_only",736,925.761960314871
"Sri Lanka",2023,2024,2024,50,"2024-W50",466,2024,51,467,1,"epidemiology_only",915,836.679917352346
"Sri Lanka",2023,2024,2024,51,"2024-W51",467,2024,52,468,1,"epidemiology_only",860,895.482764249308
"Sri Lanka",2023,2024,2023,51,"2023-W51",415,2024,1,417,2,"climate_informed",2760,4209.00012976717
"Sri Lanka",2023,2024,2024,9,"2024-W09",425,2024,11,427,2,"climate_informed",975,1341.73946929215
"Sri Lanka",2023,2024,2024,10,"2024-W10",426,2024,12,428,2,"climate_informed",1004,1129.39408110256
"Sri Lanka",2023,2024,2024,11,"2024-W11",427,2024,13,429,2,"climate_informed",747,1005.12873902137
"Sri Lanka",2023,2024,2024,12,"2024-W12",428,2024,14,430,2,"climate_informed",664,1004.15676361909
"Sri Lanka",2023,2024,2024,13,"2024-W13",429,2024,15,431,2,"climate_informed",614,726.539339717738
"Sri Lanka",2023,2024,2024,14,"2024-W14",430,2024,16,432,2,"climate_informed",427,597.726241769628
"Sri Lanka",2023,2024,2024,15,"2024-W15",431,2024,17,433,2,"climate_informed",576,590.927903337364
"Sri Lanka",2023,2024,2024,16,"2024-W16",432,2024,18,434,2,"climate_informed",537,621.055398745678
"Sri Lanka",2023,2024,2024,17,"2024-W17",433,2024,19,435,2,"climate_informed",571,633.368705238
"Sri Lanka",2023,2024,2024,18,"2024-W18",434,2024,20,436,2,"climate_informed",589,621.383337489457
"Sri Lanka",2023,2024,2024,19,"2024-W19",435,2024,21,437,2,"climate_informed",663,766.628600991291
"Sri Lanka",2023,2024,2024,20,"2024-W20",436,2024,22,438,2,"climate_informed",493,739.722444933447
"Sri Lanka",2023,2024,2024,21,"2024-W21",437,2024,23,439,2,"climate_informed",648,840.737236449803
"Sri Lanka",2023,2024,2024,22,"2024-W22",438,2024,24,440,2,"climate_informed",640,699.413777051691
"Sri Lanka",2023,2024,2024,23,"2024-W23",439,2024,25,441,2,"climate_informed",677,885.648408435697
"Sri Lanka",2023,2024,2024,24,"2024-W24",440,2024,26,442,2,"climate_informed",683,910.71051204635
"Sri Lanka",2023,2024,2024,25,"2024-W25",441,2024,27,443,2,"climate_informed",875,876.235775149345
"Sri Lanka",2023,2024,2024,26,"2024-W26",442,2024,28,444,2,"climate_informed",935,896.786804845705
"Sri Lanka",2023,2024,2024,27,"2024-W27",443,2024,29,445,2,"climate_informed",989,907.050255072286
"Sri Lanka",2023,2024,2024,28,"2024-W28",444,2024,30,446,2,"climate_informed",992,964.462876421313
"Sri Lanka",2023,2024,2024,29,"2024-W29",445,2024,31,447,2,"climate_informed",1031,1064.80573596524
"Sri Lanka",2023,2024,2024,30,"2024-W30",446,2024,32,448,2,"climate_informed",1004,1013.77712816031
"Sri Lanka",2023,2024,2024,31,"2024-W31",447,2024,33,449,2,"climate_informed",960,1041.66213817126
"Sri Lanka",2023,2024,2024,32,"2024-W32",448,2024,34,450,2,"climate_informed",911,1065.28966496505
"Sri Lanka",2023,2024,2024,33,"2024-W33",449,2024,35,451,2,"climate_informed",857,883.939258716369
"Sri Lanka",2023,2024,2024,34,"2024-W34",450,2024,36,452,2,"climate_informed",854,948.359378085502
"Sri Lanka",2023,2024,2024,35,"2024-W35",451,2024,37,453,2,"climate_informed",733,913.093132065424
"Sri Lanka",2023,2024,2024,36,"2024-W36",452,2024,38,454,2,"climate_informed",694,1013.65495300162
"Sri Lanka",2023,2024,2024,37,"2024-W37",453,2024,39,455,2,"climate_informed",671,895.332466348792
"Sri Lanka",2023,2024,2024,38,"2024-W38",454,2024,40,456,2,"climate_informed",657,689.456654189154
"Sri Lanka",2023,2024,2024,39,"2024-W39",455,2024,41,457,2,"climate_informed",686,769.746588937323
"Sri Lanka",2023,2024,2024,40,"2024-W40",456,2024,42,458,2,"climate_informed",707,698.41240305649
"Sri Lanka",2023,2024,2024,41,"2024-W41",457,2024,43,459,2,"climate_informed",668,701.490730616525
"Sri Lanka",2023,2024,2024,42,"2024-W42",458,2024,44,460,2,"climate_informed",672,712.694213143627
"Sri Lanka",2023,2024,2024,43,"2024-W43",459,2024,45,461,2,"climate_informed",669,832.26614915283
"Sri Lanka",2023,2024,2024,44,"2024-W44",460,2024,46,462,2,"climate_informed",696,845.171094978764
"Sri Lanka",2023,2024,2024,45,"2024-W45",461,2024,47,463,2,"climate_informed",626,859.368546021281
"Sri Lanka",2023,2024,2024,46,"2024-W46",462,2024,48,464,2,"climate_informed",913,865.200495686867
"Sri Lanka",2023,2024,2024,47,"2024-W47",463,2024,49,465,2,"climate_informed",832,819.552995145299
"Sri Lanka",2023,2024,2024,48,"2024-W48",464,2024,50,466,2,"climate_informed",736,1069.96502056473
"Sri Lanka",2023,2024,2024,49,"2024-W49",465,2024,51,467,2,"climate_informed",915,1100.52468288685
"Sri Lanka",2023,2024,2024,50,"2024-W50",466,2024,52,468,2,"climate_informed",860,1041.40123627812
"Sri Lanka",2023,2024,2023,51,"2023-W51",415,2024,1,417,2,"epidemiology_only",2760,3662.1948821392
"Sri Lanka",2023,2024,2024,9,"2024-W09",425,2024,11,427,2,"epidemiology_only",975,1278.52058806833
"Sri Lanka",2023,2024,2024,10,"2024-W10",426,2024,12,428,2,"epidemiology_only",1004,1126.40074594965
"Sri Lanka",2023,2024,2024,11,"2024-W11",427,2024,13,429,2,"epidemiology_only",747,947.70941419378
"Sri Lanka",2023,2024,2024,12,"2024-W12",428,2024,14,430,2,"epidemiology_only",664,961.561589984627
"Sri Lanka",2023,2024,2024,13,"2024-W13",429,2024,15,431,2,"epidemiology_only",614,797.88694438287
"Sri Lanka",2023,2024,2024,14,"2024-W14",430,2024,16,432,2,"epidemiology_only",427,681.635342772263
"Sri Lanka",2023,2024,2024,15,"2024-W15",431,2024,17,433,2,"epidemiology_only",576,641.127820660515
"Sri Lanka",2023,2024,2024,16,"2024-W16",432,2024,18,434,2,"epidemiology_only",537,485.680341012177
"Sri Lanka",2023,2024,2024,17,"2024-W17",433,2024,19,435,2,"epidemiology_only",571,556.214553641993
"Sri Lanka",2023,2024,2024,18,"2024-W18",434,2024,20,436,2,"epidemiology_only",589,601.353737712298
"Sri Lanka",2023,2024,2024,19,"2024-W19",435,2024,21,437,2,"epidemiology_only",663,609.728044232332
"Sri Lanka",2023,2024,2024,20,"2024-W20",436,2024,22,438,2,"epidemiology_only",493,662.116271858115
"Sri Lanka",2023,2024,2024,21,"2024-W21",437,2024,23,439,2,"epidemiology_only",648,710.91947181785
"Sri Lanka",2023,2024,2024,22,"2024-W22",438,2024,24,440,2,"epidemiology_only",640,601.169024023292
"Sri Lanka",2023,2024,2024,23,"2024-W23",439,2024,25,441,2,"epidemiology_only",677,661.789650771683
"Sri Lanka",2023,2024,2024,24,"2024-W24",440,2024,26,442,2,"epidemiology_only",683,729.654763396948
"Sri Lanka",2023,2024,2024,25,"2024-W25",441,2024,27,443,2,"epidemiology_only",875,734.201071902262
"Sri Lanka",2023,2024,2024,26,"2024-W26",442,2024,28,444,2,"epidemiology_only",935,776.516746720745
"Sri Lanka",2023,2024,2024,27,"2024-W27",443,2024,29,445,2,"epidemiology_only",989,907.029925431165
"Sri Lanka",2023,2024,2024,28,"2024-W28",444,2024,30,446,2,"epidemiology_only",992,1030.62946884315
"Sri Lanka",2023,2024,2024,29,"2024-W29",445,2024,31,447,2,"epidemiology_only",1031,1075.81426474872
"Sri Lanka",2023,2024,2024,30,"2024-W30",446,2024,32,448,2,"epidemiology_only",1004,1100.54898700698
"Sri Lanka",2023,2024,2024,31,"2024-W31",447,2024,33,449,2,"epidemiology_only",960,1103.04825201042
"Sri Lanka",2023,2024,2024,32,"2024-W32",448,2024,34,450,2,"epidemiology_only",911,1090.95306831275
"Sri Lanka",2023,2024,2024,33,"2024-W33",449,2024,35,451,2,"epidemiology_only",857,1040.80398073107
"Sri Lanka",2023,2024,2024,34,"2024-W34",450,2024,36,452,2,"epidemiology_only",854,991.004026534801
"Sri Lanka",2023,2024,2024,35,"2024-W35",451,2024,37,453,2,"epidemiology_only",733,930.368911395958
"Sri Lanka",2023,2024,2024,36,"2024-W36",452,2024,38,454,2,"epidemiology_only",694,915.80926990004
"Sri Lanka",2023,2024,2024,37,"2024-W37",453,2024,39,455,2,"epidemiology_only",671,826.057832146074
"Sri Lanka",2023,2024,2024,38,"2024-W38",454,2024,40,456,2,"epidemiology_only",657,761.800397947074
"Sri Lanka",2023,2024,2024,39,"2024-W39",455,2024,41,457,2,"epidemiology_only",686,742.157574910215
"Sri Lanka",2023,2024,2024,40,"2024-W40",456,2024,42,458,2,"epidemiology_only",707,726.220668236781
"Sri Lanka",2023,2024,2024,41,"2024-W41",457,2024,43,459,2,"epidemiology_only",668,756.78678344589
"Sri Lanka",2023,2024,2024,42,"2024-W42",458,2024,44,460,2,"epidemiology_only",672,789.605219122166
"Sri Lanka",2023,2024,2024,43,"2024-W43",459,2024,45,461,2,"epidemiology_only",669,766.346545437866
"Sri Lanka",2023,2024,2024,44,"2024-W44",460,2024,46,462,2,"epidemiology_only",696,756.643499437112
"Sri Lanka",2023,2024,2024,45,"2024-W45",461,2024,47,463,2,"epidemiology_only",626,756.477725688969
"Sri Lanka",2023,2024,2024,46,"2024-W46",462,2024,48,464,2,"epidemiology_only",913,774.254123899636
"Sri Lanka",2023,2024,2024,47,"2024-W47",463,2024,49,465,2,"epidemiology_only",832,729.325604176077
"Sri Lanka",2023,2024,2024,48,"2024-W48",464,2024,50,466,2,"epidemiology_only",736,922.003126768161
"Sri Lanka",2023,2024,2024,49,"2024-W49",465,2024,51,467,2,"epidemiology_only",915,973.757590253256
"Sri Lanka",2023,2024,2024,50,"2024-W50",466,2024,52,468,2,"epidemiology_only",860,841.703641384793
"Sri Lanka",2023,2024,2023,49,"2023-W49",413,2024,1,417,4,"climate_informed",2760,3503.98673055972
"Sri Lanka",2023,2024,2023,50,"2023-W50",414,2024,2,418,4,"climate_informed",2656,3666.37965310663
"Sri Lanka",2023,2024,2023,51,"2023-W51",415,2024,3,419,4,"climate_informed",2913,4326.43523523108
"Sri Lanka",2023,2024,2024,9,"2024-W09",425,2024,13,429,4,"climate_informed",747,1449.51343060375
"Sri Lanka",2023,2024,2024,10,"2024-W10",426,2024,14,430,4,"climate_informed",664,1226.6462027829
"Sri Lanka",2023,2024,2024,11,"2024-W11",427,2024,15,431,4,"climate_informed",614,1183.25094775773
"Sri Lanka",2023,2024,2024,12,"2024-W12",428,2024,16,432,4,"climate_informed",427,1189.21401001857
"Sri Lanka",2023,2024,2024,13,"2024-W13",429,2024,17,433,4,"climate_informed",576,819.112539863488
"Sri Lanka",2023,2024,2024,14,"2024-W14",430,2024,18,434,4,"climate_informed",537,688.8003217483
"Sri Lanka",2023,2024,2024,15,"2024-W15",431,2024,19,435,4,"climate_informed",571,701.285824731165
"Sri Lanka",2023,2024,2024,16,"2024-W16",432,2024,20,436,4,"climate_informed",589,810.816364306704
"Sri Lanka",2023,2024,2024,17,"2024-W17",433,2024,21,437,4,"climate_informed",663,822.291221044094
"Sri Lanka",2023,2024,2024,18,"2024-W18",434,2024,22,438,4,"climate_informed",493,786.641831592087
"Sri Lanka",2023,2024,2024,19,"2024-W19",435,2024,23,439,4,"climate_informed",648,962.603786752232
"Sri Lanka",2023,2024,2024,20,"2024-W20",436,2024,24,440,4,"climate_informed",640,945.408515534112
"Sri Lanka",2023,2024,2024,21,"2024-W21",437,2024,25,441,4,"climate_informed",677,1093.12959740893
"Sri Lanka",2023,2024,2024,22,"2024-W22",438,2024,26,442,4,"climate_informed",683,907.604377687408
"Sri Lanka",2023,2024,2024,23,"2024-W23",439,2024,27,443,4,"climate_informed",875,1040.53932061825
"Sri Lanka",2023,2024,2024,24,"2024-W24",440,2024,28,444,4,"climate_informed",935,967.840610878764
"Sri Lanka",2023,2024,2024,25,"2024-W25",441,2024,29,445,4,"climate_informed",989,965.652016730572
"Sri Lanka",2023,2024,2024,26,"2024-W26",442,2024,30,446,4,"climate_informed",992,966.320805935513
"Sri Lanka",2023,2024,2024,27,"2024-W27",443,2024,31,447,4,"climate_informed",1031,918.781582461742
"Sri Lanka",2023,2024,2024,28,"2024-W28",444,2024,32,448,4,"climate_informed",1004,952.815318359582
"Sri Lanka",2023,2024,2024,29,"2024-W29",445,2024,33,449,4,"climate_informed",960,1051.894423683
"Sri Lanka",2023,2024,2024,30,"2024-W30",446,2024,34,450,4,"climate_informed",911,991.250942927703
"Sri Lanka",2023,2024,2024,31,"2024-W31",447,2024,35,451,4,"climate_informed",857,1039.81652885644
"Sri Lanka",2023,2024,2024,32,"2024-W32",448,2024,36,452,4,"climate_informed",854,1068.94581524535
"Sri Lanka",2023,2024,2024,33,"2024-W33",449,2024,37,453,4,"climate_informed",733,899.12049411645
"Sri Lanka",2023,2024,2024,34,"2024-W34",450,2024,38,454,4,"climate_informed",694,1004.2948166484
"Sri Lanka",2023,2024,2024,35,"2024-W35",451,2024,39,455,4,"climate_informed",671,973.801376187288
"Sri Lanka",2023,2024,2024,36,"2024-W36",452,2024,40,456,4,"climate_informed",657,1108.44479082813
"Sri Lanka",2023,2024,2024,37,"2024-W37",453,2024,41,457,4,"climate_informed",686,947.393028357786
"Sri Lanka",2023,2024,2024,38,"2024-W38",454,2024,42,458,4,"climate_informed",707,729.094676663986
"Sri Lanka",2023,2024,2024,39,"2024-W39",455,2024,43,459,4,"climate_informed",668,869.086468784487
"Sri Lanka",2023,2024,2024,40,"2024-W40",456,2024,44,460,4,"climate_informed",672,817.590766026058
"Sri Lanka",2023,2024,2024,41,"2024-W41",457,2024,45,461,4,"climate_informed",669,841.475202535103
"Sri Lanka",2023,2024,2024,42,"2024-W42",458,2024,46,462,4,"climate_informed",696,851.498382462157
"Sri Lanka",2023,2024,2024,43,"2024-W43",459,2024,47,463,4,"climate_informed",626,1033.57433586784
"Sri Lanka",2023,2024,2024,44,"2024-W44",460,2024,48,464,4,"climate_informed",913,1009.12234756056
"Sri Lanka",2023,2024,2024,45,"2024-W45",461,2024,49,465,4,"climate_informed",832,987.675981972647
"Sri Lanka",2023,2024,2024,46,"2024-W46",462,2024,50,466,4,"climate_informed",736,1035.86227716193
"Sri Lanka",2023,2024,2024,47,"2024-W47",463,2024,51,467,4,"climate_informed",915,1004.69655538023
"Sri Lanka",2023,2024,2024,48,"2024-W48",464,2024,52,468,4,"climate_informed",860,1250.17953999013
"Sri Lanka",2023,2024,2023,49,"2023-W49",413,2024,1,417,4,"epidemiology_only",2760,2681.91906880885
"Sri Lanka",2023,2024,2023,50,"2023-W50",414,2024,2,418,4,"epidemiology_only",2656,2707.23506272153
"Sri Lanka",2023,2024,2023,51,"2023-W51",415,2024,3,419,4,"epidemiology_only",2913,3492.34267787988
"Sri Lanka",2023,2024,2024,9,"2024-W09",425,2024,13,429,4,"epidemiology_only",747,1315.45964148553
"Sri Lanka",2023,2024,2024,10,"2024-W10",426,2024,14,430,4,"epidemiology_only",664,1158.12335810181
"Sri Lanka",2023,2024,2024,11,"2024-W11",427,2024,15,431,4,"epidemiology_only",614,1016.64854064677
"Sri Lanka",2023,2024,2024,12,"2024-W12",428,2024,16,432,4,"epidemiology_only",427,1016.41733681705
"Sri Lanka",2023,2024,2024,13,"2024-W13",429,2024,17,433,4,"epidemiology_only",576,877.389596808517
"Sri Lanka",2023,2024,2024,14,"2024-W14",430,2024,18,434,4,"epidemiology_only",537,743.044688336307
"Sri Lanka",2023,2024,2024,15,"2024-W15",431,2024,19,435,4,"epidemiology_only",571,720.468609994125
"Sri Lanka",2023,2024,2024,16,"2024-W16",432,2024,20,436,4,"epidemiology_only",589,559.925581174075
"Sri Lanka",2023,2024,2024,17,"2024-W17",433,2024,21,437,4,"epidemiology_only",663,625.017980696042
"Sri Lanka",2023,2024,2024,18,"2024-W18",434,2024,22,438,4,"epidemiology_only",493,679.334105486789
"Sri Lanka",2023,2024,2024,19,"2024-W19",435,2024,23,439,4,"epidemiology_only",648,680.873885245516
"Sri Lanka",2023,2024,2024,20,"2024-W20",436,2024,24,440,4,"epidemiology_only",640,731.037433387947
"Sri Lanka",2023,2024,2024,21,"2024-W21",437,2024,25,441,4,"epidemiology_only",677,792.708105817813
"Sri Lanka",2023,2024,2024,22,"2024-W22",438,2024,26,442,4,"epidemiology_only",683,674.522828516738
"Sri Lanka",2023,2024,2024,23,"2024-W23",439,2024,27,443,4,"epidemiology_only",875,733.107523958923
"Sri Lanka",2023,2024,2024,24,"2024-W24",440,2024,28,444,4,"epidemiology_only",935,786.587415462598
"Sri Lanka",2023,2024,2024,25,"2024-W25",441,2024,29,445,4,"epidemiology_only",989,807.307040165985
"Sri Lanka",2023,2024,2024,26,"2024-W26",442,2024,30,446,4,"epidemiology_only",992,823.218600287064
"Sri Lanka",2023,2024,2024,27,"2024-W27",443,2024,31,447,4,"epidemiology_only",1031,972.673763784314
"Sri Lanka",2023,2024,2024,28,"2024-W28",444,2024,32,448,4,"epidemiology_only",1004,1093.64152085859
"Sri Lanka",2023,2024,2024,29,"2024-W29",445,2024,33,449,4,"epidemiology_only",960,1142.24752440458
"Sri Lanka",2023,2024,2024,30,"2024-W30",446,2024,34,450,4,"epidemiology_only",911,1126.73553392264
"Sri Lanka",2023,2024,2024,31,"2024-W31",447,2024,35,451,4,"epidemiology_only",857,1163.51132310082
"Sri Lanka",2023,2024,2024,32,"2024-W32",448,2024,36,452,4,"epidemiology_only",854,1144.25125004622
"Sri Lanka",2023,2024,2024,33,"2024-W33",449,2024,37,453,4,"epidemiology_only",733,1091.37076064881
"Sri Lanka",2023,2024,2024,34,"2024-W34",450,2024,38,454,4,"epidemiology_only",694,1032.72476870114
"Sri Lanka",2023,2024,2024,35,"2024-W35",451,2024,39,455,4,"epidemiology_only",671,992.15211128866
"Sri Lanka",2023,2024,2024,36,"2024-W36",452,2024,40,456,4,"epidemiology_only",657,980.536060787487
"Sri Lanka",2023,2024,2024,37,"2024-W37",453,2024,41,457,4,"epidemiology_only",686,896.320314025194
"Sri Lanka",2023,2024,2024,38,"2024-W38",454,2024,42,458,4,"epidemiology_only",707,830.951070579993
"Sri Lanka",2023,2024,2024,39,"2024-W39",455,2024,43,459,4,"epidemiology_only",668,818.949445798705
"Sri Lanka",2023,2024,2024,40,"2024-W40",456,2024,44,460,4,"epidemiology_only",672,809.061957957579
"Sri Lanka",2023,2024,2024,41,"2024-W41",457,2024,45,461,4,"epidemiology_only",669,834.94770374313
"Sri Lanka",2023,2024,2024,42,"2024-W42",458,2024,46,462,4,"epidemiology_only",696,870.073712184323
"Sri Lanka",2023,2024,2024,43,"2024-W43",459,2024,47,463,4,"epidemiology_only",626,846.50571509569
"Sri Lanka",2023,2024,2024,44,"2024-W44",460,2024,48,464,4,"epidemiology_only",913,840.316743570271
"Sri Lanka",2023,2024,2024,45,"2024-W45",461,2024,49,465,4,"epidemiology_only",832,838.353754443814
"Sri Lanka",2023,2024,2024,46,"2024-W46",462,2024,50,466,4,"epidemiology_only",736,855.3626457606
"Sri Lanka",2023,2024,2024,47,"2024-W47",463,2024,51,467,4,"epidemiology_only",915,803.9634951614
"Sri Lanka",2023,2024,2024,48,"2024-W48",464,2024,52,468,4,"epidemiology_only",860,991.668398481895
"Taiwan",2023,2024,2023,52,"2023-W52",416,2024,1,417,1,"epidemiology_only",47,120.284082426045
"Taiwan",2023,2024,2024,1,"2024-W01",417,2024,2,418,1,"epidemiology_only",40,19.5547952172901
"Taiwan",2023,2024,2024,2,"2024-W02",418,2024,3,419,1,"epidemiology_only",24,16.2564392009357
"Taiwan",2023,2024,2024,3,"2024-W03",419,2024,4,420,1,"epidemiology_only",12,10.7162623070159
"Taiwan",2023,2024,2024,4,"2024-W04",420,2024,5,421,1,"epidemiology_only",7,7.95310780937776
"Taiwan",2023,2024,2024,5,"2024-W05",421,2024,6,422,1,"epidemiology_only",4,1.63942319885493
"Taiwan",2023,2024,2024,6,"2024-W06",422,2024,7,423,1,"epidemiology_only",7,1.24008705406883
"Taiwan",2023,2024,2024,7,"2024-W07",423,2024,8,424,1,"epidemiology_only",18,2.52923820636446
"Taiwan",2023,2024,2024,8,"2024-W08",424,2024,9,425,1,"epidemiology_only",4,7.01191947852729
"Taiwan",2023,2024,2024,9,"2024-W09",425,2024,10,426,1,"epidemiology_only",1,1.84545406548315
"Taiwan",2023,2024,2024,10,"2024-W10",426,2024,11,427,1,"epidemiology_only",1,0.240405393416696
"Taiwan",2023,2024,2024,11,"2024-W11",427,2024,12,428,1,"epidemiology_only",0,0.166584237010234
"Taiwan",2023,2024,2024,12,"2024-W12",428,2024,13,429,1,"epidemiology_only",1,0.553120198537354
"Taiwan",2023,2024,2024,13,"2024-W13",429,2024,14,430,1,"epidemiology_only",3,0.676060185918026
"Taiwan",2023,2024,2024,14,"2024-W14",430,2024,15,431,1,"epidemiology_only",1,0.627134257468978
"Taiwan",2023,2024,2024,15,"2024-W15",431,2024,16,432,1,"epidemiology_only",6,0.48063321999952
"Taiwan",2023,2024,2024,16,"2024-W16",432,2024,17,433,1,"epidemiology_only",1,0.522896468970883
"Taiwan",2023,2024,2024,17,"2024-W17",433,2024,18,434,1,"epidemiology_only",1,0.190403381632258
"Taiwan",2023,2024,2024,18,"2024-W18",434,2024,19,435,1,"epidemiology_only",0,0.823366599325205
"Taiwan",2023,2024,2024,19,"2024-W19",435,2024,20,436,1,"epidemiology_only",0,0.0457036545493316
"Taiwan",2023,2024,2024,20,"2024-W20",436,2024,21,437,1,"epidemiology_only",0,0.500783872247364
"Taiwan",2023,2024,2024,21,"2024-W21",437,2024,22,438,1,"epidemiology_only",0,0.0999422055813195
"Taiwan",2023,2024,2024,22,"2024-W22",438,2024,23,439,1,"epidemiology_only",2,0.168764662673202
"Taiwan",2023,2024,2024,23,"2024-W23",439,2024,24,440,1,"epidemiology_only",0,0.418674194371292
"Taiwan",2023,2024,2024,24,"2024-W24",440,2024,25,441,1,"epidemiology_only",0,0.108328221778167
"Taiwan",2023,2024,2024,25,"2024-W25",441,2024,26,442,1,"epidemiology_only",0,0.181274842341741
"Taiwan",2023,2024,2024,26,"2024-W26",442,2024,27,443,1,"epidemiology_only",0,0.0749600389732648
"Taiwan",2023,2024,2024,27,"2024-W27",443,2024,28,444,1,"epidemiology_only",0,0.830605365913221
"Taiwan",2023,2024,2024,28,"2024-W28",444,2024,29,445,1,"epidemiology_only",0,0.29532883104161
"Taiwan",2023,2024,2024,29,"2024-W29",445,2024,30,446,1,"epidemiology_only",0,0.350715967928691
"Taiwan",2023,2024,2024,30,"2024-W30",446,2024,31,447,1,"epidemiology_only",0,0.423087717798707
"Taiwan",2023,2024,2024,31,"2024-W31",447,2024,32,448,1,"epidemiology_only",0,0.426728055496762
"Taiwan",2023,2024,2024,32,"2024-W32",448,2024,33,449,1,"epidemiology_only",0,0.722304616924336
"Taiwan",2023,2024,2024,33,"2024-W33",449,2024,34,450,1,"epidemiology_only",0,0.897908368678768
"Taiwan",2023,2024,2024,34,"2024-W34",450,2024,35,451,1,"epidemiology_only",0,1.12046500764013
"Taiwan",2023,2024,2024,35,"2024-W35",451,2024,36,452,1,"epidemiology_only",0,1.39899739566569
"Taiwan",2023,2024,2024,36,"2024-W36",452,2024,37,453,1,"epidemiology_only",3,1.74213514868948
"Taiwan",2023,2024,2024,37,"2024-W37",453,2024,38,454,1,"epidemiology_only",28,11.7802148166481
"Taiwan",2023,2024,2024,38,"2024-W38",454,2024,39,455,1,"epidemiology_only",31,179.33142341664
"Taiwan",2023,2024,2024,39,"2024-W39",455,2024,40,456,1,"epidemiology_only",5,302.981434630058
"Taiwan",2023,2024,2024,40,"2024-W40",456,2024,41,457,1,"epidemiology_only",4,14.7140632457551
"Taiwan",2023,2024,2024,41,"2024-W41",457,2024,42,458,1,"epidemiology_only",3,7.72256120199401
"Taiwan",2023,2024,2024,42,"2024-W42",458,2024,43,459,1,"epidemiology_only",5,32.3196692569445
"Taiwan",2023,2024,2024,43,"2024-W43",459,2024,44,460,1,"epidemiology_only",2,204.261352618011
"Taiwan",2023,2024,2024,44,"2024-W44",460,2024,45,461,1,"epidemiology_only",2,15.4275450875149
"Taiwan",2023,2024,2024,45,"2024-W45",461,2024,46,462,1,"epidemiology_only",0,10.6803545158504
"Taiwan",2023,2024,2024,46,"2024-W46",462,2024,47,463,1,"epidemiology_only",1,1.0704612182183
"Taiwan",2023,2024,2024,47,"2024-W47",463,2024,48,464,1,"epidemiology_only",1,8.14272928355628
"Taiwan",2023,2024,2024,48,"2024-W48",464,2024,49,465,1,"epidemiology_only",0,6.56060920319618
"Taiwan",2023,2024,2024,49,"2024-W49",465,2024,50,466,1,"epidemiology_only",2,8.63069656871383
"Taiwan",2023,2024,2024,50,"2024-W50",466,2024,51,467,1,"epidemiology_only",1,5.98472856554171
"Taiwan",2023,2024,2024,51,"2024-W51",467,2024,52,468,1,"epidemiology_only",1,7.35636438333531
