setting,test_year,source_year,source_week,week_label,analysis_week,target_year,target_week,target_analysis_week,horizon_weeks,model,actual,predicted,validation_year,mase_scale,error,absolute_error,squared_error,absolute_scaled_error
Brazil,2023,2022,52,2022-W52,364,2023,1,365,1,moving_average_4,28533.0,10503.0,,8069.193548387097,-18030.0,18030.0,325080900.0,2.234424034060245
Brazil,2023,2023,1,2023-W01,365,2023,2,366,1,moving_average_4,30645.0,13637.0,,8069.193548387097,-17008.0,17008.0,289272064.0,2.1077694936936577
Brazil,2023,2023,2,2023-W02,366,2023,3,367,1,moving_average_4,36999.0,17721.0,,8069.193548387097,-19278.0,19278.0,371641284.0,2.3890863299286416
Brazil,2023,2023,3,2023-W03,367,2023,4,368,1,moving_average_4,42470.0,24775.75,,8069.193548387097,-17694.25,17694.25,313086483.0625,2.1928151672030225
Brazil,2023,2023,4,2023-W04,368,2023,5,369,1,moving_average_4,52668.0,34661.75,,8069.193548387097,-18006.25,18006.25,324225039.0625,2.231480741170121
Brazil,2023,2023,5,2023-W05,369,2023,6,370,1,moving_average_4,64987.0,40695.5,,8069.193548387097,-24291.5,24291.5,590076972.25,3.0103999680185494
Brazil,2023,2023,6,2023-W06,370,2023,7,371,1,moving_average_4,66762.0,49281.0,,8069.193548387097,-17481.0,17481.0,305585361.0,2.1663874952527533
Brazil,2023,2023,7,2023-W07,371,2023,8,372,1,moving_average_4,77027.0,56721.75,,8069.193548387097,-20305.25,20305.25,412303177.5625,2.5163914929340985
Brazil,2023,2023,8,2023-W08,372,2023,9,373,1,moving_average_4,98392.0,65361.0,,8069.193548387097,-33031.0,33031.0,1091046961.0,4.093469787523237
Brazil,2023,2023,9,2023-W09,373,2023,10,374,1,moving_average_4,115216.0,76792.0,,8069.193548387097,-38424.0,38424.0,1476403776.0,4.761814147794279
Brazil,2023,2023,10,2023-W10,374,2023,11,375,1,moving_average_4,131868.0,89349.25,,8069.193548387097,-42518.75,42518.75,1807844101.5625,5.269268824082032
Brazil,2023,2023,11,2023-W11,375,2023,12,376,1,moving_average_4,160054.0,105625.75,,8069.193548387097,-54428.25,54428.25,2962434398.0625,6.745190789342182
Brazil,2023,2023,12,2023-W12,376,2023,13,377,1,moving_average_4,171176.0,126382.5,,8069.193548387097,-44793.5,44793.5,2006457642.25,5.551174318895041
Brazil,2023,2023,13,2023-W13,377,2023,14,378,1,moving_average_4,161477.0,144578.5,,8069.193548387097,-16898.5,16898.5,285559302.25,2.094199364368666
Brazil,2023,2023,14,2023-W14,378,2023,15,379,1,moving_average_4,186718.0,156143.75,,8069.193548387097,-30574.25,30574.25,934784763.0625,3.7890093745627538
Brazil,2023,2023,15,2023-W15,379,2023,16,380,1,moving_average_4,165002.0,169856.25,,8069.193548387097,4854.25,4854.25,23563743.0625,0.6015780847108677
Brazil,2023,2023,16,2023-W16,380,2023,17,381,1,moving_average_4,148400.0,171093.25,,8069.193548387097,22693.25,22693.25,514983595.5625,2.8123318475284336
Brazil,2023,2023,17,2023-W17,381,2023,18,382,1,moving_average_4,158352.0,165399.25,,8069.193548387097,7047.25,7047.25,49663732.5625,0.8733524555757661
Brazil,2023,2023,18,2023-W18,382,2023,19,383,1,moving_average_4,144376.0,164618.0,,8069.193548387097,20242.0,20242.0,409738564.0,2.5085530392372424
Brazil,2023,2023,19,2023-W19,383,2023,20,384,1,moving_average_4,121825.0,154032.5,,8069.193548387097,32207.5,32207.5,1037323056.25,3.9914149793119993
Brazil,2023,2023,20,2023-W20,384,2023,21,385,1,moving_average_4,90703.0,143238.25,,8069.193548387097,52535.25,52535.25,2759952492.5625,6.5105948549841095
Brazil,2023,2023,21,2023-W21,385,2023,22,386,1,moving_average_4,72095.0,128814.0,,8069.193548387097,56719.0,56719.0,3217044961.0,7.029079134102221
Brazil,2023,2023,22,2023-W22,386,2023,23,387,1,moving_average_4,55721.0,107249.75,,8069.193548387097,51528.75,51528.75,2655212076.5625,6.385861200503708
Brazil,2023,2023,23,2023-W23,387,2023,24,388,1,moving_average_4,48059.0,85086.0,,8069.193548387097,37027.0,37027.0,1370998729.0,4.58868656179416
Brazil,2023,2023,24,2023-W24,388,2023,25,389,1,moving_average_4,39160.0,66644.5,,8069.193548387097,27484.5,27484.5,755397740.25,3.406102460572868
Brazil,2023,2023,25,2023-W25,389,2023,26,390,1,moving_average_4,33459.0,53758.75,,8069.193548387097,20299.75,20299.75,412079850.0625,2.5157098882648063
Brazil,2023,2023,26,2023-W26,390,2023,27,391,1,moving_average_4,27767.0,44099.75,,8069.193548387097,16332.75,16332.75,266758722.5625,2.024087029522877
Brazil,2023,2023,27,2023-W27,391,2023,28,392,1,moving_average_4,24236.0,37111.25,,8069.193548387097,12875.25,12875.25,165772062.5625,1.5956055487817067
Brazil,2023,2023,28,2023-W28,392,2023,29,393,1,moving_average_4,20558.0,31155.5,,8069.193548387097,10597.5,10597.5,112307006.25,1.31332826960363
Brazil,2023,2023,29,2023-W29,393,2023,30,394,1,moving_average_4,18393.0,26505.0,,8069.193548387097,8112.0,8112.0,65804544.0,1.005304923144576
Brazil,2023,2023,30,2023-W30,394,2023,31,395,1,moving_average_4,19179.0,22738.5,,8069.193548387097,3559.5,3559.5,12670040.25,0.44112214915349096
Brazil,2023,2023,31,2023-W31,395,2023,32,396,1,moving_average_4,17728.0,20591.5,,8069.193548387097,2863.5,2863.5,8199632.25,0.35486817645765456
Brazil,2023,2023,32,2023-W32,396,2023,33,397,1,moving_average_4,17804.0,18964.5,,8069.193548387097,1160.5,1160.5,1346760.25,0.14381858522057206
Brazil,2023,2023,33,2023-W33,397,2023,34,398,1,moving_average_4,17132.0,18276.0,,8069.193548387097,1144.0,1144.0,1308736.0,0.14177377121269663
Brazil,2023,2023,34,2023-W34,398,2023,35,399,1,moving_average_4,15933.0,17960.75,,8069.193548387097,2027.75,2027.75,4111770.0625,0.2512952487557217
Brazil,2023,2023,35,2023-W35,399,2023,36,400,1,moving_average_4,14827.0,17149.25,,8069.193548387097,2322.25,2322.25,5392845.0625,0.2877920805932559
Brazil,2023,2023,36,2023-W36,400,2023,37,401,1,moving_average_4,17637.0,16424.0,,8069.193548387097,-1213.0,1213.0,1471369.0,0.15032481160926664
Brazil,2023,2023,37,2023-W37,401,2023,38,402,1,moving_average_4,18790.0,16382.25,,8069.193548387097,-2407.75,2407.75,5797260.0625,0.29838793499770133
Brazil,2023,2023,38,2023-W38,402,2023,39,403,1,moving_average_4,17681.0,16796.75,,8069.193548387097,-884.25,884.25,781898.0625,0.10958344160386976
Brazil,2023,2023,39,2023-W39,403,2023,40,404,1,moving_average_4,19313.0,17233.75,,8069.193548387097,-2079.25,2079.25,4323280.5625,0.2576775470227268
Brazil,2023,2023,40,2023-W40,404,2023,41,405,1,moving_average_4,17341.0,18355.25,,8069.193548387097,1014.25,1014.25,1028703.0625,0.12569409742349438
Brazil,2023,2023,41,2023-W41,405,2023,42,406,1,moving_average_4,21013.0,18281.25,,8069.193548387097,-2731.75,2731.75,7462458.0625,0.3385406464250735
Brazil,2023,2023,42,2023-W42,406,2023,43,407,1,moving_average_4,19662.0,18837.0,,8069.193548387097,-825.0,825.0,680625.0,0.10224070039377162
Brazil,2023,2023,43,2023-W43,407,2023,44,408,1,moving_average_4,18785.0,19332.25,,8069.193548387097,547.25,547.25,299482.5625,0.06781966459453517
Brazil,2023,2023,44,2023-W44,408,2023,45,409,1,moving_average_4,24393.0,19200.25,,8069.193548387097,-5192.75,5192.75,26964652.5625,0.6435277539027364
Brazil,2023,2023,45,2023-W45,409,2023,46,410,1,moving_average_4,22124.0,20963.25,,8069.193548387097,-1160.75,1160.75,1347340.5625,0.14384956725099443
Brazil,2023,2023,46,2023-W46,410,2023,47,411,1,moving_average_4,27767.0,21241.0,,8069.193548387097,-6526.0,6526.0,42588676.0,0.8087549221451559
Brazil,2023,2023,47,2023-W47,411,2023,48,412,1,moving_average_4,30045.0,23267.25,,8069.193548387097,-6777.75,6777.75,45937895.0625,0.8399538267804674
Brazil,2023,2023,48,2023-W48,412,2023,49,413,1,moving_average_4,33247.0,26082.25,,8069.193548387097,-7164.75,7164.75,51333642.5625,0.8879140098742729
Brazil,2023,2023,49,2023-W49,413,2023,50,414,1,moving_average_4,40789.0,28295.75,,8069.193548387097,-12493.25,12493.25,156081295.5625,1.5482650062963481
Brazil,2023,2023,50,2023-W50,414,2023,51,415,1,moving_average_4,38305.0,32962.0,,8069.193548387097,-5343.0,5343.0,28547649.0,0.6621479541865718
Brazil,2023,2023,51,2023-W51,415,2023,52,416,1,moving_average_4,2146.0,35596.5,,8069.193548387097,33450.5,33450.5,1118935950.25,4.145457634571948
Brazil,2023,2022,52,2022-W52,364,2023,1,365,1,persistence,28533.0,2926.0,,8069.193548387097,-25607.0,25607.0,655718449.0,3.1734274121009816
Brazil,2023,2023,1,2023-W01,365,2023,2,366,1,persistence,30645.0,28533.0,,8069.193548387097,-2112.0,2112.0,4460544.0,0.26173619300805534
Brazil,2023,2023,2,2023-W02,366,2023,3,367,1,persistence,36999.0,30645.0,,8069.193548387097,-6354.0,6354.0,40373316.0,0.7874392852145755
Brazil,2023,2023,3,2023-W03,367,2023,4,368,1,persistence,42470.0,36999.0,,8069.193548387097,-5471.0,5471.0,29931841.0,0.6780107537628176
Brazil,2023,2023,4,2023-W04,368,2023,5,369,1,persistence,52668.0,42470.0,,8069.193548387097,-10198.0,10198.0,103999204.0,1.2638189849887065
Brazil,2023,2023,5,2023-W05,369,2023,6,370,1,persistence,64987.0,52668.0,,8069.193548387097,-12319.0,12319.0,151757761.0,1.5266705310919666
Brazil,2023,2023,6,2023-W06,370,2023,7,371,1,persistence,66762.0,64987.0,,8069.193548387097,-1775.0,1775.0,3150625.0,0.21997241599872075
Brazil,2023,2023,7,2023-W07,371,2023,8,372,1,persistence,77027.0,66762.0,,8069.193548387097,-10265.0,10265.0,105370225.0,1.2721221691418978
Brazil,2023,2023,8,2023-W08,372,2023,9,373,1,persistence,98392.0,77027.0,,8069.193548387097,-21365.0,21365.0,456463225.0,2.6477243198944613
Brazil,2023,2023,9,2023-W09,373,2023,10,374,1,persistence,115216.0,98392.0,,8069.193548387097,-16824.0,16824.0,283046976.0,2.0849667193028045
Brazil,2023,2023,10,2023-W10,374,2023,11,375,1,persistence,131868.0,115216.0,,8069.193548387097,-16652.0,16652.0,277289104.0,2.0636510823722243
Brazil,2023,2023,11,2023-W11,375,2023,12,376,1,persistence,160054.0,131868.0,,8069.193548387097,-28186.0,28186.0,794450596.0,3.493038037937996
Brazil,2023,2023,12,2023-W12,376,2023,13,377,1,persistence,171176.0,160054.0,,8069.193548387097,-11122.0,11122.0,123698884.0,1.3783285694297307
Brazil,2023,2023,13,2023-W13,377,2023,14,378,1,persistence,161477.0,171176.0,,8069.193548387097,9699.0,9699.0,94070601.0,1.201978852265686
Brazil,2023,2023,14,2023-W14,378,2023,15,379,1,persistence,186718.0,161477.0,,8069.193548387097,-25241.0,25241.0,637108081.0,3.128069719562654
Brazil,2023,2023,15,2023-W15,379,2023,16,380,1,persistence,165002.0,186718.0,,8069.193548387097,21716.0,21716.0,471584656.0,2.6912230906074477
Brazil,2023,2023,16,2023-W16,380,2023,17,381,1,persistence,148400.0,165002.0,,8069.193548387097,16602.0,16602.0,275626404.0,2.0574546762877532
Brazil,2023,2023,17,2023-W17,381,2023,18,382,1,persistence,158352.0,148400.0,,8069.193548387097,-9952.0,9952.0,99042304.0,1.2333326670531093
Brazil,2023,2023,18,2023-W18,382,2023,19,383,1,persistence,144376.0,158352.0,,8069.193548387097,13976.0,13976.0,195328576.0,1.732019428731336
Brazil,2023,2023,19,2023-W19,383,2023,20,384,1,persistence,121825.0,144376.0,,8069.193548387097,22551.0,22551.0,508547601.0,2.7947030722181134
Brazil,2023,2023,20,2023-W20,384,2023,21,385,1,persistence,90703.0,121825.0,,8069.193548387097,31122.0,31122.0,968578884.0,3.8568910032181334
Brazil,2023,2023,21,2023-W21,385,2023,22,386,1,persistence,72095.0,90703.0,,8069.193548387097,18608.0,18608.0,346257664.0,2.3060544883967298
Brazil,2023,2023,22,2023-W22,386,2023,23,387,1,persistence,55721.0,72095.0,,8069.193548387097,16374.0,16374.0,268107876.0,2.0291990645425653
Brazil,2023,2023,23,2023-W23,387,2023,24,388,1,persistence,48059.0,55721.0,,8069.193548387097,7662.0,7662.0,58706244.0,0.949537268384337
Brazil,2023,2023,24,2023-W24,388,2023,25,389,1,persistence,39160.0,48059.0,,8069.193548387097,8899.0,8899.0,79192201.0,1.1028363549141498
Brazil,2023,2023,25,2023-W25,389,2023,26,390,1,persistence,33459.0,39160.0,,8069.193548387097,5701.0,5701.0,32501401.0,0.7065142217513842
Brazil,2023,2023,26,2023-W26,390,2023,27,391,1,persistence,27767.0,33459.0,,8069.193548387097,5692.0,5692.0,32398864.0,0.7053988686561794
Brazil,2023,2023,27,2023-W27,391,2023,28,392,1,persistence,24236.0,27767.0,,8069.193548387097,3531.0,3531.0,12467961.0,0.4375901976853425
Brazil,2023,2023,28,2023-W28,392,2023,29,393,1,persistence,20558.0,24236.0,,8069.193548387097,3678.0,3678.0,13527684.0,0.45580763157368726
Brazil,2023,2023,29,2023-W29,393,2023,30,394,1,persistence,18393.0,20558.0,,8069.193548387097,2165.0,2165.0,4687225.0,0.2683043834575946
Brazil,2023,2023,30,2023-W30,394,2023,31,395,1,persistence,19179.0,18393.0,,8069.193548387097,-786.0,786.0,617796.0,0.09740750364788422
Brazil,2023,2023,31,2023-W31,395,2023,32,396,1,persistence,17728.0,19179.0,,8069.193548387097,1451.0,1451.0,2105401.0,0.17981970457134863
Brazil,2023,2023,32,2023-W32,396,2023,33,397,1,persistence,17804.0,17728.0,,8069.193548387097,-76.0,76.0,5776.0,0.00941853724839593
Brazil,2023,2023,33,2023-W33,397,2023,34,398,1,persistence,17132.0,17804.0,,8069.193548387097,672.0,672.0,451584.0,0.08327969777529033
Brazil,2023,2023,34,2023-W34,398,2023,35,399,1,persistence,15933.0,17132.0,,8069.193548387097,1199.0,1199.0,1437601.0,0.14858981790561474
Brazil,2023,2023,35,2023-W35,399,2023,36,400,1,persistence,14827.0,15933.0,,8069.193548387097,1106.0,1106.0,1223236.0,0.13706450258849867
Brazil,2023,2023,36,2023-W36,400,2023,37,401,1,persistence,17637.0,14827.0,,8069.193548387097,-2810.0,2810.0,7896100.0,0.3482380219472706
Brazil,2023,2023,37,2023-W37,401,2023,38,402,1,persistence,18790.0,17637.0,,8069.193548387097,-1153.0,1153.0,1329409.0,0.14288912430790143
Brazil,2023,2023,38,2023-W38,402,2023,39,403,1,persistence,17681.0,18790.0,,8069.193548387097,1109.0,1109.0,1229881.0,0.13743628695356694
Brazil,2023,2023,39,2023-W39,403,2023,40,404,1,persistence,19313.0,17681.0,,8069.193548387097,-1632.0,1632.0,2663424.0,0.20225069459713366
Brazil,2023,2023,40,2023-W40,404,2023,41,405,1,persistence,17341.0,19313.0,,8069.193548387097,1972.0,1972.0,3888784.0,0.24438625597153651
Brazil,2023,2023,41,2023-W41,405,2023,42,406,1,persistence,21013.0,17341.0,,8069.193548387097,-3672.0,3672.0,13483584.0,0.4550640628435508
Brazil,2023,2023,42,2023-W42,406,2023,43,407,1,persistence,19662.0,21013.0,,8069.193548387097,1351.0,1351.0,1825201.0,0.1674268924024066
Brazil,2023,2023,43,2023-W43,407,2023,44,408,1,persistence,18785.0,19662.0,,8069.193548387097,877.0,877.0,769129.0,0.10868496272162147
Brazil,2023,2023,44,2023-W44,408,2023,45,409,1,persistence,24393.0,18785.0,,8069.193548387097,-5608.0,5608.0,31449664.0,0.6949889064342681
Brazil,2023,2023,45,2023-W45,409,2023,46,410,1,persistence,22124.0,24393.0,,8069.193548387097,2269.0,2269.0,5148361.0,0.2811929081132943
Brazil,2023,2023,46,2023-W46,410,2023,47,411,1,persistence,27767.0,22124.0,,8069.193548387097,-5643.0,5643.0,31843449.0,0.6993263906933979
Brazil,2023,2023,47,2023-W47,411,2023,48,412,1,persistence,30045.0,27767.0,,8069.193548387097,-2278.0,2278.0,5189284.0,0.28230826120849906
Brazil,2023,2023,48,2023-W48,412,2023,49,413,1,persistence,33247.0,30045.0,,8069.193548387097,-3202.0,3202.0,10252804.0,0.39681784564952327
Brazil,2023,2023,49,2023-W49,413,2023,50,414,1,persistence,40789.0,33247.0,,8069.193548387097,-7542.0,7542.0,56881764.0,0.9346658937816067
Brazil,2023,2023,50,2023-W50,414,2023,51,415,1,persistence,38305.0,40789.0,,8069.193548387097,2484.0,2484.0,6170256.0,0.30783745427651965
Brazil,2023,2023,51,2023-W51,415,2023,52,416,1,persistence,2146.0,38305.0,,8069.193548387097,36159.0,36159.0,1307473281.0,4.481116952167743
Brazil,2023,2022,52,2022-W52,364,2023,1,365,1,seasonal_naive,28533.0,23775.0,,8069.193548387097,-4758.0,4758.0,22638564.0,0.589650002998261
Brazil,2023,2023,1,2023-W01,365,2023,2,366,1,seasonal_naive,30645.0,24356.0,,8069.193548387097,-6289.0,6289.0,39551521.0,0.7793839573047633
Brazil,2023,2023,2,2023-W02,366,2023,3,367,1,seasonal_naive,36999.0,25555.0,,8069.193548387097,-11444.0,11444.0,130965136.0,1.418233424613724
Brazil,2023,2023,3,2023-W03,367,2023,4,368,1,seasonal_naive,42470.0,24592.0,,8069.193548387097,-17878.0,17878.0,319622884.0,2.215586959563453
Brazil,2023,2023,4,2023-W04,368,2023,5,369,1,seasonal_naive,52668.0,28695.0,,8069.193548387097,-23973.0,23973.0,574704729.0,2.970928861260469
Brazil,2023,2023,5,2023-W05,369,2023,6,370,1,seasonal_naive,64987.0,31006.0,,8069.193548387097,-33981.0,33981.0,1154708361.0,4.211201503128185
Brazil,2023,2023,6,2023-W06,370,2023,7,371,1,seasonal_naive,66762.0,33534.0,,8069.193548387097,-33228.0,33228.0,1104099984.0,4.117883627496052
Brazil,2023,2023,7,2023-W07,371,2023,8,372,1,seasonal_naive,77027.0,33993.0,,8069.193548387097,-43034.0,43034.0,1851925156.0,5.333122788782506
Brazil,2023,2023,8,2023-W08,372,2023,9,373,1,seasonal_naive,98392.0,50089.0,,8069.193548387097,-48303.0,48303.0,2333179809.0,5.986100061964061
Brazil,2023,2023,9,2023-W09,373,2023,10,374,1,seasonal_naive,115216.0,65071.0,,8069.193548387097,-50145.0,50145.0,2514521025.0,6.214375662115973
Brazil,2023,2023,10,2023-W10,374,2023,11,375,1,seasonal_naive,131868.0,79634.0,,8069.193548387097,-52234.0,52234.0,2728390756.0,6.473261508325171
Brazil,2023,2023,11,2023-W11,375,2023,12,376,1,seasonal_naive,160054.0,100950.0,,8069.193548387097,-59104.0,59104.0,3493282816.0,7.324647704331488
Brazil,2023,2023,12,2023-W12,376,2023,13,377,1,seasonal_naive,171176.0,113359.0,,8069.193548387097,-57817.0,57817.0,3342805489.0,7.165152211717204
Brazil,2023,2023,13,2023-W13,377,2023,14,378,1,seasonal_naive,161477.0,122981.0,,8069.193548387097,-38496.0,38496.0,1481942016.0,4.770736972555918
Brazil,2023,2023,14,2023-W14,378,2023,15,379,1,seasonal_naive,186718.0,130956.0,,8069.193548387097,-55762.0,55762.0,3109400644.0,6.910479921645446
Brazil,2023,2023,15,2023-W15,379,2023,16,380,1,seasonal_naive,165002.0,144148.0,,8069.193548387097,-20854.0,20854.0,434889316.0,2.5843970497111677
Brazil,2023,2023,16,2023-W16,380,2023,17,381,1,seasonal_naive,148400.0,150494.0,,8069.193548387097,2094.0,2094.0,4384836.0,0.2595054868176458
Brazil,2023,2023,17,2023-W17,381,2023,18,382,1,seasonal_naive,158352.0,156194.0,,8069.193548387097,-2158.0,2158.0,4656964.0,0.26743688660576864
Brazil,2023,2023,18,2023-W18,382,2023,19,383,1,seasonal_naive,144376.0,135258.0,,8069.193548387097,-9118.0,9118.0,83137924.0,1.129976613564133
Brazil,2023,2023,19,2023-W19,383,2023,20,384,1,seasonal_naive,121825.0,104449.0,,8069.193548387097,-17376.0,17376.0,301925376.0,2.153375042475364
Brazil,2023,2023,20,2023-W20,384,2023,21,385,1,seasonal_naive,90703.0,84418.0,,8069.193548387097,-6285.0,6285.0,39501225.0,0.7788882448180056
Brazil,2023,2023,21,2023-W21,385,2023,22,386,1,seasonal_naive,72095.0,75749.0,,8069.193548387097,3654.0,3654.0,13351716.0,0.4528333566531412
Brazil,2023,2023,22,2023-W22,386,2023,23,387,1,seasonal_naive,55721.0,62242.0,,8069.193548387097,6521.0,6521.0,42523441.0,0.8081352815367088
Brazil,2023,2023,23,2023-W23,387,2023,24,388,1,seasonal_naive,48059.0,49103.0,,8069.193548387097,1044.0,1044.0,1089936.0,0.12938095904375463
Brazil,2023,2023,24,2023-W24,388,2023,25,389,1,seasonal_naive,39160.0,46551.0,,8069.193548387097,7391.0,7391.0,54626881.0,0.9159527474065042
Brazil,2023,2023,25,2023-W25,389,2023,26,390,1,seasonal_naive,33459.0,39090.0,,8069.193548387097,5631.0,5631.0,31708161.0,0.6978392532331248
Brazil,2023,2023,26,2023-W26,390,2023,27,391,1,seasonal_naive,27767.0,33238.0,,8069.193548387097,5471.0,5471.0,29931841.0,0.6780107537628176
Brazil,2023,2023,27,2023-W27,391,2023,28,392,1,seasonal_naive,24236.0,29619.0,,8069.193548387097,5383.0,5383.0,28976689.0,0.6671050790541486
Brazil,2023,2023,28,2023-W28,392,2023,29,393,1,seasonal_naive,20558.0,25425.0,,8069.193548387097,4867.0,4867.0,23687689.0,0.6031581682624079
Brazil,2023,2023,29,2023-W29,393,2023,30,394,1,seasonal_naive,18393.0,22702.0,,8069.193548387097,4309.0,4309.0,18567481.0,0.5340062763597114
Brazil,2023,2023,30,2023-W30,394,2023,31,395,1,seasonal_naive,19179.0,22132.0,,8069.193548387097,2953.0,2953.0,8720209.0,0.36595974334885767
Brazil,2023,2023,31,2023-W31,395,2023,32,396,1,seasonal_naive,17728.0,18921.0,,8069.193548387097,1193.0,1193.0,1423249.0,0.14784624917547823
Brazil,2023,2023,32,2023-W32,396,2023,33,397,1,seasonal_naive,17804.0,17661.0,,8069.193548387097,-143.0,143.0,20449.0,0.01772172140158708
Brazil,2023,2023,33,2023-W33,397,2023,34,398,1,seasonal_naive,17132.0,16043.0,,8069.193548387097,-1089.0,1089.0,1185921.0,0.13495772451977853
Brazil,2023,2023,34,2023-W34,398,2023,35,399,1,seasonal_naive,15933.0,14651.0,,8069.193548387097,-1282.0,1282.0,1643524.0,0.15887585200583662
Brazil,2023,2023,35,2023-W35,399,2023,36,400,1,seasonal_naive,14827.0,14313.0,,8069.193548387097,-514.0,514.0,264196.0,0.06369905454836196
Brazil,2023,2023,36,2023-W36,400,2023,37,401,1,seasonal_naive,17637.0,13779.0,,8069.193548387097,-3858.0,3858.0,14884164.0,0.4781146934777829
Brazil,2023,2023,37,2023-W37,401,2023,38,402,1,seasonal_naive,18790.0,13212.0,,8069.193548387097,-5578.0,5578.0,31114084.0,0.6912710627835855
Brazil,2023,2023,38,2023-W38,402,2023,39,403,1,seasonal_naive,17681.0,12830.0,,8069.193548387097,-4851.0,4851.0,23532201.0,0.6011753183153771
Brazil,2023,2023,39,2023-W39,403,2023,40,404,1,seasonal_naive,19313.0,13291.0,,8069.193548387097,-6022.0,6022.0,36264484.0,0.7462951488136881
Brazil,2023,2023,40,2023-W40,404,2023,41,405,1,seasonal_naive,17341.0,13221.0,,8069.193548387097,-4120.0,4120.0,16974400.0,0.510583861360411
Brazil,2023,2023,41,2023-W41,405,2023,42,406,1,seasonal_naive,21013.0,14254.0,,8069.193548387097,-6759.0,6759.0,45684081.0,0.8376301744987907
Brazil,2023,2023,42,2023-W42,406,2023,43,407,1,seasonal_naive,19662.0,13490.0,,8069.193548387097,-6172.0,6172.0,38093584.0,0.7648843670671011
Brazil,2023,2023,43,2023-W43,407,2023,44,408,1,seasonal_naive,18785.0,12854.0,,8069.193548387097,-5931.0,5931.0,35176761.0,0.7350176897399509
Brazil,2023,2023,44,2023-W44,408,2023,45,409,1,seasonal_naive,24393.0,14918.0,,8069.193548387097,-9475.0,9475.0,89775625.0,1.1742189530072558
Brazil,2023,2023,45,2023-W45,409,2023,46,410,1,seasonal_naive,22124.0,16331.0,,8069.193548387097,-5793.0,5793.0,33558849.0,0.7179156089468108
Brazil,2023,2023,46,2023-W46,410,2023,47,411,1,seasonal_naive,27767.0,16357.0,,8069.193548387097,-11410.0,11410.0,130188100.0,1.4140198684762837
Brazil,2023,2023,47,2023-W47,411,2023,48,412,1,seasonal_naive,30045.0,15994.0,,8069.193548387097,-14051.0,14051.0,197430601.0,1.7413140378580423
Brazil,2023,2023,48,2023-W48,412,2023,49,413,1,seasonal_naive,33247.0,15997.0,,8069.193548387097,-17250.0,17250.0,297562500.0,2.1377600991424974
Brazil,2023,2023,49,2023-W49,413,2023,50,414,1,seasonal_naive,40789.0,14309.0,,8069.193548387097,-26480.0,26480.0,701190400.0,3.2816166623358454
Brazil,2023,2023,50,2023-W50,414,2023,51,415,1,seasonal_naive,38305.0,8780.0,,8069.193548387097,-29525.0,29525.0,871725625.0,3.6589777928801297
Brazil,2023,2023,51,2023-W51,415,2023,52,416,1,seasonal_naive,2146.0,2926.0,,8069.193548387097,780.0,780.0,608400.0,0.0966639349177477
Brazil,2023,2022,51,2022-W51,363,2023,1,365,2,moving_average_4,28533.0,13770.0,,8069.193548387097,-14763.0,14763.0,217946169.0,1.8295508605009094
Brazil,2023,2022,52,2022-W52,364,2023,2,366,2,moving_average_4,30645.0,10503.0,,8069.193548387097,-20142.0,20142.0,405700164.0,2.4961602270683003
Brazil,2023,2023,1,2023-W01,365,2023,3,367,2,moving_average_4,36999.0,13637.0,,8069.193548387097,-23362.0,23362.0,545783044.0,2.8952087789082332
Brazil,2023,2023,2,2023-W02,366,2023,4,368,2,moving_average_4,42470.0,17721.0,,8069.193548387097,-24749.0,24749.0,612513001.0,3.067097083691459
Brazil,2023,2023,3,2023-W03,367,2023,5,369,2,moving_average_4,52668.0,24775.75,,8069.193548387097,-27892.25,27892.25,777977610.0625,3.4566341521917288
Brazil,2023,2023,4,2023-W04,368,2023,6,370,2,moving_average_4,64987.0,34661.75,,8069.193548387097,-30325.25,30325.25,919620787.5625,3.7581512722620882
Brazil,2023,2023,5,2023-W05,369,2023,7,371,2,moving_average_4,66762.0,40695.5,,8069.193548387097,-26066.5,26066.5,679462422.25,3.23037238401727
Brazil,2023,2023,6,2023-W06,370,2023,8,372,2,moving_average_4,77027.0,49281.0,,8069.193548387097,-27746.0,27746.0,769840516.0,3.438509664394651
Brazil,2023,2023,7,2023-W07,371,2023,9,373,2,moving_average_4,98392.0,56721.75,,8069.193548387097,-41670.25,41670.25,1736409735.0625,5.16411581282856
Brazil,2023,2023,8,2023-W08,372,2023,10,374,2,moving_average_4,115216.0,65361.0,,8069.193548387097,-49855.0,49855.0,2485521025.0,6.178436506826041
Brazil,2023,2023,9,2023-W09,373,2023,11,375,2,moving_average_4,131868.0,76792.0,,8069.193548387097,-55076.0,55076.0,3033365776.0,6.825465230166504
Brazil,2023,2023,10,2023-W10,374,2023,12,376,2,moving_average_4,160054.0,89349.25,,8069.193548387097,-70704.75,70704.75,4999161672.5625,8.76230686202003
Brazil,2023,2023,11,2023-W11,375,2023,13,377,2,moving_average_4,171176.0,105625.75,,8069.193548387097,-65550.25,65550.25,4296835275.0625,8.123519358771912
Brazil,2023,2023,12,2023-W12,376,2023,14,378,2,moving_average_4,161477.0,126382.5,,8069.193548387097,-35094.5,35094.5,1231623930.25,4.349195466629355
Brazil,2023,2023,13,2023-W13,377,2023,15,379,2,moving_average_4,186718.0,144578.5,,8069.193548387097,-42139.5,42139.5,1775737460.25,5.22226908393132
Brazil,2023,2023,14,2023-W14,378,2023,16,380,2,moving_average_4,165002.0,156143.75,,8069.193548387097,-8858.25,8858.25,78468593.0625,1.0977862839553059
Brazil,2023,2023,15,2023-W15,379,2023,17,381,2,moving_average_4,148400.0,169856.25,,8069.193548387097,21456.25,21456.25,460370664.0625,2.659032760998621
Brazil,2023,2023,16,2023-W16,380,2023,18,382,2,moving_average_4,158352.0,171093.25,,8069.193548387097,12741.25,12741.25,162339451.5625,1.5789991804753243
Brazil,2023,2023,17,2023-W17,381,2023,19,383,2,moving_average_4,144376.0,165399.25,,8069.193548387097,21023.25,21023.25,441977040.5625,2.605371884307102
Brazil,2023,2023,18,2023-W18,382,2023,20,384,2,moving_average_4,121825.0,164618.0,,8069.193548387097,42793.0,42793.0,1831240849.0,5.303256111455356
Brazil,2023,2023,19,2023-W19,383,2023,21,385,2,moving_average_4,90703.0,154032.5,,8069.193548387097,63329.5,63329.5,4010625570.25,7.848305982530133
Brazil,2023,2023,20,2023-W20,384,2023,22,386,2,moving_average_4,72095.0,143238.25,,8069.193548387097,71143.25,71143.25,5061362020.5625,8.81664934338084
Brazil,2023,2023,21,2023-W21,385,2023,23,387,2,moving_average_4,55721.0,128814.0,,8069.193548387097,73093.0,73093.0,5342586649.0,9.058278198644786
Brazil,2023,2023,22,2023-W22,386,2023,24,388,2,moving_average_4,48059.0,107249.75,,8069.193548387097,59190.75,59190.75,3503544885.5625,7.335398468888045
Brazil,2023,2023,23,2023-W23,387,2023,25,389,2,moving_average_4,39160.0,85086.0,,8069.193548387097,45926.0,45926.0,2109197476.0,5.691522916708309
Brazil,2023,2023,24,2023-W24,388,2023,26,390,2,moving_average_4,33459.0,66644.5,,8069.193548387097,33185.5,33185.5,1101277410.25,4.112616682324252
Brazil,2023,2023,25,2023-W25,389,2023,27,391,2,moving_average_4,27767.0,53758.75,,8069.193548387097,25991.75,25991.75,675571068.0625,3.221108756920986
Brazil,2023,2023,26,2023-W26,390,2023,28,392,2,moving_average_4,24236.0,44099.75,,8069.193548387097,19863.75,19863.75,394568564.0625,2.4616772272082192
Brazil,2023,2023,27,2023-W27,391,2023,29,393,2,moving_average_4,20558.0,37111.25,,8069.193548387097,16553.25,16553.25,274010085.5625,2.051413180355394
Brazil,2023,2023,28,2023-W28,392,2023,30,394,2,moving_average_4,18393.0,31155.5,,8069.193548387097,12762.5,12762.5,162881406.25,1.5816326530612246
Brazil,2023,2023,29,2023-W29,393,2023,31,395,2,moving_average_4,19179.0,26505.0,,8069.193548387097,7326.0,7326.0,53670276.0,0.9078974194966919
Brazil,2023,2023,30,2023-W30,394,2023,32,396,2,moving_average_4,17728.0,22738.5,,8069.193548387097,5010.5,5010.5,25105110.25,0.6209418537248396
Brazil,2023,2023,31,2023-W31,395,2023,33,397,2,moving_average_4,17804.0,20591.5,,8069.193548387097,2787.5,2787.5,7770156.25,0.34544963920925864
Brazil,2023,2023,32,2023-W32,396,2023,34,398,2,moving_average_4,17132.0,18964.5,,8069.193548387097,1832.5,1832.5,3358056.25,0.2270982829958624
Brazil,2023,2023,33,2023-W33,397,2023,35,399,2,moving_average_4,15933.0,18276.0,,8069.193548387097,2343.0,2343.0,5489649.0,0.2903635891183114
Brazil,2023,2023,34,2023-W34,398,2023,36,400,2,moving_average_4,14827.0,17960.75,,8069.193548387097,3133.75,3133.75,9820389.0625,0.38835975134422035
Brazil,2023,2023,35,2023-W35,399,2023,37,401,2,moving_average_4,17637.0,17149.25,,8069.193548387097,-487.75,487.75,237900.0625,0.060445941354014675
Brazil,2023,2023,36,2023-W36,400,2023,38,402,2,moving_average_4,18790.0,16424.0,,8069.193548387097,-2366.0,2366.0,5597956.0,0.29321393591716804
Brazil,2023,2023,37,2023-W37,401,2023,39,403,2,moving_average_4,17681.0,16382.25,,8069.193548387097,-1298.75,1298.75,1686751.5625,0.1609516480441344
Brazil,2023,2023,38,2023-W38,402,2023,40,404,2,moving_average_4,19313.0,16796.75,,8069.193548387097,-2516.25,2516.25,6331514.0625,0.3118341362010034
Brazil,2023,2023,39,2023-W39,403,2023,41,405,2,moving_average_4,17341.0,17233.75,,8069.193548387097,-107.25,107.25,11502.5625,0.01329129105119031
Brazil,2023,2023,40,2023-W40,404,2023,42,406,2,moving_average_4,21013.0,18355.25,,8069.193548387097,-2657.75,2657.75,7063635.0625,0.32936996542005637
Brazil,2023,2023,41,2023-W41,405,2023,43,407,2,moving_average_4,19662.0,18281.25,,8069.193548387097,-1380.75,1380.75,1906470.5625,0.17111375402266685
Brazil,2023,2023,42,2023-W42,406,2023,44,408,2,moving_average_4,18785.0,18837.0,,8069.193548387097,52.0,52.0,2704.0,0.006444262327849847
Brazil,2023,2023,43,2023-W43,407,2023,45,409,2,moving_average_4,24393.0,19332.25,,8069.193548387097,-5060.75,5060.75,25611190.5625,0.627169241839733
Brazil,2023,2023,44,2023-W44,408,2023,46,410,2,moving_average_4,22124.0,19200.25,,8069.193548387097,-2923.75,2923.75,8548314.0625,0.36233484578944214
Brazil,2023,2023,45,2023-W45,409,2023,47,411,2,moving_average_4,27767.0,20963.25,,8069.193548387097,-6803.75,6803.75,46291014.0625,0.8431759579443923
Brazil,2023,2023,46,2023-W46,410,2023,48,412,2,moving_average_4,30045.0,21241.0,,8069.193548387097,-8804.0,8804.0,77510416.0,1.0910631833536548
Brazil,2023,2023,47,2023-W47,411,2023,49,413,2,moving_average_4,33247.0,23267.25,,8069.193548387097,-9979.75,9979.75,99595410.0625,1.2367716724299906
Brazil,2023,2023,48,2023-W48,412,2023,50,414,2,moving_average_4,40789.0,26082.25,,8069.193548387097,-14706.75,14706.75,216288495.5625,1.8225799036558796
Brazil,2023,2023,49,2023-W49,413,2023,51,415,2,moving_average_4,38305.0,28295.75,,8069.193548387097,-10009.25,10009.25,100185085.5625,1.2404275520198285
Brazil,2023,2023,50,2023-W50,414,2023,52,416,2,moving_average_4,2146.0,32962.0,,8069.193548387097,30816.0,30816.0,949625856.0,3.818968997981171
Brazil,2023,2022,51,2022-W51,363,2023,1,365,2,persistence,28533.0,8780.0,,8069.193548387097,-19753.0,19753.0,390181009.0,2.447952187731116
Brazil,2023,2022,52,2022-W52,364,2023,2,366,2,persistence,30645.0,2926.0,,8069.193548387097,-27719.0,27719.0,768342961.0,3.435163605109037
Brazil,2023,2023,1,2023-W01,365,2023,3,367,2,persistence,36999.0,28533.0,,8069.193548387097,-8466.0,8466.0,71673156.0,1.0491754782226308
Brazil,2023,2023,2,2023-W02,366,2023,4,368,2,persistence,42470.0,30645.0,,8069.193548387097,-11825.0,11825.0,139830625.0,1.4654500389773932
Brazil,2023,2023,3,2023-W03,367,2023,5,369,2,persistence,52668.0,36999.0,,8069.193548387097,-15669.0,15669.0,245517561.0,1.9418297387515242
Brazil,2023,2023,4,2023-W04,368,2023,6,370,2,persistence,64987.0,42470.0,,8069.193548387097,-22517.0,22517.0,507015289.0,2.7904895160806733
Brazil,2023,2023,5,2023-W05,369,2023,7,371,2,persistence,66762.0,52668.0,,8069.193548387097,-14094.0,14094.0,198640836.0,1.7466429470906875
Brazil,2023,2023,6,2023-W06,370,2023,8,372,2,persistence,77027.0,64987.0,,8069.193548387097,-12040.0,12040.0,144961600.0,1.4920945851406184
Brazil,2023,2023,7,2023-W07,371,2023,9,373,2,persistence,98392.0,66762.0,,8069.193548387097,-31630.0,31630.0,1000456900.0,3.919846489036359
Brazil,2023,2023,8,2023-W08,372,2023,10,374,2,persistence,115216.0,77027.0,,8069.193548387097,-38189.0,38189.0,1458399721.0,4.732691039197266
Brazil,2023,2023,9,2023-W09,373,2023,11,375,2,persistence,131868.0,98392.0,,8069.193548387097,-33476.0,33476.0,1120642576.0,4.148617801675028
Brazil,2023,2023,10,2023-W10,374,2023,12,376,2,persistence,160054.0,115216.0,,8069.193548387097,-44838.0,44838.0,2010446244.0,5.55668912031022
Brazil,2023,2023,11,2023-W11,375,2023,13,377,2,persistence,171176.0,131868.0,,8069.193548387097,-39308.0,39308.0,1545118864.0,4.871366607367727
Brazil,2023,2023,12,2023-W12,376,2023,14,378,2,persistence,161477.0,160054.0,,8069.193548387097,-1423.0,1423.0,2024929.0,0.17634971716404485
Brazil,2023,2023,13,2023-W13,377,2023,15,379,2,persistence,186718.0,171176.0,,8069.193548387097,-15542.0,15542.0,241553764.0,1.9260908672969679
Brazil,2023,2023,14,2023-W14,378,2023,16,380,2,persistence,165002.0,161477.0,,8069.193548387097,-3525.0,3525.0,12425625.0,0.436846628955206
Brazil,2023,2023,15,2023-W15,379,2023,17,381,2,persistence,148400.0,186718.0,,8069.193548387097,38318.0,38318.0,1468269124.0,4.7486777668952005
Brazil,2023,2023,16,2023-W16,380,2023,18,382,2,persistence,158352.0,165002.0,,8069.193548387097,6650.0,6650.0,44222500.0,0.824122009234644
Brazil,2023,2023,17,2023-W17,381,2023,19,383,2,persistence,144376.0,148400.0,,8069.193548387097,4024.0,4024.0,16192576.0,0.4986867616782266
Brazil,2023,2023,18,2023-W18,382,2023,20,384,2,persistence,121825.0,158352.0,,8069.193548387097,36527.0,36527.0,1334221729.0,4.526722500949449
Brazil,2023,2023,19,2023-W19,383,2023,21,385,2,persistence,90703.0,144376.0,,8069.193548387097,53673.0,53673.0,2880790929.0,6.651594075436247
Brazil,2023,2023,20,2023-W20,384,2023,22,386,2,persistence,72095.0,121825.0,,8069.193548387097,49730.0,49730.0,2473072900.0,6.162945491614863
Brazil,2023,2023,21,2023-W21,385,2023,23,387,2,persistence,55721.0,90703.0,,8069.193548387097,34982.0,34982.0,1223740324.0,4.335253552939295
Brazil,2023,2023,22,2023-W22,386,2023,24,388,2,persistence,48059.0,72095.0,,8069.193548387097,24036.0,24036.0,577729296.0,2.9787363329269025
Brazil,2023,2023,23,2023-W23,387,2023,25,389,2,persistence,39160.0,55721.0,,8069.193548387097,16561.0,16561.0,274266721.0,2.052373623298487
Brazil,2023,2023,24,2023-W24,388,2023,26,390,2,persistence,33459.0,48059.0,,8069.193548387097,14600.0,14600.0,213160000.0,1.809350576665534
Brazil,2023,2023,25,2023-W25,389,2023,27,391,2,persistence,27767.0,39160.0,,8069.193548387097,11393.0,11393.0,129800449.0,1.4119130904075636
Brazil,2023,2023,26,2023-W26,390,2023,28,392,2,persistence,24236.0,33459.0,,8069.193548387097,9223.0,9223.0,85063729.0,1.1429890663415219
Brazil,2023,2023,27,2023-W27,391,2023,29,393,2,persistence,20558.0,27767.0,,8069.193548387097,7209.0,7209.0,51969681.0,0.8933978292590298
Brazil,2023,2023,28,2023-W28,392,2023,30,394,2,persistence,18393.0,24236.0,,8069.193548387097,5843.0,5843.0,34140649.0,0.7241120150312819
Brazil,2023,2023,29,2023-W29,393,2023,31,395,2,persistence,19179.0,20558.0,,8069.193548387097,1379.0,1379.0,1901641.0,0.17089687980971038
Brazil,2023,2023,30,2023-W30,394,2023,32,396,2,persistence,17728.0,18393.0,,8069.193548387097,665.0,665.0,442225.0,0.0824122009234644
Brazil,2023,2023,31,2023-W31,395,2023,33,397,2,persistence,17804.0,19179.0,,8069.193548387097,1375.0,1375.0,1890625.0,0.17040116732295268
Brazil,2023,2023,32,2023-W32,396,2023,34,398,2,persistence,17132.0,17728.0,,8069.193548387097,596.0,596.0,355216.0,0.0738611605268944
Brazil,2023,2023,33,2023-W33,397,2023,35,399,2,persistence,15933.0,17804.0,,8069.193548387097,1871.0,1871.0,3500641.0,0.23186951568090508
Brazil,2023,2023,34,2023-W34,398,2023,36,400,2,persistence,14827.0,17132.0,,8069.193548387097,2305.0,2305.0,5313025.0,0.28565432049411343
Brazil,2023,2023,35,2023-W35,399,2023,37,401,2,persistence,17637.0,15933.0,,8069.193548387097,-1704.0,1704.0,2903616.0,0.2111735193587719
Brazil,2023,2023,36,2023-W36,400,2023,38,402,2,persistence,18790.0,14827.0,,8069.193548387097,-3963.0,3963.0,15705369.0,0.491127146255172
Brazil,2023,2023,37,2023-W37,401,2023,39,403,2,persistence,17681.0,17637.0,,8069.193548387097,-44.0,44.0,1936.0,0.0054528373543344865
Brazil,2023,2023,38,2023-W38,402,2023,40,404,2,persistence,19313.0,18790.0,,8069.193548387097,-523.0,523.0,273529.0,0.06481440764356673
Brazil,2023,2023,39,2023-W39,403,2023,41,405,2,persistence,17341.0,17681.0,,8069.193548387097,340.0,340.0,115600.0,0.042135561374402844
Brazil,2023,2023,40,2023-W40,404,2023,42,406,2,persistence,21013.0,19313.0,,8069.193548387097,-1700.0,1700.0,2890000.0,0.21067780687201423
Brazil,2023,2023,41,2023-W41,405,2023,43,407,2,persistence,19662.0,17341.0,,8069.193548387097,-2321.0,2321.0,5387041.0,0.2876371704411441
Brazil,2023,2023,42,2023-W42,406,2023,44,408,2,persistence,18785.0,21013.0,,8069.193548387097,2228.0,2228.0,4963984.0,0.2761118551240281
Brazil,2023,2023,43,2023-W43,407,2023,45,409,2,persistence,24393.0,19662.0,,8069.193548387097,-4731.0,4731.0,22382361.0,0.5863039437126467
Brazil,2023,2023,44,2023-W44,408,2023,46,410,2,persistence,22124.0,18785.0,,8069.193548387097,-3339.0,3339.0,11148921.0,0.41379599832097386
Brazil,2023,2023,45,2023-W45,409,2023,47,411,2,persistence,27767.0,24393.0,,8069.193548387097,-3374.0,3374.0,11383876.0,0.4181334825801035
Brazil,2023,2023,46,2023-W46,410,2023,48,412,2,persistence,30045.0,22124.0,,8069.193548387097,-7921.0,7921.0,62742241.0,0.9816346519018969
Brazil,2023,2023,47,2023-W47,411,2023,49,413,2,persistence,33247.0,27767.0,,8069.193548387097,-5480.0,5480.0,30030400.0,0.6791261068580223
Brazil,2023,2023,48,2023-W48,412,2023,50,414,2,persistence,40789.0,30045.0,,8069.193548387097,-10744.0,10744.0,115433536.0,1.33148373943113
Brazil,2023,2023,49,2023-W49,413,2023,51,415,2,persistence,38305.0,33247.0,,8069.193548387097,-5058.0,5058.0,25583364.0,0.626828439505087
Brazil,2023,2023,50,2023-W50,414,2023,52,416,2,persistence,2146.0,40789.0,,8069.193548387097,38643.0,38643.0,1493281449.0,4.788954406444263
Brazil,2023,2022,51,2022-W51,363,2023,1,365,2,seasonal_naive,28533.0,23775.0,,8069.193548387097,-4758.0,4758.0,22638564.0,0.589650002998261
Brazil,2023,2022,52,2022-W52,364,2023,2,366,2,seasonal_naive,30645.0,24356.0,,8069.193548387097,-6289.0,6289.0,39551521.0,0.7793839573047633
Brazil,2023,2023,1,2023-W01,365,2023,3,367,2,seasonal_naive,36999.0,25555.0,,8069.193548387097,-11444.0,11444.0,130965136.0,1.418233424613724
Brazil,2023,2023,2,2023-W02,366,2023,4,368,2,seasonal_naive,42470.0,24592.0,,8069.193548387097,-17878.0,17878.0,319622884.0,2.215586959563453
Brazil,2023,2023,3,2023-W03,367,2023,5,369,2,seasonal_naive,52668.0,28695.0,,8069.193548387097,-23973.0,23973.0,574704729.0,2.970928861260469
Brazil,2023,2023,4,2023-W04,368,2023,6,370,2,seasonal_naive,64987.0,31006.0,,8069.193548387097,-33981.0,33981.0,1154708361.0,4.211201503128185
Brazil,2023,2023,5,2023-W05,369,2023,7,371,2,seasonal_naive,66762.0,33534.0,,8069.193548387097,-33228.0,33228.0,1104099984.0,4.117883627496052
Brazil,2023,2023,6,2023-W06,370,2023,8,372,2,seasonal_naive,77027.0,33993.0,,8069.193548387097,-43034.0,43034.0,1851925156.0,5.333122788782506
Brazil,2023,2023,7,2023-W07,371,2023,9,373,2,seasonal_naive,98392.0,50089.0,,8069.193548387097,-48303.0,48303.0,2333179809.0,5.986100061964061
Brazil,2023,2023,8,2023-W08,372,2023,10,374,2,seasonal_naive,115216.0,65071.0,,8069.193548387097,-50145.0,50145.0,2514521025.0,6.214375662115973
Brazil,2023,2023,9,2023-W09,373,2023,11,375,2,seasonal_naive,131868.0,79634.0,,8069.193548387097,-52234.0,52234.0,2728390756.0,6.473261508325171
Brazil,2023,2023,10,2023-W10,374,2023,12,376,2,seasonal_naive,160054.0,100950.0,,8069.193548387097,-59104.0,59104.0,3493282816.0,7.324647704331488
Brazil,2023,2023,11,2023-W11,375,2023,13,377,2,seasonal_naive,171176.0,113359.0,,8069.193548387097,-57817.0,57817.0,3342805489.0,7.165152211717204
Brazil,2023,2023,12,2023-W12,376,2023,14,378,2,seasonal_naive,161477.0,122981.0,,8069.193548387097,-38496.0,38496.0,1481942016.0,4.770736972555918
Brazil,2023,2023,13,2023-W13,377,2023,15,379,2,seasonal_naive,186718.0,130956.0,,8069.193548387097,-55762.0,55762.0,3109400644.0,6.910479921645446
Brazil,2023,2023,14,2023-W14,378,2023,16,380,2,seasonal_naive,165002.0,144148.0,,8069.193548387097,-20854.0,20854.0,434889316.0,2.5843970497111677
Brazil,2023,2023,15,2023-W15,379,2023,17,381,2,seasonal_naive,148400.0,150494.0,,8069.193548387097,2094.0,2094.0,4384836.0,0.2595054868176458
Brazil,2023,2023,16,2023-W16,380,2023,18,382,2,seasonal_naive,158352.0,156194.0,,8069.193548387097,-2158.0,2158.0,4656964.0,0.26743688660576864
Brazil,2023,2023,17,2023-W17,381,2023,19,383,2,seasonal_naive,144376.0,135258.0,,8069.193548387097,-9118.0,9118.0,83137924.0,1.129976613564133
Brazil,2023,2023,18,2023-W18,382,2023,20,384,2,seasonal_naive,121825.0,104449.0,,8069.193548387097,-17376.0,17376.0,301925376.0,2.153375042475364
Brazil,2023,2023,19,2023-W19,383,2023,21,385,2,seasonal_naive,90703.0,84418.0,,8069.193548387097,-6285.0,6285.0,39501225.0,0.7788882448180056
Brazil,2023,2023,20,2023-W20,384,2023,22,386,2,seasonal_naive,72095.0,75749.0,,8069.193548387097,3654.0,3654.0,13351716.0,0.4528333566531412
Brazil,2023,2023,21,2023-W21,385,2023,23,387,2,seasonal_naive,55721.0,62242.0,,8069.193548387097,6521.0,6521.0,42523441.0,0.8081352815367088
Brazil,2023,2023,22,2023-W22,386,2023,24,388,2,seasonal_naive,48059.0,49103.0,,8069.193548387097,1044.0,1044.0,1089936.0,0.12938095904375463
Brazil,2023,2023,23,2023-W23,387,2023,25,389,2,seasonal_naive,39160.0,46551.0,,8069.193548387097,7391.0,7391.0,54626881.0,0.9159527474065042
Brazil,2023,2023,24,2023-W24,388,2023,26,390,2,seasonal_naive,33459.0,39090.0,,8069.193548387097,5631.0,5631.0,31708161.0,0.6978392532331248
Brazil,2023,2023,25,2023-W25,389,2023,27,391,2,seasonal_naive,27767.0,33238.0,,8069.193548387097,5471.0,5471.0,29931841.0,0.6780107537628176
Brazil,2023,2023,26,2023-W26,390,2023,28,392,2,seasonal_naive,24236.0,29619.0,,8069.193548387097,5383.0,5383.0,28976689.0,0.6671050790541486
Brazil,2023,2023,27,2023-W27,391,2023,29,393,2,seasonal_naive,20558.0,25425.0,,8069.193548387097,4867.0,4867.0,23687689.0,0.6031581682624079
Brazil,2023,2023,28,2023-W28,392,2023,30,394,2,seasonal_naive,18393.0,22702.0,,8069.193548387097,4309.0,4309.0,18567481.0,0.5340062763597114
Brazil,2023,2023,29,2023-W29,393,2023,31,395,2,seasonal_naive,19179.0,22132.0,,8069.193548387097,2953.0,2953.0,8720209.0,0.36595974334885767
Brazil,2023,2023,30,2023-W30,394,2023,32,396,2,seasonal_naive,17728.0,18921.0,,8069.193548387097,1193.0,1193.0,1423249.0,0.14784624917547823
Brazil,2023,2023,31,2023-W31,395,2023,33,397,2,seasonal_naive,17804.0,17661.0,,8069.193548387097,-143.0,143.0,20449.0,0.01772172140158708
Brazil,2023,2023,32,2023-W32,396,2023,34,398,2,seasonal_naive,17132.0,16043.0,,8069.193548387097,-1089.0,1089.0,1185921.0,0.13495772451977853
Brazil,2023,2023,33,2023-W33,397,2023,35,399,2,seasonal_naive,15933.0,14651.0,,8069.193548387097,-1282.0,1282.0,1643524.0,0.15887585200583662
Brazil,2023,2023,34,2023-W34,398,2023,36,400,2,seasonal_naive,14827.0,14313.0,,8069.193548387097,-514.0,514.0,264196.0,0.06369905454836196
Brazil,2023,2023,35,2023-W35,399,2023,37,401,2,seasonal_naive,17637.0,13779.0,,8069.193548387097,-3858.0,3858.0,14884164.0,0.4781146934777829
Brazil,2023,2023,36,2023-W36,400,2023,38,402,2,seasonal_naive,18790.0,13212.0,,8069.193548387097,-5578.0,5578.0,31114084.0,0.6912710627835855
Brazil,2023,2023,37,2023-W37,401,2023,39,403,2,seasonal_naive,17681.0,12830.0,,8069.193548387097,-4851.0,4851.0,23532201.0,0.6011753183153771
Brazil,2023,2023,38,2023-W38,402,2023,40,404,2,seasonal_naive,19313.0,13291.0,,8069.193548387097,-6022.0,6022.0,36264484.0,0.7462951488136881
Brazil,2023,2023,39,2023-W39,403,2023,41,405,2,seasonal_naive,17341.0,13221.0,,8069.193548387097,-4120.0,4120.0,16974400.0,0.510583861360411
Brazil,2023,2023,40,2023-W40,404,2023,42,406,2,seasonal_naive,21013.0,14254.0,,8069.193548387097,-6759.0,6759.0,45684081.0,0.8376301744987907
Brazil,2023,2023,41,2023-W41,405,2023,43,407,2,seasonal_naive,19662.0,13490.0,,8069.193548387097,-6172.0,6172.0,38093584.0,0.7648843670671011
Brazil,2023,2023,42,2023-W42,406,2023,44,408,2,seasonal_naive,18785.0,12854.0,,8069.193548387097,-5931.0,5931.0,35176761.0,0.7350176897399509
Brazil,2023,2023,43,2023-W43,407,2023,45,409,2,seasonal_naive,24393.0,14918.0,,8069.193548387097,-9475.0,9475.0,89775625.0,1.1742189530072558
Brazil,2023,2023,44,2023-W44,408,2023,46,410,2,seasonal_naive,22124.0,16331.0,,8069.193548387097,-5793.0,5793.0,33558849.0,0.7179156089468108
Brazil,2023,2023,45,2023-W45,409,2023,47,411,2,seasonal_naive,27767.0,16357.0,,8069.193548387097,-11410.0,11410.0,130188100.0,1.4140198684762837
Brazil,2023,2023,46,2023-W46,410,2023,48,412,2,seasonal_naive,30045.0,15994.0,,8069.193548387097,-14051.0,14051.0,197430601.0,1.7413140378580423
Brazil,2023,2023,47,2023-W47,411,2023,49,413,2,seasonal_naive,33247.0,15997.0,,8069.193548387097,-17250.0,17250.0,297562500.0,2.1377600991424974
Brazil,2023,2023,48,2023-W48,412,2023,50,414,2,seasonal_naive,40789.0,14309.0,,8069.193548387097,-26480.0,26480.0,701190400.0,3.2816166623358454
Brazil,2023,2023,49,2023-W49,413,2023,51,415,2,seasonal_naive,38305.0,8780.0,,8069.193548387097,-29525.0,29525.0,871725625.0,3.6589777928801297
Brazil,2023,2023,50,2023-W50,414,2023,52,416,2,seasonal_naive,2146.0,2926.0,,8069.193548387097,780.0,780.0,608400.0,0.0966639349177477
Brazil,2023,2022,49,2022-W49,361,2023,1,365,4,moving_average_4,28533.0,16169.75,,8069.193548387097,-12363.25,12363.25,152849950.5625,1.5321543504767234
Brazil,2023,2022,50,2022-W50,362,2023,2,366,4,moving_average_4,30645.0,15664.25,,8069.193548387097,-14980.75,14980.75,224422870.5625,1.8565362089987807
Brazil,2023,2022,51,2022-W51,363,2023,3,367,4,moving_average_4,36999.0,13770.0,,8069.193548387097,-23229.0,23229.0,539586441.0,2.8787263387235402
Brazil,2023,2022,52,2022-W52,364,2023,4,368,4,moving_average_4,42470.0,10503.0,,8069.193548387097,-31967.0,31967.0,1021889089.0,3.9616102660456938
Brazil,2023,2023,1,2023-W01,365,2023,5,369,4,moving_average_4,52668.0,13637.0,,8069.193548387097,-39031.0,39031.0,1523418961.0,4.8370385176597575
Brazil,2023,2023,2,2023-W02,366,2023,6,370,4,moving_average_4,64987.0,17721.0,,8069.193548387097,-47266.0,47266.0,2234074756.0,5.857586599772132
Brazil,2023,2023,3,2023-W03,367,2023,7,371,4,moving_average_4,66762.0,24775.75,,8069.193548387097,-41986.25,41986.25,1762845189.0625,5.203277099282416
Brazil,2023,2023,4,2023-W04,368,2023,8,372,4,moving_average_4,77027.0,34661.75,,8069.193548387097,-42365.25,42365.25,1794814407.5625,5.250245857402707
Brazil,2023,2023,5,2023-W05,369,2023,9,373,4,moving_average_4,98392.0,40695.5,,8069.193548387097,-57696.5,57696.5,3328886112.25,7.150218873053629
Brazil,2023,2023,6,2023-W06,370,2023,10,374,4,moving_average_4,115216.0,49281.0,,8069.193548387097,-65935.0,65935.0,4347424225.0,8.171200703591916
Brazil,2023,2023,7,2023-W07,371,2023,11,375,4,moving_average_4,131868.0,56721.75,,8069.193548387097,-75146.25,75146.25,5646958889.0625,9.312733614503587
Brazil,2023,2023,8,2023-W08,372,2023,12,376,4,moving_average_4,160054.0,65361.0,,8069.193548387097,-94693.0,94693.0,8966764249.0,11.735125627136261
Brazil,2023,2023,9,2023-W09,373,2023,13,377,4,moving_average_4,171176.0,76792.0,,8069.193548387097,-94384.0,94384.0,8908339456.0,11.69683183753423
Brazil,2023,2023,10,2023-W10,374,2023,14,378,4,moving_average_4,161477.0,89349.25,,8069.193548387097,-72127.75,72127.75,5202412320.0625,8.938656579184073
Brazil,2023,2023,11,2023-W11,375,2023,15,379,4,moving_average_4,186718.0,105625.75,,8069.193548387097,-81092.25,81092.25,6575953010.0625,10.04961022606888
Brazil,2023,2023,12,2023-W12,376,2023,16,380,4,moving_average_4,165002.0,126382.5,,8069.193548387097,-38619.5,38619.5,1491465780.25,4.786042095584561
Brazil,2023,2023,13,2023-W13,377,2023,17,381,4,moving_average_4,148400.0,144578.5,,8069.193548387097,-3821.5,3821.5,14603862.25,0.47359131703611906
Brazil,2023,2023,14,2023-W14,378,2023,18,382,4,moving_average_4,158352.0,156143.75,,8069.193548387097,-2208.25,2208.25,4876368.0625,0.273664274720662
Brazil,2023,2023,15,2023-W15,379,2023,19,383,4,moving_average_4,144376.0,169856.25,,8069.193548387097,25480.25,25480.25,649243140.0625,3.1577195226768473
Brazil,2023,2023,16,2023-W16,380,2023,20,384,4,moving_average_4,121825.0,171093.25,,8069.193548387097,49268.25,49268.25,2427360458.0625,6.1057216814247735
Brazil,2023,2023,17,2023-W17,381,2023,21,385,4,moving_average_4,90703.0,165399.25,,8069.193548387097,74696.25,74696.25,5579529764.0625,9.256965959743349
Brazil,2023,2023,18,2023-W18,382,2023,22,386,4,moving_average_4,72095.0,164618.0,,8069.193548387097,92523.0,92523.0,8560505529.0,11.46620160307022
Brazil,2023,2023,19,2023-W19,383,2023,23,387,4,moving_average_4,55721.0,154032.5,,8069.193548387097,98311.5,98311.5,9665151032.25,12.183559535469428
Brazil,2023,2023,20,2023-W20,384,2023,24,388,4,moving_average_4,48059.0,143238.25,,8069.193548387097,95179.25,95179.25,9059089630.5625,11.795385676307742
Brazil,2023,2023,21,2023-W21,385,2023,25,389,4,moving_average_4,39160.0,128814.0,,8069.193548387097,89654.0,89654.0,8037839716.0,11.110651821943273
Brazil,2023,2023,22,2023-W22,386,2023,26,390,4,moving_average_4,33459.0,107249.75,,8069.193548387097,73790.75,73790.75,5445074785.5625,9.14474904555358
Brazil,2023,2023,23,2023-W23,387,2023,27,391,4,moving_average_4,27767.0,85086.0,,8069.193548387097,57319.0,57319.0,3285467761.0,7.103436007115873
Brazil,2023,2023,24,2023-W24,388,2023,28,392,4,moving_average_4,24236.0,66644.5,,8069.193548387097,42408.5,42408.5,1798480872.25,5.255605748665774
Brazil,2023,2023,25,2023-W25,389,2023,29,393,4,moving_average_4,20558.0,53758.75,,8069.193548387097,33200.75,33200.75,1102289800.5625,4.114506586180016
Brazil,2023,2023,26,2023-W26,390,2023,30,394,4,moving_average_4,18393.0,44099.75,,8069.193548387097,25706.75,25706.75,660836995.5625,3.185789242239501
Brazil,2023,2023,27,2023-W27,391,2023,31,395,4,moving_average_4,19179.0,37111.25,,8069.193548387097,17932.25,17932.25,321565590.0625,2.2223100601651042
Brazil,2023,2023,28,2023-W28,392,2023,32,396,4,moving_average_4,17728.0,31155.5,,8069.193548387097,13427.5,13427.5,180297756.25,1.6640448539846888
Brazil,2023,2023,29,2023-W29,393,2023,33,397,4,moving_average_4,17804.0,26505.0,,8069.193548387097,8701.0,8701.0,75707401.0,1.0782985868196446
Brazil,2023,2023,30,2023-W30,394,2023,34,398,4,moving_average_4,17132.0,22738.5,,8069.193548387097,5606.5,5606.5,31432842.25,0.694803014251734
Brazil,2023,2023,31,2023-W31,395,2023,35,399,4,moving_average_4,15933.0,20591.5,,8069.193548387097,4658.5,4658.5,21701622.25,0.5773191548901637
Brazil,2023,2023,32,2023-W32,396,2023,36,400,4,moving_average_4,14827.0,18964.5,,8069.193548387097,4137.5,4137.5,17118906.25,0.5127526034899759
Brazil,2023,2023,33,2023-W33,397,2023,37,401,4,moving_average_4,17637.0,18276.0,,8069.193548387097,639.0,639.0,408321.0,0.07919006975953947
Brazil,2023,2023,34,2023-W34,398,2023,38,402,4,moving_average_4,18790.0,17960.75,,8069.193548387097,-829.25,829.25,687655.5625,0.10276739491095165
Brazil,2023,2023,35,2023-W35,399,2023,39,403,4,moving_average_4,17681.0,17149.25,,8069.193548387097,-531.75,531.75,282758.0625,0.06589877870834916
Brazil,2023,2023,36,2023-W36,400,2023,40,404,4,moving_average_4,19313.0,16424.0,,8069.193548387097,-2889.0,2889.0,8346321.0,0.35802834356073476
Brazil,2023,2023,37,2023-W37,401,2023,41,405,4,moving_average_4,17341.0,16382.25,,8069.193548387097,-958.75,958.75,919201.5625,0.11881608666973156
Brazil,2023,2023,38,2023-W38,402,2023,42,406,4,moving_average_4,21013.0,16796.75,,8069.193548387097,-4216.25,4216.25,17776764.0625,0.5225119430730176
Brazil,2023,2023,39,2023-W39,403,2023,43,407,4,moving_average_4,19662.0,17233.75,,8069.193548387097,-2428.25,2428.25,5896398.0625,0.30092846149233443
Brazil,2023,2023,40,2023-W40,404,2023,44,408,4,moving_average_4,18785.0,18355.25,,8069.193548387097,-429.75,429.75,184685.0625,0.0532581102960283
Brazil,2023,2023,41,2023-W41,405,2023,45,409,4,moving_average_4,24393.0,18281.25,,8069.193548387097,-6111.75,6111.75,37353488.0625,0.7574176977353135
Brazil,2023,2023,42,2023-W42,406,2023,46,410,4,moving_average_4,22124.0,18837.0,,8069.193548387097,-3287.0,3287.0,10804369.0,0.407351735993124
Brazil,2023,2023,43,2023-W43,407,2023,47,411,4,moving_average_4,27767.0,19332.25,,8069.193548387097,-8434.75,8434.75,71145007.5625,1.0453027244198365
Brazil,2023,2023,44,2023-W44,408,2023,48,412,4,moving_average_4,30045.0,19200.25,,8069.193548387097,-10844.75,10844.75,117608602.5625,1.343969497691339
Brazil,2023,2023,45,2023-W45,409,2023,49,413,4,moving_average_4,33247.0,20963.25,,8069.193548387097,-12283.75,12283.75,150890514.0625,1.5223020648024146
Brazil,2023,2023,46,2023-W46,410,2023,50,414,4,moving_average_4,40789.0,21241.0,,8069.193548387097,-19548.0,19548.0,382124304.0,2.4225469227847847
Brazil,2023,2023,47,2023-W47,411,2023,51,415,4,moving_average_4,38305.0,23267.25,,8069.193548387097,-15037.75,15037.75,226133925.0625,1.8636001119350778
Brazil,2023,2023,48,2023-W48,412,2023,52,416,4,moving_average_4,2146.0,26082.25,,8069.193548387097,23936.25,23936.25,572944064.0625,2.966374502788383
Brazil,2023,2022,49,2022-W49,361,2023,1,365,4,persistence,28533.0,15997.0,,8069.193548387097,-12536.0,12536.0,157151296.0,1.5535629334985708
Brazil,2023,2022,50,2022-W50,362,2023,2,366,4,persistence,30645.0,14309.0,,8069.193548387097,-16336.0,16336.0,266864896.0,2.024489795918367
Brazil,2023,2022,51,2022-W51,363,2023,3,367,4,persistence,36999.0,8780.0,,8069.193548387097,-28219.0,28219.0,796311961.0,3.4971276659537467
Brazil,2023,2022,52,2022-W52,364,2023,4,368,4,persistence,42470.0,2926.0,,8069.193548387097,-39544.0,39544.0,1563727936.0,4.90061364408643
Brazil,2023,2023,1,2023-W01,365,2023,5,369,4,persistence,52668.0,28533.0,,8069.193548387097,-24135.0,24135.0,582498225.0,2.991005216974155
Brazil,2023,2023,2,2023-W02,366,2023,6,370,4,persistence,64987.0,30645.0,,8069.193548387097,-34342.0,34342.0,1179372964.0,4.255939555058067
Brazil,2023,2023,3,2023-W03,367,2023,7,371,4,persistence,66762.0,36999.0,,8069.193548387097,-29763.0,29763.0,885836169.0,3.6884726858422114
Brazil,2023,2023,4,2023-W04,368,2023,8,372,4,persistence,77027.0,42470.0,,8069.193548387097,-34557.0,34557.0,1194186249.0,4.282584101221292
Brazil,2023,2023,5,2023-W05,369,2023,9,373,4,persistence,98392.0,52668.0,,8069.193548387097,-45724.0,45724.0,2090684176.0,5.666489436127047
Brazil,2023,2023,6,2023-W06,370,2023,10,374,4,persistence,115216.0,64987.0,,8069.193548387097,-50229.0,50229.0,2522952441.0,6.224785624337884
Brazil,2023,2023,7,2023-W07,371,2023,11,375,4,persistence,131868.0,66762.0,,8069.193548387097,-65106.0,65106.0,4238791236.0,8.068464290711388
Brazil,2023,2023,8,2023-W08,372,2023,12,376,4,persistence,160054.0,77027.0,,8069.193548387097,-83027.0,83027.0,6893482729.0,10.289380159507486
Brazil,2023,2023,9,2023-W09,373,2023,13,377,4,persistence,171176.0,98392.0,,8069.193548387097,-72784.0,72784.0,5297510656.0,9.019984409042756
Brazil,2023,2023,10,2023-W10,374,2023,14,378,4,persistence,161477.0,115216.0,,8069.193548387097,-46261.0,46261.0,2140080121.0,5.733038837474265
Brazil,2023,2023,11,2023-W11,375,2023,15,379,4,persistence,186718.0,131868.0,,8069.193548387097,-54850.0,54850.0,3008522500.0,6.797457474664695
Brazil,2023,2023,12,2023-W12,376,2023,16,380,4,persistence,165002.0,160054.0,,8069.193548387097,-4948.0,4948.0,24482704.0,0.6131963461192509
Brazil,2023,2023,13,2023-W13,377,2023,17,381,4,persistence,148400.0,171176.0,,8069.193548387097,22776.0,22776.0,518746176.0,2.822586899598233
Brazil,2023,2023,14,2023-W14,378,2023,18,382,4,persistence,158352.0,161477.0,,8069.193548387097,3125.0,3125.0,9765625.0,0.3872753802794379
Brazil,2023,2023,15,2023-W15,379,2023,19,383,4,persistence,144376.0,186718.0,,8069.193548387097,42342.0,42342.0,1792844964.0,5.247364528573428
Brazil,2023,2023,16,2023-W16,380,2023,20,384,4,persistence,121825.0,165002.0,,8069.193548387097,43177.0,43177.0,1864253329.0,5.350844510184094
Brazil,2023,2023,17,2023-W17,381,2023,21,385,4,persistence,90703.0,148400.0,,8069.193548387097,57697.0,57697.0,3328943809.0,7.150280837114474
Brazil,2023,2023,18,2023-W18,382,2023,22,386,4,persistence,72095.0,158352.0,,8069.193548387097,86257.0,86257.0,7440270049.0,10.689667992564313
Brazil,2023,2023,19,2023-W19,383,2023,23,387,4,persistence,55721.0,144376.0,,8069.193548387097,88655.0,88655.0,7859709025.0,10.986847628375543
Brazil,2023,2023,20,2023-W20,384,2023,24,388,4,persistence,48059.0,121825.0,,8069.193548387097,73766.0,73766.0,5441422756.0,9.141681824541767
Brazil,2023,2023,21,2023-W21,385,2023,25,389,4,persistence,39160.0,90703.0,,8069.193548387097,51543.0,51543.0,2656680849.0,6.387627176237782
Brazil,2023,2023,22,2023-W22,386,2023,26,390,4,persistence,33459.0,72095.0,,8069.193548387097,38636.0,38636.0,1492740496.0,4.788086909592437
Brazil,2023,2023,23,2023-W23,387,2023,27,391,4,persistence,27767.0,55721.0,,8069.193548387097,27954.0,27954.0,781426116.0,3.4642867137060507
Brazil,2023,2023,24,2023-W24,388,2023,28,392,4,persistence,24236.0,48059.0,,8069.193548387097,23823.0,23823.0,567535329.0,2.952339643007056
Brazil,2023,2023,25,2023-W25,389,2023,29,393,4,persistence,20558.0,39160.0,,8069.193548387097,18602.0,18602.0,346034404.0,2.3053109196665935
Brazil,2023,2023,26,2023-W26,390,2023,30,394,4,persistence,18393.0,33459.0,,8069.193548387097,15066.0,15066.0,226984356.0,1.8671010813728037
Brazil,2023,2023,27,2023-W27,391,2023,31,395,4,persistence,19179.0,27767.0,,8069.193548387097,8588.0,8588.0,73753744.0,1.0642947090687402
Brazil,2023,2023,28,2023-W28,392,2023,32,396,4,persistence,17728.0,24236.0,,8069.193548387097,6508.0,6508.0,42354064.0,0.8065242159547462
Brazil,2023,2023,29,2023-W29,393,2023,33,397,4,persistence,17804.0,20558.0,,8069.193548387097,2754.0,2754.0,7584516.0,0.34129804713266304
Brazil,2023,2023,30,2023-W30,394,2023,34,398,4,persistence,17132.0,18393.0,,8069.193548387097,1261.0,1261.0,1590121.0,0.1562733614503588
Brazil,2023,2023,31,2023-W31,395,2023,35,399,4,persistence,15933.0,19179.0,,8069.193548387097,3246.0,3246.0,10536516.0,0.40227068300385777
Brazil,2023,2023,32,2023-W32,396,2023,36,400,4,persistence,14827.0,17728.0,,8069.193548387097,2901.0,2901.0,8415801.0,0.35951548102100783
Brazil,2023,2023,33,2023-W33,397,2023,37,401,4,persistence,17637.0,17804.0,,8069.193548387097,167.0,167.0,27889.0,0.02069599632213316
Brazil,2023,2023,34,2023-W34,398,2023,38,402,4,persistence,18790.0,17132.0,,8069.193548387097,-1658.0,1658.0,2748964.0,0.2054728257610586
Brazil,2023,2023,35,2023-W35,399,2023,39,403,4,persistence,17681.0,15933.0,,8069.193548387097,-1748.0,1748.0,3055504.0,0.2166263567131064
Brazil,2023,2023,36,2023-W36,400,2023,40,404,4,persistence,19313.0,14827.0,,8069.193548387097,-4486.0,4486.0,20124196.0,0.5559415538987388
Brazil,2023,2023,37,2023-W37,401,2023,41,405,4,persistence,17341.0,17637.0,,8069.193548387097,296.0,296.0,87616.0,0.036682724020068364
Brazil,2023,2023,38,2023-W38,402,2023,42,406,4,persistence,21013.0,18790.0,,8069.193548387097,-2223.0,2223.0,4941729.0,0.275492214515581
Brazil,2023,2023,39,2023-W39,403,2023,43,407,4,persistence,19662.0,17681.0,,8069.193548387097,-1981.0,1981.0,3924361.0,0.2455016090667413
Brazil,2023,2023,40,2023-W40,404,2023,44,408,4,persistence,18785.0,19313.0,,8069.193548387097,528.0,528.0,278784.0,0.06543404825201384
Brazil,2023,2023,41,2023-W41,405,2023,45,409,4,persistence,24393.0,17341.0,,8069.193548387097,-7052.0,7052.0,49730704.0,0.8739411141537908
Brazil,2023,2023,42,2023-W42,406,2023,46,410,4,persistence,22124.0,21013.0,,8069.193548387097,-1111.0,1111.0,1234321.0,0.13768414319694577
Brazil,2023,2023,43,2023-W43,407,2023,47,411,4,persistence,27767.0,19662.0,,8069.193548387097,-8105.0,8105.0,65691025.0,1.0044374262927502
Brazil,2023,2023,44,2023-W44,408,2023,48,412,4,persistence,30045.0,18785.0,,8069.193548387097,-11260.0,11260.0,126787600.0,1.3954306502228708
Brazil,2023,2023,45,2023-W45,409,2023,49,413,4,persistence,33247.0,24393.0,,8069.193548387097,-8854.0,8854.0,78393316.0,1.0972595894381258
Brazil,2023,2023,46,2023-W46,410,2023,50,414,4,persistence,40789.0,22124.0,,8069.193548387097,-18665.0,18665.0,348382225.0,2.313118391333027
Brazil,2023,2023,47,2023-W47,411,2023,51,415,4,persistence,38305.0,27767.0,,8069.193548387097,-10538.0,10538.0,111049444.0,1.3059545463631095
Brazil,2023,2023,48,2023-W48,412,2023,52,416,4,persistence,2146.0,30045.0,,8069.193548387097,27899.0,27899.0,778354201.0,3.4574706670131325
Brazil,2023,2022,49,2022-W49,361,2023,1,365,4,seasonal_naive,28533.0,23775.0,,8069.193548387097,-4758.0,4758.0,22638564.0,0.589650002998261
Brazil,2023,2022,50,2022-W50,362,2023,2,366,4,seasonal_naive,30645.0,24356.0,,8069.193548387097,-6289.0,6289.0,39551521.0,0.7793839573047633
Brazil,2023,2022,51,2022-W51,363,2023,3,367,4,seasonal_naive,36999.0,25555.0,,8069.193548387097,-11444.0,11444.0,130965136.0,1.418233424613724
Brazil,2023,2022,52,2022-W52,364,2023,4,368,4,seasonal_naive,42470.0,24592.0,,8069.193548387097,-17878.0,17878.0,319622884.0,2.215586959563453
Brazil,2023,2023,1,2023-W01,365,2023,5,369,4,seasonal_naive,52668.0,28695.0,,8069.193548387097,-23973.0,23973.0,574704729.0,2.970928861260469
Brazil,2023,2023,2,2023-W02,366,2023,6,370,4,seasonal_naive,64987.0,31006.0,,8069.193548387097,-33981.0,33981.0,1154708361.0,4.211201503128185
Brazil,2023,2023,3,2023-W03,367,2023,7,371,4,seasonal_naive,66762.0,33534.0,,8069.193548387097,-33228.0,33228.0,1104099984.0,4.117883627496052
Brazil,2023,2023,4,2023-W04,368,2023,8,372,4,seasonal_naive,77027.0,33993.0,,8069.193548387097,-43034.0,43034.0,1851925156.0,5.333122788782506
Brazil,2023,2023,5,2023-W05,369,2023,9,373,4,seasonal_naive,98392.0,50089.0,,8069.193548387097,-48303.0,48303.0,2333179809.0,5.986100061964061
Brazil,2023,2023,6,2023-W06,370,2023,10,374,4,seasonal_naive,115216.0,65071.0,,8069.193548387097,-50145.0,50145.0,2514521025.0,6.214375662115973
Brazil,2023,2023,7,2023-W07,371,2023,11,375,4,seasonal_naive,131868.0,79634.0,,8069.193548387097,-52234.0,52234.0,2728390756.0,6.473261508325171
Brazil,2023,2023,8,2023-W08,372,2023,12,376,4,seasonal_naive,160054.0,100950.0,,8069.193548387097,-59104.0,59104.0,3493282816.0,7.324647704331488
Brazil,2023,2023,9,2023-W09,373,2023,13,377,4,seasonal_naive,171176.0,113359.0,,8069.193548387097,-57817.0,57817.0,3342805489.0,7.165152211717204
Brazil,2023,2023,10,2023-W10,374,2023,14,378,4,seasonal_naive,161477.0,122981.0,,8069.193548387097,-38496.0,38496.0,1481942016.0,4.770736972555918
Brazil,2023,2023,11,2023-W11,375,2023,15,379,4,seasonal_naive,186718.0,130956.0,,8069.193548387097,-55762.0,55762.0,3109400644.0,6.910479921645446
Brazil,2023,2023,12,2023-W12,376,2023,16,380,4,seasonal_naive,165002.0,144148.0,,8069.193548387097,-20854.0,20854.0,434889316.0,2.5843970497111677
Brazil,2023,2023,13,2023-W13,377,2023,17,381,4,seasonal_naive,148400.0,150494.0,,8069.193548387097,2094.0,2094.0,4384836.0,0.2595054868176458
Brazil,2023,2023,14,2023-W14,378,2023,18,382,4,seasonal_naive,158352.0,156194.0,,8069.193548387097,-2158.0,2158.0,4656964.0,0.26743688660576864
Brazil,2023,2023,15,2023-W15,379,2023,19,383,4,seasonal_naive,144376.0,135258.0,,8069.193548387097,-9118.0,9118.0,83137924.0,1.129976613564133
Brazil,2023,2023,16,2023-W16,380,2023,20,384,4,seasonal_naive,121825.0,104449.0,,8069.193548387097,-17376.0,17376.0,301925376.0,2.153375042475364
Brazil,2023,2023,17,2023-W17,381,2023,21,385,4,seasonal_naive,90703.0,84418.0,,8069.193548387097,-6285.0,6285.0,39501225.0,0.7788882448180056
Brazil,2023,2023,18,2023-W18,382,2023,22,386,4,seasonal_naive,72095.0,75749.0,,8069.193548387097,3654.0,3654.0,13351716.0,0.4528333566531412
Brazil,2023,2023,19,2023-W19,383,2023,23,387,4,seasonal_naive,55721.0,62242.0,,8069.193548387097,6521.0,6521.0,42523441.0,0.8081352815367088
Brazil,2023,2023,20,2023-W20,384,2023,24,388,4,seasonal_naive,48059.0,49103.0,,8069.193548387097,1044.0,1044.0,1089936.0,0.12938095904375463
Brazil,2023,2023,21,2023-W21,385,2023,25,389,4,seasonal_naive,39160.0,46551.0,,8069.193548387097,7391.0,7391.0,54626881.0,0.9159527474065042
Brazil,2023,2023,22,2023-W22,386,2023,26,390,4,seasonal_naive,33459.0,39090.0,,8069.193548387097,5631.0,5631.0,31708161.0,0.6978392532331248
Brazil,2023,2023,23,2023-W23,387,2023,27,391,4,seasonal_naive,27767.0,33238.0,,8069.193548387097,5471.0,5471.0,29931841.0,0.6780107537628176
Brazil,2023,2023,24,2023-W24,388,2023,28,392,4,seasonal_naive,24236.0,29619.0,,8069.193548387097,5383.0,5383.0,28976689.0,0.6671050790541486
Brazil,2023,2023,25,2023-W25,389,2023,29,393,4,seasonal_naive,20558.0,25425.0,,8069.193548387097,4867.0,4867.0,23687689.0,0.6031581682624079
Brazil,2023,2023,26,2023-W26,390,2023,30,394,4,seasonal_naive,18393.0,22702.0,,8069.193548387097,4309.0,4309.0,18567481.0,0.5340062763597114
Brazil,2023,2023,27,2023-W27,391,2023,31,395,4,seasonal_naive,19179.0,22132.0,,8069.193548387097,2953.0,2953.0,8720209.0,0.36595974334885767
Brazil,2023,2023,28,2023-W28,392,2023,32,396,4,seasonal_naive,17728.0,18921.0,,8069.193548387097,1193.0,1193.0,1423249.0,0.14784624917547823
Brazil,2023,2023,29,2023-W29,393,2023,33,397,4,seasonal_naive,17804.0,17661.0,,8069.193548387097,-143.0,143.0,20449.0,0.01772172140158708
Brazil,2023,2023,30,2023-W30,394,2023,34,398,4,seasonal_naive,17132.0,16043.0,,8069.193548387097,-1089.0,1089.0,1185921.0,0.13495772451977853
Brazil,2023,2023,31,2023-W31,395,2023,35,399,4,seasonal_naive,15933.0,14651.0,,8069.193548387097,-1282.0,1282.0,1643524.0,0.15887585200583662
Brazil,2023,2023,32,2023-W32,396,2023,36,400,4,seasonal_naive,14827.0,14313.0,,8069.193548387097,-514.0,514.0,264196.0,0.06369905454836196
Brazil,2023,2023,33,2023-W33,397,2023,37,401,4,seasonal_naive,17637.0,13779.0,,8069.193548387097,-3858.0,3858.0,14884164.0,0.4781146934777829
Brazil,2023,2023,34,2023-W34,398,2023,38,402,4,seasonal_naive,18790.0,13212.0,,8069.193548387097,-5578.0,5578.0,31114084.0,0.6912710627835855
Brazil,2023,2023,35,2023-W35,399,2023,39,403,4,seasonal_naive,17681.0,12830.0,,8069.193548387097,-4851.0,4851.0,23532201.0,0.6011753183153771
Brazil,2023,2023,36,2023-W36,400,2023,40,404,4,seasonal_naive,19313.0,13291.0,,8069.193548387097,-6022.0,6022.0,36264484.0,0.7462951488136881
Brazil,2023,2023,37,2023-W37,401,2023,41,405,4,seasonal_naive,17341.0,13221.0,,8069.193548387097,-4120.0,4120.0,16974400.0,0.510583861360411
Brazil,2023,2023,38,2023-W38,402,2023,42,406,4,seasonal_naive,21013.0,14254.0,,8069.193548387097,-6759.0,6759.0,45684081.0,0.8376301744987907
Brazil,2023,2023,39,2023-W39,403,2023,43,407,4,seasonal_naive,19662.0,13490.0,,8069.193548387097,-6172.0,6172.0,38093584.0,0.7648843670671011
Brazil,2023,2023,40,2023-W40,404,2023,44,408,4,seasonal_naive,18785.0,12854.0,,8069.193548387097,-5931.0,5931.0,35176761.0,0.7350176897399509
Brazil,2023,2023,41,2023-W41,405,2023,45,409,4,seasonal_naive,24393.0,14918.0,,8069.193548387097,-9475.0,9475.0,89775625.0,1.1742189530072558
Brazil,2023,2023,42,2023-W42,406,2023,46,410,4,seasonal_naive,22124.0,16331.0,,8069.193548387097,-5793.0,5793.0,33558849.0,0.7179156089468108
Brazil,2023,2023,43,2023-W43,407,2023,47,411,4,seasonal_naive,27767.0,16357.0,,8069.193548387097,-11410.0,11410.0,130188100.0,1.4140198684762837
Brazil,2023,2023,44,2023-W44,408,2023,48,412,4,seasonal_naive,30045.0,15994.0,,8069.193548387097,-14051.0,14051.0,197430601.0,1.7413140378580423
Brazil,2023,2023,45,2023-W45,409,2023,49,413,4,seasonal_naive,33247.0,15997.0,,8069.193548387097,-17250.0,17250.0,297562500.0,2.1377600991424974
Brazil,2023,2023,46,2023-W46,410,2023,50,414,4,seasonal_naive,40789.0,14309.0,,8069.193548387097,-26480.0,26480.0,701190400.0,3.2816166623358454
Brazil,2023,2023,47,2023-W47,411,2023,51,415,4,seasonal_naive,38305.0,8780.0,,8069.193548387097,-29525.0,29525.0,871725625.0,3.6589777928801297
Brazil,2023,2023,48,2023-W48,412,2023,52,416,4,seasonal_naive,2146.0,2926.0,,8069.193548387097,780.0,780.0,608400.0,0.0966639349177477
Colombia,2023,2022,52,2022-W52,364,2023,1,365,1,moving_average_4,1071.0,1627.5,,135.69379844961242,556.5,556.5,309692.25,4.101145419749207
Colombia,2023,2023,1,2023-W01,365,2023,2,366,1,moving_average_4,2389.0,1422.75,,135.69379844961242,-966.25,966.25,933639.0625,7.120811791253677
Colombia,2023,2023,2,2023-W02,366,2023,3,367,1,moving_average_4,2177.0,1606.5,,135.69379844961242,-570.5,570.5,325470.25,4.204318889428432
Colombia,2023,2023,3,2023-W03,367,2023,4,368,1,moving_average_4,2237.0,1831.5,,135.69379844961242,-405.5,405.5,164430.25,2.988345853923277
Colombia,2023,2023,4,2023-W04,368,2023,5,369,1,moving_average_4,2016.0,1968.5,,135.69379844961242,-47.5,47.5,2256.25,0.35005284355451455
Colombia,2023,2023,5,2023-W05,369,2023,6,370,1,moving_average_4,1870.0,2204.75,,135.69379844961242,334.75,334.75,112057.5625,2.466951355365763
Colombia,2023,2023,6,2023-W06,370,2023,7,371,1,moving_average_4,1918.0,2075.0,,135.69379844961242,157.0,157.0,24649.0,1.1570167671170268
Colombia,2023,2023,7,2023-W07,371,2023,8,372,1,moving_average_4,2294.0,2010.25,,135.69379844961242,-283.75,283.75,80514.0625,2.091105144391442
Colombia,2023,2023,8,2023-W08,372,2023,9,373,1,moving_average_4,1311.0,2024.5,,135.69379844961242,713.5,713.5,509082.25,5.258162186866234
Colombia,2023,2023,9,2023-W09,373,2023,10,374,1,moving_average_4,1735.0,1848.25,,135.69379844961242,113.25,113.25,12825.5625,0.8345996743694478
Colombia,2023,2023,10,2023-W10,374,2023,11,375,1,moving_average_4,1752.0,1814.5,,135.69379844961242,62.5,62.5,3906.25,0.46059584678225596
Colombia,2023,2023,11,2023-W11,375,2023,12,376,1,moving_average_4,2015.0,1773.0,,135.69379844961242,-242.0,242.0,58564.0,1.783427118740895
Colombia,2023,2023,12,2023-W12,376,2023,13,377,1,moving_average_4,2217.0,1703.25,,135.69379844961242,-513.75,513.75,263939.0625,3.786097860550144
Colombia,2023,2023,13,2023-W13,377,2023,14,378,1,moving_average_4,1627.0,1929.75,,135.69379844961242,302.75,302.75,91657.5625,2.231126281813248
Colombia,2023,2023,14,2023-W14,378,2023,15,379,1,moving_average_4,1682.0,1902.75,,135.69379844961242,220.75,220.75,48730.5625,1.626824530834928
Colombia,2023,2023,15,2023-W15,379,2023,16,380,1,moving_average_4,1751.0,1885.25,,135.69379844961242,134.25,134.25,18023.0625,0.9893598788882858
Colombia,2023,2023,16,2023-W16,380,2023,17,381,1,moving_average_4,2144.0,1819.25,,135.69379844961242,-324.75,324.75,105462.5625,2.393256019880602
Colombia,2023,2023,17,2023-W17,381,2023,18,382,1,moving_average_4,2689.0,1801.0,,135.69379844961242,-888.0,888.0,788544.0,6.544145791082292
Colombia,2023,2023,18,2023-W18,382,2023,19,383,1,moving_average_4,2729.0,2066.5,,135.69379844961242,-662.5,662.5,438906.25,4.882315975891913
Colombia,2023,2023,19,2023-W19,383,2023,20,384,1,moving_average_4,2179.0,2328.25,,135.69379844961242,149.25,149.25,22275.5625,1.0999028821160273
Colombia,2023,2023,20,2023-W20,384,2023,21,385,1,moving_average_4,2133.0,2435.25,,135.69379844961242,302.25,302.25,91355.0625,2.22744151503899
Colombia,2023,2023,21,2023-W21,385,2023,22,386,1,moving_average_4,2569.0,2432.5,,135.69379844961242,-136.5,136.5,18632.25,1.005941329372447
Colombia,2023,2023,22,2023-W22,386,2023,23,387,1,moving_average_4,2152.0,2402.5,,135.69379844961242,250.5,250.5,62750.25,1.846068153903282
Colombia,2023,2023,23,2023-W23,387,2023,24,388,1,moving_average_4,2079.0,2258.25,,135.69379844961242,179.25,179.25,32130.5625,1.32098888857151
Colombia,2023,2023,24,2023-W24,388,2023,25,389,1,moving_average_4,2082.0,2233.25,,135.69379844961242,151.25,151.25,22876.5625,1.1146419492130595
Colombia,2023,2023,25,2023-W25,389,2023,26,390,1,moving_average_4,1768.0,2220.5,,135.69379844961242,452.5,452.5,204756.25,3.334713930703533
Colombia,2023,2023,26,2023-W26,390,2023,27,391,1,moving_average_4,2203.0,2020.25,,135.69379844961242,-182.75,182.75,33397.5625,1.3467822559913163
Colombia,2023,2023,27,2023-W27,391,2023,28,392,1,moving_average_4,2617.0,2033.0,,135.69379844961242,-584.0,584.0,341056.0,4.303807592333399
Colombia,2023,2023,28,2023-W28,392,2023,29,393,1,moving_average_4,2458.0,2167.5,,135.69379844961242,-290.5,290.5,84390.25,2.1408494958439257
Colombia,2023,2023,29,2023-W29,393,2023,30,394,1,moving_average_4,2609.0,2261.5,,135.69379844961242,-347.5,347.5,120756.25,2.560912908109343
Colombia,2023,2023,30,2023-W30,394,2023,31,395,1,moving_average_4,2595.0,2471.75,,135.69379844961242,-123.25,123.25,15190.5625,0.9082950098546088
Colombia,2023,2023,31,2023-W31,395,2023,32,396,1,moving_average_4,2876.0,2569.75,,135.69379844961242,-306.25,306.25,93789.0625,2.2569196492330543
Colombia,2023,2023,32,2023-W32,396,2023,33,397,1,moving_average_4,2474.0,2634.5,,135.69379844961242,160.5,160.5,25760.25,1.1828101345368334
Colombia,2023,2023,33,2023-W33,397,2023,34,398,1,moving_average_4,2299.0,2638.5,,135.69379844961242,339.5,339.5,115260.25,2.5019566397212145
Colombia,2023,2023,34,2023-W34,398,2023,35,399,1,moving_average_4,2504.0,2561.0,,135.69379844961242,57.0,57.0,3249.0,0.42006341226541744
Colombia,2023,2023,35,2023-W35,399,2023,36,400,1,moving_average_4,2559.0,2538.25,,135.69379844961242,-20.75,20.75,430.5625,0.152917821131709
Colombia,2023,2023,36,2023-W36,400,2023,37,401,1,moving_average_4,2681.0,2459.0,,135.69379844961242,-222.0,222.0,49284.0,1.636036447770573
Colombia,2023,2023,37,2023-W37,401,2023,38,402,1,moving_average_4,2677.0,2510.75,,135.69379844961242,-166.25,166.25,27639.0625,1.2251849524408007
Colombia,2023,2023,38,2023-W38,402,2023,39,403,1,moving_average_4,2809.0,2605.25,,135.69379844961242,-203.75,203.75,41514.0625,1.5015424605101544
Colombia,2023,2023,39,2023-W39,403,2023,40,404,1,moving_average_4,2984.0,2681.5,,135.69379844961242,-302.5,302.5,91506.25,2.229283898426119
Colombia,2023,2023,40,2023-W40,404,2023,41,405,1,moving_average_4,2632.0,2787.75,,135.69379844961242,155.75,155.75,24258.0625,1.1478048501813818
Colombia,2023,2023,41,2023-W41,405,2023,42,406,1,moving_average_4,2964.0,2775.5,,135.69379844961242,-188.5,188.5,35532.25,1.3891570738952839
Colombia,2023,2023,42,2023-W42,406,2023,43,407,1,moving_average_4,2969.0,2847.25,,135.69379844961242,-121.75,121.75,14823.0625,0.8972407095318345
Colombia,2023,2023,43,2023-W43,407,2023,44,408,1,moving_average_4,2852.0,2887.25,,135.69379844961242,35.25,35.25,1242.5625,0.25977605758519234
Colombia,2023,2023,44,2023-W44,408,2023,45,409,1,moving_average_4,3322.0,2854.25,,135.69379844961242,-467.75,467.75,218790.0625,3.4470993173184037
Colombia,2023,2023,45,2023-W45,409,2023,46,410,1,moving_average_4,3638.0,3026.75,,135.69379844961242,-611.25,611.25,373626.5625,4.504627381530463
Colombia,2023,2023,46,2023-W46,410,2023,47,411,1,moving_average_4,3999.0,3195.25,,135.69379844961242,-803.75,803.75,646014.0625,5.923262589619812
Colombia,2023,2023,47,2023-W47,411,2023,48,412,1,moving_average_4,3916.0,3452.75,,135.69379844961242,-463.25,463.25,214600.5625,3.413936416350081
Colombia,2023,2023,48,2023-W48,412,2023,49,413,1,moving_average_4,4130.0,3718.75,,135.69379844961242,-411.25,411.25,169126.5625,3.030720671827244
Colombia,2023,2023,49,2023-W49,413,2023,50,414,1,moving_average_4,4650.0,3920.75,,135.69379844961242,-729.25,729.25,531805.5625,5.374232340255363
Colombia,2023,2023,50,2023-W50,414,2023,51,415,1,moving_average_4,3922.0,4173.75,,135.69379844961242,251.75,251.75,63378.0625,1.855280070838927
Colombia,2023,2023,51,2023-W51,415,2023,52,416,1,moving_average_4,3859.0,4154.5,,135.69379844961242,295.5,295.5,87320.25,2.1776971635865063
Colombia,2023,2022,52,2022-W52,364,2023,1,365,1,persistence,1071.0,1689.0,,135.69379844961242,618.0,618.0,381924.0,4.554371732982947
Colombia,2023,2023,1,2023-W01,365,2023,2,366,1,persistence,2389.0,1071.0,,135.69379844961242,-1318.0,1318.0,1737124.0,9.713045216944213
Colombia,2023,2023,2,2023-W02,366,2023,3,367,1,persistence,2177.0,2389.0,,135.69379844961242,212.0,212.0,44944.0,1.5623411122854123
Colombia,2023,2023,3,2023-W03,367,2023,4,368,1,persistence,2237.0,2177.0,,135.69379844961242,-60.0,60.0,3600.0,0.4421720129109657
Colombia,2023,2023,4,2023-W04,368,2023,5,369,1,persistence,2016.0,2237.0,,135.69379844961242,221.0,221.0,48841.0,1.6286669142220571
Colombia,2023,2023,5,2023-W05,369,2023,6,370,1,persistence,1870.0,2016.0,,135.69379844961242,146.0,146.0,21316.0,1.0759518980833498
Colombia,2023,2023,6,2023-W06,370,2023,7,371,1,persistence,1918.0,1870.0,,135.69379844961242,-48.0,48.0,2304.0,0.35373761032877254
Colombia,2023,2023,7,2023-W07,371,2023,8,372,1,persistence,2294.0,1918.0,,135.69379844961242,-376.0,376.0,141376.0,2.770944614242052
Colombia,2023,2023,8,2023-W08,372,2023,9,373,1,persistence,1311.0,2294.0,,135.69379844961242,983.0,983.0,966289.0,7.244251478191321
Colombia,2023,2023,9,2023-W09,373,2023,10,374,1,persistence,1735.0,1311.0,,135.69379844961242,-424.0,424.0,179776.0,3.1246822245708246
Colombia,2023,2023,10,2023-W10,374,2023,11,375,1,persistence,1752.0,1735.0,,135.69379844961242,-17.0,17.0,289.0,0.12528207032477362
Colombia,2023,2023,11,2023-W11,375,2023,12,376,1,persistence,2015.0,1752.0,,135.69379844961242,-263.0,263.0,69169.0,1.938187323259733
Colombia,2023,2023,12,2023-W12,376,2023,13,377,1,persistence,2217.0,2015.0,,135.69379844961242,-202.0,202.0,40804.0,1.4886457768002512
Colombia,2023,2023,13,2023-W13,377,2023,14,378,1,persistence,1627.0,2217.0,,135.69379844961242,590.0,590.0,348100.0,4.3480247936244965
Colombia,2023,2023,14,2023-W14,378,2023,15,379,1,persistence,1682.0,1627.0,,135.69379844961242,-55.0,55.0,3025.0,0.4053243451683852
Colombia,2023,2023,15,2023-W15,379,2023,16,380,1,persistence,1751.0,1682.0,,135.69379844961242,-69.0,69.0,4761.0,0.5084978148476106
Colombia,2023,2023,16,2023-W16,380,2023,17,381,1,persistence,2144.0,1751.0,,135.69379844961242,-393.0,393.0,154449.0,2.8962266845668254
Colombia,2023,2023,17,2023-W17,381,2023,18,382,1,persistence,2689.0,2144.0,,135.69379844961242,-545.0,545.0,297025.0,4.016395783941272
Colombia,2023,2023,18,2023-W18,382,2023,19,383,1,persistence,2729.0,2689.0,,135.69379844961242,-40.0,40.0,1600.0,0.2947813419406438
Colombia,2023,2023,19,2023-W19,383,2023,20,384,1,persistence,2179.0,2729.0,,135.69379844961242,550.0,550.0,302500.0,4.053243451683852
Colombia,2023,2023,20,2023-W20,384,2023,21,385,1,persistence,2133.0,2179.0,,135.69379844961242,46.0,46.0,2116.0,0.3389985432317404
Colombia,2023,2023,21,2023-W21,385,2023,22,386,1,persistence,2569.0,2133.0,,135.69379844961242,-436.0,436.0,190096.0,3.2131166271530174
Colombia,2023,2023,22,2023-W22,386,2023,23,387,1,persistence,2152.0,2569.0,,135.69379844961242,417.0,417.0,173889.0,3.0730954897312115
Colombia,2023,2023,23,2023-W23,387,2023,24,388,1,persistence,2079.0,2152.0,,135.69379844961242,73.0,73.0,5329.0,0.5379759490416749
Colombia,2023,2023,24,2023-W24,388,2023,25,389,1,persistence,2082.0,2079.0,,135.69379844961242,-3.0,3.0,9.0,0.022108600645548284
Colombia,2023,2023,25,2023-W25,389,2023,26,390,1,persistence,1768.0,2082.0,,135.69379844961242,314.0,314.0,98596.0,2.3140335342340537
Colombia,2023,2023,26,2023-W26,390,2023,27,391,1,persistence,2203.0,1768.0,,135.69379844961242,-435.0,435.0,189225.0,3.2057470936045016
Colombia,2023,2023,27,2023-W27,391,2023,28,392,1,persistence,2617.0,2203.0,,135.69379844961242,-414.0,414.0,171396.0,3.0509868890856633
Colombia,2023,2023,28,2023-W28,392,2023,29,393,1,persistence,2458.0,2617.0,,135.69379844961242,159.0,159.0,25281.0,1.171755834214059
Colombia,2023,2023,29,2023-W29,393,2023,30,394,1,persistence,2609.0,2458.0,,135.69379844961242,-151.0,151.0,22801.0,1.1127995658259304
Colombia,2023,2023,30,2023-W30,394,2023,31,395,1,persistence,2595.0,2609.0,,135.69379844961242,14.0,14.0,196.0,0.10317346967922533
Colombia,2023,2023,31,2023-W31,395,2023,32,396,1,persistence,2876.0,2595.0,,135.69379844961242,-281.0,281.0,78961.0,2.0708389271330225
Colombia,2023,2023,32,2023-W32,396,2023,33,397,1,persistence,2474.0,2876.0,,135.69379844961242,402.0,402.0,161604.0,2.9625524865034705
Colombia,2023,2023,33,2023-W33,397,2023,34,398,1,persistence,2299.0,2474.0,,135.69379844961242,175.0,175.0,30625.0,1.2896683709903167
Colombia,2023,2023,34,2023-W34,398,2023,35,399,1,persistence,2504.0,2299.0,,135.69379844961242,-205.0,205.0,42025.0,1.5107543774457994
Colombia,2023,2023,35,2023-W35,399,2023,36,400,1,persistence,2559.0,2504.0,,135.69379844961242,-55.0,55.0,3025.0,0.4053243451683852
Colombia,2023,2023,36,2023-W36,400,2023,37,401,1,persistence,2681.0,2559.0,,135.69379844961242,-122.0,122.0,14884.0,0.8990830929189636
Colombia,2023,2023,37,2023-W37,401,2023,38,402,1,persistence,2677.0,2681.0,,135.69379844961242,4.0,4.0,16.0,0.029478134194064382
Colombia,2023,2023,38,2023-W38,402,2023,39,403,1,persistence,2809.0,2677.0,,135.69379844961242,-132.0,132.0,17424.0,0.9727784284041245
Colombia,2023,2023,39,2023-W39,403,2023,40,404,1,persistence,2984.0,2809.0,,135.69379844961242,-175.0,175.0,30625.0,1.2896683709903167
Colombia,2023,2023,40,2023-W40,404,2023,41,405,1,persistence,2632.0,2984.0,,135.69379844961242,352.0,352.0,123904.0,2.5940758090776654
Colombia,2023,2023,41,2023-W41,405,2023,42,406,1,persistence,2964.0,2632.0,,135.69379844961242,-332.0,332.0,110224.0,2.446685138107344
Colombia,2023,2023,42,2023-W42,406,2023,43,407,1,persistence,2969.0,2964.0,,135.69379844961242,-5.0,5.0,25.0,0.03684766774258048
Colombia,2023,2023,43,2023-W43,407,2023,44,408,1,persistence,2852.0,2969.0,,135.69379844961242,117.0,117.0,13689.0,0.8622354251763832
Colombia,2023,2023,44,2023-W44,408,2023,45,409,1,persistence,3322.0,2852.0,,135.69379844961242,-470.0,470.0,220900.0,3.4636807678025647
Colombia,2023,2023,45,2023-W45,409,2023,46,410,1,persistence,3638.0,3322.0,,135.69379844961242,-316.0,316.0,99856.0,2.328772601331086
Colombia,2023,2023,46,2023-W46,410,2023,47,411,1,persistence,3999.0,3638.0,,135.69379844961242,-361.0,361.0,130321.0,2.6604016110143105
Colombia,2023,2023,47,2023-W47,411,2023,48,412,1,persistence,3916.0,3999.0,,135.69379844961242,83.0,83.0,6889.0,0.611671284526836
Colombia,2023,2023,48,2023-W48,412,2023,49,413,1,persistence,4130.0,3916.0,,135.69379844961242,-214.0,214.0,45796.0,1.5770801793824443
Colombia,2023,2023,49,2023-W49,413,2023,50,414,1,persistence,4650.0,4130.0,,135.69379844961242,-520.0,520.0,270400.0,3.8321574452283693
Colombia,2023,2023,50,2023-W50,414,2023,51,415,1,persistence,3922.0,4650.0,,135.69379844961242,728.0,728.0,529984.0,5.365020423319717
Colombia,2023,2023,51,2023-W51,415,2023,52,416,1,persistence,3859.0,3922.0,,135.69379844961242,63.0,63.0,3969.0,0.464280613556514
Colombia,2023,2022,52,2022-W52,364,2023,1,365,1,seasonal_naive,1071.0,675.0,,135.69379844961242,-396.0,396.0,156816.0,2.9183352852123736
Colombia,2023,2023,1,2023-W01,365,2023,2,366,1,seasonal_naive,2389.0,1338.0,,135.69379844961242,-1051.0,1051.0,1104601.0,7.745379759490416
Colombia,2023,2023,2,2023-W02,366,2023,3,367,1,seasonal_naive,2177.0,1169.0,,135.69379844961242,-1008.0,1008.0,1016064.0,7.428489816904224
Colombia,2023,2023,3,2023-W03,367,2023,4,368,1,seasonal_naive,2237.0,1189.0,,135.69379844961242,-1048.0,1048.0,1098304.0,7.7232711588448675
Colombia,2023,2023,4,2023-W04,368,2023,5,369,1,seasonal_naive,2016.0,987.0,,135.69379844961242,-1029.0,1029.0,1058841.0,7.583250021423062
Colombia,2023,2023,5,2023-W05,369,2023,6,370,1,seasonal_naive,1870.0,1087.0,,135.69379844961242,-783.0,783.0,613089.0,5.770344768488102
Colombia,2023,2023,6,2023-W06,370,2023,7,371,1,seasonal_naive,1918.0,935.0,,135.69379844961242,-983.0,983.0,966289.0,7.244251478191321
Colombia,2023,2023,7,2023-W07,371,2023,8,372,1,seasonal_naive,2294.0,885.0,,135.69379844961242,-1409.0,1409.0,1985281.0,10.383672769859178
Colombia,2023,2023,8,2023-W08,372,2023,9,373,1,seasonal_naive,1311.0,986.0,,135.69379844961242,-325.0,325.0,105625.0,2.3950984032677307
Colombia,2023,2023,9,2023-W09,373,2023,10,374,1,seasonal_naive,1735.0,925.0,,135.69379844961242,-810.0,810.0,656100.0,5.969322174298037
Colombia,2023,2023,10,2023-W10,374,2023,11,375,1,seasonal_naive,1752.0,867.0,,135.69379844961242,-885.0,885.0,783225.0,6.522037190436744
Colombia,2023,2023,11,2023-W11,375,2023,12,376,1,seasonal_naive,2015.0,924.0,,135.69379844961242,-1091.0,1091.0,1190281.0,8.04016110143106
Colombia,2023,2023,12,2023-W12,376,2023,13,377,1,seasonal_naive,2217.0,1105.0,,135.69379844961242,-1112.0,1112.0,1236544.0,8.194921305949897
Colombia,2023,2023,13,2023-W13,377,2023,14,378,1,seasonal_naive,1627.0,1084.0,,135.69379844961242,-543.0,543.0,294849.0,4.00165671684424
Colombia,2023,2023,14,2023-W14,378,2023,15,379,1,seasonal_naive,1682.0,983.0,,135.69379844961242,-699.0,699.0,488601.0,5.151303950412751
Colombia,2023,2023,15,2023-W15,379,2023,16,380,1,seasonal_naive,1751.0,1040.0,,135.69379844961242,-711.0,711.0,505521.0,5.2397383529949435
Colombia,2023,2023,16,2023-W16,380,2023,17,381,1,seasonal_naive,2144.0,1080.0,,135.69379844961242,-1064.0,1064.0,1132096.0,7.841183695621125
Colombia,2023,2023,17,2023-W17,381,2023,18,382,1,seasonal_naive,2689.0,1385.0,,135.69379844961242,-1304.0,1304.0,1700416.0,9.609871747264988
Colombia,2023,2023,18,2023-W18,382,2023,19,383,1,seasonal_naive,2729.0,1399.0,,135.69379844961242,-1330.0,1330.0,1768900.0,9.801479619526406
Colombia,2023,2023,19,2023-W19,383,2023,20,384,1,seasonal_naive,2179.0,1533.0,,135.69379844961242,-646.0,646.0,417316.0,4.7607186723413975
Colombia,2023,2023,20,2023-W20,384,2023,21,385,1,seasonal_naive,2133.0,1706.0,,135.69379844961242,-427.0,427.0,182329.0,3.1467908252163728
Colombia,2023,2023,21,2023-W21,385,2023,22,386,1,seasonal_naive,2569.0,1904.0,,135.69379844961242,-665.0,665.0,442225.0,4.900739809763203
Colombia,2023,2023,22,2023-W22,386,2023,23,387,1,seasonal_naive,2152.0,1471.0,,135.69379844961242,-681.0,681.0,463761.0,5.018652346539461
Colombia,2023,2023,23,2023-W23,387,2023,24,388,1,seasonal_naive,2079.0,1415.0,,135.69379844961242,-664.0,664.0,440896.0,4.893370276214688
Colombia,2023,2023,24,2023-W24,388,2023,25,389,1,seasonal_naive,2082.0,1403.0,,135.69379844961242,-679.0,679.0,461041.0,5.003913279442429
Colombia,2023,2023,25,2023-W25,389,2023,26,390,1,seasonal_naive,1768.0,1224.0,,135.69379844961242,-544.0,544.0,295936.0,4.009026250392756
Colombia,2023,2023,26,2023-W26,390,2023,27,391,1,seasonal_naive,2203.0,1628.0,,135.69379844961242,-575.0,575.0,330625.0,4.237481790396755
Colombia,2023,2023,27,2023-W27,391,2023,28,392,1,seasonal_naive,2617.0,1687.0,,135.69379844961242,-930.0,930.0,864900.0,6.853666200119968
Colombia,2023,2023,28,2023-W28,392,2023,29,393,1,seasonal_naive,2458.0,1684.0,,135.69379844961242,-774.0,774.0,599076.0,5.704018966551458
Colombia,2023,2023,29,2023-W29,393,2023,30,394,1,seasonal_naive,2609.0,1542.0,,135.69379844961242,-1067.0,1067.0,1138489.0,7.863292296266674
Colombia,2023,2023,30,2023-W30,394,2023,31,395,1,seasonal_naive,2595.0,1604.0,,135.69379844961242,-991.0,991.0,982081.0,7.30320774657945
Colombia,2023,2023,31,2023-W31,395,2023,32,396,1,seasonal_naive,2876.0,1270.0,,135.69379844961242,-1606.0,1606.0,2579236.0,11.83547087891685
Colombia,2023,2023,32,2023-W32,396,2023,33,397,1,seasonal_naive,2474.0,1537.0,,135.69379844961242,-937.0,937.0,877969.0,6.905252934959581
Colombia,2023,2023,33,2023-W33,397,2023,34,398,1,seasonal_naive,2299.0,1472.0,,135.69379844961242,-827.0,827.0,683929.0,6.09460424462281
Colombia,2023,2023,34,2023-W34,398,2023,35,399,1,seasonal_naive,2504.0,1156.0,,135.69379844961242,-1348.0,1348.0,1817104.0,9.934131223399696
Colombia,2023,2023,35,2023-W35,399,2023,36,400,1,seasonal_naive,2559.0,1452.0,,135.69379844961242,-1107.0,1107.0,1225449.0,8.158073638207318
Colombia,2023,2023,36,2023-W36,400,2023,37,401,1,seasonal_naive,2681.0,1251.0,,135.69379844961242,-1430.0,1430.0,2044900.0,10.538432974378017
Colombia,2023,2023,37,2023-W37,401,2023,38,402,1,seasonal_naive,2677.0,1111.0,,135.69379844961242,-1566.0,1566.0,2452356.0,11.540689536976204
Colombia,2023,2023,38,2023-W38,402,2023,39,403,1,seasonal_naive,2809.0,1171.0,,135.69379844961242,-1638.0,1638.0,2683044.0,12.071295952469363
Colombia,2023,2023,39,2023-W39,403,2023,40,404,1,seasonal_naive,2984.0,1424.0,,135.69379844961242,-1560.0,1560.0,2433600.0,11.496472335685109
Colombia,2023,2023,40,2023-W40,404,2023,41,405,1,seasonal_naive,2632.0,1132.0,,135.69379844961242,-1500.0,1500.0,2250000.0,11.054300322774143
Colombia,2023,2023,41,2023-W41,405,2023,42,406,1,seasonal_naive,2964.0,1270.0,,135.69379844961242,-1694.0,1694.0,2869636.0,12.483989831186266
Colombia,2023,2023,42,2023-W42,406,2023,43,407,1,seasonal_naive,2969.0,1590.0,,135.69379844961242,-1379.0,1379.0,1901641.0,10.162586763403695
Colombia,2023,2023,43,2023-W43,407,2023,44,408,1,seasonal_naive,2852.0,1672.0,,135.69379844961242,-1180.0,1180.0,1392400.0,8.696049587248993
Colombia,2023,2023,44,2023-W44,408,2023,45,409,1,seasonal_naive,3322.0,1533.0,,135.69379844961242,-1789.0,1789.0,3200521.0,13.184095518295294
Colombia,2023,2023,45,2023-W45,409,2023,46,410,1,seasonal_naive,3638.0,1582.0,,135.69379844961242,-2056.0,2056.0,4227136.0,15.151760975749092
Colombia,2023,2023,46,2023-W46,410,2023,47,411,1,seasonal_naive,3999.0,1714.0,,135.69379844961242,-2285.0,2285.0,5221225.0,16.839384158359277
Colombia,2023,2023,47,2023-W47,411,2023,48,412,1,seasonal_naive,3916.0,1806.0,,135.69379844961242,-2110.0,2110.0,4452100.0,15.54971578736896
Colombia,2023,2023,48,2023-W48,412,2023,49,413,1,seasonal_naive,4130.0,1890.0,,135.69379844961242,-2240.0,2240.0,5017600.0,16.507755148676054
Colombia,2023,2023,49,2023-W49,413,2023,50,414,1,seasonal_naive,4650.0,1654.0,,135.69379844961242,-2996.0,2996.0,8976016.0,22.07912251135422
Colombia,2023,2023,50,2023-W50,414,2023,51,415,1,seasonal_naive,3922.0,1277.0,,135.69379844961242,-2645.0,2645.0,6996025.0,19.492416235825072
Colombia,2023,2023,51,2023-W51,415,2023,52,416,1,seasonal_naive,3859.0,1689.0,,135.69379844961242,-2170.0,2170.0,4708900.0,15.991887800279926
Colombia,2023,2022,51,2022-W51,363,2023,1,365,2,moving_average_4,1071.0,1656.75,,135.69379844961242,585.75,585.75,343103.0625,4.3167042760433025
Colombia,2023,2022,52,2022-W52,364,2023,2,366,2,moving_average_4,2389.0,1627.5,,135.69379844961242,-761.5,761.5,579882.25,5.611899797195006
Colombia,2023,2023,1,2023-W01,365,2023,3,367,2,moving_average_4,2177.0,1422.75,,135.69379844961242,-754.25,754.25,568893.0625,5.5584706789682645
Colombia,2023,2023,2,2023-W02,366,2023,4,368,2,moving_average_4,2237.0,1606.5,,135.69379844961242,-630.5,630.5,397530.25,4.646490902339398
Colombia,2023,2023,3,2023-W03,367,2023,5,369,2,moving_average_4,2016.0,1831.5,,135.69379844961242,-184.5,184.5,34040.25,1.3596789397012197
Colombia,2023,2023,4,2023-W04,368,2023,6,370,2,moving_average_4,1870.0,1968.5,,135.69379844961242,98.5,98.5,9702.25,0.7258990545288354
Colombia,2023,2023,5,2023-W05,369,2023,7,371,2,moving_average_4,1918.0,2204.75,,135.69379844961242,286.75,286.75,82225.5625,2.1132137450369903
Colombia,2023,2023,6,2023-W06,370,2023,8,372,2,moving_average_4,2294.0,2075.0,,135.69379844961242,-219.0,219.0,47961.0,1.613927847125025
Colombia,2023,2023,7,2023-W07,371,2023,9,373,2,moving_average_4,1311.0,2010.25,,135.69379844961242,699.25,699.25,488950.5625,5.15314633379988
Colombia,2023,2023,8,2023-W08,372,2023,10,374,2,moving_average_4,1735.0,2024.5,,135.69379844961242,289.5,289.5,83810.25,2.1334799622954095
Colombia,2023,2023,9,2023-W09,373,2023,11,375,2,moving_average_4,1752.0,1848.25,,135.69379844961242,96.25,96.25,9264.0625,0.7093176040446741
Colombia,2023,2023,10,2023-W10,374,2023,12,376,2,moving_average_4,2015.0,1814.5,,135.69379844961242,-200.5,200.5,40200.25,1.4775914764774771
Colombia,2023,2023,11,2023-W11,375,2023,13,377,2,moving_average_4,2217.0,1773.0,,135.69379844961242,-444.0,444.0,197136.0,3.272072895541146
Colombia,2023,2023,12,2023-W12,376,2023,14,378,2,moving_average_4,1627.0,1703.25,,135.69379844961242,76.25,76.25,5814.0625,0.5619269330743523
Colombia,2023,2023,13,2023-W13,377,2023,15,379,2,moving_average_4,1682.0,1929.75,,135.69379844961242,247.75,247.75,61380.0625,1.8258019366448626
Colombia,2023,2023,14,2023-W14,378,2023,16,380,2,moving_average_4,1751.0,1902.75,,135.69379844961242,151.75,151.75,23028.0625,1.1183267159873174
Colombia,2023,2023,15,2023-W15,379,2023,17,381,2,moving_average_4,2144.0,1885.25,,135.69379844961242,-258.75,258.75,66951.5625,1.9068668056785396
Colombia,2023,2023,16,2023-W16,380,2023,18,382,2,moving_average_4,2689.0,1819.25,,135.69379844961242,-869.75,869.75,756465.0625,6.409651803821874
Colombia,2023,2023,17,2023-W17,381,2023,19,383,2,moving_average_4,2729.0,1801.0,,135.69379844961242,-928.0,928.0,861184.0,6.838927133022937
Colombia,2023,2023,18,2023-W18,382,2023,20,384,2,moving_average_4,2179.0,2066.5,,135.69379844961242,-112.5,112.5,12656.25,0.8290725242080607
Colombia,2023,2023,19,2023-W19,383,2023,21,385,2,moving_average_4,2133.0,2328.25,,135.69379844961242,195.25,195.25,38122.5625,1.4389014253477677
Colombia,2023,2023,20,2023-W20,384,2023,22,386,2,moving_average_4,2569.0,2435.25,,135.69379844961242,-133.75,133.75,17889.0625,0.9856751121140277
Colombia,2023,2023,21,2023-W21,385,2023,23,387,2,moving_average_4,2152.0,2432.5,,135.69379844961242,280.5,280.5,78680.25,2.067154160358765
Colombia,2023,2023,22,2023-W22,386,2023,24,388,2,moving_average_4,2079.0,2402.5,,135.69379844961242,323.5,323.5,104652.25,2.384044102944957
Colombia,2023,2023,23,2023-W23,387,2023,25,389,2,moving_average_4,2082.0,2258.25,,135.69379844961242,176.25,176.25,31064.0625,1.2988802879259618
Colombia,2023,2023,24,2023-W24,388,2023,26,390,2,moving_average_4,1768.0,2233.25,,135.69379844961242,465.25,465.25,216457.5625,3.428675483447113
Colombia,2023,2023,25,2023-W25,389,2023,27,391,2,moving_average_4,2203.0,2220.5,,135.69379844961242,17.5,17.5,306.25,0.12896683709903167
Colombia,2023,2023,26,2023-W26,390,2023,28,392,2,moving_average_4,2617.0,2020.25,,135.69379844961242,-596.75,596.75,356110.5625,4.39776914507698
Colombia,2023,2023,27,2023-W27,391,2023,29,393,2,moving_average_4,2458.0,2033.0,,135.69379844961242,-425.0,425.0,180625.0,3.1320517581193403
Colombia,2023,2023,28,2023-W28,392,2023,30,394,2,moving_average_4,2609.0,2167.5,,135.69379844961242,-441.5,441.5,194922.25,3.253649061669856
Colombia,2023,2023,29,2023-W29,393,2023,31,395,2,moving_average_4,2595.0,2261.5,,135.69379844961242,-333.5,333.5,111222.25,2.4577394384301177
Colombia,2023,2023,30,2023-W30,394,2023,32,396,2,moving_average_4,2876.0,2471.75,,135.69379844961242,-404.25,404.25,163418.0625,2.9791339369876315
Colombia,2023,2023,31,2023-W31,395,2023,33,397,2,moving_average_4,2474.0,2569.75,,135.69379844961242,95.75,95.75,9168.0625,0.7056328372704161
Colombia,2023,2023,32,2023-W32,396,2023,34,398,2,moving_average_4,2299.0,2634.5,,135.69379844961242,335.5,335.5,112560.25,2.47247850552715
Colombia,2023,2023,33,2023-W33,397,2023,35,399,2,moving_average_4,2504.0,2638.5,,135.69379844961242,134.5,134.5,18090.25,0.9912022622754147
Colombia,2023,2023,34,2023-W34,398,2023,36,400,2,moving_average_4,2559.0,2561.0,,135.69379844961242,2.0,2.0,4.0,0.014739067097032191
Colombia,2023,2023,35,2023-W35,399,2023,37,401,2,moving_average_4,2681.0,2538.25,,135.69379844961242,-142.75,142.75,20377.5625,1.0520009140506725
Colombia,2023,2023,36,2023-W36,400,2023,38,402,2,moving_average_4,2677.0,2459.0,,135.69379844961242,-218.0,218.0,47524.0,1.6065583135765087
Colombia,2023,2023,37,2023-W37,401,2023,39,403,2,moving_average_4,2809.0,2510.75,,135.69379844961242,-298.25,298.25,88953.0625,2.1979633808449255
Colombia,2023,2023,38,2023-W38,402,2023,40,404,2,moving_average_4,2984.0,2605.25,,135.69379844961242,-378.75,378.75,143451.5625,2.791210831500471
Colombia,2023,2023,39,2023-W39,403,2023,41,405,2,moving_average_4,2632.0,2681.5,,135.69379844961242,49.5,49.5,2450.25,0.3647919106515467
Colombia,2023,2023,40,2023-W40,404,2023,42,406,2,moving_average_4,2964.0,2787.75,,135.69379844961242,-176.25,176.25,31064.0625,1.2988802879259618
Colombia,2023,2023,41,2023-W41,405,2023,43,407,2,moving_average_4,2969.0,2775.5,,135.69379844961242,-193.5,193.5,37442.25,1.4260047416378645
Colombia,2023,2023,42,2023-W42,406,2023,44,408,2,moving_average_4,2852.0,2847.25,,135.69379844961242,-4.75,4.75,22.5625,0.03500528435545145
Colombia,2023,2023,43,2023-W43,407,2023,45,409,2,moving_average_4,3322.0,2887.25,,135.69379844961242,-434.75,434.75,189007.5625,3.2039047102173726
Colombia,2023,2023,44,2023-W44,408,2023,46,410,2,moving_average_4,3638.0,2854.25,,135.69379844961242,-783.75,783.75,614264.0625,5.775871918649489
Colombia,2023,2023,45,2023-W45,409,2023,47,411,2,moving_average_4,3999.0,3026.75,,135.69379844961242,-972.25,972.25,945270.0625,7.165028992544774
Colombia,2023,2023,46,2023-W46,410,2023,48,412,2,moving_average_4,3916.0,3195.25,,135.69379844961242,-720.75,720.75,519480.5625,5.311591305092976
Colombia,2023,2023,47,2023-W47,411,2023,49,413,2,moving_average_4,4130.0,3452.75,,135.69379844961242,-677.25,677.25,458667.5625,4.991016595732526
Colombia,2023,2023,48,2023-W48,412,2023,50,414,2,moving_average_4,4650.0,3718.75,,135.69379844961242,-931.25,931.25,867226.5625,6.8628781170556135
Colombia,2023,2023,49,2023-W49,413,2023,51,415,2,moving_average_4,3922.0,3920.75,,135.69379844961242,-1.25,1.25,1.5625,0.00921191693564512
Colombia,2023,2023,50,2023-W50,414,2023,52,416,2,moving_average_4,3859.0,4173.75,,135.69379844961242,314.75,314.75,99067.5625,2.319560684395441
Colombia,2023,2022,51,2022-W51,363,2023,1,365,2,persistence,1071.0,1277.0,,135.69379844961242,206.0,206.0,42436.0,1.5181239109943157
Colombia,2023,2022,52,2022-W52,364,2023,2,366,2,persistence,2389.0,1689.0,,135.69379844961242,-700.0,700.0,490000.0,5.158673483961267
Colombia,2023,2023,1,2023-W01,365,2023,3,367,2,persistence,2177.0,1071.0,,135.69379844961242,-1106.0,1106.0,1223236.0,8.150704104658802
Colombia,2023,2023,2,2023-W02,366,2023,4,368,2,persistence,2237.0,2389.0,,135.69379844961242,152.0,152.0,23104.0,1.1201690993744464
Colombia,2023,2023,3,2023-W03,367,2023,5,369,2,persistence,2016.0,2177.0,,135.69379844961242,161.0,161.0,25921.0,1.1864949013110913
Colombia,2023,2023,4,2023-W04,368,2023,6,370,2,persistence,1870.0,2237.0,,135.69379844961242,367.0,367.0,134689.0,2.704618812305407
Colombia,2023,2023,5,2023-W05,369,2023,7,371,2,persistence,1918.0,2016.0,,135.69379844961242,98.0,98.0,9604.0,0.7222142877545773
Colombia,2023,2023,6,2023-W06,370,2023,8,372,2,persistence,2294.0,1870.0,,135.69379844961242,-424.0,424.0,179776.0,3.1246822245708246
Colombia,2023,2023,7,2023-W07,371,2023,9,373,2,persistence,1311.0,1918.0,,135.69379844961242,607.0,607.0,368449.0,4.4733068639492695
Colombia,2023,2023,8,2023-W08,372,2023,10,374,2,persistence,1735.0,2294.0,,135.69379844961242,559.0,559.0,312481.0,4.119569253620497
Colombia,2023,2023,9,2023-W09,373,2023,11,375,2,persistence,1752.0,1311.0,,135.69379844961242,-441.0,441.0,194481.0,3.249964294895598
Colombia,2023,2023,10,2023-W10,374,2023,12,376,2,persistence,2015.0,1735.0,,135.69379844961242,-280.0,280.0,78400.0,2.0634693935845068
Colombia,2023,2023,11,2023-W11,375,2023,13,377,2,persistence,2217.0,1752.0,,135.69379844961242,-465.0,465.0,216225.0,3.426833100059984
Colombia,2023,2023,12,2023-W12,376,2023,14,378,2,persistence,1627.0,2015.0,,135.69379844961242,388.0,388.0,150544.0,2.859379016824245
Colombia,2023,2023,13,2023-W13,377,2023,15,379,2,persistence,1682.0,2217.0,,135.69379844961242,535.0,535.0,286225.0,3.942700448456111
Colombia,2023,2023,14,2023-W14,378,2023,16,380,2,persistence,1751.0,1627.0,,135.69379844961242,-124.0,124.0,15376.0,0.9138221600159958
Colombia,2023,2023,15,2023-W15,379,2023,17,381,2,persistence,2144.0,1682.0,,135.69379844961242,-462.0,462.0,213444.0,3.404724499414436
Colombia,2023,2023,16,2023-W16,380,2023,18,382,2,persistence,2689.0,1751.0,,135.69379844961242,-938.0,938.0,879844.0,6.912622468508097
Colombia,2023,2023,17,2023-W17,381,2023,19,383,2,persistence,2729.0,2144.0,,135.69379844961242,-585.0,585.0,342225.0,4.311177125881915
Colombia,2023,2023,18,2023-W18,382,2023,20,384,2,persistence,2179.0,2689.0,,135.69379844961242,510.0,510.0,260100.0,3.7584621097432085
Colombia,2023,2023,19,2023-W19,383,2023,21,385,2,persistence,2133.0,2729.0,,135.69379844961242,596.0,596.0,355216.0,4.392241994915593
Colombia,2023,2023,20,2023-W20,384,2023,22,386,2,persistence,2569.0,2179.0,,135.69379844961242,-390.0,390.0,152100.0,2.874118083921277
Colombia,2023,2023,21,2023-W21,385,2023,23,387,2,persistence,2152.0,2133.0,,135.69379844961242,-19.0,19.0,361.0,0.1400211374218058
Colombia,2023,2023,22,2023-W22,386,2023,24,388,2,persistence,2079.0,2569.0,,135.69379844961242,490.0,490.0,240100.0,3.611071438772887
Colombia,2023,2023,23,2023-W23,387,2023,25,389,2,persistence,2082.0,2152.0,,135.69379844961242,70.0,70.0,4900.0,0.5158673483961267
Colombia,2023,2023,24,2023-W24,388,2023,26,390,2,persistence,1768.0,2079.0,,135.69379844961242,311.0,311.0,96721.0,2.2919249335885055
Colombia,2023,2023,25,2023-W25,389,2023,27,391,2,persistence,2203.0,2082.0,,135.69379844961242,-121.0,121.0,14641.0,0.8917135593704475
Colombia,2023,2023,26,2023-W26,390,2023,28,392,2,persistence,2617.0,1768.0,,135.69379844961242,-849.0,849.0,720801.0,6.2567339826901645
Colombia,2023,2023,27,2023-W27,391,2023,29,393,2,persistence,2458.0,2203.0,,135.69379844961242,-255.0,255.0,65025.0,1.8792310548716042
Colombia,2023,2023,28,2023-W28,392,2023,30,394,2,persistence,2609.0,2617.0,,135.69379844961242,8.0,8.0,64.0,0.058956268388128764
Colombia,2023,2023,29,2023-W29,393,2023,31,395,2,persistence,2595.0,2458.0,,135.69379844961242,-137.0,137.0,18769.0,1.009626096146705
Colombia,2023,2023,30,2023-W30,394,2023,32,396,2,persistence,2876.0,2609.0,,135.69379844961242,-267.0,267.0,71289.0,1.9676654574537975
Colombia,2023,2023,31,2023-W31,395,2023,33,397,2,persistence,2474.0,2595.0,,135.69379844961242,121.0,121.0,14641.0,0.8917135593704475
Colombia,2023,2023,32,2023-W32,396,2023,34,398,2,persistence,2299.0,2876.0,,135.69379844961242,577.0,577.0,332929.0,4.2522208574937865
Colombia,2023,2023,33,2023-W33,397,2023,35,399,2,persistence,2504.0,2474.0,,135.69379844961242,-30.0,30.0,900.0,0.22108600645548285
Colombia,2023,2023,34,2023-W34,398,2023,36,400,2,persistence,2559.0,2299.0,,135.69379844961242,-260.0,260.0,67600.0,1.9160787226141847
Colombia,2023,2023,35,2023-W35,399,2023,37,401,2,persistence,2681.0,2504.0,,135.69379844961242,-177.0,177.0,31329.0,1.304407438087349
Colombia,2023,2023,36,2023-W36,400,2023,38,402,2,persistence,2677.0,2559.0,,135.69379844961242,-118.0,118.0,13924.0,0.8696049587248992
Colombia,2023,2023,37,2023-W37,401,2023,39,403,2,persistence,2809.0,2681.0,,135.69379844961242,-128.0,128.0,16384.0,0.9433002942100602
Colombia,2023,2023,38,2023-W38,402,2023,40,404,2,persistence,2984.0,2677.0,,135.69379844961242,-307.0,307.0,94249.0,2.262446799394441
Colombia,2023,2023,39,2023-W39,403,2023,41,405,2,persistence,2632.0,2809.0,,135.69379844961242,177.0,177.0,31329.0,1.304407438087349
Colombia,2023,2023,40,2023-W40,404,2023,42,406,2,persistence,2964.0,2984.0,,135.69379844961242,20.0,20.0,400.0,0.1473906709703219
Colombia,2023,2023,41,2023-W41,405,2023,43,407,2,persistence,2969.0,2632.0,,135.69379844961242,-337.0,337.0,113569.0,2.483532805849924
Colombia,2023,2023,42,2023-W42,406,2023,44,408,2,persistence,2852.0,2964.0,,135.69379844961242,112.0,112.0,12544.0,0.8253877574338027
Colombia,2023,2023,43,2023-W43,407,2023,45,409,2,persistence,3322.0,2969.0,,135.69379844961242,-353.0,353.0,124609.0,2.6014453426261817
Colombia,2023,2023,44,2023-W44,408,2023,46,410,2,persistence,3638.0,2852.0,,135.69379844961242,-786.0,786.0,617796.0,5.792453369133651
Colombia,2023,2023,45,2023-W45,409,2023,47,411,2,persistence,3999.0,3322.0,,135.69379844961242,-677.0,677.0,458329.0,4.989174212345397
Colombia,2023,2023,46,2023-W46,410,2023,48,412,2,persistence,3916.0,3638.0,,135.69379844961242,-278.0,278.0,77284.0,2.0487303264874743
Colombia,2023,2023,47,2023-W47,411,2023,49,413,2,persistence,4130.0,3999.0,,135.69379844961242,-131.0,131.0,17161.0,0.9654088948556084
Colombia,2023,2023,48,2023-W48,412,2023,50,414,2,persistence,4650.0,3916.0,,135.69379844961242,-734.0,734.0,538756.0,5.409237624610814
Colombia,2023,2023,49,2023-W49,413,2023,51,415,2,persistence,3922.0,4130.0,,135.69379844961242,208.0,208.0,43264.0,1.5328629780913479
Colombia,2023,2023,50,2023-W50,414,2023,52,416,2,persistence,3859.0,4650.0,,135.69379844961242,791.0,791.0,625681.0,5.829301036876231
Colombia,2023,2022,51,2022-W51,363,2023,1,365,2,seasonal_naive,1071.0,675.0,,135.69379844961242,-396.0,396.0,156816.0,2.9183352852123736
Colombia,2023,2022,52,2022-W52,364,2023,2,366,2,seasonal_naive,2389.0,1338.0,,135.69379844961242,-1051.0,1051.0,1104601.0,7.745379759490416
Colombia,2023,2023,1,2023-W01,365,2023,3,367,2,seasonal_naive,2177.0,1169.0,,135.69379844961242,-1008.0,1008.0,1016064.0,7.428489816904224
Colombia,2023,2023,2,2023-W02,366,2023,4,368,2,seasonal_naive,2237.0,1189.0,,135.69379844961242,-1048.0,1048.0,1098304.0,7.7232711588448675
Colombia,2023,2023,3,2023-W03,367,2023,5,369,2,seasonal_naive,2016.0,987.0,,135.69379844961242,-1029.0,1029.0,1058841.0,7.583250021423062
Colombia,2023,2023,4,2023-W04,368,2023,6,370,2,seasonal_naive,1870.0,1087.0,,135.69379844961242,-783.0,783.0,613089.0,5.770344768488102
Colombia,2023,2023,5,2023-W05,369,2023,7,371,2,seasonal_naive,1918.0,935.0,,135.69379844961242,-983.0,983.0,966289.0,7.244251478191321
Colombia,2023,2023,6,2023-W06,370,2023,8,372,2,seasonal_naive,2294.0,885.0,,135.69379844961242,-1409.0,1409.0,1985281.0,10.383672769859178
Colombia,2023,2023,7,2023-W07,371,2023,9,373,2,seasonal_naive,1311.0,986.0,,135.69379844961242,-325.0,325.0,105625.0,2.3950984032677307
Colombia,2023,2023,8,2023-W08,372,2023,10,374,2,seasonal_naive,1735.0,925.0,,135.69379844961242,-810.0,810.0,656100.0,5.969322174298037
Colombia,2023,2023,9,2023-W09,373,2023,11,375,2,seasonal_naive,1752.0,867.0,,135.69379844961242,-885.0,885.0,783225.0,6.522037190436744
Colombia,2023,2023,10,2023-W10,374,2023,12,376,2,seasonal_naive,2015.0,924.0,,135.69379844961242,-1091.0,1091.0,1190281.0,8.04016110143106
Colombia,2023,2023,11,2023-W11,375,2023,13,377,2,seasonal_naive,2217.0,1105.0,,135.69379844961242,-1112.0,1112.0,1236544.0,8.194921305949897
Colombia,2023,2023,12,2023-W12,376,2023,14,378,2,seasonal_naive,1627.0,1084.0,,135.69379844961242,-543.0,543.0,294849.0,4.00165671684424
Colombia,2023,2023,13,2023-W13,377,2023,15,379,2,seasonal_naive,1682.0,983.0,,135.69379844961242,-699.0,699.0,488601.0,5.151303950412751
Colombia,2023,2023,14,2023-W14,378,2023,16,380,2,seasonal_naive,1751.0,1040.0,,135.69379844961242,-711.0,711.0,505521.0,5.2397383529949435
Colombia,2023,2023,15,2023-W15,379,2023,17,381,2,seasonal_naive,2144.0,1080.0,,135.69379844961242,-1064.0,1064.0,1132096.0,7.841183695621125
Colombia,2023,2023,16,2023-W16,380,2023,18,382,2,seasonal_naive,2689.0,1385.0,,135.69379844961242,-1304.0,1304.0,1700416.0,9.609871747264988
Colombia,2023,2023,17,2023-W17,381,2023,19,383,2,seasonal_naive,2729.0,1399.0,,135.69379844961242,-1330.0,1330.0,1768900.0,9.801479619526406
Colombia,2023,2023,18,2023-W18,382,2023,20,384,2,seasonal_naive,2179.0,1533.0,,135.69379844961242,-646.0,646.0,417316.0,4.7607186723413975
Colombia,2023,2023,19,2023-W19,383,2023,21,385,2,seasonal_naive,2133.0,1706.0,,135.69379844961242,-427.0,427.0,182329.0,3.1467908252163728
Colombia,2023,2023,20,2023-W20,384,2023,22,386,2,seasonal_naive,2569.0,1904.0,,135.69379844961242,-665.0,665.0,442225.0,4.900739809763203
Colombia,2023,2023,21,2023-W21,385,2023,23,387,2,seasonal_naive,2152.0,1471.0,,135.69379844961242,-681.0,681.0,463761.0,5.018652346539461
Colombia,2023,2023,22,2023-W22,386,2023,24,388,2,seasonal_naive,2079.0,1415.0,,135.69379844961242,-664.0,664.0,440896.0,4.893370276214688
Colombia,2023,2023,23,2023-W23,387,2023,25,389,2,seasonal_naive,2082.0,1403.0,,135.69379844961242,-679.0,679.0,461041.0,5.003913279442429
Colombia,2023,2023,24,2023-W24,388,2023,26,390,2,seasonal_naive,1768.0,1224.0,,135.69379844961242,-544.0,544.0,295936.0,4.009026250392756
Colombia,2023,2023,25,2023-W25,389,2023,27,391,2,seasonal_naive,2203.0,1628.0,,135.69379844961242,-575.0,575.0,330625.0,4.237481790396755
Colombia,2023,2023,26,2023-W26,390,2023,28,392,2,seasonal_naive,2617.0,1687.0,,135.69379844961242,-930.0,930.0,864900.0,6.853666200119968
Colombia,2023,2023,27,2023-W27,391,2023,29,393,2,seasonal_naive,2458.0,1684.0,,135.69379844961242,-774.0,774.0,599076.0,5.704018966551458
Colombia,2023,2023,28,2023-W28,392,2023,30,394,2,seasonal_naive,2609.0,1542.0,,135.69379844961242,-1067.0,1067.0,1138489.0,7.863292296266674
Colombia,2023,2023,29,2023-W29,393,2023,31,395,2,seasonal_naive,2595.0,1604.0,,135.69379844961242,-991.0,991.0,982081.0,7.30320774657945
Colombia,2023,2023,30,2023-W30,394,2023,32,396,2,seasonal_naive,2876.0,1270.0,,135.69379844961242,-1606.0,1606.0,2579236.0,11.83547087891685
Colombia,2023,2023,31,2023-W31,395,2023,33,397,2,seasonal_naive,2474.0,1537.0,,135.69379844961242,-937.0,937.0,877969.0,6.905252934959581
Colombia,2023,2023,32,2023-W32,396,2023,34,398,2,seasonal_naive,2299.0,1472.0,,135.69379844961242,-827.0,827.0,683929.0,6.09460424462281
Colombia,2023,2023,33,2023-W33,397,2023,35,399,2,seasonal_naive,2504.0,1156.0,,135.69379844961242,-1348.0,1348.0,1817104.0,9.934131223399696
Colombia,2023,2023,34,2023-W34,398,2023,36,400,2,seasonal_naive,2559.0,1452.0,,135.69379844961242,-1107.0,1107.0,1225449.0,8.158073638207318
Colombia,2023,2023,35,2023-W35,399,2023,37,401,2,seasonal_naive,2681.0,1251.0,,135.69379844961242,-1430.0,1430.0,2044900.0,10.538432974378017
Colombia,2023,2023,36,2023-W36,400,2023,38,402,2,seasonal_naive,2677.0,1111.0,,135.69379844961242,-1566.0,1566.0,2452356.0,11.540689536976204
Colombia,2023,2023,37,2023-W37,401,2023,39,403,2,seasonal_naive,2809.0,1171.0,,135.69379844961242,-1638.0,1638.0,2683044.0,12.071295952469363
Colombia,2023,2023,38,2023-W38,402,2023,40,404,2,seasonal_naive,2984.0,1424.0,,135.69379844961242,-1560.0,1560.0,2433600.0,11.496472335685109
Colombia,2023,2023,39,2023-W39,403,2023,41,405,2,seasonal_naive,2632.0,1132.0,,135.69379844961242,-1500.0,1500.0,2250000.0,11.054300322774143
Colombia,2023,2023,40,2023-W40,404,2023,42,406,2,seasonal_naive,2964.0,1270.0,,135.69379844961242,-1694.0,1694.0,2869636.0,12.483989831186266
Colombia,2023,2023,41,2023-W41,405,2023,43,407,2,seasonal_naive,2969.0,1590.0,,135.69379844961242,-1379.0,1379.0,1901641.0,10.162586763403695
Colombia,2023,2023,42,2023-W42,406,2023,44,408,2,seasonal_naive,2852.0,1672.0,,135.69379844961242,-1180.0,1180.0,1392400.0,8.696049587248993
Colombia,2023,2023,43,2023-W43,407,2023,45,409,2,seasonal_naive,3322.0,1533.0,,135.69379844961242,-1789.0,1789.0,3200521.0,13.184095518295294
Colombia,2023,2023,44,2023-W44,408,2023,46,410,2,seasonal_naive,3638.0,1582.0,,135.69379844961242,-2056.0,2056.0,4227136.0,15.151760975749092
Colombia,2023,2023,45,2023-W45,409,2023,47,411,2,seasonal_naive,3999.0,1714.0,,135.69379844961242,-2285.0,2285.0,5221225.0,16.839384158359277
Colombia,2023,2023,46,2023-W46,410,2023,48,412,2,seasonal_naive,3916.0,1806.0,,135.69379844961242,-2110.0,2110.0,4452100.0,15.54971578736896
Colombia,2023,2023,47,2023-W47,411,2023,49,413,2,seasonal_naive,4130.0,1890.0,,135.69379844961242,-2240.0,2240.0,5017600.0,16.507755148676054
Colombia,2023,2023,48,2023-W48,412,2023,50,414,2,seasonal_naive,4650.0,1654.0,,135.69379844961242,-2996.0,2996.0,8976016.0,22.07912251135422
Colombia,2023,2023,49,2023-W49,413,2023,51,415,2,seasonal_naive,3922.0,1277.0,,135.69379844961242,-2645.0,2645.0,6996025.0,19.492416235825072
Colombia,2023,2023,50,2023-W50,414,2023,52,416,2,seasonal_naive,3859.0,1689.0,,135.69379844961242,-2170.0,2170.0,4708900.0,15.991887800279926
Colombia,2023,2022,49,2022-W49,361,2023,1,365,4,moving_average_4,1071.0,1748.0,,135.69379844961242,677.0,677.0,458329.0,4.989174212345397
Colombia,2023,2022,50,2022-W50,362,2023,2,366,4,moving_average_4,2389.0,1766.0,,135.69379844961242,-623.0,623.0,388129.0,4.591219400725527
Colombia,2023,2022,51,2022-W51,363,2023,3,367,4,moving_average_4,2177.0,1656.75,,135.69379844961242,-520.25,520.25,270660.0625,3.8339998286154984
Colombia,2023,2022,52,2022-W52,364,2023,4,368,4,moving_average_4,2237.0,1627.5,,135.69379844961242,-609.5,609.5,371490.25,4.49173069782056
Colombia,2023,2023,1,2023-W01,365,2023,5,369,4,moving_average_4,2016.0,1422.75,,135.69379844961242,-593.25,593.25,351945.5625,4.371975777657173
Colombia,2023,2023,2,2023-W02,366,2023,6,370,4,moving_average_4,1870.0,1606.5,,135.69379844961242,-263.5,263.5,69432.25,1.941872090033991
Colombia,2023,2023,3,2023-W03,367,2023,7,371,4,moving_average_4,1918.0,1831.5,,135.69379844961242,-86.5,86.5,7482.25,0.6374646519466423
Colombia,2023,2023,4,2023-W04,368,2023,8,372,4,moving_average_4,2294.0,1968.5,,135.69379844961242,-325.5,325.5,105950.25,2.398783170041989
Colombia,2023,2023,5,2023-W05,369,2023,9,373,4,moving_average_4,1311.0,2204.75,,135.69379844961242,893.75,893.75,798789.0625,6.58652060898626
Colombia,2023,2023,6,2023-W06,370,2023,10,374,4,moving_average_4,1735.0,2075.0,,135.69379844961242,340.0,340.0,115600.0,2.505641406495472
Colombia,2023,2023,7,2023-W07,371,2023,11,375,4,moving_average_4,1752.0,2010.25,,135.69379844961242,258.25,258.25,66693.0625,1.9031820389042815
Colombia,2023,2023,8,2023-W08,372,2023,12,376,4,moving_average_4,2015.0,2024.5,,135.69379844961242,9.5,9.5,90.25,0.0700105687109029
Colombia,2023,2023,9,2023-W09,373,2023,13,377,4,moving_average_4,2217.0,1848.25,,135.69379844961242,-368.75,368.75,135976.5625,2.7175154960153103
Colombia,2023,2023,10,2023-W10,374,2023,14,378,4,moving_average_4,1627.0,1814.5,,135.69379844961242,187.5,187.5,35156.25,1.3817875403467679
Colombia,2023,2023,11,2023-W11,375,2023,15,379,4,moving_average_4,1682.0,1773.0,,135.69379844961242,91.0,91.0,8281.0,0.6706275529149647
Colombia,2023,2023,12,2023-W12,376,2023,16,380,4,moving_average_4,1751.0,1703.25,,135.69379844961242,-47.75,47.75,2280.0625,0.35189522694164355
Colombia,2023,2023,13,2023-W13,377,2023,17,381,4,moving_average_4,2144.0,1929.75,,135.69379844961242,-214.25,214.25,45903.0625,1.5789225627695733
Colombia,2023,2023,14,2023-W14,378,2023,18,382,4,moving_average_4,2689.0,1902.75,,135.69379844961242,-786.25,786.25,618189.0625,5.79429575252078
Colombia,2023,2023,15,2023-W15,379,2023,19,383,4,moving_average_4,2729.0,1885.25,,135.69379844961242,-843.75,843.75,711914.0625,6.218043931560455
Colombia,2023,2023,16,2023-W16,380,2023,20,384,4,moving_average_4,2179.0,1819.25,,135.69379844961242,-359.75,359.75,129420.0625,2.6511896940786652
Colombia,2023,2023,17,2023-W17,381,2023,21,385,4,moving_average_4,2133.0,1801.0,,135.69379844961242,-332.0,332.0,110224.0,2.446685138107344
Colombia,2023,2023,18,2023-W18,382,2023,22,386,4,moving_average_4,2569.0,2066.5,,135.69379844961242,-502.5,502.5,252506.25,3.7031906081293378
Colombia,2023,2023,19,2023-W19,383,2023,23,387,4,moving_average_4,2152.0,2328.25,,135.69379844961242,176.25,176.25,31064.0625,1.2988802879259618
Colombia,2023,2023,20,2023-W20,384,2023,24,388,4,moving_average_4,2079.0,2435.25,,135.69379844961242,356.25,356.25,126914.0625,2.625396326658859
Colombia,2023,2023,21,2023-W21,385,2023,25,389,4,moving_average_4,2082.0,2432.5,,135.69379844961242,350.5,350.5,122850.25,2.5830215087548916
Colombia,2023,2023,22,2023-W22,386,2023,26,390,4,moving_average_4,1768.0,2402.5,,135.69379844961242,634.5,634.5,402590.25,4.675969036533463
Colombia,2023,2023,23,2023-W23,387,2023,27,391,4,moving_average_4,2203.0,2258.25,,135.69379844961242,55.25,55.25,3052.5625,0.4071667285555143
Colombia,2023,2023,24,2023-W24,388,2023,28,392,4,moving_average_4,2617.0,2233.25,,135.69379844961242,-383.75,383.75,147264.0625,2.8280584992430513
Colombia,2023,2023,25,2023-W25,389,2023,29,393,4,moving_average_4,2458.0,2220.5,,135.69379844961242,-237.5,237.5,56406.25,1.7502642177725727
Colombia,2023,2023,26,2023-W26,390,2023,30,394,4,moving_average_4,2609.0,2020.25,,135.69379844961242,-588.75,588.75,346626.5625,4.338812876688851
Colombia,2023,2023,27,2023-W27,391,2023,31,395,4,moving_average_4,2595.0,2033.0,,135.69379844961242,-562.0,562.0,315844.0,4.141677854266045
Colombia,2023,2023,28,2023-W28,392,2023,32,396,4,moving_average_4,2876.0,2167.5,,135.69379844961242,-708.5,708.5,501972.25,5.221314519123654
Colombia,2023,2023,29,2023-W29,393,2023,33,397,4,moving_average_4,2474.0,2261.5,,135.69379844961242,-212.5,212.5,45156.25,1.5660258790596702
Colombia,2023,2023,30,2023-W30,394,2023,34,398,4,moving_average_4,2299.0,2471.75,,135.69379844961242,172.75,172.75,29842.5625,1.2730869205061555
Colombia,2023,2023,31,2023-W31,395,2023,35,399,4,moving_average_4,2504.0,2569.75,,135.69379844961242,65.75,65.75,4323.0625,0.48454683081493327
Colombia,2023,2023,32,2023-W32,396,2023,36,400,4,moving_average_4,2559.0,2634.5,,135.69379844961242,75.5,75.5,5700.25,0.5563997829129652
Colombia,2023,2023,33,2023-W33,397,2023,37,401,4,moving_average_4,2681.0,2638.5,,135.69379844961242,-42.5,42.5,1806.25,0.313205175811934
Colombia,2023,2023,34,2023-W34,398,2023,38,402,4,moving_average_4,2677.0,2561.0,,135.69379844961242,-116.0,116.0,13456.0,0.8548658916278671
Colombia,2023,2023,35,2023-W35,399,2023,39,403,4,moving_average_4,2809.0,2538.25,,135.69379844961242,-270.75,270.75,73305.5625,1.9953012082607329
Colombia,2023,2023,36,2023-W36,400,2023,40,404,4,moving_average_4,2984.0,2459.0,,135.69379844961242,-525.0,525.0,275625.0,3.86900511297095
Colombia,2023,2023,37,2023-W37,401,2023,41,405,4,moving_average_4,2632.0,2510.75,,135.69379844961242,-121.25,121.25,14701.5625,0.8935559427575765
Colombia,2023,2023,38,2023-W38,402,2023,42,406,4,moving_average_4,2964.0,2605.25,,135.69379844961242,-358.75,358.75,128701.5625,2.643820160530149
Colombia,2023,2023,39,2023-W39,403,2023,43,407,4,moving_average_4,2969.0,2681.5,,135.69379844961242,-287.5,287.5,82656.25,2.1187408951983775
Colombia,2023,2023,40,2023-W40,404,2023,44,408,4,moving_average_4,2852.0,2787.75,,135.69379844961242,-64.25,64.25,4128.0625,0.4734925304921591
Colombia,2023,2023,41,2023-W41,405,2023,45,409,4,moving_average_4,3322.0,2775.5,,135.69379844961242,-546.5,546.5,298662.25,4.027450084264046
Colombia,2023,2023,42,2023-W42,406,2023,46,410,4,moving_average_4,3638.0,2847.25,,135.69379844961242,-790.75,790.75,625285.5625,5.827458653489102
Colombia,2023,2023,43,2023-W43,407,2023,47,411,4,moving_average_4,3999.0,2887.25,,135.69379844961242,-1111.75,1111.75,1235988.0625,8.19307892256277
Colombia,2023,2023,44,2023-W44,408,2023,48,412,4,moving_average_4,3916.0,2854.25,,135.69379844961242,-1061.75,1061.75,1127313.0625,7.824602245136964
Colombia,2023,2023,45,2023-W45,409,2023,49,413,4,moving_average_4,4130.0,3026.75,,135.69379844961242,-1103.25,1103.25,1217160.5625,8.130437887400381
Colombia,2023,2023,46,2023-W46,410,2023,50,414,4,moving_average_4,4650.0,3195.25,,135.69379844961242,-1454.75,1454.75,2116297.5625,10.720828929703789
Colombia,2023,2023,47,2023-W47,411,2023,51,415,4,moving_average_4,3922.0,3452.75,,135.69379844961242,-469.25,469.25,220195.5625,3.4581536176411776
Colombia,2023,2023,48,2023-W48,412,2023,52,416,4,moving_average_4,3859.0,3718.75,,135.69379844961242,-140.25,140.25,19670.0625,1.0335770801793824
Colombia,2023,2022,49,2022-W49,361,2023,1,365,4,persistence,1071.0,1890.0,,135.69379844961242,819.0,819.0,670761.0,6.0356479762346815
Colombia,2023,2022,50,2022-W50,362,2023,2,366,4,persistence,2389.0,1654.0,,135.69379844961242,-735.0,735.0,540225.0,5.41660715815933
Colombia,2023,2022,51,2022-W51,363,2023,3,367,4,persistence,2177.0,1277.0,,135.69379844961242,-900.0,900.0,810000.0,6.632580193664485
Colombia,2023,2022,52,2022-W52,364,2023,4,368,4,persistence,2237.0,1689.0,,135.69379844961242,-548.0,548.0,300304.0,4.03850438458682
Colombia,2023,2023,1,2023-W01,365,2023,5,369,4,persistence,2016.0,1071.0,,135.69379844961242,-945.0,945.0,893025.0,6.96420920334771
Colombia,2023,2023,2,2023-W02,366,2023,6,370,4,persistence,1870.0,2389.0,,135.69379844961242,519.0,519.0,269361.0,3.8247879116798535
Colombia,2023,2023,3,2023-W03,367,2023,7,371,4,persistence,1918.0,2177.0,,135.69379844961242,259.0,259.0,67081.0,1.9087091890656687
Colombia,2023,2023,4,2023-W04,368,2023,8,372,4,persistence,2294.0,2237.0,,135.69379844961242,-57.0,57.0,3249.0,0.42006341226541744
Colombia,2023,2023,5,2023-W05,369,2023,9,373,4,persistence,1311.0,2016.0,,135.69379844961242,705.0,705.0,497025.0,5.195521151703847
Colombia,2023,2023,6,2023-W06,370,2023,10,374,4,persistence,1735.0,1870.0,,135.69379844961242,135.0,135.0,18225.0,0.9948870290496729
Colombia,2023,2023,7,2023-W07,371,2023,11,375,4,persistence,1752.0,1918.0,,135.69379844961242,166.0,166.0,27556.0,1.223342569053672
Colombia,2023,2023,8,2023-W08,372,2023,12,376,4,persistence,2015.0,2294.0,,135.69379844961242,279.0,279.0,77841.0,2.0560998600359905
Colombia,2023,2023,9,2023-W09,373,2023,13,377,4,persistence,2217.0,1311.0,,135.69379844961242,-906.0,906.0,820836.0,6.6767973949555826
Colombia,2023,2023,10,2023-W10,374,2023,14,378,4,persistence,1627.0,1735.0,,135.69379844961242,108.0,108.0,11664.0,0.7959096232397382
Colombia,2023,2023,11,2023-W11,375,2023,15,379,4,persistence,1682.0,1752.0,,135.69379844961242,70.0,70.0,4900.0,0.5158673483961267
Colombia,2023,2023,12,2023-W12,376,2023,16,380,4,persistence,1751.0,2015.0,,135.69379844961242,264.0,264.0,69696.0,1.945556856808249
Colombia,2023,2023,13,2023-W13,377,2023,17,381,4,persistence,2144.0,2217.0,,135.69379844961242,73.0,73.0,5329.0,0.5379759490416749
Colombia,2023,2023,14,2023-W14,378,2023,18,382,4,persistence,2689.0,1627.0,,135.69379844961242,-1062.0,1062.0,1127844.0,7.826444628524093
Colombia,2023,2023,15,2023-W15,379,2023,19,383,4,persistence,2729.0,1682.0,,135.69379844961242,-1047.0,1047.0,1096209.0,7.715901625296351
Colombia,2023,2023,16,2023-W16,380,2023,20,384,4,persistence,2179.0,1751.0,,135.69379844961242,-428.0,428.0,183184.0,3.1541603587648885
Colombia,2023,2023,17,2023-W17,381,2023,21,385,4,persistence,2133.0,2144.0,,135.69379844961242,11.0,11.0,121.0,0.08106486903367704
Colombia,2023,2023,18,2023-W18,382,2023,22,386,4,persistence,2569.0,2689.0,,135.69379844961242,120.0,120.0,14400.0,0.8843440258219314
Colombia,2023,2023,19,2023-W19,383,2023,23,387,4,persistence,2152.0,2729.0,,135.69379844961242,577.0,577.0,332929.0,4.2522208574937865
Colombia,2023,2023,20,2023-W20,384,2023,24,388,4,persistence,2079.0,2179.0,,135.69379844961242,100.0,100.0,10000.0,0.7369533548516095
Colombia,2023,2023,21,2023-W21,385,2023,25,389,4,persistence,2082.0,2133.0,,135.69379844961242,51.0,51.0,2601.0,0.37584621097432086
Colombia,2023,2023,22,2023-W22,386,2023,26,390,4,persistence,1768.0,2569.0,,135.69379844961242,801.0,801.0,641601.0,5.902996372361392
Colombia,2023,2023,23,2023-W23,387,2023,27,391,4,persistence,2203.0,2152.0,,135.69379844961242,-51.0,51.0,2601.0,0.37584621097432086
Colombia,2023,2023,24,2023-W24,388,2023,28,392,4,persistence,2617.0,2079.0,,135.69379844961242,-538.0,538.0,289444.0,3.964809049101659
Colombia,2023,2023,25,2023-W25,389,2023,29,393,4,persistence,2458.0,2082.0,,135.69379844961242,-376.0,376.0,141376.0,2.770944614242052
Colombia,2023,2023,26,2023-W26,390,2023,30,394,4,persistence,2609.0,1768.0,,135.69379844961242,-841.0,841.0,707281.0,6.197777714302036
Colombia,2023,2023,27,2023-W27,391,2023,31,395,4,persistence,2595.0,2203.0,,135.69379844961242,-392.0,392.0,153664.0,2.888857151018309
Colombia,2023,2023,28,2023-W28,392,2023,32,396,4,persistence,2876.0,2617.0,,135.69379844961242,-259.0,259.0,67081.0,1.9087091890656687
Colombia,2023,2023,29,2023-W29,393,2023,33,397,4,persistence,2474.0,2458.0,,135.69379844961242,-16.0,16.0,256.0,0.11791253677625753
Colombia,2023,2023,30,2023-W30,394,2023,34,398,4,persistence,2299.0,2609.0,,135.69379844961242,310.0,310.0,96100.0,2.2845554000399897
Colombia,2023,2023,31,2023-W31,395,2023,35,399,4,persistence,2504.0,2595.0,,135.69379844961242,91.0,91.0,8281.0,0.6706275529149647
Colombia,2023,2023,32,2023-W32,396,2023,36,400,4,persistence,2559.0,2876.0,,135.69379844961242,317.0,317.0,100489.0,2.3361421348796023
Colombia,2023,2023,33,2023-W33,397,2023,37,401,4,persistence,2681.0,2474.0,,135.69379844961242,-207.0,207.0,42849.0,1.5254934445428316
Colombia,2023,2023,34,2023-W34,398,2023,38,402,4,persistence,2677.0,2299.0,,135.69379844961242,-378.0,378.0,142884.0,2.785683681339084
Colombia,2023,2023,35,2023-W35,399,2023,39,403,4,persistence,2809.0,2504.0,,135.69379844961242,-305.0,305.0,93025.0,2.247707732297409
Colombia,2023,2023,36,2023-W36,400,2023,40,404,4,persistence,2984.0,2559.0,,135.69379844961242,-425.0,425.0,180625.0,3.1320517581193403
Colombia,2023,2023,37,2023-W37,401,2023,41,405,4,persistence,2632.0,2681.0,,135.69379844961242,49.0,49.0,2401.0,0.36110714387728865
Colombia,2023,2023,38,2023-W38,402,2023,42,406,4,persistence,2964.0,2677.0,,135.69379844961242,-287.0,287.0,82369.0,2.1150561284241194
Colombia,2023,2023,39,2023-W39,403,2023,43,407,4,persistence,2969.0,2809.0,,135.69379844961242,-160.0,160.0,25600.0,1.1791253677625753
Colombia,2023,2023,40,2023-W40,404,2023,44,408,4,persistence,2852.0,2984.0,,135.69379844961242,132.0,132.0,17424.0,0.9727784284041245
Colombia,2023,2023,41,2023-W41,405,2023,45,409,4,persistence,3322.0,2632.0,,135.69379844961242,-690.0,690.0,476100.0,5.084978148476106
Colombia,2023,2023,42,2023-W42,406,2023,46,410,4,persistence,3638.0,2964.0,,135.69379844961242,-674.0,674.0,454276.0,4.967065611699848
Colombia,2023,2023,43,2023-W43,407,2023,47,411,4,persistence,3999.0,2969.0,,135.69379844961242,-1030.0,1030.0,1060900.0,7.590619554971578
Colombia,2023,2023,44,2023-W44,408,2023,48,412,4,persistence,3916.0,2852.0,,135.69379844961242,-1064.0,1064.0,1132096.0,7.841183695621125
Colombia,2023,2023,45,2023-W45,409,2023,49,413,4,persistence,4130.0,3322.0,,135.69379844961242,-808.0,808.0,652864.0,5.954583107201005
Colombia,2023,2023,46,2023-W46,410,2023,50,414,4,persistence,4650.0,3638.0,,135.69379844961242,-1012.0,1012.0,1024144.0,7.457967951098288
Colombia,2023,2023,47,2023-W47,411,2023,51,415,4,persistence,3922.0,3999.0,,135.69379844961242,77.0,77.0,5929.0,0.5674540832357393
Colombia,2023,2023,48,2023-W48,412,2023,52,416,4,persistence,3859.0,3916.0,,135.69379844961242,57.0,57.0,3249.0,0.42006341226541744
Colombia,2023,2022,49,2022-W49,361,2023,1,365,4,seasonal_naive,1071.0,675.0,,135.69379844961242,-396.0,396.0,156816.0,2.9183352852123736
Colombia,2023,2022,50,2022-W50,362,2023,2,366,4,seasonal_naive,2389.0,1338.0,,135.69379844961242,-1051.0,1051.0,1104601.0,7.745379759490416
Colombia,2023,2022,51,2022-W51,363,2023,3,367,4,seasonal_naive,2177.0,1169.0,,135.69379844961242,-1008.0,1008.0,1016064.0,7.428489816904224
Colombia,2023,2022,52,2022-W52,364,2023,4,368,4,seasonal_naive,2237.0,1189.0,,135.69379844961242,-1048.0,1048.0,1098304.0,7.7232711588448675
Colombia,2023,2023,1,2023-W01,365,2023,5,369,4,seasonal_naive,2016.0,987.0,,135.69379844961242,-1029.0,1029.0,1058841.0,7.583250021423062
Colombia,2023,2023,2,2023-W02,366,2023,6,370,4,seasonal_naive,1870.0,1087.0,,135.69379844961242,-783.0,783.0,613089.0,5.770344768488102
Colombia,2023,2023,3,2023-W03,367,2023,7,371,4,seasonal_naive,1918.0,935.0,,135.69379844961242,-983.0,983.0,966289.0,7.244251478191321
Colombia,2023,2023,4,2023-W04,368,2023,8,372,4,seasonal_naive,2294.0,885.0,,135.69379844961242,-1409.0,1409.0,1985281.0,10.383672769859178
Colombia,2023,2023,5,2023-W05,369,2023,9,373,4,seasonal_naive,1311.0,986.0,,135.69379844961242,-325.0,325.0,105625.0,2.3950984032677307
Colombia,2023,2023,6,2023-W06,370,2023,10,374,4,seasonal_naive,1735.0,925.0,,135.69379844961242,-810.0,810.0,656100.0,5.969322174298037
Colombia,2023,2023,7,2023-W07,371,2023,11,375,4,seasonal_naive,1752.0,867.0,,135.69379844961242,-885.0,885.0,783225.0,6.522037190436744
Colombia,2023,2023,8,2023-W08,372,2023,12,376,4,seasonal_naive,2015.0,924.0,,135.69379844961242,-1091.0,1091.0,1190281.0,8.04016110143106
Colombia,2023,2023,9,2023-W09,373,2023,13,377,4,seasonal_naive,2217.0,1105.0,,135.69379844961242,-1112.0,1112.0,1236544.0,8.194921305949897
Colombia,2023,2023,10,2023-W10,374,2023,14,378,4,seasonal_naive,1627.0,1084.0,,135.69379844961242,-543.0,543.0,294849.0,4.00165671684424
Colombia,2023,2023,11,2023-W11,375,2023,15,379,4,seasonal_naive,1682.0,983.0,,135.69379844961242,-699.0,699.0,488601.0,5.151303950412751
Colombia,2023,2023,12,2023-W12,376,2023,16,380,4,seasonal_naive,1751.0,1040.0,,135.69379844961242,-711.0,711.0,505521.0,5.2397383529949435
Colombia,2023,2023,13,2023-W13,377,2023,17,381,4,seasonal_naive,2144.0,1080.0,,135.69379844961242,-1064.0,1064.0,1132096.0,7.841183695621125
Colombia,2023,2023,14,2023-W14,378,2023,18,382,4,seasonal_naive,2689.0,1385.0,,135.69379844961242,-1304.0,1304.0,1700416.0,9.609871747264988
Colombia,2023,2023,15,2023-W15,379,2023,19,383,4,seasonal_naive,2729.0,1399.0,,135.69379844961242,-1330.0,1330.0,1768900.0,9.801479619526406
Colombia,2023,2023,16,2023-W16,380,2023,20,384,4,seasonal_naive,2179.0,1533.0,,135.69379844961242,-646.0,646.0,417316.0,4.7607186723413975
Colombia,2023,2023,17,2023-W17,381,2023,21,385,4,seasonal_naive,2133.0,1706.0,,135.69379844961242,-427.0,427.0,182329.0,3.1467908252163728
Colombia,2023,2023,18,2023-W18,382,2023,22,386,4,seasonal_naive,2569.0,1904.0,,135.69379844961242,-665.0,665.0,442225.0,4.900739809763203
Colombia,2023,2023,19,2023-W19,383,2023,23,387,4,seasonal_naive,2152.0,1471.0,,135.69379844961242,-681.0,681.0,463761.0,5.018652346539461
Colombia,2023,2023,20,2023-W20,384,2023,24,388,4,seasonal_naive,2079.0,1415.0,,135.69379844961242,-664.0,664.0,440896.0,4.893370276214688
Colombia,2023,2023,21,2023-W21,385,2023,25,389,4,seasonal_naive,2082.0,1403.0,,135.69379844961242,-679.0,679.0,461041.0,5.003913279442429
Colombia,2023,2023,22,2023-W22,386,2023,26,390,4,seasonal_naive,1768.0,1224.0,,135.69379844961242,-544.0,544.0,295936.0,4.009026250392756
Colombia,2023,2023,23,2023-W23,387,2023,27,391,4,seasonal_naive,2203.0,1628.0,,135.69379844961242,-575.0,575.0,330625.0,4.237481790396755
Colombia,2023,2023,24,2023-W24,388,2023,28,392,4,seasonal_naive,2617.0,1687.0,,135.69379844961242,-930.0,930.0,864900.0,6.853666200119968
Colombia,2023,2023,25,2023-W25,389,2023,29,393,4,seasonal_naive,2458.0,1684.0,,135.69379844961242,-774.0,774.0,599076.0,5.704018966551458
Colombia,2023,2023,26,2023-W26,390,2023,30,394,4,seasonal_naive,2609.0,1542.0,,135.69379844961242,-1067.0,1067.0,1138489.0,7.863292296266674
Colombia,2023,2023,27,2023-W27,391,2023,31,395,4,seasonal_naive,2595.0,1604.0,,135.69379844961242,-991.0,991.0,982081.0,7.30320774657945
Colombia,2023,2023,28,2023-W28,392,2023,32,396,4,seasonal_naive,2876.0,1270.0,,135.69379844961242,-1606.0,1606.0,2579236.0,11.83547087891685
Colombia,2023,2023,29,2023-W29,393,2023,33,397,4,seasonal_naive,2474.0,1537.0,,135.69379844961242,-937.0,937.0,877969.0,6.905252934959581
Colombia,2023,2023,30,2023-W30,394,2023,34,398,4,seasonal_naive,2299.0,1472.0,,135.69379844961242,-827.0,827.0,683929.0,6.09460424462281
Colombia,2023,2023,31,2023-W31,395,2023,35,399,4,seasonal_naive,2504.0,1156.0,,135.69379844961242,-1348.0,1348.0,1817104.0,9.934131223399696
Colombia,2023,2023,32,2023-W32,396,2023,36,400,4,seasonal_naive,2559.0,1452.0,,135.69379844961242,-1107.0,1107.0,1225449.0,8.158073638207318
Colombia,2023,2023,33,2023-W33,397,2023,37,401,4,seasonal_naive,2681.0,1251.0,,135.69379844961242,-1430.0,1430.0,2044900.0,10.538432974378017
Colombia,2023,2023,34,2023-W34,398,2023,38,402,4,seasonal_naive,2677.0,1111.0,,135.69379844961242,-1566.0,1566.0,2452356.0,11.540689536976204
Colombia,2023,2023,35,2023-W35,399,2023,39,403,4,seasonal_naive,2809.0,1171.0,,135.69379844961242,-1638.0,1638.0,2683044.0,12.071295952469363
Colombia,2023,2023,36,2023-W36,400,2023,40,404,4,seasonal_naive,2984.0,1424.0,,135.69379844961242,-1560.0,1560.0,2433600.0,11.496472335685109
Colombia,2023,2023,37,2023-W37,401,2023,41,405,4,seasonal_naive,2632.0,1132.0,,135.69379844961242,-1500.0,1500.0,2250000.0,11.054300322774143
Colombia,2023,2023,38,2023-W38,402,2023,42,406,4,seasonal_naive,2964.0,1270.0,,135.69379844961242,-1694.0,1694.0,2869636.0,12.483989831186266
Colombia,2023,2023,39,2023-W39,403,2023,43,407,4,seasonal_naive,2969.0,1590.0,,135.69379844961242,-1379.0,1379.0,1901641.0,10.162586763403695
Colombia,2023,2023,40,2023-W40,404,2023,44,408,4,seasonal_naive,2852.0,1672.0,,135.69379844961242,-1180.0,1180.0,1392400.0,8.696049587248993
Colombia,2023,2023,41,2023-W41,405,2023,45,409,4,seasonal_naive,3322.0,1533.0,,135.69379844961242,-1789.0,1789.0,3200521.0,13.184095518295294
Colombia,2023,2023,42,2023-W42,406,2023,46,410,4,seasonal_naive,3638.0,1582.0,,135.69379844961242,-2056.0,2056.0,4227136.0,15.151760975749092
Colombia,2023,2023,43,2023-W43,407,2023,47,411,4,seasonal_naive,3999.0,1714.0,,135.69379844961242,-2285.0,2285.0,5221225.0,16.839384158359277
Colombia,2023,2023,44,2023-W44,408,2023,48,412,4,seasonal_naive,3916.0,1806.0,,135.69379844961242,-2110.0,2110.0,4452100.0,15.54971578736896
Colombia,2023,2023,45,2023-W45,409,2023,49,413,4,seasonal_naive,4130.0,1890.0,,135.69379844961242,-2240.0,2240.0,5017600.0,16.507755148676054
Colombia,2023,2023,46,2023-W46,410,2023,50,414,4,seasonal_naive,4650.0,1654.0,,135.69379844961242,-2996.0,2996.0,8976016.0,22.07912251135422
Colombia,2023,2023,47,2023-W47,411,2023,51,415,4,seasonal_naive,3922.0,1277.0,,135.69379844961242,-2645.0,2645.0,6996025.0,19.492416235825072
Colombia,2023,2023,48,2023-W48,412,2023,52,416,4,seasonal_naive,3859.0,1689.0,,135.69379844961242,-2170.0,2170.0,4708900.0,15.991887800279926
Peru,2023,2022,52,2022-W52,364,2023,1,365,1,moving_average_4,1596.0,1161.5,,205.76129032258063,-434.5,434.5,188790.25,2.111670272473584
Peru,2023,2023,1,2023-W01,365,2023,2,366,1,moving_average_4,1499.0,1207.5,,205.76129032258063,-291.5,291.5,84972.25,1.4166901827987333
Peru,2023,2023,2,2023-W02,366,2023,3,367,1,moving_average_4,1851.0,1236.5,,205.76129032258063,-614.5,614.5,377610.25,2.9864703853510175
Peru,2023,2023,3,2023-W03,367,2023,4,368,1,moving_average_4,1757.0,1415.75,,205.76129032258063,-341.25,341.25,116451.5625,1.658475213996802
Peru,2023,2023,4,2023-W04,368,2023,5,369,1,moving_average_4,1914.0,1675.75,,205.76129032258063,-238.25,238.25,56763.0625,1.1578951494058258
Peru,2023,2023,5,2023-W05,369,2023,6,370,1,moving_average_4,2142.0,1755.25,,205.76129032258063,-386.75,386.75,149575.5625,1.8796052425297087
Peru,2023,2023,6,2023-W06,370,2023,7,371,1,moving_average_4,2303.0,1916.0,,205.76129032258063,-387.0,387.0,149769.0,1.880820242686483
Peru,2023,2023,7,2023-W07,371,2023,8,372,1,moving_average_4,2513.0,2029.0,,205.76129032258063,-484.0,484.0,234256.0,2.352240303514878
Peru,2023,2023,8,2023-W08,372,2023,9,373,1,moving_average_4,2545.0,2218.0,,205.76129032258063,-327.0,327.0,106929.0,1.5892202050606716
Peru,2023,2023,9,2023-W09,373,2023,10,374,1,moving_average_4,2528.0,2375.75,,205.76129032258063,-152.25,152.25,23180.0625,0.7399350954754962
Peru,2023,2023,10,2023-W10,374,2023,11,375,1,moving_average_4,3018.0,2472.25,,205.76129032258063,-545.75,545.75,297843.0625,2.652345342238109
Peru,2023,2023,11,2023-W11,375,2023,12,376,1,moving_average_4,3796.0,2651.0,,205.76129032258063,-1145.0,1145.0,1311025.0,5.564700718025899
Peru,2023,2023,12,2023-W12,376,2023,13,377,1,moving_average_4,4099.0,2971.75,,205.76129032258063,-1127.25,1127.25,1270692.5625,5.47843570689493
Peru,2023,2023,13,2023-W13,377,2023,14,378,1,moving_average_4,4430.0,3360.25,,205.76129032258063,-1069.75,1069.75,1144365.0625,5.198985670836861
Peru,2023,2023,14,2023-W14,378,2023,15,379,1,moving_average_4,6520.0,3835.75,,205.76129032258063,-2684.25,2684.25,7205198.0625,13.045456683284733
Peru,2023,2023,15,2023-W15,379,2023,16,380,1,moving_average_4,7614.0,4711.25,,205.76129032258063,-2902.75,2902.75,8425957.5625,14.107366820305398
Peru,2023,2023,16,2023-W16,380,2023,17,381,1,moving_average_4,8594.0,5665.75,,205.76129032258063,-2928.25,2928.25,8574648.0625,14.231296836296366
Peru,2023,2023,17,2023-W17,381,2023,18,382,1,moving_average_4,11860.0,6789.5,,205.76129032258063,-5070.5,5070.5,25709970.25,24.642633179694606
Peru,2023,2023,18,2023-W18,382,2023,19,383,1,moving_average_4,15304.0,8647.0,,205.76129032258063,-6657.0,6657.0,44315649.0,32.353024174583766
Peru,2023,2023,19,2023-W19,383,2023,20,384,1,moving_average_4,20425.0,10843.0,,205.76129032258063,-9582.0,9582.0,91814724.0,46.56852600884207
Peru,2023,2023,20,2023-W20,384,2023,21,385,1,moving_average_4,18043.0,14045.75,,205.76129032258063,-3997.25,3997.25,15978007.5625,19.426637506662907
Peru,2023,2023,21,2023-W21,385,2023,22,386,1,moving_average_4,17868.0,16408.0,,205.76129032258063,-1460.0,1460.0,2131600.0,7.095600915561409
Peru,2023,2023,22,2023-W22,386,2023,23,387,1,moving_average_4,15637.0,17910.0,,205.76129032258063,2273.0,2273.0,5166529.0,11.046781425391153
Peru,2023,2023,23,2023-W23,387,2023,24,388,1,moving_average_4,13340.0,17993.25,,205.76129032258063,4653.25,4653.25,21652735.5625,22.61479791803844
Peru,2023,2023,24,2023-W24,388,2023,25,389,1,moving_average_4,11073.0,16222.0,,205.76129032258063,5149.0,5149.0,26512201.0,25.02414322892171
Peru,2023,2023,25,2023-W25,389,2023,26,390,1,moving_average_4,8681.0,14479.5,,205.76129032258063,5798.5,5798.5,33622602.25,28.180713636221117
Peru,2023,2023,26,2023-W26,390,2023,27,391,1,moving_average_4,8132.0,12182.75,,205.76129032258063,4050.75,4050.75,16408575.5625,19.686647540212586
Peru,2023,2023,27,2023-W27,391,2023,28,392,1,moving_average_4,7669.0,10306.5,,205.76129032258063,2637.5,2637.5,6956406.25,12.818251653967955
Peru,2023,2023,28,2023-W28,392,2023,29,393,1,moving_average_4,6815.0,8888.75,,205.76129032258063,2073.75,2073.75,4300439.0625,10.078426300442104
Peru,2023,2023,29,2023-W29,393,2023,30,394,1,moving_average_4,5158.0,7824.25,,205.76129032258063,2666.25,2666.25,7108889.0625,12.95797667199699
Peru,2023,2023,30,2023-W30,394,2023,31,395,1,moving_average_4,5423.0,6943.5,,205.76129032258063,1520.5,1520.5,2311920.25,7.3896309535007685
Peru,2023,2023,31,2023-W31,395,2023,32,396,1,moving_average_4,5060.0,6266.25,,205.76129032258063,1206.25,1206.25,1455039.0625,5.862375756435582
Peru,2023,2023,32,2023-W32,396,2023,33,397,1,moving_average_4,4380.0,5614.0,,205.76129032258063,1234.0,1234.0,1522756.0,5.997240773837519
Peru,2023,2023,33,2023-W33,397,2023,34,398,1,moving_average_4,3824.0,5005.25,,205.76129032258063,1181.25,1181.25,1395351.5625,5.7408757407581605
Peru,2023,2023,34,2023-W34,398,2023,35,399,1,moving_average_4,3466.0,4671.75,,205.76129032258063,1205.75,1205.75,1453833.0625,5.859945756122033
Peru,2023,2023,35,2023-W35,399,2023,36,400,1,moving_average_4,3368.0,4182.5,,205.76129032258063,814.5,814.5,663410.25,3.958470510770389
Peru,2023,2023,36,2023-W36,400,2023,37,401,1,moving_average_4,2883.0,3759.5,,205.76129032258063,876.5,876.5,768252.25,4.259790549650393
Peru,2023,2023,37,2023-W37,401,2023,38,402,1,moving_average_4,2317.0,3385.25,,205.76129032258063,1068.25,1068.25,1141158.0625,5.191695669896216
Peru,2023,2023,38,2023-W38,402,2023,39,403,1,moving_average_4,2158.0,3008.5,,205.76129032258063,850.5,850.5,723350.25,4.133430533345876
Peru,2023,2023,39,2023-W39,403,2023,40,404,1,moving_average_4,2028.0,2681.5,,205.76129032258063,653.5,653.5,427062.25,3.176010409807795
Peru,2023,2023,40,2023-W40,404,2023,41,405,1,moving_average_4,1829.0,2346.5,,205.76129032258063,517.5,517.5,267806.25,2.5150503245226226
Peru,2023,2023,41,2023-W41,405,2023,42,406,1,moving_average_4,1874.0,2083.0,,205.76129032258063,209.0,209.0,43681.0,1.0157401310632428
Peru,2023,2023,42,2023-W42,406,2023,43,407,1,moving_average_4,1563.0,1972.25,,205.76129032258063,409.25,409.25,167485.5625,1.988955256639388
Peru,2023,2023,43,2023-W43,407,2023,44,408,1,moving_average_4,1626.0,1823.5,,205.76129032258063,197.5,197.5,39006.25,0.9598501238516289
Peru,2023,2023,44,2023-W44,408,2023,45,409,1,moving_average_4,1800.0,1723.0,,205.76129032258063,-77.0,77.0,5929.0,0.3742200482864579
Peru,2023,2023,45,2023-W45,409,2023,46,410,1,moving_average_4,1802.0,1715.75,,205.76129032258063,-86.25,86.25,7439.0625,0.41917505408710376
Peru,2023,2023,46,2023-W46,410,2023,47,411,1,moving_average_4,1823.0,1697.75,,205.76129032258063,-125.25,125.25,15687.5625,0.6087150785438812
Peru,2023,2023,47,2023-W47,411,2023,48,412,1,moving_average_4,1854.0,1762.75,,205.76129032258063,-91.25,91.25,8326.5625,0.44347505722258806
Peru,2023,2023,48,2023-W48,412,2023,49,413,1,moving_average_4,1680.0,1819.75,,205.76129032258063,139.75,139.75,19530.0625,0.6791850876367855
Peru,2023,2023,49,2023-W49,413,2023,50,414,1,moving_average_4,1784.0,1789.75,,205.76129032258063,5.75,5.75,33.0625,0.027945003605806918
Peru,2023,2023,50,2023-W50,414,2023,51,415,1,moving_average_4,1651.0,1785.25,,205.76129032258063,134.25,134.25,18023.0625,0.6524550841877528
Peru,2023,2023,51,2023-W51,415,2023,52,416,1,moving_average_4,1310.0,1742.25,,205.76129032258063,432.25,432.25,186840.0625,2.1007352710626157
Peru,2023,2022,52,2022-W52,364,2023,1,365,1,persistence,1596.0,717.0,,205.76129032258063,-879.0,879.0,772641.0,4.271940551218136
Peru,2023,2023,1,2023-W01,365,2023,2,366,1,persistence,1499.0,1596.0,,205.76129032258063,97.0,97.0,9409.0,0.471420060828395
Peru,2023,2023,2,2023-W02,366,2023,3,367,1,persistence,1851.0,1499.0,,205.76129032258063,-352.0,352.0,123904.0,1.7107202207380932
Peru,2023,2023,3,2023-W03,367,2023,4,368,1,persistence,1757.0,1851.0,,205.76129032258063,94.0,94.0,8836.0,0.4568400589471044
Peru,2023,2023,4,2023-W04,368,2023,5,369,1,persistence,1914.0,1757.0,,205.76129032258063,-157.0,157.0,24649.0,0.7630200984542063
Peru,2023,2023,5,2023-W05,369,2023,6,370,1,persistence,2142.0,1914.0,,205.76129032258063,-228.0,228.0,51984.0,1.108080142978083
Peru,2023,2023,6,2023-W06,370,2023,7,371,1,persistence,2303.0,2142.0,,205.76129032258063,-161.0,161.0,25921.0,0.7824601009625937
Peru,2023,2023,7,2023-W07,371,2023,8,372,1,persistence,2513.0,2303.0,,205.76129032258063,-210.0,210.0,44100.0,1.0206001316903397
Peru,2023,2023,8,2023-W08,372,2023,9,373,1,persistence,2545.0,2513.0,,205.76129032258063,-32.0,32.0,1024.0,0.15552002006709936
Peru,2023,2023,9,2023-W09,373,2023,10,374,1,persistence,2528.0,2545.0,,205.76129032258063,17.0,17.0,289.0,0.08262001066064655
Peru,2023,2023,10,2023-W10,374,2023,11,375,1,persistence,3018.0,2528.0,,205.76129032258063,-490.0,490.0,240100.0,2.381400307277459
Peru,2023,2023,11,2023-W11,375,2023,12,376,1,persistence,3796.0,3018.0,,205.76129032258063,-778.0,778.0,605284.0,3.7810804878813533
Peru,2023,2023,12,2023-W12,376,2023,13,377,1,persistence,4099.0,3796.0,,205.76129032258063,-303.0,303.0,91809.0,1.4725801900103472
Peru,2023,2023,13,2023-W13,377,2023,14,378,1,persistence,4430.0,4099.0,,205.76129032258063,-331.0,331.0,109561.0,1.608660207569059
Peru,2023,2023,14,2023-W14,378,2023,15,379,1,persistence,6520.0,4430.0,,205.76129032258063,-2090.0,2090.0,4368100.0,10.157401310632428
Peru,2023,2023,15,2023-W15,379,2023,16,380,1,persistence,7614.0,6520.0,,205.76129032258063,-1094.0,1094.0,1196836.0,5.316840686043959
Peru,2023,2023,16,2023-W16,380,2023,17,381,1,persistence,8594.0,7614.0,,205.76129032258063,-980.0,980.0,960400.0,4.762800614554918
Peru,2023,2023,17,2023-W17,381,2023,18,382,1,persistence,11860.0,8594.0,,205.76129032258063,-3266.0,3266.0,10666756.0,15.872762048098329
Peru,2023,2023,18,2023-W18,382,2023,19,383,1,persistence,15304.0,11860.0,,205.76129032258063,-3444.0,3444.0,11861136.0,16.73784215972157
Peru,2023,2023,19,2023-W19,383,2023,20,384,1,persistence,20425.0,15304.0,,205.76129032258063,-5121.0,5121.0,26224641.0,24.888063211362997
Peru,2023,2023,20,2023-W20,384,2023,21,385,1,persistence,18043.0,20425.0,,205.76129032258063,2382.0,2382.0,5673924.0,11.576521493744709
Peru,2023,2023,21,2023-W21,385,2023,22,386,1,persistence,17868.0,18043.0,,205.76129032258063,175.0,175.0,30625.0,0.8505001097419497
Peru,2023,2023,22,2023-W22,386,2023,23,387,1,persistence,15637.0,17868.0,,205.76129032258063,2231.0,2231.0,4977361.0,10.842661399053084
Peru,2023,2023,23,2023-W23,387,2023,24,388,1,persistence,13340.0,15637.0,,205.76129032258063,2297.0,2297.0,5276209.0,11.163421440441477
Peru,2023,2023,24,2023-W24,388,2023,25,389,1,persistence,11073.0,13340.0,,205.76129032258063,2267.0,2267.0,5139289.0,11.01762142162857
Peru,2023,2023,25,2023-W25,389,2023,26,390,1,persistence,8681.0,11073.0,,205.76129032258063,2392.0,2392.0,5721664.0,11.625121500015679
Peru,2023,2023,26,2023-W26,390,2023,27,391,1,persistence,8132.0,8681.0,,205.76129032258063,549.0,549.0,301401.0,2.6681403442761735
Peru,2023,2023,27,2023-W27,391,2023,28,392,1,persistence,7669.0,8132.0,,205.76129032258063,463.0,463.0,214369.0,2.250180290345844
Peru,2023,2023,28,2023-W28,392,2023,29,393,1,persistence,6815.0,7669.0,,205.76129032258063,854.0,854.0,729316.0,4.150440535540715
Peru,2023,2023,29,2023-W29,393,2023,30,394,1,persistence,5158.0,6815.0,,205.76129032258063,1657.0,1657.0,2745649.0,8.05302103909949
Peru,2023,2023,30,2023-W30,394,2023,31,395,1,persistence,5423.0,5158.0,,205.76129032258063,-265.0,265.0,70225.0,1.2879001661806666
Peru,2023,2023,31,2023-W31,395,2023,32,396,1,persistence,5060.0,5423.0,,205.76129032258063,363.0,363.0,131769.0,1.7641802276361584
Peru,2023,2023,32,2023-W32,396,2023,33,397,1,persistence,4380.0,5060.0,,205.76129032258063,680.0,680.0,462400.0,3.3048004264258615
Peru,2023,2023,33,2023-W33,397,2023,34,398,1,persistence,3824.0,4380.0,,205.76129032258063,556.0,556.0,309136.0,2.7021603486658514
Peru,2023,2023,34,2023-W34,398,2023,35,399,1,persistence,3466.0,3824.0,,205.76129032258063,358.0,358.0,128164.0,1.7398802245006741
Peru,2023,2023,35,2023-W35,399,2023,36,400,1,persistence,3368.0,3466.0,,205.76129032258063,98.0,98.0,9604.0,0.47628006145549184
Peru,2023,2023,36,2023-W36,400,2023,37,401,1,persistence,2883.0,3368.0,,205.76129032258063,485.0,485.0,235225.0,2.3571003041419747
Peru,2023,2023,37,2023-W37,401,2023,38,402,1,persistence,2317.0,2883.0,,205.76129032258063,566.0,566.0,320356.0,2.75076035493682
Peru,2023,2023,38,2023-W38,402,2023,39,403,1,persistence,2158.0,2317.0,,205.76129032258063,159.0,159.0,25281.0,0.7727400997084
Peru,2023,2023,39,2023-W39,403,2023,40,404,1,persistence,2028.0,2158.0,,205.76129032258063,130.0,130.0,16900.0,0.6318000815225912
Peru,2023,2023,40,2023-W40,404,2023,41,405,1,persistence,1829.0,2028.0,,205.76129032258063,199.0,199.0,39601.0,0.9671401247922742
Peru,2023,2023,41,2023-W41,405,2023,42,406,1,persistence,1874.0,1829.0,,205.76129032258063,-45.0,45.0,2025.0,0.2187000282193585
Peru,2023,2023,42,2023-W42,406,2023,43,407,1,persistence,1563.0,1874.0,,205.76129032258063,311.0,311.0,96721.0,1.511460195027122
Peru,2023,2023,43,2023-W43,407,2023,44,408,1,persistence,1626.0,1563.0,,205.76129032258063,-63.0,63.0,3969.0,0.3061800395071019
Peru,2023,2023,44,2023-W44,408,2023,45,409,1,persistence,1800.0,1626.0,,205.76129032258063,-174.0,174.0,30276.0,0.8456401091148529
Peru,2023,2023,45,2023-W45,409,2023,46,410,1,persistence,1802.0,1800.0,,205.76129032258063,-2.0,2.0,4.0,0.00972000125419371
Peru,2023,2023,46,2023-W46,410,2023,47,411,1,persistence,1823.0,1802.0,,205.76129032258063,-21.0,21.0,441.0,0.10206001316903396
Peru,2023,2023,47,2023-W47,411,2023,48,412,1,persistence,1854.0,1823.0,,205.76129032258063,-31.0,31.0,961.0,0.1506600194400025
Peru,2023,2023,48,2023-W48,412,2023,49,413,1,persistence,1680.0,1854.0,,205.76129032258063,174.0,174.0,30276.0,0.8456401091148529
Peru,2023,2023,49,2023-W49,413,2023,50,414,1,persistence,1784.0,1680.0,,205.76129032258063,-104.0,104.0,10816.0,0.5054400652180729
Peru,2023,2023,50,2023-W50,414,2023,51,415,1,persistence,1651.0,1784.0,,205.76129032258063,133.0,133.0,17689.0,0.6463800834038818
Peru,2023,2023,51,2023-W51,415,2023,52,416,1,persistence,1310.0,1651.0,,205.76129032258063,341.0,341.0,116281.0,1.6572602138400276
Peru,2023,2022,52,2022-W52,364,2023,1,365,1,seasonal_naive,1596.0,1070.0,,205.76129032258063,-526.0,526.0,276676.0,2.556360329852946
Peru,2023,2023,1,2023-W01,365,2023,2,366,1,seasonal_naive,1499.0,1017.0,,205.76129032258063,-482.0,482.0,232324.0,2.3425203022606844
Peru,2023,2023,2,2023-W02,366,2023,3,367,1,seasonal_naive,1851.0,950.0,,205.76129032258063,-901.0,901.0,811801.0,4.378860565014267
Peru,2023,2023,3,2023-W03,367,2023,4,368,1,seasonal_naive,1757.0,978.0,,205.76129032258063,-779.0,779.0,606841.0,3.78594048850845
Peru,2023,2023,4,2023-W04,368,2023,5,369,1,seasonal_naive,1914.0,1318.0,,205.76129032258063,-596.0,596.0,355216.0,2.896560373749726
Peru,2023,2023,5,2023-W05,369,2023,6,370,1,seasonal_naive,2142.0,1423.0,,205.76129032258063,-719.0,719.0,516961.0,3.494340450882639
Peru,2023,2023,6,2023-W06,370,2023,7,371,1,seasonal_naive,2303.0,1657.0,,205.76129032258063,-646.0,646.0,417316.0,3.1395604051045685
Peru,2023,2023,7,2023-W07,371,2023,8,372,1,seasonal_naive,2513.0,1853.0,,205.76129032258063,-660.0,660.0,435600.0,3.2076004138839247
Peru,2023,2023,8,2023-W08,372,2023,9,373,1,seasonal_naive,2545.0,1974.0,,205.76129032258063,-571.0,571.0,326041.0,2.7750603580723046
Peru,2023,2023,9,2023-W09,373,2023,10,374,1,seasonal_naive,2528.0,2043.0,,205.76129032258063,-485.0,485.0,235225.0,2.3571003041419747
Peru,2023,2023,10,2023-W10,374,2023,11,375,1,seasonal_naive,3018.0,2250.0,,205.76129032258063,-768.0,768.0,589824.0,3.7324804816103847
Peru,2023,2023,11,2023-W11,375,2023,12,376,1,seasonal_naive,3796.0,2272.0,,205.76129032258063,-1524.0,1524.0,2322576.0,7.406640955695607
Peru,2023,2023,12,2023-W12,376,2023,13,377,1,seasonal_naive,4099.0,2566.0,,205.76129032258063,-1533.0,1533.0,2350089.0,7.450380961339479
Peru,2023,2023,13,2023-W13,377,2023,14,378,1,seasonal_naive,4430.0,2876.0,,205.76129032258063,-1554.0,1554.0,2414916.0,7.552440974508513
Peru,2023,2023,14,2023-W14,378,2023,15,379,1,seasonal_naive,6520.0,2992.0,,205.76129032258063,-3528.0,3528.0,12446784.0,17.146082212397705
Peru,2023,2023,15,2023-W15,379,2023,16,380,1,seasonal_naive,7614.0,3421.0,,205.76129032258063,-4193.0,4193.0,17581249.0,20.377982629417115
Peru,2023,2023,16,2023-W16,380,2023,17,381,1,seasonal_naive,8594.0,3099.0,,205.76129032258063,-5495.0,5495.0,30195025.0,26.70570344589722
Peru,2023,2023,17,2023-W17,381,2023,18,382,1,seasonal_naive,11860.0,3189.0,,205.76129032258063,-8671.0,8671.0,75186241.0,42.14106543755683
Peru,2023,2023,18,2023-W18,382,2023,19,383,1,seasonal_naive,15304.0,2999.0,,205.76129032258063,-12305.0,12305.0,151413025.0,59.8023077164268
Peru,2023,2023,19,2023-W19,383,2023,20,384,1,seasonal_naive,20425.0,2425.0,,205.76129032258063,-18000.0,18000.0,324000000.0,87.4800112877434
Peru,2023,2023,20,2023-W20,384,2023,21,385,1,seasonal_naive,18043.0,1965.0,,205.76129032258063,-16078.0,16078.0,258502084.0,78.13909008246324
Peru,2023,2023,21,2023-W21,385,2023,22,386,1,seasonal_naive,17868.0,1686.0,,205.76129032258063,-16182.0,16182.0,261857124.0,78.64453014768131
Peru,2023,2023,22,2023-W22,386,2023,23,387,1,seasonal_naive,15637.0,1440.0,,205.76129032258063,-14197.0,14197.0,201554809.0,68.99742890289406
Peru,2023,2023,23,2023-W23,387,2023,24,388,1,seasonal_naive,13340.0,1201.0,,205.76129032258063,-12139.0,12139.0,147355321.0,58.99554761232873
Peru,2023,2023,24,2023-W24,388,2023,25,389,1,seasonal_naive,11073.0,1036.0,,205.76129032258063,-10037.0,10037.0,100741369.0,48.77982629417114
Peru,2023,2023,25,2023-W25,389,2023,26,390,1,seasonal_naive,8681.0,904.0,,205.76129032258063,-7777.0,7777.0,60481729.0,37.79622487693224
Peru,2023,2023,26,2023-W26,390,2023,27,391,1,seasonal_naive,8132.0,826.0,,205.76129032258063,-7306.0,7306.0,53377636.0,35.507164581569626
Peru,2023,2023,27,2023-W27,391,2023,28,392,1,seasonal_naive,7669.0,782.0,,205.76129032258063,-6887.0,6887.0,47430769.0,33.47082431881604
Peru,2023,2023,28,2023-W28,392,2023,29,393,1,seasonal_naive,6815.0,669.0,,205.76129032258063,-6146.0,6146.0,37773316.0,29.869563854137272
Peru,2023,2023,29,2023-W29,393,2023,30,394,1,seasonal_naive,5158.0,452.0,,205.76129032258063,-4706.0,4706.0,22146436.0,22.8711629511178
Peru,2023,2023,30,2023-W30,394,2023,31,395,1,seasonal_naive,5423.0,499.0,,205.76129032258063,-4924.0,4924.0,24245776.0,23.930643087824915
Peru,2023,2023,31,2023-W31,395,2023,32,396,1,seasonal_naive,5060.0,553.0,,205.76129032258063,-4507.0,4507.0,20313049.0,21.904022826325527
Peru,2023,2023,32,2023-W32,396,2023,33,397,1,seasonal_naive,4380.0,580.0,,205.76129032258063,-3800.0,3800.0,14440000.0,18.46800238296805
Peru,2023,2023,33,2023-W33,397,2023,34,398,1,seasonal_naive,3824.0,485.0,,205.76129032258063,-3339.0,3339.0,11148921.0,16.2275420938764
Peru,2023,2023,34,2023-W34,398,2023,35,399,1,seasonal_naive,3466.0,484.0,,205.76129032258063,-2982.0,2982.0,8892324.0,14.492521870002822
Peru,2023,2023,35,2023-W35,399,2023,36,400,1,seasonal_naive,3368.0,550.0,,205.76129032258063,-2818.0,2818.0,7941124.0,13.695481767158938
Peru,2023,2023,36,2023-W36,400,2023,37,401,1,seasonal_naive,2883.0,557.0,,205.76129032258063,-2326.0,2326.0,5410276.0,11.304361458627286
Peru,2023,2023,37,2023-W37,401,2023,38,402,1,seasonal_naive,2317.0,580.0,,205.76129032258063,-1737.0,1737.0,3017169.0,8.441821089267238
Peru,2023,2023,38,2023-W38,402,2023,39,403,1,seasonal_naive,2158.0,624.0,,205.76129032258063,-1534.0,1534.0,2353156.0,7.4552409619665765
Peru,2023,2023,39,2023-W39,403,2023,40,404,1,seasonal_naive,2028.0,537.0,,205.76129032258063,-1491.0,1491.0,2223081.0,7.246260935001411
Peru,2023,2023,40,2023-W40,404,2023,41,405,1,seasonal_naive,1829.0,596.0,,205.76129032258063,-1233.0,1233.0,1520289.0,5.992380773210423
Peru,2023,2023,41,2023-W41,405,2023,42,406,1,seasonal_naive,1874.0,734.0,,205.76129032258063,-1140.0,1140.0,1299600.0,5.540400714890415
Peru,2023,2023,42,2023-W42,406,2023,43,407,1,seasonal_naive,1563.0,830.0,,205.76129032258063,-733.0,733.0,537289.0,3.562380459661995
Peru,2023,2023,43,2023-W43,407,2023,44,408,1,seasonal_naive,1626.0,1069.0,,205.76129032258063,-557.0,557.0,310249.0,2.7070203492929483
Peru,2023,2023,44,2023-W44,408,2023,45,409,1,seasonal_naive,1800.0,1314.0,,205.76129032258063,-486.0,486.0,236196.0,2.3619603047690716
Peru,2023,2023,45,2023-W45,409,2023,46,410,1,seasonal_naive,1802.0,1633.0,,205.76129032258063,-169.0,169.0,28561.0,0.8213401059793686
Peru,2023,2023,46,2023-W46,410,2023,47,411,1,seasonal_naive,1823.0,1623.0,,205.76129032258063,-200.0,200.0,40000.0,0.9720001254193711
Peru,2023,2023,47,2023-W47,411,2023,48,412,1,seasonal_naive,1854.0,1624.0,,205.76129032258063,-230.0,230.0,52900.0,1.1178001442322767
Peru,2023,2023,48,2023-W48,412,2023,49,413,1,seasonal_naive,1680.0,1412.0,,205.76129032258063,-268.0,268.0,71824.0,1.3024801680619573
Peru,2023,2023,49,2023-W49,413,2023,50,414,1,seasonal_naive,1784.0,1383.0,,205.76129032258063,-401.0,401.0,160801.0,1.948860251465839
Peru,2023,2023,50,2023-W50,414,2023,51,415,1,seasonal_naive,1651.0,1134.0,,205.76129032258063,-517.0,517.0,267289.0,2.5126203242090743
Peru,2023,2023,51,2023-W51,415,2023,52,416,1,seasonal_naive,1310.0,717.0,,205.76129032258063,-593.0,593.0,351649.0,2.881980371868435
Peru,2023,2022,51,2022-W51,363,2023,1,365,2,moving_average_4,1596.0,1388.25,,205.76129032258063,-207.75,207.75,43160.0625,1.0096651302793718
Peru,2023,2022,52,2022-W52,364,2023,2,366,2,moving_average_4,1499.0,1161.5,,205.76129032258063,-337.5,337.5,113906.25,1.6402502116451887
Peru,2023,2023,1,2023-W01,365,2023,3,367,2,moving_average_4,1851.0,1207.5,,205.76129032258063,-643.5,643.5,414092.25,3.1274104035368264
Peru,2023,2023,2,2023-W02,366,2023,4,368,2,moving_average_4,1757.0,1236.5,,205.76129032258063,-520.5,520.5,270920.25,2.5296303264039133
Peru,2023,2023,3,2023-W03,367,2023,5,369,2,moving_average_4,1914.0,1415.75,,205.76129032258063,-498.25,498.25,248253.0625,2.4214953124510084
Peru,2023,2023,4,2023-W04,368,2023,6,370,2,moving_average_4,2142.0,1675.75,,205.76129032258063,-466.25,466.25,217389.0625,2.2659752923839087
Peru,2023,2023,5,2023-W05,369,2023,7,371,2,moving_average_4,2303.0,1755.25,,205.76129032258063,-547.75,547.75,300030.0625,2.6620653434923027
Peru,2023,2023,6,2023-W06,370,2023,8,372,2,moving_average_4,2513.0,1916.0,,205.76129032258063,-597.0,597.0,356409.0,2.9014203743768228
Peru,2023,2023,7,2023-W07,371,2023,9,373,2,moving_average_4,2545.0,2029.0,,205.76129032258063,-516.0,516.0,266256.0,2.5077603235819774
Peru,2023,2023,8,2023-W08,372,2023,10,374,2,moving_average_4,2528.0,2218.0,,205.76129032258063,-310.0,310.0,96100.0,1.5066001944000251
Peru,2023,2023,9,2023-W09,373,2023,11,375,2,moving_average_4,3018.0,2375.75,,205.76129032258063,-642.25,642.25,412485.0625,3.121335402752955
Peru,2023,2023,10,2023-W10,374,2023,12,376,2,moving_average_4,3796.0,2472.25,,205.76129032258063,-1323.75,1323.75,1752314.0625,6.433425830119463
Peru,2023,2023,11,2023-W11,375,2023,13,377,2,moving_average_4,4099.0,2651.0,,205.76129032258063,-1448.0,1448.0,2096704.0,7.037280908036246
Peru,2023,2023,12,2023-W12,376,2023,14,378,2,moving_average_4,4430.0,2971.75,,205.76129032258063,-1458.25,1458.25,2126493.0625,7.08709591446399
Peru,2023,2023,13,2023-W13,377,2023,15,379,2,moving_average_4,6520.0,3360.25,,205.76129032258063,-3159.75,3159.75,9984020.0625,15.356386981469289
Peru,2023,2023,14,2023-W14,378,2023,16,380,2,moving_average_4,7614.0,3835.75,,205.76129032258063,-3778.25,3778.25,14275173.0625,18.362297369328694
Peru,2023,2023,15,2023-W15,379,2023,17,381,2,moving_average_4,8594.0,4711.25,,205.76129032258063,-3882.75,3882.75,15075747.5625,18.870167434860313
Peru,2023,2023,16,2023-W16,380,2023,18,382,2,moving_average_4,11860.0,5665.75,,205.76129032258063,-6194.25,6194.25,38368733.0625,30.104058884394696
Peru,2023,2023,17,2023-W17,381,2023,19,383,2,moving_average_4,15304.0,6789.5,,205.76129032258063,-8514.5,8514.5,72496710.25,41.38047533941617
Peru,2023,2023,18,2023-W18,382,2023,20,384,2,moving_average_4,20425.0,8647.0,,205.76129032258063,-11778.0,11778.0,138721284.0,57.24108738594676
Peru,2023,2023,19,2023-W19,383,2023,21,385,2,moving_average_4,18043.0,10843.0,,205.76129032258063,-7200.0,7200.0,51840000.0,34.992004515097356
Peru,2023,2023,20,2023-W20,384,2023,22,386,2,moving_average_4,17868.0,14045.75,,205.76129032258063,-3822.25,3822.25,14609595.0625,18.576137396920956
Peru,2023,2023,21,2023-W21,385,2023,23,387,2,moving_average_4,15637.0,16408.0,,205.76129032258063,771.0,771.0,594441.0,3.7470604834916754
Peru,2023,2023,22,2023-W22,386,2023,24,388,2,moving_average_4,13340.0,17910.0,,205.76129032258063,4570.0,4570.0,20884900.0,22.210202865832628
Peru,2023,2023,23,2023-W23,387,2023,25,389,2,moving_average_4,11073.0,17993.25,,205.76129032258063,6920.25,6920.25,47889860.0625,33.63241933966702
Peru,2023,2023,24,2023-W24,388,2023,26,390,2,moving_average_4,8681.0,16222.0,,205.76129032258063,7541.0,7541.0,56866681.0,36.64926472893739
Peru,2023,2023,25,2023-W25,389,2023,27,391,2,moving_average_4,8132.0,14479.5,,205.76129032258063,6347.5,6347.5,40290756.25,30.84885398049729
Peru,2023,2023,26,2023-W26,390,2023,28,392,2,moving_average_4,7669.0,12182.75,,205.76129032258063,4513.75,4513.75,20373939.0625,21.936827830558432
Peru,2023,2023,27,2023-W27,391,2023,29,393,2,moving_average_4,6815.0,10306.5,,205.76129032258063,3491.5,3491.5,12190572.25,16.96869218950867
Peru,2023,2023,28,2023-W28,392,2023,30,394,2,moving_average_4,5158.0,8888.75,,205.76129032258063,3730.75,3730.75,13918495.5625,18.131447339541594
Peru,2023,2023,29,2023-W29,393,2023,31,395,2,moving_average_4,5423.0,7824.25,,205.76129032258063,2401.25,2401.25,5766001.5625,11.670076505816324
Peru,2023,2023,30,2023-W30,394,2023,32,396,2,moving_average_4,5060.0,6943.5,,205.76129032258063,1883.5,1883.5,3547572.25,9.153811181136927
Peru,2023,2023,31,2023-W31,395,2023,33,397,2,moving_average_4,4380.0,6266.25,,205.76129032258063,1886.25,1886.25,3557939.0625,9.167176182861443
Peru,2023,2023,32,2023-W32,396,2023,34,398,2,moving_average_4,3824.0,5614.0,,205.76129032258063,1790.0,1790.0,3204100.0,8.699401122503371
Peru,2023,2023,33,2023-W33,397,2023,35,399,2,moving_average_4,3466.0,5005.25,,205.76129032258063,1539.25,1539.25,2369290.5625,7.480755965258835
Peru,2023,2023,34,2023-W34,398,2023,36,400,2,moving_average_4,3368.0,4671.75,,205.76129032258063,1303.75,1303.75,1699764.0625,6.3362258175775255
Peru,2023,2023,35,2023-W35,399,2023,37,401,2,moving_average_4,2883.0,4182.5,,205.76129032258063,1299.5,1299.5,1688700.25,6.3155708149123635
Peru,2023,2023,36,2023-W36,400,2023,38,402,2,moving_average_4,2317.0,3759.5,,205.76129032258063,1442.5,1442.5,2080806.25,7.010550904587213
Peru,2023,2023,37,2023-W37,401,2023,39,403,2,moving_average_4,2158.0,3385.25,,205.76129032258063,1227.25,1227.25,1506142.5625,5.9644357696046155
Peru,2023,2023,38,2023-W38,402,2023,40,404,2,moving_average_4,2028.0,3008.5,,205.76129032258063,980.5,980.5,961380.25,4.765230614868467
Peru,2023,2023,39,2023-W39,403,2023,41,405,2,moving_average_4,1829.0,2681.5,,205.76129032258063,852.5,852.5,726756.25,4.143150534600069
Peru,2023,2023,40,2023-W40,404,2023,42,406,2,moving_average_4,1874.0,2346.5,,205.76129032258063,472.5,472.5,223256.25,2.296350296303264
Peru,2023,2023,41,2023-W41,405,2023,43,407,2,moving_average_4,1563.0,2083.0,,205.76129032258063,520.0,520.0,270400.0,2.5272003260903646
Peru,2023,2023,42,2023-W42,406,2023,44,408,2,moving_average_4,1626.0,1972.25,,205.76129032258063,346.25,346.25,119889.0625,1.682775217132286
Peru,2023,2023,43,2023-W43,407,2023,45,409,2,moving_average_4,1800.0,1823.5,,205.76129032258063,23.5,23.5,552.25,0.1142100147367761
Peru,2023,2023,44,2023-W44,408,2023,46,410,2,moving_average_4,1802.0,1723.0,,205.76129032258063,-79.0,79.0,6241.0,0.3839400495406516
Peru,2023,2023,45,2023-W45,409,2023,47,411,2,moving_average_4,1823.0,1715.75,,205.76129032258063,-107.25,107.25,11502.5625,0.5212350672561378
Peru,2023,2023,46,2023-W46,410,2023,48,412,2,moving_average_4,1854.0,1697.75,,205.76129032258063,-156.25,156.25,24414.0625,0.7593750979838837
Peru,2023,2023,47,2023-W47,411,2023,49,413,2,moving_average_4,1680.0,1762.75,,205.76129032258063,82.75,82.75,6847.5625,0.40216505189226476
Peru,2023,2023,48,2023-W48,412,2023,50,414,2,moving_average_4,1784.0,1819.75,,205.76129032258063,35.75,35.75,1278.0625,0.1737450224187126
Peru,2023,2023,49,2023-W49,413,2023,51,415,2,moving_average_4,1651.0,1789.75,,205.76129032258063,138.75,138.75,19251.5625,0.6743250870096886
Peru,2023,2023,50,2023-W50,414,2023,52,416,2,moving_average_4,1310.0,1785.25,,205.76129032258063,475.25,475.25,225862.5625,2.3097152980277804
Peru,2023,2022,51,2022-W51,363,2023,1,365,2,persistence,1596.0,1134.0,,205.76129032258063,-462.0,462.0,213444.0,2.245320289718747
Peru,2023,2022,52,2022-W52,364,2023,2,366,2,persistence,1499.0,717.0,,205.76129032258063,-782.0,782.0,611524.0,3.800520490389741
Peru,2023,2023,1,2023-W01,365,2023,3,367,2,persistence,1851.0,1596.0,,205.76129032258063,-255.0,255.0,65025.0,1.2393001599096982
Peru,2023,2023,2,2023-W02,366,2023,4,368,2,persistence,1757.0,1499.0,,205.76129032258063,-258.0,258.0,66564.0,1.2538801617909887
Peru,2023,2023,3,2023-W03,367,2023,5,369,2,persistence,1914.0,1851.0,,205.76129032258063,-63.0,63.0,3969.0,0.3061800395071019
Peru,2023,2023,4,2023-W04,368,2023,6,370,2,persistence,2142.0,1757.0,,205.76129032258063,-385.0,385.0,148225.0,1.8711002414322893
Peru,2023,2023,5,2023-W05,369,2023,7,371,2,persistence,2303.0,1914.0,,205.76129032258063,-389.0,389.0,151321.0,1.8905402439406767
Peru,2023,2023,6,2023-W06,370,2023,8,372,2,persistence,2513.0,2142.0,,205.76129032258063,-371.0,371.0,137641.0,1.8030602326529332
Peru,2023,2023,7,2023-W07,371,2023,9,373,2,persistence,2545.0,2303.0,,205.76129032258063,-242.0,242.0,58564.0,1.176120151757439
Peru,2023,2023,8,2023-W08,372,2023,10,374,2,persistence,2528.0,2513.0,,205.76129032258063,-15.0,15.0,225.0,0.07290000940645283
Peru,2023,2023,9,2023-W09,373,2023,11,375,2,persistence,3018.0,2545.0,,205.76129032258063,-473.0,473.0,223729.0,2.2987802966168127
Peru,2023,2023,10,2023-W10,374,2023,12,376,2,persistence,3796.0,2528.0,,205.76129032258063,-1268.0,1268.0,1607824.0,6.162480795158813
Peru,2023,2023,11,2023-W11,375,2023,13,377,2,persistence,4099.0,3018.0,,205.76129032258063,-1081.0,1081.0,1168561.0,5.253660677891701
Peru,2023,2023,12,2023-W12,376,2023,14,378,2,persistence,4430.0,3796.0,,205.76129032258063,-634.0,634.0,401956.0,3.0812403975794065
Peru,2023,2023,13,2023-W13,377,2023,15,379,2,persistence,6520.0,4099.0,,205.76129032258063,-2421.0,2421.0,5861241.0,11.766061518201488
Peru,2023,2023,14,2023-W14,378,2023,16,380,2,persistence,7614.0,4430.0,,205.76129032258063,-3184.0,3184.0,10137856.0,15.474241996676387
Peru,2023,2023,15,2023-W15,379,2023,17,381,2,persistence,8594.0,6520.0,,205.76129032258063,-2074.0,2074.0,4301476.0,10.079641300598878
Peru,2023,2023,16,2023-W16,380,2023,18,382,2,persistence,11860.0,7614.0,,205.76129032258063,-4246.0,4246.0,18028516.0,20.635562662653246
Peru,2023,2023,17,2023-W17,381,2023,19,383,2,persistence,15304.0,8594.0,,205.76129032258063,-6710.0,6710.0,45024100.0,32.6106042078199
Peru,2023,2023,18,2023-W18,382,2023,20,384,2,persistence,20425.0,11860.0,,205.76129032258063,-8565.0,8565.0,73359225.0,41.62590537108456
Peru,2023,2023,19,2023-W19,383,2023,21,385,2,persistence,18043.0,15304.0,,205.76129032258063,-2739.0,2739.0,7502121.0,13.311541717618287
Peru,2023,2023,20,2023-W20,384,2023,22,386,2,persistence,17868.0,20425.0,,205.76129032258063,2557.0,2557.0,6538249.0,12.42702160348666
Peru,2023,2023,21,2023-W21,385,2023,23,387,2,persistence,15637.0,18043.0,,205.76129032258063,2406.0,2406.0,5788836.0,11.693161508795034
Peru,2023,2023,22,2023-W22,386,2023,24,388,2,persistence,13340.0,17868.0,,205.76129032258063,4528.0,4528.0,20502784.0,22.00608283949456
Peru,2023,2023,23,2023-W23,387,2023,25,389,2,persistence,11073.0,15637.0,,205.76129032258063,4564.0,4564.0,20830096.0,22.181042862070047
Peru,2023,2023,24,2023-W24,388,2023,26,390,2,persistence,8681.0,13340.0,,205.76129032258063,4659.0,4659.0,21706281.0,22.64274292164425
Peru,2023,2023,25,2023-W25,389,2023,27,391,2,persistence,8132.0,11073.0,,205.76129032258063,2941.0,2941.0,8649481.0,14.293261844291852
Peru,2023,2023,26,2023-W26,390,2023,28,392,2,persistence,7669.0,8681.0,,205.76129032258063,1012.0,1012.0,1024144.0,4.918320634622018
Peru,2023,2023,27,2023-W27,391,2023,29,393,2,persistence,6815.0,8132.0,,205.76129032258063,1317.0,1317.0,1734489.0,6.400620825886558
Peru,2023,2023,28,2023-W28,392,2023,30,394,2,persistence,5158.0,7669.0,,205.76129032258063,2511.0,2511.0,6305121.0,12.203461574640205
Peru,2023,2023,29,2023-W29,393,2023,31,395,2,persistence,5423.0,6815.0,,205.76129032258063,1392.0,1392.0,1937664.0,6.765120872918823
Peru,2023,2023,30,2023-W30,394,2023,32,396,2,persistence,5060.0,5158.0,,205.76129032258063,98.0,98.0,9604.0,0.47628006145549184
Peru,2023,2023,31,2023-W31,395,2023,33,397,2,persistence,4380.0,5423.0,,205.76129032258063,1043.0,1043.0,1087849.0,5.06898065406202
Peru,2023,2023,32,2023-W32,396,2023,34,398,2,persistence,3824.0,5060.0,,205.76129032258063,1236.0,1236.0,1527696.0,6.006960775091713
Peru,2023,2023,33,2023-W33,397,2023,35,399,2,persistence,3466.0,4380.0,,205.76129032258063,914.0,914.0,835396.0,4.442040573166526
Peru,2023,2023,34,2023-W34,398,2023,36,400,2,persistence,3368.0,3824.0,,205.76129032258063,456.0,456.0,207936.0,2.216160285956166
Peru,2023,2023,35,2023-W35,399,2023,37,401,2,persistence,2883.0,3466.0,,205.76129032258063,583.0,583.0,339889.0,2.8333803655974665
Peru,2023,2023,36,2023-W36,400,2023,38,402,2,persistence,2317.0,3368.0,,205.76129032258063,1051.0,1051.0,1104601.0,5.107860659078795
Peru,2023,2023,37,2023-W37,401,2023,39,403,2,persistence,2158.0,2883.0,,205.76129032258063,725.0,725.0,525625.0,3.52350045464522
Peru,2023,2023,38,2023-W38,402,2023,40,404,2,persistence,2028.0,2317.0,,205.76129032258063,289.0,289.0,83521.0,1.4045401812309912
Peru,2023,2023,39,2023-W39,403,2023,41,405,2,persistence,1829.0,2158.0,,205.76129032258063,329.0,329.0,108241.0,1.5989402063148654
Peru,2023,2023,40,2023-W40,404,2023,42,406,2,persistence,1874.0,2028.0,,205.76129032258063,154.0,154.0,23716.0,0.7484400965729158
Peru,2023,2023,41,2023-W41,405,2023,43,407,2,persistence,1563.0,1829.0,,205.76129032258063,266.0,266.0,70756.0,1.2927601668077635
Peru,2023,2023,42,2023-W42,406,2023,44,408,2,persistence,1626.0,1874.0,,205.76129032258063,248.0,248.0,61504.0,1.20528015552002
Peru,2023,2023,43,2023-W43,407,2023,45,409,2,persistence,1800.0,1563.0,,205.76129032258063,-237.0,237.0,56169.0,1.1518201486219548
Peru,2023,2023,44,2023-W44,408,2023,46,410,2,persistence,1802.0,1626.0,,205.76129032258063,-176.0,176.0,30976.0,0.8553601103690466
Peru,2023,2023,45,2023-W45,409,2023,47,411,2,persistence,1823.0,1800.0,,205.76129032258063,-23.0,23.0,529.0,0.11178001442322767
Peru,2023,2023,46,2023-W46,410,2023,48,412,2,persistence,1854.0,1802.0,,205.76129032258063,-52.0,52.0,2704.0,0.25272003260903647
Peru,2023,2023,47,2023-W47,411,2023,49,413,2,persistence,1680.0,1823.0,,205.76129032258063,143.0,143.0,20449.0,0.6949800896748504
Peru,2023,2023,48,2023-W48,412,2023,50,414,2,persistence,1784.0,1854.0,,205.76129032258063,70.0,70.0,4900.0,0.3402000438967799
Peru,2023,2023,49,2023-W49,413,2023,51,415,2,persistence,1651.0,1680.0,,205.76129032258063,29.0,29.0,841.0,0.1409400181858088
Peru,2023,2023,50,2023-W50,414,2023,52,416,2,persistence,1310.0,1784.0,,205.76129032258063,474.0,474.0,224676.0,2.3036402972439096
Peru,2023,2022,51,2022-W51,363,2023,1,365,2,seasonal_naive,1596.0,1070.0,,205.76129032258063,-526.0,526.0,276676.0,2.556360329852946
Peru,2023,2022,52,2022-W52,364,2023,2,366,2,seasonal_naive,1499.0,1017.0,,205.76129032258063,-482.0,482.0,232324.0,2.3425203022606844
Peru,2023,2023,1,2023-W01,365,2023,3,367,2,seasonal_naive,1851.0,950.0,,205.76129032258063,-901.0,901.0,811801.0,4.378860565014267
Peru,2023,2023,2,2023-W02,366,2023,4,368,2,seasonal_naive,1757.0,978.0,,205.76129032258063,-779.0,779.0,606841.0,3.78594048850845
Peru,2023,2023,3,2023-W03,367,2023,5,369,2,seasonal_naive,1914.0,1318.0,,205.76129032258063,-596.0,596.0,355216.0,2.896560373749726
Peru,2023,2023,4,2023-W04,368,2023,6,370,2,seasonal_naive,2142.0,1423.0,,205.76129032258063,-719.0,719.0,516961.0,3.494340450882639
Peru,2023,2023,5,2023-W05,369,2023,7,371,2,seasonal_naive,2303.0,1657.0,,205.76129032258063,-646.0,646.0,417316.0,3.1395604051045685
Peru,2023,2023,6,2023-W06,370,2023,8,372,2,seasonal_naive,2513.0,1853.0,,205.76129032258063,-660.0,660.0,435600.0,3.2076004138839247
Peru,2023,2023,7,2023-W07,371,2023,9,373,2,seasonal_naive,2545.0,1974.0,,205.76129032258063,-571.0,571.0,326041.0,2.7750603580723046
Peru,2023,2023,8,2023-W08,372,2023,10,374,2,seasonal_naive,2528.0,2043.0,,205.76129032258063,-485.0,485.0,235225.0,2.3571003041419747
Peru,2023,2023,9,2023-W09,373,2023,11,375,2,seasonal_naive,3018.0,2250.0,,205.76129032258063,-768.0,768.0,589824.0,3.7324804816103847
Peru,2023,2023,10,2023-W10,374,2023,12,376,2,seasonal_naive,3796.0,2272.0,,205.76129032258063,-1524.0,1524.0,2322576.0,7.406640955695607
Peru,2023,2023,11,2023-W11,375,2023,13,377,2,seasonal_naive,4099.0,2566.0,,205.76129032258063,-1533.0,1533.0,2350089.0,7.450380961339479
Peru,2023,2023,12,2023-W12,376,2023,14,378,2,seasonal_naive,4430.0,2876.0,,205.76129032258063,-1554.0,1554.0,2414916.0,7.552440974508513
Peru,2023,2023,13,2023-W13,377,2023,15,379,2,seasonal_naive,6520.0,2992.0,,205.76129032258063,-3528.0,3528.0,12446784.0,17.146082212397705
Peru,2023,2023,14,2023-W14,378,2023,16,380,2,seasonal_naive,7614.0,3421.0,,205.76129032258063,-4193.0,4193.0,17581249.0,20.377982629417115
Peru,2023,2023,15,2023-W15,379,2023,17,381,2,seasonal_naive,8594.0,3099.0,,205.76129032258063,-5495.0,5495.0,30195025.0,26.70570344589722
Peru,2023,2023,16,2023-W16,380,2023,18,382,2,seasonal_naive,11860.0,3189.0,,205.76129032258063,-8671.0,8671.0,75186241.0,42.14106543755683
Peru,2023,2023,17,2023-W17,381,2023,19,383,2,seasonal_naive,15304.0,2999.0,,205.76129032258063,-12305.0,12305.0,151413025.0,59.8023077164268
Peru,2023,2023,18,2023-W18,382,2023,20,384,2,seasonal_naive,20425.0,2425.0,,205.76129032258063,-18000.0,18000.0,324000000.0,87.4800112877434
Peru,2023,2023,19,2023-W19,383,2023,21,385,2,seasonal_naive,18043.0,1965.0,,205.76129032258063,-16078.0,16078.0,258502084.0,78.13909008246324
Peru,2023,2023,20,2023-W20,384,2023,22,386,2,seasonal_naive,17868.0,1686.0,,205.76129032258063,-16182.0,16182.0,261857124.0,78.64453014768131
Peru,2023,2023,21,2023-W21,385,2023,23,387,2,seasonal_naive,15637.0,1440.0,,205.76129032258063,-14197.0,14197.0,201554809.0,68.99742890289406
Peru,2023,2023,22,2023-W22,386,2023,24,388,2,seasonal_naive,13340.0,1201.0,,205.76129032258063,-12139.0,12139.0,147355321.0,58.99554761232873
Peru,2023,2023,23,2023-W23,387,2023,25,389,2,seasonal_naive,11073.0,1036.0,,205.76129032258063,-10037.0,10037.0,100741369.0,48.77982629417114
Peru,2023,2023,24,2023-W24,388,2023,26,390,2,seasonal_naive,8681.0,904.0,,205.76129032258063,-7777.0,7777.0,60481729.0,37.79622487693224
Peru,2023,2023,25,2023-W25,389,2023,27,391,2,seasonal_naive,8132.0,826.0,,205.76129032258063,-7306.0,7306.0,53377636.0,35.507164581569626
Peru,2023,2023,26,2023-W26,390,2023,28,392,2,seasonal_naive,7669.0,782.0,,205.76129032258063,-6887.0,6887.0,47430769.0,33.47082431881604
Peru,2023,2023,27,2023-W27,391,2023,29,393,2,seasonal_naive,6815.0,669.0,,205.76129032258063,-6146.0,6146.0,37773316.0,29.869563854137272
Peru,2023,2023,28,2023-W28,392,2023,30,394,2,seasonal_naive,5158.0,452.0,,205.76129032258063,-4706.0,4706.0,22146436.0,22.8711629511178
Peru,2023,2023,29,2023-W29,393,2023,31,395,2,seasonal_naive,5423.0,499.0,,205.76129032258063,-4924.0,4924.0,24245776.0,23.930643087824915
Peru,2023,2023,30,2023-W30,394,2023,32,396,2,seasonal_naive,5060.0,553.0,,205.76129032258063,-4507.0,4507.0,20313049.0,21.904022826325527
Peru,2023,2023,31,2023-W31,395,2023,33,397,2,seasonal_naive,4380.0,580.0,,205.76129032258063,-3800.0,3800.0,14440000.0,18.46800238296805
Peru,2023,2023,32,2023-W32,396,2023,34,398,2,seasonal_naive,3824.0,485.0,,205.76129032258063,-3339.0,3339.0,11148921.0,16.2275420938764
Peru,2023,2023,33,2023-W33,397,2023,35,399,2,seasonal_naive,3466.0,484.0,,205.76129032258063,-2982.0,2982.0,8892324.0,14.492521870002822
Peru,2023,2023,34,2023-W34,398,2023,36,400,2,seasonal_naive,3368.0,550.0,,205.76129032258063,-2818.0,2818.0,7941124.0,13.695481767158938
Peru,2023,2023,35,2023-W35,399,2023,37,401,2,seasonal_naive,2883.0,557.0,,205.76129032258063,-2326.0,2326.0,5410276.0,11.304361458627286
Peru,2023,2023,36,2023-W36,400,2023,38,402,2,seasonal_naive,2317.0,580.0,,205.76129032258063,-1737.0,1737.0,3017169.0,8.441821089267238
Peru,2023,2023,37,2023-W37,401,2023,39,403,2,seasonal_naive,2158.0,624.0,,205.76129032258063,-1534.0,1534.0,2353156.0,7.4552409619665765
Peru,2023,2023,38,2023-W38,402,2023,40,404,2,seasonal_naive,2028.0,537.0,,205.76129032258063,-1491.0,1491.0,2223081.0,7.246260935001411
Peru,2023,2023,39,2023-W39,403,2023,41,405,2,seasonal_naive,1829.0,596.0,,205.76129032258063,-1233.0,1233.0,1520289.0,5.992380773210423
Peru,2023,2023,40,2023-W40,404,2023,42,406,2,seasonal_naive,1874.0,734.0,,205.76129032258063,-1140.0,1140.0,1299600.0,5.540400714890415
Peru,2023,2023,41,2023-W41,405,2023,43,407,2,seasonal_naive,1563.0,830.0,,205.76129032258063,-733.0,733.0,537289.0,3.562380459661995
Peru,2023,2023,42,2023-W42,406,2023,44,408,2,seasonal_naive,1626.0,1069.0,,205.76129032258063,-557.0,557.0,310249.0,2.7070203492929483
Peru,2023,2023,43,2023-W43,407,2023,45,409,2,seasonal_naive,1800.0,1314.0,,205.76129032258063,-486.0,486.0,236196.0,2.3619603047690716
Peru,2023,2023,44,2023-W44,408,2023,46,410,2,seasonal_naive,1802.0,1633.0,,205.76129032258063,-169.0,169.0,28561.0,0.8213401059793686
Peru,2023,2023,45,2023-W45,409,2023,47,411,2,seasonal_naive,1823.0,1623.0,,205.76129032258063,-200.0,200.0,40000.0,0.9720001254193711
Peru,2023,2023,46,2023-W46,410,2023,48,412,2,seasonal_naive,1854.0,1624.0,,205.76129032258063,-230.0,230.0,52900.0,1.1178001442322767
Peru,2023,2023,47,2023-W47,411,2023,49,413,2,seasonal_naive,1680.0,1412.0,,205.76129032258063,-268.0,268.0,71824.0,1.3024801680619573
Peru,2023,2023,48,2023-W48,412,2023,50,414,2,seasonal_naive,1784.0,1383.0,,205.76129032258063,-401.0,401.0,160801.0,1.948860251465839
Peru,2023,2023,49,2023-W49,413,2023,51,415,2,seasonal_naive,1651.0,1134.0,,205.76129032258063,-517.0,517.0,267289.0,2.5126203242090743
Peru,2023,2023,50,2023-W50,414,2023,52,416,2,seasonal_naive,1310.0,717.0,,205.76129032258063,-593.0,593.0,351649.0,2.881980371868435
Peru,2023,2022,49,2022-W49,361,2023,1,365,4,moving_average_4,1596.0,1573.0,,205.76129032258063,-23.0,23.0,529.0,0.11178001442322767
Peru,2023,2022,50,2022-W50,362,2023,2,366,4,moving_average_4,1499.0,1510.5,,205.76129032258063,11.5,11.5,132.25,0.055890007211613836
Peru,2023,2022,51,2022-W51,363,2023,3,367,4,moving_average_4,1851.0,1388.25,,205.76129032258063,-462.75,462.75,214137.5625,2.2489652901890698
Peru,2023,2022,52,2022-W52,364,2023,4,368,4,moving_average_4,1757.0,1161.5,,205.76129032258063,-595.5,595.5,354620.25,2.894130373436177
Peru,2023,2023,1,2023-W01,365,2023,5,369,4,moving_average_4,1914.0,1207.5,,205.76129032258063,-706.5,706.5,499142.25,3.4335904430439284
Peru,2023,2023,2,2023-W02,366,2023,6,370,4,moving_average_4,2142.0,1236.5,,205.76129032258063,-905.5,905.5,819930.25,4.400730567836202
Peru,2023,2023,3,2023-W03,367,2023,7,371,4,moving_average_4,2303.0,1415.75,,205.76129032258063,-887.25,887.25,787212.5625,4.312035556391685
Peru,2023,2023,4,2023-W04,368,2023,8,372,4,moving_average_4,2513.0,1675.75,,205.76129032258063,-837.25,837.25,700987.5625,4.069035525036842
Peru,2023,2023,5,2023-W05,369,2023,9,373,4,moving_average_4,2545.0,1755.25,,205.76129032258063,-789.75,789.75,623705.0625,3.8381854952497414
Peru,2023,2023,6,2023-W06,370,2023,10,374,4,moving_average_4,2528.0,1916.0,,205.76129032258063,-612.0,612.0,374544.0,2.9743203837832755
Peru,2023,2023,7,2023-W07,371,2023,11,375,4,moving_average_4,3018.0,2029.0,,205.76129032258063,-989.0,989.0,978121.0,4.80654062019879
Peru,2023,2023,8,2023-W08,372,2023,12,376,4,moving_average_4,3796.0,2218.0,,205.76129032258063,-1578.0,1578.0,2490084.0,7.669080989558838
Peru,2023,2023,9,2023-W09,373,2023,13,377,4,moving_average_4,4099.0,2375.75,,205.76129032258063,-1723.25,1723.25,2969590.5625,8.374996080644657
Peru,2023,2023,10,2023-W10,374,2023,14,378,4,moving_average_4,4430.0,2472.25,,205.76129032258063,-1957.75,1957.75,3832785.0625,9.514666227698868
Peru,2023,2023,11,2023-W11,375,2023,15,379,4,moving_average_4,6520.0,2651.0,,205.76129032258063,-3869.0,3869.0,14969161.0,18.803342426237734
Peru,2023,2023,12,2023-W12,376,2023,16,380,4,moving_average_4,7614.0,2971.75,,205.76129032258063,-4642.25,4642.25,21550485.0625,22.561337911140377
Peru,2023,2023,13,2023-W13,377,2023,17,381,4,moving_average_4,8594.0,3360.25,,205.76129032258063,-5233.75,5233.75,27392139.0625,25.43602828206817
Peru,2023,2023,14,2023-W14,378,2023,18,382,4,moving_average_4,11860.0,3835.75,,205.76129032258063,-8024.25,8024.25,64388588.0625,38.99786003198194
Peru,2023,2023,15,2023-W15,379,2023,19,383,4,moving_average_4,15304.0,4711.25,,205.76129032258063,-10592.75,10592.75,112206352.5625,51.48077164268022
Peru,2023,2023,16,2023-W16,380,2023,20,384,4,moving_average_4,20425.0,5665.75,,205.76129032258063,-14759.25,14759.25,217835460.5625,71.72996425547926
Peru,2023,2023,17,2023-W17,381,2023,21,385,4,moving_average_4,18043.0,6789.5,,205.76129032258063,-11253.5,11253.5,126641262.25,54.69201705703446
Peru,2023,2023,18,2023-W18,382,2023,22,386,4,moving_average_4,17868.0,8647.0,,205.76129032258063,-9221.0,9221.0,85026841.0,44.814065782460105
Peru,2023,2023,19,2023-W19,383,2023,23,387,4,moving_average_4,15637.0,10843.0,,205.76129032258063,-4794.0,4794.0,22982436.0,23.298843006302324
Peru,2023,2023,20,2023-W20,384,2023,24,388,4,moving_average_4,13340.0,14045.75,,205.76129032258063,705.75,705.75,498083.0625,3.429945442573606
Peru,2023,2023,21,2023-W21,385,2023,25,389,4,moving_average_4,11073.0,16408.0,,205.76129032258063,5335.0,5335.0,28462225.0,25.928103345561723
Peru,2023,2023,22,2023-W22,386,2023,26,390,4,moving_average_4,8681.0,17910.0,,205.76129032258063,9229.0,9229.0,85174441.0,44.85294578747688
Peru,2023,2023,23,2023-W23,387,2023,27,391,4,moving_average_4,8132.0,17993.25,,205.76129032258063,9861.25,9861.25,97244251.5625,47.925681183958865
Peru,2023,2023,24,2023-W24,388,2023,28,392,4,moving_average_4,7669.0,16222.0,,205.76129032258063,8553.0,8553.0,73153809.0,41.5675853635594
Peru,2023,2023,25,2023-W25,389,2023,29,393,4,moving_average_4,6815.0,14479.5,,205.76129032258063,7664.5,7664.5,58744560.25,37.249474806383844
Peru,2023,2023,26,2023-W26,390,2023,30,394,4,moving_average_4,5158.0,12182.75,,205.76129032258063,7024.75,7024.75,49347112.5625,34.14028940519864
Peru,2023,2023,27,2023-W27,391,2023,31,395,4,moving_average_4,5423.0,10306.5,,205.76129032258063,4883.5,4883.5,23848572.25,23.733813062427494
Peru,2023,2023,28,2023-W28,392,2023,32,396,4,moving_average_4,5060.0,8888.75,,205.76129032258063,3828.75,3828.75,14659326.5625,18.607727400997085
Peru,2023,2023,29,2023-W29,393,2023,33,397,4,moving_average_4,4380.0,7824.25,,205.76129032258063,3444.25,3444.25,11862858.0625,16.739057159878342
Peru,2023,2023,30,2023-W30,394,2023,34,398,4,moving_average_4,3824.0,6943.5,,205.76129032258063,3119.5,3119.5,9731280.25,15.16077195622864
Peru,2023,2023,31,2023-W31,395,2023,35,399,4,moving_average_4,3466.0,6266.25,,205.76129032258063,2800.25,2800.25,7841400.0625,13.609216756027969
Peru,2023,2023,32,2023-W32,396,2023,36,400,4,moving_average_4,3368.0,5614.0,,205.76129032258063,2246.0,2246.0,5044516.0,10.915561408459537
Peru,2023,2023,33,2023-W33,397,2023,37,401,4,moving_average_4,2883.0,5005.25,,205.76129032258063,2122.25,2122.25,4503945.0625,10.314136330856302
Peru,2023,2023,34,2023-W34,398,2023,38,402,4,moving_average_4,2317.0,4671.75,,205.76129032258063,2354.75,2354.75,5544847.5625,11.44408647665632
Peru,2023,2023,35,2023-W35,399,2023,39,403,4,moving_average_4,2158.0,4182.5,,205.76129032258063,2024.5,2024.5,4098600.25,9.839071269557584
Peru,2023,2023,36,2023-W36,400,2023,40,404,4,moving_average_4,2028.0,3759.5,,205.76129032258063,1731.5,1731.5,2998092.25,8.415091085818204
Peru,2023,2023,37,2023-W37,401,2023,41,405,4,moving_average_4,1829.0,3385.25,,205.76129032258063,1556.25,1556.25,2421914.0625,7.563375975919481
Peru,2023,2023,38,2023-W38,402,2023,42,406,4,moving_average_4,1874.0,3008.5,,205.76129032258063,1134.5,1134.5,1287090.25,5.5136707114413825
Peru,2023,2023,39,2023-W39,403,2023,43,407,4,moving_average_4,1563.0,2681.5,,205.76129032258063,1118.5,1118.5,1251042.25,5.435910701407833
Peru,2023,2023,40,2023-W40,404,2023,44,408,4,moving_average_4,1626.0,2346.5,,205.76129032258063,720.5,720.5,519120.25,3.501630451823284
Peru,2023,2023,41,2023-W41,405,2023,45,409,4,moving_average_4,1800.0,2083.0,,205.76129032258063,283.0,283.0,80089.0,1.37538017746841
Peru,2023,2023,42,2023-W42,406,2023,46,410,4,moving_average_4,1802.0,1972.25,,205.76129032258063,170.25,170.25,28985.0625,0.8274151067632396
Peru,2023,2023,43,2023-W43,407,2023,47,411,4,moving_average_4,1823.0,1823.5,,205.76129032258063,0.5,0.5,0.25,0.0024300003135484275
Peru,2023,2023,44,2023-W44,408,2023,48,412,4,moving_average_4,1854.0,1723.0,,205.76129032258063,-131.0,131.0,17161.0,0.6366600821496881
Peru,2023,2023,45,2023-W45,409,2023,49,413,4,moving_average_4,1680.0,1715.75,,205.76129032258063,35.75,35.75,1278.0625,0.1737450224187126
Peru,2023,2023,46,2023-W46,410,2023,50,414,4,moving_average_4,1784.0,1697.75,,205.76129032258063,-86.25,86.25,7439.0625,0.41917505408710376
Peru,2023,2023,47,2023-W47,411,2023,51,415,4,moving_average_4,1651.0,1762.75,,205.76129032258063,111.75,111.75,12488.0625,0.5431050700780736
Peru,2023,2023,48,2023-W48,412,2023,52,416,4,moving_average_4,1310.0,1819.75,,205.76129032258063,509.75,509.75,259845.0625,2.477385319662622
Peru,2023,2022,49,2022-W49,361,2023,1,365,4,persistence,1596.0,1412.0,,205.76129032258063,-184.0,184.0,33856.0,0.8942401153858214
Peru,2023,2022,50,2022-W50,362,2023,2,366,4,persistence,1499.0,1383.0,,205.76129032258063,-116.0,116.0,13456.0,0.5637600727432353
Peru,2023,2022,51,2022-W51,363,2023,3,367,4,persistence,1851.0,1134.0,,205.76129032258063,-717.0,717.0,514089.0,3.484620449628445
Peru,2023,2022,52,2022-W52,364,2023,4,368,4,persistence,1757.0,717.0,,205.76129032258063,-1040.0,1040.0,1081600.0,5.054400652180729
Peru,2023,2023,1,2023-W01,365,2023,5,369,4,persistence,1914.0,1596.0,,205.76129032258063,-318.0,318.0,101124.0,1.5454801994168
Peru,2023,2023,2,2023-W02,366,2023,6,370,4,persistence,2142.0,1499.0,,205.76129032258063,-643.0,643.0,413449.0,3.124980403223278
Peru,2023,2023,3,2023-W03,367,2023,7,371,4,persistence,2303.0,1851.0,,205.76129032258063,-452.0,452.0,204304.0,2.1967202834477786
Peru,2023,2023,4,2023-W04,368,2023,8,372,4,persistence,2513.0,1757.0,,205.76129032258063,-756.0,756.0,571536.0,3.6741604740852227
Peru,2023,2023,5,2023-W05,369,2023,9,373,4,persistence,2545.0,1914.0,,205.76129032258063,-631.0,631.0,398161.0,3.0666603956981158
Peru,2023,2023,6,2023-W06,370,2023,10,374,4,persistence,2528.0,2142.0,,205.76129032258063,-386.0,386.0,148996.0,1.8759602420593862
Peru,2023,2023,7,2023-W07,371,2023,11,375,4,persistence,3018.0,2303.0,,205.76129032258063,-715.0,715.0,511225.0,3.4749004483742514
Peru,2023,2023,8,2023-W08,372,2023,12,376,4,persistence,3796.0,2513.0,,205.76129032258063,-1283.0,1283.0,1646089.0,6.235380804565265
Peru,2023,2023,9,2023-W09,373,2023,13,377,4,persistence,4099.0,2545.0,,205.76129032258063,-1554.0,1554.0,2414916.0,7.552440974508513
Peru,2023,2023,10,2023-W10,374,2023,14,378,4,persistence,4430.0,2528.0,,205.76129032258063,-1902.0,1902.0,3617604.0,9.243721192738219
Peru,2023,2023,11,2023-W11,375,2023,15,379,4,persistence,6520.0,3018.0,,205.76129032258063,-3502.0,3502.0,12264004.0,17.019722196093188
Peru,2023,2023,12,2023-W12,376,2023,16,380,4,persistence,7614.0,3796.0,,205.76129032258063,-3818.0,3818.0,14577124.0,18.555482394255794
Peru,2023,2023,13,2023-W13,377,2023,17,381,4,persistence,8594.0,4099.0,,205.76129032258063,-4495.0,4495.0,20205025.0,21.845702818800365
Peru,2023,2023,14,2023-W14,378,2023,18,382,4,persistence,11860.0,4430.0,,205.76129032258063,-7430.0,7430.0,55204900.0,36.10980465932963
Peru,2023,2023,15,2023-W15,379,2023,19,383,4,persistence,15304.0,6520.0,,205.76129032258063,-8784.0,8784.0,77158656.0,42.690245508418776
Peru,2023,2023,16,2023-W16,380,2023,20,384,4,persistence,20425.0,7614.0,,205.76129032258063,-12811.0,12811.0,164121721.0,62.26146803373781
Peru,2023,2023,17,2023-W17,381,2023,21,385,4,persistence,18043.0,8594.0,,205.76129032258063,-9449.0,9449.0,89283601.0,45.92214592543819
Peru,2023,2023,18,2023-W18,382,2023,22,386,4,persistence,17868.0,11860.0,,205.76129032258063,-6008.0,6008.0,36096064.0,29.198883767597906
Peru,2023,2023,19,2023-W19,383,2023,23,387,4,persistence,15637.0,15304.0,,205.76129032258063,-333.0,333.0,110889.0,1.6183802088232528
Peru,2023,2023,20,2023-W20,384,2023,24,388,4,persistence,13340.0,20425.0,,205.76129032258063,7085.0,7085.0,50197225.0,34.43310444298122
Peru,2023,2023,21,2023-W21,385,2023,25,389,4,persistence,11073.0,18043.0,,205.76129032258063,6970.0,6970.0,48580900.0,33.87420437086508
Peru,2023,2023,22,2023-W22,386,2023,26,390,4,persistence,8681.0,17868.0,,205.76129032258063,9187.0,9187.0,84400969.0,44.64882576113881
Peru,2023,2023,23,2023-W23,387,2023,27,391,4,persistence,8132.0,15637.0,,205.76129032258063,7505.0,7505.0,56325025.0,36.4743047063619
Peru,2023,2023,24,2023-W24,388,2023,28,392,4,persistence,7669.0,13340.0,,205.76129032258063,5671.0,5671.0,32160241.0,27.561063556266266
Peru,2023,2023,25,2023-W25,389,2023,29,393,4,persistence,6815.0,11073.0,,205.76129032258063,4258.0,4258.0,18130564.0,20.69388267017841
Peru,2023,2023,26,2023-W26,390,2023,30,394,4,persistence,5158.0,8681.0,,205.76129032258063,3523.0,3523.0,12411529.0,17.12178220926222
Peru,2023,2023,27,2023-W27,391,2023,31,395,4,persistence,5423.0,8132.0,,205.76129032258063,2709.0,2709.0,7338681.0,13.16574169880538
Peru,2023,2023,28,2023-W28,392,2023,32,396,4,persistence,5060.0,7669.0,,205.76129032258063,2609.0,2609.0,6806881.0,12.679741636095695
Peru,2023,2023,29,2023-W29,393,2023,33,397,4,persistence,4380.0,6815.0,,205.76129032258063,2435.0,2435.0,5929225.0,11.834101526980843
Peru,2023,2023,30,2023-W30,394,2023,34,398,4,persistence,3824.0,5158.0,,205.76129032258063,1334.0,1334.0,1779556.0,6.483240836547205
Peru,2023,2023,31,2023-W31,395,2023,35,399,4,persistence,3466.0,5423.0,,205.76129032258063,1957.0,1957.0,3829849.0,9.511021227228547
Peru,2023,2023,32,2023-W32,396,2023,36,400,4,persistence,3368.0,5060.0,,205.76129032258063,1692.0,1692.0,2862864.0,8.223121061047879
Peru,2023,2023,33,2023-W33,397,2023,37,401,4,persistence,2883.0,4380.0,,205.76129032258063,1497.0,1497.0,2241009.0,7.275420938763992
Peru,2023,2023,34,2023-W34,398,2023,38,402,4,persistence,2317.0,3824.0,,205.76129032258063,1507.0,1507.0,2271049.0,7.324020945034961
Peru,2023,2023,35,2023-W35,399,2023,39,403,4,persistence,2158.0,3466.0,,205.76129032258063,1308.0,1308.0,1710864.0,6.3568808202426865
Peru,2023,2023,36,2023-W36,400,2023,40,404,4,persistence,2028.0,3368.0,,205.76129032258063,1340.0,1340.0,1795600.0,6.512400840309787
Peru,2023,2023,37,2023-W37,401,2023,41,405,4,persistence,1829.0,2883.0,,205.76129032258063,1054.0,1054.0,1110916.0,5.122440660960086
Peru,2023,2023,38,2023-W38,402,2023,42,406,4,persistence,1874.0,2317.0,,205.76129032258063,443.0,443.0,196249.0,2.152980277803907
Peru,2023,2023,39,2023-W39,403,2023,43,407,4,persistence,1563.0,2158.0,,205.76129032258063,595.0,595.0,354025.0,2.891700373122629
Peru,2023,2023,40,2023-W40,404,2023,44,408,4,persistence,1626.0,2028.0,,205.76129032258063,402.0,402.0,161604.0,1.9537202520929358
Peru,2023,2023,41,2023-W41,405,2023,45,409,4,persistence,1800.0,1829.0,,205.76129032258063,29.0,29.0,841.0,0.1409400181858088
Peru,2023,2023,42,2023-W42,406,2023,46,410,4,persistence,1802.0,1874.0,,205.76129032258063,72.0,72.0,5184.0,0.3499200451509736
Peru,2023,2023,43,2023-W43,407,2023,47,411,4,persistence,1823.0,1563.0,,205.76129032258063,-260.0,260.0,67600.0,1.2636001630451823
Peru,2023,2023,44,2023-W44,408,2023,48,412,4,persistence,1854.0,1626.0,,205.76129032258063,-228.0,228.0,51984.0,1.108080142978083
Peru,2023,2023,45,2023-W45,409,2023,49,413,4,persistence,1680.0,1800.0,,205.76129032258063,120.0,120.0,14400.0,0.5832000752516227
Peru,2023,2023,46,2023-W46,410,2023,50,414,4,persistence,1784.0,1802.0,,205.76129032258063,18.0,18.0,324.0,0.0874800112877434
Peru,2023,2023,47,2023-W47,411,2023,51,415,4,persistence,1651.0,1823.0,,205.76129032258063,172.0,172.0,29584.0,0.8359201078606591
Peru,2023,2023,48,2023-W48,412,2023,52,416,4,persistence,1310.0,1854.0,,205.76129032258063,544.0,544.0,295936.0,2.6438403411406894
Peru,2023,2022,49,2022-W49,361,2023,1,365,4,seasonal_naive,1596.0,1070.0,,205.76129032258063,-526.0,526.0,276676.0,2.556360329852946
Peru,2023,2022,50,2022-W50,362,2023,2,366,4,seasonal_naive,1499.0,1017.0,,205.76129032258063,-482.0,482.0,232324.0,2.3425203022606844
Peru,2023,2022,51,2022-W51,363,2023,3,367,4,seasonal_naive,1851.0,950.0,,205.76129032258063,-901.0,901.0,811801.0,4.378860565014267
Peru,2023,2022,52,2022-W52,364,2023,4,368,4,seasonal_naive,1757.0,978.0,,205.76129032258063,-779.0,779.0,606841.0,3.78594048850845
Peru,2023,2023,1,2023-W01,365,2023,5,369,4,seasonal_naive,1914.0,1318.0,,205.76129032258063,-596.0,596.0,355216.0,2.896560373749726
Peru,2023,2023,2,2023-W02,366,2023,6,370,4,seasonal_naive,2142.0,1423.0,,205.76129032258063,-719.0,719.0,516961.0,3.494340450882639
Peru,2023,2023,3,2023-W03,367,2023,7,371,4,seasonal_naive,2303.0,1657.0,,205.76129032258063,-646.0,646.0,417316.0,3.1395604051045685
Peru,2023,2023,4,2023-W04,368,2023,8,372,4,seasonal_naive,2513.0,1853.0,,205.76129032258063,-660.0,660.0,435600.0,3.2076004138839247
Peru,2023,2023,5,2023-W05,369,2023,9,373,4,seasonal_naive,2545.0,1974.0,,205.76129032258063,-571.0,571.0,326041.0,2.7750603580723046
Peru,2023,2023,6,2023-W06,370,2023,10,374,4,seasonal_naive,2528.0,2043.0,,205.76129032258063,-485.0,485.0,235225.0,2.3571003041419747
Peru,2023,2023,7,2023-W07,371,2023,11,375,4,seasonal_naive,3018.0,2250.0,,205.76129032258063,-768.0,768.0,589824.0,3.7324804816103847
Peru,2023,2023,8,2023-W08,372,2023,12,376,4,seasonal_naive,3796.0,2272.0,,205.76129032258063,-1524.0,1524.0,2322576.0,7.406640955695607
Peru,2023,2023,9,2023-W09,373,2023,13,377,4,seasonal_naive,4099.0,2566.0,,205.76129032258063,-1533.0,1533.0,2350089.0,7.450380961339479
Peru,2023,2023,10,2023-W10,374,2023,14,378,4,seasonal_naive,4430.0,2876.0,,205.76129032258063,-1554.0,1554.0,2414916.0,7.552440974508513
Peru,2023,2023,11,2023-W11,375,2023,15,379,4,seasonal_naive,6520.0,2992.0,,205.76129032258063,-3528.0,3528.0,12446784.0,17.146082212397705
Peru,2023,2023,12,2023-W12,376,2023,16,380,4,seasonal_naive,7614.0,3421.0,,205.76129032258063,-4193.0,4193.0,17581249.0,20.377982629417115
Peru,2023,2023,13,2023-W13,377,2023,17,381,4,seasonal_naive,8594.0,3099.0,,205.76129032258063,-5495.0,5495.0,30195025.0,26.70570344589722
Peru,2023,2023,14,2023-W14,378,2023,18,382,4,seasonal_naive,11860.0,3189.0,,205.76129032258063,-8671.0,8671.0,75186241.0,42.14106543755683
Peru,2023,2023,15,2023-W15,379,2023,19,383,4,seasonal_naive,15304.0,2999.0,,205.76129032258063,-12305.0,12305.0,151413025.0,59.8023077164268
Peru,2023,2023,16,2023-W16,380,2023,20,384,4,seasonal_naive,20425.0,2425.0,,205.76129032258063,-18000.0,18000.0,324000000.0,87.4800112877434
Peru,2023,2023,17,2023-W17,381,2023,21,385,4,seasonal_naive,18043.0,1965.0,,205.76129032258063,-16078.0,16078.0,258502084.0,78.13909008246324
Peru,2023,2023,18,2023-W18,382,2023,22,386,4,seasonal_naive,17868.0,1686.0,,205.76129032258063,-16182.0,16182.0,261857124.0,78.64453014768131
Peru,2023,2023,19,2023-W19,383,2023,23,387,4,seasonal_naive,15637.0,1440.0,,205.76129032258063,-14197.0,14197.0,201554809.0,68.99742890289406
Peru,2023,2023,20,2023-W20,384,2023,24,388,4,seasonal_naive,13340.0,1201.0,,205.76129032258063,-12139.0,12139.0,147355321.0,58.99554761232873
Peru,2023,2023,21,2023-W21,385,2023,25,389,4,seasonal_naive,11073.0,1036.0,,205.76129032258063,-10037.0,10037.0,100741369.0,48.77982629417114
Peru,2023,2023,22,2023-W22,386,2023,26,390,4,seasonal_naive,8681.0,904.0,,205.76129032258063,-7777.0,7777.0,60481729.0,37.79622487693224
Peru,2023,2023,23,2023-W23,387,2023,27,391,4,seasonal_naive,8132.0,826.0,,205.76129032258063,-7306.0,7306.0,53377636.0,35.507164581569626
Peru,2023,2023,24,2023-W24,388,2023,28,392,4,seasonal_naive,7669.0,782.0,,205.76129032258063,-6887.0,6887.0,47430769.0,33.47082431881604
Peru,2023,2023,25,2023-W25,389,2023,29,393,4,seasonal_naive,6815.0,669.0,,205.76129032258063,-6146.0,6146.0,37773316.0,29.869563854137272
Peru,2023,2023,26,2023-W26,390,2023,30,394,4,seasonal_naive,5158.0,452.0,,205.76129032258063,-4706.0,4706.0,22146436.0,22.8711629511178
Peru,2023,2023,27,2023-W27,391,2023,31,395,4,seasonal_naive,5423.0,499.0,,205.76129032258063,-4924.0,4924.0,24245776.0,23.930643087824915
Peru,2023,2023,28,2023-W28,392,2023,32,396,4,seasonal_naive,5060.0,553.0,,205.76129032258063,-4507.0,4507.0,20313049.0,21.904022826325527
Peru,2023,2023,29,2023-W29,393,2023,33,397,4,seasonal_naive,4380.0,580.0,,205.76129032258063,-3800.0,3800.0,14440000.0,18.46800238296805
Peru,2023,2023,30,2023-W30,394,2023,34,398,4,seasonal_naive,3824.0,485.0,,205.76129032258063,-3339.0,3339.0,11148921.0,16.2275420938764
Peru,2023,2023,31,2023-W31,395,2023,35,399,4,seasonal_naive,3466.0,484.0,,205.76129032258063,-2982.0,2982.0,8892324.0,14.492521870002822
Peru,2023,2023,32,2023-W32,396,2023,36,400,4,seasonal_naive,3368.0,550.0,,205.76129032258063,-2818.0,2818.0,7941124.0,13.695481767158938
Peru,2023,2023,33,2023-W33,397,2023,37,401,4,seasonal_naive,2883.0,557.0,,205.76129032258063,-2326.0,2326.0,5410276.0,11.304361458627286
Peru,2023,2023,34,2023-W34,398,2023,38,402,4,seasonal_naive,2317.0,580.0,,205.76129032258063,-1737.0,1737.0,3017169.0,8.441821089267238
Peru,2023,2023,35,2023-W35,399,2023,39,403,4,seasonal_naive,2158.0,624.0,,205.76129032258063,-1534.0,1534.0,2353156.0,7.4552409619665765
Peru,2023,2023,36,2023-W36,400,2023,40,404,4,seasonal_naive,2028.0,537.0,,205.76129032258063,-1491.0,1491.0,2223081.0,7.246260935001411
Peru,2023,2023,37,2023-W37,401,2023,41,405,4,seasonal_naive,1829.0,596.0,,205.76129032258063,-1233.0,1233.0,1520289.0,5.992380773210423
Peru,2023,2023,38,2023-W38,402,2023,42,406,4,seasonal_naive,1874.0,734.0,,205.76129032258063,-1140.0,1140.0,1299600.0,5.540400714890415
Peru,2023,2023,39,2023-W39,403,2023,43,407,4,seasonal_naive,1563.0,830.0,,205.76129032258063,-733.0,733.0,537289.0,3.562380459661995
Peru,2023,2023,40,2023-W40,404,2023,44,408,4,seasonal_naive,1626.0,1069.0,,205.76129032258063,-557.0,557.0,310249.0,2.7070203492929483
Peru,2023,2023,41,2023-W41,405,2023,45,409,4,seasonal_naive,1800.0,1314.0,,205.76129032258063,-486.0,486.0,236196.0,2.3619603047690716
Peru,2023,2023,42,2023-W42,406,2023,46,410,4,seasonal_naive,1802.0,1633.0,,205.76129032258063,-169.0,169.0,28561.0,0.8213401059793686
Peru,2023,2023,43,2023-W43,407,2023,47,411,4,seasonal_naive,1823.0,1623.0,,205.76129032258063,-200.0,200.0,40000.0,0.9720001254193711
Peru,2023,2023,44,2023-W44,408,2023,48,412,4,seasonal_naive,1854.0,1624.0,,205.76129032258063,-230.0,230.0,52900.0,1.1178001442322767
Peru,2023,2023,45,2023-W45,409,2023,49,413,4,seasonal_naive,1680.0,1412.0,,205.76129032258063,-268.0,268.0,71824.0,1.3024801680619573
Peru,2023,2023,46,2023-W46,410,2023,50,414,4,seasonal_naive,1784.0,1383.0,,205.76129032258063,-401.0,401.0,160801.0,1.948860251465839
Peru,2023,2023,47,2023-W47,411,2023,51,415,4,seasonal_naive,1651.0,1134.0,,205.76129032258063,-517.0,517.0,267289.0,2.5126203242090743
Peru,2023,2023,48,2023-W48,412,2023,52,416,4,seasonal_naive,1310.0,717.0,,205.76129032258063,-593.0,593.0,351649.0,2.881980371868435
Philippines,2023,2023,9,2023-W09,373,2023,10,374,1,moving_average_4,575.0,804.25,,555.1233766233767,229.25,229.25,52555.5625,0.4129712594602814
Philippines,2023,2023,10,2023-W10,374,2023,11,375,1,moving_average_4,275.0,777.25,,555.1233766233767,502.25,502.25,252255.0625,0.9047538279778684
Philippines,2023,2023,11,2023-W11,375,2023,12,376,1,moving_average_4,141.0,603.0,,555.1233766233767,462.0,462.0,213444.0,0.8322474236451473
Philippines,2023,2023,12,2023-W12,376,2023,13,377,1,moving_average_4,1196.0,440.5,,555.1233766233767,-755.5,755.5,570780.25,1.3609587198353004
Philippines,2023,2023,13,2023-W13,377,2023,14,378,1,moving_average_4,1196.0,546.75,,555.1233766233767,-649.25,649.25,421525.5625,1.1695598264104152
Philippines,2023,2023,14,2023-W14,378,2023,15,379,1,moving_average_4,1197.0,702.0,,555.1233766233767,-495.0,495.0,245025.0,0.8916936681912292
Philippines,2023,2023,15,2023-W15,379,2023,16,380,1,moving_average_4,1482.0,932.5,,555.1233766233767,-549.5,549.5,301950.25,0.9898700417597585
Philippines,2023,2023,16,2023-W16,380,2023,17,381,1,moving_average_4,1684.0,1267.75,,555.1233766233767,-416.25,416.25,173264.0625,0.7498333118880791
Philippines,2023,2023,17,2023-W17,381,2023,18,382,1,moving_average_4,1746.0,1389.75,,555.1233766233767,-356.25,356.25,126914.0625,0.6417492308952029
Philippines,2023,2023,18,2023-W18,382,2023,19,383,1,moving_average_4,1727.0,1527.25,,555.1233766233767,-199.75,199.75,39900.0625,0.3598299196387839
Philippines,2023,2023,19,2023-W19,383,2023,20,384,1,moving_average_4,1794.0,1659.75,,555.1233766233767,-134.25,134.25,18023.0625,0.24183813122156064
Philippines,2023,2023,20,2023-W20,384,2023,21,385,1,moving_average_4,2269.0,1737.75,,555.1233766233767,-531.25,531.25,282226.5625,0.9569944671244253
Philippines,2023,2023,21,2023-W21,385,2023,22,386,1,moving_average_4,2552.0,1884.0,,555.1233766233767,-668.0,668.0,446224.0,1.2033361017206892
Philippines,2023,2023,22,2023-W22,386,2023,23,387,1,moving_average_4,207.0,2085.5,,555.1233766233767,1878.5,1878.5,3528762.25,3.383932435751968
Philippines,2023,2023,23,2023-W23,387,2023,24,388,1,moving_average_4,162.0,1705.5,,555.1233766233767,1543.5,1543.5,2382392.25,2.7804629835417423
Philippines,2023,2023,24,2023-W24,388,2023,25,389,1,moving_average_4,132.0,1297.5,,555.1233766233767,1165.5,1165.5,1358390.25,2.0995332732866214
Philippines,2023,2023,25,2023-W25,389,2023,26,390,1,moving_average_4,181.0,763.25,,555.1233766233767,582.25,582.25,339015.0625,1.04886593596837
Philippines,2023,2023,26,2023-W26,390,2023,27,391,1,moving_average_4,271.0,170.5,,555.1233766233767,-100.5,100.5,10100.25,0.18104083566306775
Philippines,2023,2023,27,2023-W27,391,2023,28,392,1,moving_average_4,147.0,186.5,,555.1233766233767,39.5,39.5,1560.25,0.07115535332031021
Philippines,2023,2023,28,2023-W28,392,2023,29,393,1,moving_average_4,735.0,182.75,,555.1233766233767,-552.25,552.25,304980.0625,0.994823895471932
Philippines,2023,2023,29,2023-W29,393,2023,30,394,1,moving_average_4,715.0,333.5,,555.1233766233767,-381.5,381.5,145542.25,0.687234614979705
Philippines,2023,2023,30,2023-W30,394,2023,31,395,1,moving_average_4,893.0,467.0,,555.1233766233767,-426.0,426.0,181476.0,0.7673969750494215
Philippines,2023,2023,31,2023-W31,395,2023,32,396,1,moving_average_4,2955.0,622.5,,555.1233766233767,-2332.5,2332.5,5440556.25,4.201768648598065
Philippines,2023,2023,32,2023-W32,396,2023,33,397,1,moving_average_4,3355.0,1324.5,,555.1233766233767,-2030.5,2030.5,4122930.25,3.657745440933921
Philippines,2023,2023,33,2023-W33,397,2023,34,398,1,moving_average_4,3591.0,1979.5,,555.1233766233767,-1611.5,1611.5,2596932.25,2.9029582753336687
Philippines,2023,2023,34,2023-W34,398,2023,35,399,1,moving_average_4,3356.0,2698.5,,555.1233766233767,-657.5,657.5,432306.25,1.1844213875469358
Philippines,2023,2023,35,2023-W35,399,2023,36,400,1,moving_average_4,3393.0,3314.25,,555.1233766233767,-78.75,78.75,6201.5625,0.1418603563031501
Philippines,2023,2023,36,2023-W36,400,2023,37,401,1,moving_average_4,3179.0,3423.75,,555.1233766233767,244.75,244.75,59902.5625,0.4408929803834411
Philippines,2023,2023,37,2023-W37,401,2023,38,402,1,moving_average_4,3142.0,3379.75,,555.1233766233767,237.75,237.75,56525.0625,0.4282831709342722
Philippines,2023,2023,38,2023-W38,402,2023,39,403,1,moving_average_4,3318.0,3267.5,,555.1233766233767,-50.5,50.5,2550.25,0.09097076816900419
Philippines,2023,2023,39,2023-W39,403,2023,40,404,1,moving_average_4,2578.0,3258.0,,555.1233766233767,680.0,680.0,462400.0,1.2249529179192644
Philippines,2023,2023,40,2023-W40,404,2023,41,405,1,moving_average_4,2720.0,3054.25,,555.1233766233767,334.25,334.25,111723.0625,0.6021184011978149
Philippines,2023,2023,41,2023-W41,405,2023,42,406,1,moving_average_4,3430.0,2939.5,,555.1233766233767,-490.5,490.5,240590.25,0.8835873621167635
Philippines,2023,2023,42,2023-W42,406,2023,43,407,1,moving_average_4,2672.0,3011.5,,555.1233766233767,339.5,339.5,115260.25,0.6115757582846916
Philippines,2023,2023,43,2023-W43,407,2023,44,408,1,moving_average_4,1939.0,2850.0,,555.1233766233767,911.0,911.0,829921.0,1.641076629741838
Philippines,2023,2023,44,2023-W44,408,2023,45,409,1,moving_average_4,2607.0,2690.25,,555.1233766233767,83.25,83.25,6930.5625,0.14996666237761583
Philippines,2023,2023,9,2023-W09,373,2023,10,374,1,persistence,575.0,771.0,,555.1233766233767,196.0,196.0,38416.0,0.35307466457672915
Philippines,2023,2023,10,2023-W10,374,2023,11,375,1,persistence,275.0,575.0,,555.1233766233767,300.0,300.0,90000.0,0.5404204049643814
Philippines,2023,2023,11,2023-W11,375,2023,12,376,1,persistence,141.0,275.0,,555.1233766233767,134.0,134.0,17956.0,0.24138778088409032
Philippines,2023,2023,12,2023-W12,376,2023,13,377,1,persistence,1196.0,141.0,,555.1233766233767,-1055.0,1055.0,1113025.0,1.900478424124741
Philippines,2023,2023,13,2023-W13,377,2023,14,378,1,persistence,1196.0,1196.0,,555.1233766233767,0.0,0.0,0.0,0.0
Philippines,2023,2023,14,2023-W14,378,2023,15,379,1,persistence,1197.0,1196.0,,555.1233766233767,-1.0,1.0,1.0,0.001801401349881271
Philippines,2023,2023,15,2023-W15,379,2023,16,380,1,persistence,1482.0,1197.0,,555.1233766233767,-285.0,285.0,81225.0,0.5133993847161623
Philippines,2023,2023,16,2023-W16,380,2023,17,381,1,persistence,1684.0,1482.0,,555.1233766233767,-202.0,202.0,40804.0,0.36388307267601677
Philippines,2023,2023,17,2023-W17,381,2023,18,382,1,persistence,1746.0,1684.0,,555.1233766233767,-62.0,62.0,3844.0,0.11168688369263881
Philippines,2023,2023,18,2023-W18,382,2023,19,383,1,persistence,1727.0,1746.0,,555.1233766233767,19.0,19.0,361.0,0.034226625647744154
Philippines,2023,2023,19,2023-W19,383,2023,20,384,1,persistence,1794.0,1727.0,,555.1233766233767,-67.0,67.0,4489.0,0.12069389044204516
Philippines,2023,2023,20,2023-W20,384,2023,21,385,1,persistence,2269.0,1794.0,,555.1233766233767,-475.0,475.0,225625.0,0.8556656411936038
Philippines,2023,2023,21,2023-W21,385,2023,22,386,1,persistence,2552.0,2269.0,,555.1233766233767,-283.0,283.0,80089.0,0.5097965820163998
Philippines,2023,2023,22,2023-W22,386,2023,23,387,1,persistence,207.0,2552.0,,555.1233766233767,2345.0,2345.0,5499025.0,4.224286165471581
Philippines,2023,2023,23,2023-W23,387,2023,24,388,1,persistence,162.0,207.0,,555.1233766233767,45.0,45.0,2025.0,0.0810630607446572
Philippines,2023,2023,24,2023-W24,388,2023,25,389,1,persistence,132.0,162.0,,555.1233766233767,30.0,30.0,900.0,0.05404204049643813
Philippines,2023,2023,25,2023-W25,389,2023,26,390,1,persistence,181.0,132.0,,555.1233766233767,-49.0,49.0,2401.0,0.08826866614418229
Philippines,2023,2023,26,2023-W26,390,2023,27,391,1,persistence,271.0,181.0,,555.1233766233767,-90.0,90.0,8100.0,0.1621261214893144
Philippines,2023,2023,27,2023-W27,391,2023,28,392,1,persistence,147.0,271.0,,555.1233766233767,124.0,124.0,15376.0,0.22337376738527762
Philippines,2023,2023,28,2023-W28,392,2023,29,393,1,persistence,735.0,147.0,,555.1233766233767,-588.0,588.0,345744.0,1.0592239937301875
Philippines,2023,2023,29,2023-W29,393,2023,30,394,1,persistence,715.0,735.0,,555.1233766233767,20.0,20.0,400.0,0.036028026997625424
Philippines,2023,2023,30,2023-W30,394,2023,31,395,1,persistence,893.0,715.0,,555.1233766233767,-178.0,178.0,31684.0,0.32064944027886627
Philippines,2023,2023,31,2023-W31,395,2023,32,396,1,persistence,2955.0,893.0,,555.1233766233767,-2062.0,2062.0,4251844.0,3.714489583455181
Philippines,2023,2023,32,2023-W32,396,2023,33,397,1,persistence,3355.0,2955.0,,555.1233766233767,-400.0,400.0,160000.0,0.7205605399525085
Philippines,2023,2023,33,2023-W33,397,2023,34,398,1,persistence,3591.0,3355.0,,555.1233766233767,-236.0,236.0,55696.0,0.42513071857198
Philippines,2023,2023,34,2023-W34,398,2023,35,399,1,persistence,3356.0,3591.0,,555.1233766233767,235.0,235.0,55225.0,0.4233293172220987
Philippines,2023,2023,35,2023-W35,399,2023,36,400,1,persistence,3393.0,3356.0,,555.1233766233767,-37.0,37.0,1369.0,0.06665184994560704
Philippines,2023,2023,36,2023-W36,400,2023,37,401,1,persistence,3179.0,3393.0,,555.1233766233767,214.0,214.0,45796.0,0.385499888874592
Philippines,2023,2023,37,2023-W37,401,2023,38,402,1,persistence,3142.0,3179.0,,555.1233766233767,37.0,37.0,1369.0,0.06665184994560704
Philippines,2023,2023,38,2023-W38,402,2023,39,403,1,persistence,3318.0,3142.0,,555.1233766233767,-176.0,176.0,30976.0,0.31704663757910373
Philippines,2023,2023,39,2023-W39,403,2023,40,404,1,persistence,2578.0,3318.0,,555.1233766233767,740.0,740.0,547600.0,1.3330369989121407
Philippines,2023,2023,40,2023-W40,404,2023,41,405,1,persistence,2720.0,2578.0,,555.1233766233767,-142.0,142.0,20164.0,0.2557989916831405
Philippines,2023,2023,41,2023-W41,405,2023,42,406,1,persistence,3430.0,2720.0,,555.1233766233767,-710.0,710.0,504100.0,1.2789949584157025
Philippines,2023,2023,42,2023-W42,406,2023,43,407,1,persistence,2672.0,3430.0,,555.1233766233767,758.0,758.0,574564.0,1.3654622232100035
Philippines,2023,2023,43,2023-W43,407,2023,44,408,1,persistence,1939.0,2672.0,,555.1233766233767,733.0,733.0,537289.0,1.3204271894629718
Philippines,2023,2023,44,2023-W44,408,2023,45,409,1,persistence,2607.0,1939.0,,555.1233766233767,-668.0,668.0,446224.0,1.2033361017206892
Philippines,2023,2023,9,2023-W09,373,2023,10,374,1,seasonal_naive,575.0,1553.0,,555.1233766233767,978.0,978.0,956484.0,1.7617705201838831
Philippines,2023,2023,10,2023-W10,374,2023,11,375,1,seasonal_naive,275.0,1622.0,,555.1233766233767,1347.0,1347.0,1814409.0,2.4264876182900723
Philippines,2023,2023,11,2023-W11,375,2023,12,376,1,seasonal_naive,141.0,1905.0,,555.1233766233767,1764.0,1764.0,3111696.0,3.1776719811905623
Philippines,2023,2023,12,2023-W12,376,2023,13,377,1,seasonal_naive,1196.0,2152.0,,555.1233766233767,956.0,956.0,913936.0,1.7221396904864952
Philippines,2023,2023,13,2023-W13,377,2023,14,378,1,seasonal_naive,1196.0,2293.0,,555.1233766233767,1097.0,1097.0,1203409.0,1.9761372808197544
Philippines,2023,2023,14,2023-W14,378,2023,15,379,1,seasonal_naive,1197.0,2326.0,,555.1233766233767,1129.0,1129.0,1274641.0,2.0337821240159553
Philippines,2023,2023,15,2023-W15,379,2023,16,380,1,seasonal_naive,1482.0,2716.0,,555.1233766233767,1234.0,1234.0,1522756.0,2.2229292657534887
Philippines,2023,2023,16,2023-W16,380,2023,17,381,1,seasonal_naive,1684.0,2677.0,,555.1233766233767,993.0,993.0,986049.0,1.7887915404321022
Philippines,2023,2023,17,2023-W17,381,2023,18,382,1,seasonal_naive,1746.0,3389.0,,555.1233766233767,1643.0,1643.0,2699449.0,2.9597024178549285
Philippines,2023,2023,18,2023-W18,382,2023,19,383,1,seasonal_naive,1727.0,3958.0,,555.1233766233767,2231.0,2231.0,4977361.0,4.018926411585116
Philippines,2023,2023,19,2023-W19,383,2023,20,384,1,seasonal_naive,1794.0,4812.0,,555.1233766233767,3018.0,3018.0,9108324.0,5.436629273941676
Philippines,2023,2023,20,2023-W20,384,2023,21,385,1,seasonal_naive,2269.0,5167.0,,555.1233766233767,2898.0,2898.0,8398404.0,5.220461111955924
Philippines,2023,2023,21,2023-W21,385,2023,22,386,1,seasonal_naive,2552.0,5557.0,,555.1233766233767,3005.0,3005.0,9030025.0,5.413211056393219
Philippines,2023,2023,22,2023-W22,386,2023,23,387,1,seasonal_naive,207.0,6626.0,,555.1233766233767,6419.0,6419.0,41203561.0,11.563195264887879
Philippines,2023,2023,23,2023-W23,387,2023,24,388,1,seasonal_naive,162.0,7409.0,,555.1233766233767,7247.0,7247.0,52519009.0,13.054755582589571
Philippines,2023,2023,24,2023-W24,388,2023,25,389,1,seasonal_naive,132.0,8692.0,,555.1233766233767,8560.0,8560.0,73273600.0,15.41999555498368
Philippines,2023,2023,25,2023-W25,389,2023,26,390,1,seasonal_naive,181.0,8546.0,,555.1233766233767,8365.0,8365.0,69973225.0,15.068722291756833
Philippines,2023,2023,26,2023-W26,390,2023,27,391,1,seasonal_naive,271.0,9579.0,,555.1233766233767,9308.0,9308.0,86638864.0,16.76744376469487
Philippines,2023,2023,27,2023-W27,391,2023,28,392,1,seasonal_naive,147.0,10541.0,,555.1233766233767,10394.0,10394.0,108035236.0,18.723765630665934
Philippines,2023,2023,28,2023-W28,392,2023,29,393,1,seasonal_naive,735.0,9931.0,,555.1233766233767,9196.0,9196.0,84566416.0,16.56568681350817
Philippines,2023,2023,29,2023-W29,393,2023,30,394,1,seasonal_naive,715.0,9107.0,,555.1233766233767,8392.0,8392.0,70425664.0,15.117360128203627
Philippines,2023,2023,30,2023-W30,394,2023,31,395,1,seasonal_naive,893.0,9104.0,,555.1233766233767,8211.0,8211.0,67420521.0,14.791306483875118
Philippines,2023,2023,31,2023-W31,395,2023,32,396,1,seasonal_naive,2955.0,9245.0,,555.1233766233767,6290.0,6290.0,39564100.0,11.330814490753196
Philippines,2023,2023,32,2023-W32,396,2023,33,397,1,seasonal_naive,3355.0,8420.0,,555.1233766233767,5065.0,5065.0,25654225.0,9.12409783714864
Philippines,2023,2023,33,2023-W33,397,2023,34,398,1,seasonal_naive,3591.0,7525.0,,555.1233766233767,3934.0,3934.0,15476356.0,7.0867129104329205
Philippines,2023,2023,34,2023-W34,398,2023,35,399,1,seasonal_naive,3356.0,7237.0,,555.1233766233767,3881.0,3881.0,15062161.0,6.991238638889214
Philippines,2023,2023,35,2023-W35,399,2023,36,400,1,seasonal_naive,3393.0,7305.0,,555.1233766233767,3912.0,3912.0,15303744.0,7.0470820807355325
Philippines,2023,2023,36,2023-W36,400,2023,37,401,1,seasonal_naive,3179.0,6410.0,,555.1233766233767,3231.0,3231.0,10439361.0,5.8203277614663875
Philippines,2023,2023,37,2023-W37,401,2023,38,402,1,seasonal_naive,3142.0,5550.0,,555.1233766233767,2408.0,2408.0,5798464.0,4.337774450514101
Philippines,2023,2023,38,2023-W38,402,2023,39,403,1,seasonal_naive,3318.0,4976.0,,555.1233766233767,1658.0,1658.0,2748964.0,2.9867234381031476
Philippines,2023,2023,39,2023-W39,403,2023,40,404,1,seasonal_naive,2578.0,3866.0,,555.1233766233767,1288.0,1288.0,1658944.0,2.3202049386470773
Philippines,2023,2023,40,2023-W40,404,2023,41,405,1,seasonal_naive,2720.0,3435.0,,555.1233766233767,715.0,715.0,511225.0,1.288001965165109
Philippines,2023,2023,41,2023-W41,405,2023,42,406,1,seasonal_naive,3430.0,3825.0,,555.1233766233767,395.0,395.0,156025.0,0.7115535332031021
Philippines,2023,2023,42,2023-W42,406,2023,43,407,1,seasonal_naive,2672.0,3501.0,,555.1233766233767,829.0,829.0,687241.0,1.4933617190515738
Philippines,2023,2023,43,2023-W43,407,2023,44,408,1,seasonal_naive,1939.0,3570.0,,555.1233766233767,1631.0,1631.0,2660161.0,2.9380856016563532
Philippines,2023,2023,44,2023-W44,408,2023,45,409,1,seasonal_naive,2607.0,3781.0,,555.1233766233767,1174.0,1174.0,1378276.0,2.1148451847606125
Philippines,2023,2023,9,2023-W09,373,2023,11,375,2,moving_average_4,275.0,804.25,,555.1233766233767,529.25,529.25,280105.5625,0.9533916644246627
Philippines,2023,2023,10,2023-W10,374,2023,12,376,2,moving_average_4,141.0,777.25,,555.1233766233767,636.25,636.25,404814.0625,1.1461416088619587
Philippines,2023,2023,11,2023-W11,375,2023,13,377,2,moving_average_4,1196.0,603.0,,555.1233766233767,-593.0,593.0,351649.0,1.0682310004795939
Philippines,2023,2023,12,2023-W12,376,2023,14,378,2,moving_average_4,1196.0,440.5,,555.1233766233767,-755.5,755.5,570780.25,1.3609587198353004
Philippines,2023,2023,13,2023-W13,377,2023,15,379,2,moving_average_4,1197.0,546.75,,555.1233766233767,-650.25,650.25,422825.0625,1.1713612277602965
Philippines,2023,2023,14,2023-W14,378,2023,16,380,2,moving_average_4,1482.0,702.0,,555.1233766233767,-780.0,780.0,608400.0,1.4050930529073915
Philippines,2023,2023,15,2023-W15,379,2023,17,381,2,moving_average_4,1684.0,932.5,,555.1233766233767,-751.5,751.5,564752.25,1.3537531144357753
Philippines,2023,2023,16,2023-W16,380,2023,18,382,2,moving_average_4,1746.0,1267.75,,555.1233766233767,-478.25,478.25,228723.0625,0.8615201955807179
Philippines,2023,2023,17,2023-W17,381,2023,19,383,2,moving_average_4,1727.0,1389.75,,555.1233766233767,-337.25,337.25,113737.5625,0.6075226052474587
Philippines,2023,2023,18,2023-W18,382,2023,20,384,2,moving_average_4,1794.0,1527.25,,555.1233766233767,-266.75,266.75,71155.5625,0.48052381008082906
Philippines,2023,2023,19,2023-W19,383,2023,21,385,2,moving_average_4,2269.0,1659.75,,555.1233766233767,-609.25,609.25,371185.5625,1.0975037724151644
Philippines,2023,2023,20,2023-W20,384,2023,22,386,2,moving_average_4,2552.0,1737.75,,555.1233766233767,-814.25,814.25,663003.0625,1.4667910491408251
Philippines,2023,2023,21,2023-W21,385,2023,23,387,2,moving_average_4,207.0,1884.0,,555.1233766233767,1677.0,1677.0,2812329.0,3.0209500637508917
Philippines,2023,2023,22,2023-W22,386,2023,24,388,2,moving_average_4,162.0,2085.5,,555.1233766233767,1923.5,1923.5,3699852.25,3.464995496496625
Philippines,2023,2023,23,2023-W23,387,2023,25,389,2,moving_average_4,132.0,1705.5,,555.1233766233767,1573.5,1573.5,2475902.25,2.8345050240381804
Philippines,2023,2023,24,2023-W24,388,2023,26,390,2,moving_average_4,181.0,1297.5,,555.1233766233767,1116.5,1116.5,1246572.25,2.011264607142439
Philippines,2023,2023,25,2023-W25,389,2023,27,391,2,moving_average_4,271.0,763.25,,555.1233766233767,492.25,492.25,242310.0625,0.8867398144790557
Philippines,2023,2023,26,2023-W26,390,2023,28,392,2,moving_average_4,147.0,170.5,,555.1233766233767,23.5,23.5,552.25,0.04233293172220987
Philippines,2023,2023,27,2023-W27,391,2023,29,393,2,moving_average_4,735.0,186.5,,555.1233766233767,-548.5,548.5,300852.25,0.9880686404098772
Philippines,2023,2023,28,2023-W28,392,2023,30,394,2,moving_average_4,715.0,182.75,,555.1233766233767,-532.25,532.25,283290.0625,0.9587958684743065
Philippines,2023,2023,29,2023-W29,393,2023,31,395,2,moving_average_4,893.0,333.5,,555.1233766233767,-559.5,559.5,313040.25,1.0078840552585713
Philippines,2023,2023,30,2023-W30,394,2023,32,396,2,moving_average_4,2955.0,467.0,,555.1233766233767,-2488.0,2488.0,6190144.0,4.481886558504603
Philippines,2023,2023,31,2023-W31,395,2023,33,397,2,moving_average_4,3355.0,622.5,,555.1233766233767,-2732.5,2732.5,7466556.25,4.922329188550574
Philippines,2023,2023,32,2023-W32,396,2023,34,398,2,moving_average_4,3591.0,1324.5,,555.1233766233767,-2266.5,2266.5,5137022.25,4.082876159505901
Philippines,2023,2023,33,2023-W33,397,2023,35,399,2,moving_average_4,3356.0,1979.5,,555.1233766233767,-1376.5,1376.5,1894752.25,2.4796289581115696
Philippines,2023,2023,34,2023-W34,398,2023,36,400,2,moving_average_4,3393.0,2698.5,,555.1233766233767,-694.5,694.5,482330.25,1.2510732374925428
Philippines,2023,2023,35,2023-W35,399,2023,37,401,2,moving_average_4,3179.0,3314.25,,555.1233766233767,135.25,135.25,18292.5625,0.2436395325714419
Philippines,2023,2023,36,2023-W36,400,2023,38,402,2,moving_average_4,3142.0,3423.75,,555.1233766233767,281.75,281.75,79383.0625,0.5075448303290482
Philippines,2023,2023,37,2023-W37,401,2023,39,403,2,moving_average_4,3318.0,3379.75,,555.1233766233767,61.75,61.75,3813.0625,0.11123653335516849
Philippines,2023,2023,38,2023-W38,402,2023,40,404,2,moving_average_4,2578.0,3267.5,,555.1233766233767,689.5,689.5,475410.25,1.2420662307431365
Philippines,2023,2023,39,2023-W39,403,2023,41,405,2,moving_average_4,2720.0,3258.0,,555.1233766233767,538.0,538.0,289444.0,0.9691539262361238
Philippines,2023,2023,40,2023-W40,404,2023,42,406,2,moving_average_4,3430.0,3054.25,,555.1233766233767,-375.75,375.75,141188.0625,0.6768765572178876
Philippines,2023,2023,41,2023-W41,405,2023,43,407,2,moving_average_4,2672.0,2939.5,,555.1233766233767,267.5,267.5,71556.25,0.48187486109324
Philippines,2023,2023,42,2023-W42,406,2023,44,408,2,moving_average_4,1939.0,3011.5,,555.1233766233767,1072.5,1072.5,1150256.25,1.9320029477476632
Philippines,2023,2023,43,2023-W43,407,2023,45,409,2,moving_average_4,2607.0,2850.0,,555.1233766233767,243.0,243.0,59049.0,0.4377405280211489
Philippines,2023,2023,9,2023-W09,373,2023,11,375,2,persistence,275.0,771.0,,555.1233766233767,496.0,496.0,246016.0,0.8934950695411105
Philippines,2023,2023,10,2023-W10,374,2023,12,376,2,persistence,141.0,575.0,,555.1233766233767,434.0,434.0,188356.0,0.7818081858484717
Philippines,2023,2023,11,2023-W11,375,2023,13,377,2,persistence,1196.0,275.0,,555.1233766233767,-921.0,921.0,848241.0,1.6590906432406507
Philippines,2023,2023,12,2023-W12,376,2023,14,378,2,persistence,1196.0,141.0,,555.1233766233767,-1055.0,1055.0,1113025.0,1.900478424124741
Philippines,2023,2023,13,2023-W13,377,2023,15,379,2,persistence,1197.0,1196.0,,555.1233766233767,-1.0,1.0,1.0,0.001801401349881271
Philippines,2023,2023,14,2023-W14,378,2023,16,380,2,persistence,1482.0,1196.0,,555.1233766233767,-286.0,286.0,81796.0,0.5152007860660436
Philippines,2023,2023,15,2023-W15,379,2023,17,381,2,persistence,1684.0,1197.0,,555.1233766233767,-487.0,487.0,237169.0,0.877282457392179
Philippines,2023,2023,16,2023-W16,380,2023,18,382,2,persistence,1746.0,1482.0,,555.1233766233767,-264.0,264.0,69696.0,0.47556995636865557
Philippines,2023,2023,17,2023-W17,381,2023,19,383,2,persistence,1727.0,1684.0,,555.1233766233767,-43.0,43.0,1849.0,0.07746025804489466
Philippines,2023,2023,18,2023-W18,382,2023,20,384,2,persistence,1794.0,1746.0,,555.1233766233767,-48.0,48.0,2304.0,0.08646726479430102
Philippines,2023,2023,19,2023-W19,383,2023,21,385,2,persistence,2269.0,1727.0,,555.1233766233767,-542.0,542.0,293764.0,0.9763595316356489
Philippines,2023,2023,20,2023-W20,384,2023,22,386,2,persistence,2552.0,1794.0,,555.1233766233767,-758.0,758.0,574564.0,1.3654622232100035
Philippines,2023,2023,21,2023-W21,385,2023,23,387,2,persistence,207.0,2269.0,,555.1233766233767,2062.0,2062.0,4251844.0,3.714489583455181
Philippines,2023,2023,22,2023-W22,386,2023,24,388,2,persistence,162.0,2552.0,,555.1233766233767,2390.0,2390.0,5712100.0,4.305349226216238
Philippines,2023,2023,23,2023-W23,387,2023,25,389,2,persistence,132.0,207.0,,555.1233766233767,75.0,75.0,5625.0,0.13510510124109534
Philippines,2023,2023,24,2023-W24,388,2023,26,390,2,persistence,181.0,162.0,,555.1233766233767,-19.0,19.0,361.0,0.034226625647744154
Philippines,2023,2023,25,2023-W25,389,2023,27,391,2,persistence,271.0,132.0,,555.1233766233767,-139.0,139.0,19321.0,0.2503947876334967
Philippines,2023,2023,26,2023-W26,390,2023,28,392,2,persistence,147.0,181.0,,555.1233766233767,34.0,34.0,1156.0,0.06124764589596322
Philippines,2023,2023,27,2023-W27,391,2023,29,393,2,persistence,735.0,271.0,,555.1233766233767,-464.0,464.0,215296.0,0.8358502263449098
Philippines,2023,2023,28,2023-W28,392,2023,30,394,2,persistence,715.0,147.0,,555.1233766233767,-568.0,568.0,322624.0,1.023195966732562
Philippines,2023,2023,29,2023-W29,393,2023,31,395,2,persistence,893.0,735.0,,555.1233766233767,-158.0,158.0,24964.0,0.28462141328124085
Philippines,2023,2023,30,2023-W30,394,2023,32,396,2,persistence,2955.0,715.0,,555.1233766233767,-2240.0,2240.0,5017600.0,4.035139023734048
Philippines,2023,2023,31,2023-W31,395,2023,33,397,2,persistence,3355.0,893.0,,555.1233766233767,-2462.0,2462.0,6061444.0,4.43505012340769
Philippines,2023,2023,32,2023-W32,396,2023,34,398,2,persistence,3591.0,2955.0,,555.1233766233767,-636.0,636.0,404496.0,1.1456912585244885
Philippines,2023,2023,33,2023-W33,397,2023,35,399,2,persistence,3356.0,3355.0,,555.1233766233767,-1.0,1.0,1.0,0.001801401349881271
Philippines,2023,2023,34,2023-W34,398,2023,36,400,2,persistence,3393.0,3591.0,,555.1233766233767,198.0,198.0,39204.0,0.3566774672764917
Philippines,2023,2023,35,2023-W35,399,2023,37,401,2,persistence,3179.0,3356.0,,555.1233766233767,177.0,177.0,31329.0,0.318848038928985
Philippines,2023,2023,36,2023-W36,400,2023,38,402,2,persistence,3142.0,3393.0,,555.1233766233767,251.0,251.0,63001.0,0.45215173882019905
Philippines,2023,2023,37,2023-W37,401,2023,39,403,2,persistence,3318.0,3179.0,,555.1233766233767,-139.0,139.0,19321.0,0.2503947876334967
Philippines,2023,2023,38,2023-W38,402,2023,40,404,2,persistence,2578.0,3142.0,,555.1233766233767,564.0,564.0,318096.0,1.015990361333037
Philippines,2023,2023,39,2023-W39,403,2023,41,405,2,persistence,2720.0,3318.0,,555.1233766233767,598.0,598.0,357604.0,1.0772380072290002
Philippines,2023,2023,40,2023-W40,404,2023,42,406,2,persistence,3430.0,2578.0,,555.1233766233767,-852.0,852.0,725904.0,1.534793950098843
Philippines,2023,2023,41,2023-W41,405,2023,43,407,2,persistence,2672.0,2720.0,,555.1233766233767,48.0,48.0,2304.0,0.08646726479430102
Philippines,2023,2023,42,2023-W42,406,2023,44,408,2,persistence,1939.0,3430.0,,555.1233766233767,1491.0,1491.0,2223081.0,2.6858894126729753
Philippines,2023,2023,43,2023-W43,407,2023,45,409,2,persistence,2607.0,2672.0,,555.1233766233767,65.0,65.0,4225.0,0.11709108774228262
Philippines,2023,2023,9,2023-W09,373,2023,11,375,2,seasonal_naive,275.0,1622.0,,555.1233766233767,1347.0,1347.0,1814409.0,2.4264876182900723
Philippines,2023,2023,10,2023-W10,374,2023,12,376,2,seasonal_naive,141.0,1905.0,,555.1233766233767,1764.0,1764.0,3111696.0,3.1776719811905623
Philippines,2023,2023,11,2023-W11,375,2023,13,377,2,seasonal_naive,1196.0,2152.0,,555.1233766233767,956.0,956.0,913936.0,1.7221396904864952
Philippines,2023,2023,12,2023-W12,376,2023,14,378,2,seasonal_naive,1196.0,2293.0,,555.1233766233767,1097.0,1097.0,1203409.0,1.9761372808197544
Philippines,2023,2023,13,2023-W13,377,2023,15,379,2,seasonal_naive,1197.0,2326.0,,555.1233766233767,1129.0,1129.0,1274641.0,2.0337821240159553
Philippines,2023,2023,14,2023-W14,378,2023,16,380,2,seasonal_naive,1482.0,2716.0,,555.1233766233767,1234.0,1234.0,1522756.0,2.2229292657534887
Philippines,2023,2023,15,2023-W15,379,2023,17,381,2,seasonal_naive,1684.0,2677.0,,555.1233766233767,993.0,993.0,986049.0,1.7887915404321022
Philippines,2023,2023,16,2023-W16,380,2023,18,382,2,seasonal_naive,1746.0,3389.0,,555.1233766233767,1643.0,1643.0,2699449.0,2.9597024178549285
Philippines,2023,2023,17,2023-W17,381,2023,19,383,2,seasonal_naive,1727.0,3958.0,,555.1233766233767,2231.0,2231.0,4977361.0,4.018926411585116
Philippines,2023,2023,18,2023-W18,382,2023,20,384,2,seasonal_naive,1794.0,4812.0,,555.1233766233767,3018.0,3018.0,9108324.0,5.436629273941676
Philippines,2023,2023,19,2023-W19,383,2023,21,385,2,seasonal_naive,2269.0,5167.0,,555.1233766233767,2898.0,2898.0,8398404.0,5.220461111955924
Philippines,2023,2023,20,2023-W20,384,2023,22,386,2,seasonal_naive,2552.0,5557.0,,555.1233766233767,3005.0,3005.0,9030025.0,5.413211056393219
Philippines,2023,2023,21,2023-W21,385,2023,23,387,2,seasonal_naive,207.0,6626.0,,555.1233766233767,6419.0,6419.0,41203561.0,11.563195264887879
Philippines,2023,2023,22,2023-W22,386,2023,24,388,2,seasonal_naive,162.0,7409.0,,555.1233766233767,7247.0,7247.0,52519009.0,13.054755582589571
Philippines,2023,2023,23,2023-W23,387,2023,25,389,2,seasonal_naive,132.0,8692.0,,555.1233766233767,8560.0,8560.0,73273600.0,15.41999555498368
Philippines,2023,2023,24,2023-W24,388,2023,26,390,2,seasonal_naive,181.0,8546.0,,555.1233766233767,8365.0,8365.0,69973225.0,15.068722291756833
Philippines,2023,2023,25,2023-W25,389,2023,27,391,2,seasonal_naive,271.0,9579.0,,555.1233766233767,9308.0,9308.0,86638864.0,16.76744376469487
Philippines,2023,2023,26,2023-W26,390,2023,28,392,2,seasonal_naive,147.0,10541.0,,555.1233766233767,10394.0,10394.0,108035236.0,18.723765630665934
Philippines,2023,2023,27,2023-W27,391,2023,29,393,2,seasonal_naive,735.0,9931.0,,555.1233766233767,9196.0,9196.0,84566416.0,16.56568681350817
Philippines,2023,2023,28,2023-W28,392,2023,30,394,2,seasonal_naive,715.0,9107.0,,555.1233766233767,8392.0,8392.0,70425664.0,15.117360128203627
Philippines,2023,2023,29,2023-W29,393,2023,31,395,2,seasonal_naive,893.0,9104.0,,555.1233766233767,8211.0,8211.0,67420521.0,14.791306483875118
Philippines,2023,2023,30,2023-W30,394,2023,32,396,2,seasonal_naive,2955.0,9245.0,,555.1233766233767,6290.0,6290.0,39564100.0,11.330814490753196
Philippines,2023,2023,31,2023-W31,395,2023,33,397,2,seasonal_naive,3355.0,8420.0,,555.1233766233767,5065.0,5065.0,25654225.0,9.12409783714864
Philippines,2023,2023,32,2023-W32,396,2023,34,398,2,seasonal_naive,3591.0,7525.0,,555.1233766233767,3934.0,3934.0,15476356.0,7.0867129104329205
Philippines,2023,2023,33,2023-W33,397,2023,35,399,2,seasonal_naive,3356.0,7237.0,,555.1233766233767,3881.0,3881.0,15062161.0,6.991238638889214
Philippines,2023,2023,34,2023-W34,398,2023,36,400,2,seasonal_naive,3393.0,7305.0,,555.1233766233767,3912.0,3912.0,15303744.0,7.0470820807355325
Philippines,2023,2023,35,2023-W35,399,2023,37,401,2,seasonal_naive,3179.0,6410.0,,555.1233766233767,3231.0,3231.0,10439361.0,5.8203277614663875
Philippines,2023,2023,36,2023-W36,400,2023,38,402,2,seasonal_naive,3142.0,5550.0,,555.1233766233767,2408.0,2408.0,5798464.0,4.337774450514101
Philippines,2023,2023,37,2023-W37,401,2023,39,403,2,seasonal_naive,3318.0,4976.0,,555.1233766233767,1658.0,1658.0,2748964.0,2.9867234381031476
Philippines,2023,2023,38,2023-W38,402,2023,40,404,2,seasonal_naive,2578.0,3866.0,,555.1233766233767,1288.0,1288.0,1658944.0,2.3202049386470773
Philippines,2023,2023,39,2023-W39,403,2023,41,405,2,seasonal_naive,2720.0,3435.0,,555.1233766233767,715.0,715.0,511225.0,1.288001965165109
Philippines,2023,2023,40,2023-W40,404,2023,42,406,2,seasonal_naive,3430.0,3825.0,,555.1233766233767,395.0,395.0,156025.0,0.7115535332031021
Philippines,2023,2023,41,2023-W41,405,2023,43,407,2,seasonal_naive,2672.0,3501.0,,555.1233766233767,829.0,829.0,687241.0,1.4933617190515738
Philippines,2023,2023,42,2023-W42,406,2023,44,408,2,seasonal_naive,1939.0,3570.0,,555.1233766233767,1631.0,1631.0,2660161.0,2.9380856016563532
Philippines,2023,2023,43,2023-W43,407,2023,45,409,2,seasonal_naive,2607.0,3781.0,,555.1233766233767,1174.0,1174.0,1378276.0,2.1148451847606125
Philippines,2023,2022,49,2022-W49,361,2023,1,365,4,moving_average_4,425.0,2301.25,,555.1233766233767,1876.25,1876.25,3520314.0625,3.379879282714735
Philippines,2023,2022,50,2022-W50,362,2023,2,366,4,moving_average_4,575.0,1574.75,,555.1233766233767,999.75,999.75,999500.0625,1.800950999543801
Philippines,2023,2023,9,2023-W09,373,2023,13,377,4,moving_average_4,1196.0,804.25,,555.1233766233767,-391.75,391.75,153468.0625,0.705698978815988
Philippines,2023,2023,10,2023-W10,374,2023,14,378,4,moving_average_4,1196.0,777.25,,555.1233766233767,-418.75,418.75,175351.5625,0.7543368152627823
Philippines,2023,2023,11,2023-W11,375,2023,15,379,4,moving_average_4,1197.0,603.0,,555.1233766233767,-594.0,594.0,352836.0,1.0700324018294751
Philippines,2023,2023,12,2023-W12,376,2023,16,380,4,moving_average_4,1482.0,440.5,,555.1233766233767,-1041.5,1041.5,1084722.25,1.8761595059013438
Philippines,2023,2023,13,2023-W13,377,2023,17,381,4,moving_average_4,1684.0,546.75,,555.1233766233767,-1137.25,1137.25,1293337.5625,2.0486436851524754
Philippines,2023,2023,14,2023-W14,378,2023,18,382,4,moving_average_4,1746.0,702.0,,555.1233766233767,-1044.0,1044.0,1089936.0,1.880663009276047
Philippines,2023,2023,15,2023-W15,379,2023,19,383,4,moving_average_4,1727.0,932.5,,555.1233766233767,-794.5,794.5,631230.25,1.43121337248067
Philippines,2023,2023,16,2023-W16,380,2023,20,384,4,moving_average_4,1794.0,1267.75,,555.1233766233767,-526.25,526.25,276939.0625,0.9479874603750189
Philippines,2023,2023,17,2023-W17,381,2023,21,385,4,moving_average_4,2269.0,1389.75,,555.1233766233767,-879.25,879.25,773080.5625,1.5838821368831077
Philippines,2023,2023,18,2023-W18,382,2023,22,386,4,moving_average_4,2552.0,1527.25,,555.1233766233767,-1024.75,1024.75,1050112.5625,1.8459860332908327
Philippines,2023,2023,19,2023-W19,383,2023,23,387,4,moving_average_4,207.0,1659.75,,555.1233766233767,1452.75,1452.75,2110482.5625,2.6169858110400166
Philippines,2023,2023,20,2023-W20,384,2023,24,388,4,moving_average_4,162.0,1737.75,,555.1233766233767,1575.75,1575.75,2482988.0625,2.838558177075413
Philippines,2023,2023,21,2023-W21,385,2023,25,389,4,moving_average_4,132.0,1884.0,,555.1233766233767,1752.0,1752.0,3069504.0,3.156055164991987
Philippines,2023,2023,22,2023-W22,386,2023,26,390,4,moving_average_4,181.0,2085.5,,555.1233766233767,1904.5,1904.5,3627120.25,3.430768870848881
Philippines,2023,2023,23,2023-W23,387,2023,27,391,4,moving_average_4,271.0,1705.5,,555.1233766233767,1434.5,1434.5,2057790.25,2.5841102364046833
Philippines,2023,2023,24,2023-W24,388,2023,28,392,4,moving_average_4,147.0,1297.5,,555.1233766233767,1150.5,1150.5,1323650.25,2.0725122530384024
Philippines,2023,2023,25,2023-W25,389,2023,29,393,4,moving_average_4,735.0,763.25,,555.1233766233767,28.25,28.25,798.0625,0.05088958813414591
Philippines,2023,2023,26,2023-W26,390,2023,30,394,4,moving_average_4,715.0,170.5,,555.1233766233767,-544.5,544.5,296480.25,0.9808630350103521
Philippines,2023,2023,27,2023-W27,391,2023,31,395,4,moving_average_4,893.0,186.5,,555.1233766233767,-706.5,706.5,499142.25,1.272690053691118
Philippines,2023,2023,28,2023-W28,392,2023,32,396,4,moving_average_4,2955.0,182.75,,555.1233766233767,-2772.25,2772.25,7685370.0625,4.993934892208354
Philippines,2023,2023,29,2023-W29,393,2023,33,397,4,moving_average_4,3355.0,333.5,,555.1233766233767,-3021.5,3021.5,9129462.25,5.442934178666261
Philippines,2023,2023,30,2023-W30,394,2023,34,398,4,moving_average_4,3591.0,467.0,,555.1233766233767,-3124.0,3124.0,9759376.0,5.627577817029091
Philippines,2023,2023,31,2023-W31,395,2023,35,399,4,moving_average_4,3356.0,622.5,,555.1233766233767,-2733.5,2733.5,7472022.25,4.924130589900455
Philippines,2023,2023,32,2023-W32,396,2023,36,400,4,moving_average_4,3393.0,1324.5,,555.1233766233767,-2068.5,2068.5,4278692.25,3.7261986922294095
Philippines,2023,2023,33,2023-W33,397,2023,37,401,4,moving_average_4,3179.0,1979.5,,555.1233766233767,-1199.5,1199.5,1438800.25,2.1607809191825846
Philippines,2023,2023,34,2023-W34,398,2023,38,402,4,moving_average_4,3142.0,2698.5,,555.1233766233767,-443.5,443.5,196692.25,0.7989214986723437
Philippines,2023,2023,35,2023-W35,399,2023,39,403,4,moving_average_4,3318.0,3314.25,,555.1233766233767,-3.75,3.75,14.0625,0.006755255062054767
Philippines,2023,2023,36,2023-W36,400,2023,40,404,4,moving_average_4,2578.0,3423.75,,555.1233766233767,845.75,845.75,715293.0625,1.5235351916620852
Philippines,2023,2023,37,2023-W37,401,2023,41,405,4,moving_average_4,2720.0,3379.75,,555.1233766233767,659.75,659.75,435270.0625,1.1884745405841686
Philippines,2023,2023,38,2023-W38,402,2023,42,406,4,moving_average_4,3430.0,3267.5,,555.1233766233767,-162.5,162.5,26406.25,0.2927277193557066
Philippines,2023,2023,39,2023-W39,403,2023,43,407,4,moving_average_4,2672.0,3258.0,,555.1233766233767,586.0,586.0,343396.0,1.055621191030425
Philippines,2023,2023,40,2023-W40,404,2023,44,408,4,moving_average_4,1939.0,3054.25,,555.1233766233767,1115.25,1115.25,1243782.5625,2.0090128554550875
Philippines,2023,2023,41,2023-W41,405,2023,45,409,4,moving_average_4,2607.0,2939.5,,555.1233766233767,332.5,332.5,110556.25,0.5989659488355227
Philippines,2023,2022,49,2022-W49,361,2023,1,365,4,persistence,425.0,485.0,,555.1233766233767,60.0,60.0,3600.0,0.10808408099287627
Philippines,2023,2022,50,2022-W50,362,2023,2,366,4,persistence,575.0,551.0,,555.1233766233767,-24.0,24.0,576.0,0.04323363239715051
Philippines,2023,2023,9,2023-W09,373,2023,13,377,4,persistence,1196.0,771.0,,555.1233766233767,-425.0,425.0,180625.0,0.7655955736995402
Philippines,2023,2023,10,2023-W10,374,2023,14,378,4,persistence,1196.0,575.0,,555.1233766233767,-621.0,621.0,385641.0,1.1186702382762694
Philippines,2023,2023,11,2023-W11,375,2023,15,379,4,persistence,1197.0,275.0,,555.1233766233767,-922.0,922.0,850084.0,1.660892044590532
Philippines,2023,2023,12,2023-W12,376,2023,16,380,4,persistence,1482.0,141.0,,555.1233766233767,-1341.0,1341.0,1798281.0,2.4156792101907847
Philippines,2023,2023,13,2023-W13,377,2023,17,381,4,persistence,1684.0,1196.0,,555.1233766233767,-488.0,488.0,238144.0,0.8790838587420603
Philippines,2023,2023,14,2023-W14,378,2023,18,382,4,persistence,1746.0,1196.0,,555.1233766233767,-550.0,550.0,302500.0,0.9907707424346991
Philippines,2023,2023,15,2023-W15,379,2023,19,383,4,persistence,1727.0,1197.0,,555.1233766233767,-530.0,530.0,280900.0,0.9547427154370737
Philippines,2023,2023,16,2023-W16,380,2023,20,384,4,persistence,1794.0,1482.0,,555.1233766233767,-312.0,312.0,97344.0,0.5620372211629566
Philippines,2023,2023,17,2023-W17,381,2023,21,385,4,persistence,2269.0,1684.0,,555.1233766233767,-585.0,585.0,342225.0,1.0538197896805437
Philippines,2023,2023,18,2023-W18,382,2023,22,386,4,persistence,2552.0,1746.0,,555.1233766233767,-806.0,806.0,649636.0,1.4519294880043045
Philippines,2023,2023,19,2023-W19,383,2023,23,387,4,persistence,207.0,1727.0,,555.1233766233767,1520.0,1520.0,2310400.0,2.738130051819532
Philippines,2023,2023,20,2023-W20,384,2023,24,388,4,persistence,162.0,1794.0,,555.1233766233767,1632.0,1632.0,2663424.0,2.9398870030062345
Philippines,2023,2023,21,2023-W21,385,2023,25,389,4,persistence,132.0,2269.0,,555.1233766233767,2137.0,2137.0,4566769.0,3.8495946846962763
Philippines,2023,2023,22,2023-W22,386,2023,26,390,4,persistence,181.0,2552.0,,555.1233766233767,2371.0,2371.0,5621641.0,4.271122600568494
Philippines,2023,2023,23,2023-W23,387,2023,27,391,4,persistence,271.0,207.0,,555.1233766233767,-64.0,64.0,4096.0,0.11528968639240135
Philippines,2023,2023,24,2023-W24,388,2023,28,392,4,persistence,147.0,162.0,,555.1233766233767,15.0,15.0,225.0,0.027021020248219067
Philippines,2023,2023,25,2023-W25,389,2023,29,393,4,persistence,735.0,132.0,,555.1233766233767,-603.0,603.0,363609.0,1.0862450139784066
Philippines,2023,2023,26,2023-W26,390,2023,30,394,4,persistence,715.0,181.0,,555.1233766233767,-534.0,534.0,285156.0,0.9619483208365988
Philippines,2023,2023,27,2023-W27,391,2023,31,395,4,persistence,893.0,271.0,,555.1233766233767,-622.0,622.0,386884.0,1.1204716396261507
Philippines,2023,2023,28,2023-W28,392,2023,32,396,4,persistence,2955.0,147.0,,555.1233766233767,-2808.0,2808.0,7884864.0,5.0583349904666095
Philippines,2023,2023,29,2023-W29,393,2023,33,397,4,persistence,3355.0,735.0,,555.1233766233767,-2620.0,2620.0,6864400.0,4.719671536688931
Philippines,2023,2023,30,2023-W30,394,2023,34,398,4,persistence,3591.0,715.0,,555.1233766233767,-2876.0,2876.0,8271376.0,5.180830282258536
Philippines,2023,2023,31,2023-W31,395,2023,35,399,4,persistence,3356.0,893.0,,555.1233766233767,-2463.0,2463.0,6066369.0,4.436851524757571
Philippines,2023,2023,32,2023-W32,396,2023,36,400,4,persistence,3393.0,2955.0,,555.1233766233767,-438.0,438.0,191844.0,0.7890137912479968
Philippines,2023,2023,33,2023-W33,397,2023,37,401,4,persistence,3179.0,3355.0,,555.1233766233767,176.0,176.0,30976.0,0.31704663757910373
Philippines,2023,2023,34,2023-W34,398,2023,38,402,4,persistence,3142.0,3591.0,,555.1233766233767,449.0,449.0,201601.0,0.8088292060966907
Philippines,2023,2023,35,2023-W35,399,2023,39,403,4,persistence,3318.0,3356.0,,555.1233766233767,38.0,38.0,1444.0,0.06845325129548831
Philippines,2023,2023,36,2023-W36,400,2023,40,404,4,persistence,2578.0,3393.0,,555.1233766233767,815.0,815.0,664225.0,1.468142100153236
Philippines,2023,2023,37,2023-W37,401,2023,41,405,4,persistence,2720.0,3179.0,,555.1233766233767,459.0,459.0,210681.0,0.8268432195955034
Philippines,2023,2023,38,2023-W38,402,2023,42,406,4,persistence,3430.0,3142.0,,555.1233766233767,-288.0,288.0,82944.0,0.5188035887658061
Philippines,2023,2023,39,2023-W39,403,2023,43,407,4,persistence,2672.0,3318.0,,555.1233766233767,646.0,646.0,417316.0,1.1637052720233012
Philippines,2023,2023,40,2023-W40,404,2023,44,408,4,persistence,1939.0,2578.0,,555.1233766233767,639.0,639.0,408321.0,1.1510954625741323
Philippines,2023,2023,41,2023-W41,405,2023,45,409,4,persistence,2607.0,2720.0,,555.1233766233767,113.0,113.0,12769.0,0.20355835253658364
Philippines,2023,2022,49,2022-W49,361,2023,1,365,4,seasonal_naive,425.0,1685.0,,555.1233766233767,1260.0,1260.0,1587600.0,2.2697657008504017
Philippines,2023,2022,50,2022-W50,362,2023,2,366,4,seasonal_naive,575.0,1146.0,,555.1233766233767,571.0,571.0,326041.0,1.028600170782206
Philippines,2023,2023,9,2023-W09,373,2023,13,377,4,seasonal_naive,1196.0,2152.0,,555.1233766233767,956.0,956.0,913936.0,1.7221396904864952
Philippines,2023,2023,10,2023-W10,374,2023,14,378,4,seasonal_naive,1196.0,2293.0,,555.1233766233767,1097.0,1097.0,1203409.0,1.9761372808197544
Philippines,2023,2023,11,2023-W11,375,2023,15,379,4,seasonal_naive,1197.0,2326.0,,555.1233766233767,1129.0,1129.0,1274641.0,2.0337821240159553
Philippines,2023,2023,12,2023-W12,376,2023,16,380,4,seasonal_naive,1482.0,2716.0,,555.1233766233767,1234.0,1234.0,1522756.0,2.2229292657534887
Philippines,2023,2023,13,2023-W13,377,2023,17,381,4,seasonal_naive,1684.0,2677.0,,555.1233766233767,993.0,993.0,986049.0,1.7887915404321022
Philippines,2023,2023,14,2023-W14,378,2023,18,382,4,seasonal_naive,1746.0,3389.0,,555.1233766233767,1643.0,1643.0,2699449.0,2.9597024178549285
Philippines,2023,2023,15,2023-W15,379,2023,19,383,4,seasonal_naive,1727.0,3958.0,,555.1233766233767,2231.0,2231.0,4977361.0,4.018926411585116
Philippines,2023,2023,16,2023-W16,380,2023,20,384,4,seasonal_naive,1794.0,4812.0,,555.1233766233767,3018.0,3018.0,9108324.0,5.436629273941676
Philippines,2023,2023,17,2023-W17,381,2023,21,385,4,seasonal_naive,2269.0,5167.0,,555.1233766233767,2898.0,2898.0,8398404.0,5.220461111955924
Philippines,2023,2023,18,2023-W18,382,2023,22,386,4,seasonal_naive,2552.0,5557.0,,555.1233766233767,3005.0,3005.0,9030025.0,5.413211056393219
Philippines,2023,2023,19,2023-W19,383,2023,23,387,4,seasonal_naive,207.0,6626.0,,555.1233766233767,6419.0,6419.0,41203561.0,11.563195264887879
Philippines,2023,2023,20,2023-W20,384,2023,24,388,4,seasonal_naive,162.0,7409.0,,555.1233766233767,7247.0,7247.0,52519009.0,13.054755582589571
Philippines,2023,2023,21,2023-W21,385,2023,25,389,4,seasonal_naive,132.0,8692.0,,555.1233766233767,8560.0,8560.0,73273600.0,15.41999555498368
Philippines,2023,2023,22,2023-W22,386,2023,26,390,4,seasonal_naive,181.0,8546.0,,555.1233766233767,8365.0,8365.0,69973225.0,15.068722291756833
Philippines,2023,2023,23,2023-W23,387,2023,27,391,4,seasonal_naive,271.0,9579.0,,555.1233766233767,9308.0,9308.0,86638864.0,16.76744376469487
Philippines,2023,2023,24,2023-W24,388,2023,28,392,4,seasonal_naive,147.0,10541.0,,555.1233766233767,10394.0,10394.0,108035236.0,18.723765630665934
Philippines,2023,2023,25,2023-W25,389,2023,29,393,4,seasonal_naive,735.0,9931.0,,555.1233766233767,9196.0,9196.0,84566416.0,16.56568681350817
Philippines,2023,2023,26,2023-W26,390,2023,30,394,4,seasonal_naive,715.0,9107.0,,555.1233766233767,8392.0,8392.0,70425664.0,15.117360128203627
Philippines,2023,2023,27,2023-W27,391,2023,31,395,4,seasonal_naive,893.0,9104.0,,555.1233766233767,8211.0,8211.0,67420521.0,14.791306483875118
Philippines,2023,2023,28,2023-W28,392,2023,32,396,4,seasonal_naive,2955.0,9245.0,,555.1233766233767,6290.0,6290.0,39564100.0,11.330814490753196
Philippines,2023,2023,29,2023-W29,393,2023,33,397,4,seasonal_naive,3355.0,8420.0,,555.1233766233767,5065.0,5065.0,25654225.0,9.12409783714864
Philippines,2023,2023,30,2023-W30,394,2023,34,398,4,seasonal_naive,3591.0,7525.0,,555.1233766233767,3934.0,3934.0,15476356.0,7.0867129104329205
Philippines,2023,2023,31,2023-W31,395,2023,35,399,4,seasonal_naive,3356.0,7237.0,,555.1233766233767,3881.0,3881.0,15062161.0,6.991238638889214
Philippines,2023,2023,32,2023-W32,396,2023,36,400,4,seasonal_naive,3393.0,7305.0,,555.1233766233767,3912.0,3912.0,15303744.0,7.0470820807355325
Philippines,2023,2023,33,2023-W33,397,2023,37,401,4,seasonal_naive,3179.0,6410.0,,555.1233766233767,3231.0,3231.0,10439361.0,5.8203277614663875
Philippines,2023,2023,34,2023-W34,398,2023,38,402,4,seasonal_naive,3142.0,5550.0,,555.1233766233767,2408.0,2408.0,5798464.0,4.337774450514101
Philippines,2023,2023,35,2023-W35,399,2023,39,403,4,seasonal_naive,3318.0,4976.0,,555.1233766233767,1658.0,1658.0,2748964.0,2.9867234381031476
Philippines,2023,2023,36,2023-W36,400,2023,40,404,4,seasonal_naive,2578.0,3866.0,,555.1233766233767,1288.0,1288.0,1658944.0,2.3202049386470773
Philippines,2023,2023,37,2023-W37,401,2023,41,405,4,seasonal_naive,2720.0,3435.0,,555.1233766233767,715.0,715.0,511225.0,1.288001965165109
Philippines,2023,2023,38,2023-W38,402,2023,42,406,4,seasonal_naive,3430.0,3825.0,,555.1233766233767,395.0,395.0,156025.0,0.7115535332031021
Philippines,2023,2023,39,2023-W39,403,2023,43,407,4,seasonal_naive,2672.0,3501.0,,555.1233766233767,829.0,829.0,687241.0,1.4933617190515738
Philippines,2023,2023,40,2023-W40,404,2023,44,408,4,seasonal_naive,1939.0,3570.0,,555.1233766233767,1631.0,1631.0,2660161.0,2.9380856016563532
Philippines,2023,2023,41,2023-W41,405,2023,45,409,4,seasonal_naive,2607.0,3781.0,,555.1233766233767,1174.0,1174.0,1378276.0,2.1148451847606125
Singapore,2025,2024,52,2024-W52,468,2025,1,469,1,moving_average_4,97.0,97.75,,36.20128479657387,0.75,0.75,0.5625,0.020717496746717145
Singapore,2025,2025,1,2025-W01,469,2025,2,470,1,moving_average_4,118.0,93.25,,36.20128479657387,-24.75,24.75,612.5625,0.6836773926416657
Singapore,2025,2025,2,2025-W02,470,2025,3,471,1,moving_average_4,99.0,97.25,,36.20128479657387,-1.75,1.75,3.0625,0.04834082574234
Singapore,2025,2025,3,2025-W03,471,2025,4,472,1,moving_average_4,118.0,96.25,,36.20128479657387,-21.75,21.75,473.0625,0.6008074056547972
Singapore,2025,2025,4,2025-W04,472,2025,5,473,1,moving_average_4,54.0,108.0,,36.20128479657387,54.0,54.0,2916.0,1.4916597657636343
Singapore,2025,2025,5,2025-W05,473,2025,6,474,1,moving_average_4,113.0,97.25,,36.20128479657387,-15.75,15.75,248.0625,0.43506743168106
Singapore,2025,2025,6,2025-W06,474,2025,7,475,1,moving_average_4,114.0,96.0,,36.20128479657387,-18.0,18.0,324.0,0.49721992192121145
Singapore,2025,2025,7,2025-W07,475,2025,8,476,1,moving_average_4,71.0,99.75,,36.20128479657387,28.75,28.75,826.5625,0.7941707086241572
Singapore,2025,2025,8,2025-W08,476,2025,9,477,1,moving_average_4,82.0,88.0,,36.20128479657387,6.0,6.0,36.0,0.16573997397373716
Singapore,2025,2025,9,2025-W09,477,2025,10,478,1,moving_average_4,86.0,95.0,,36.20128479657387,9.0,9.0,81.0,0.24860996096060572
Singapore,2025,2025,10,2025-W10,478,2025,11,479,1,moving_average_4,72.0,88.25,,36.20128479657387,16.25,16.25,264.0625,0.44887909617887145
Singapore,2025,2025,11,2025-W11,479,2025,12,480,1,moving_average_4,100.0,77.75,,36.20128479657387,-22.25,22.25,495.0625,0.6146190701526086
Singapore,2025,2025,12,2025-W12,480,2025,13,481,1,moving_average_4,98.0,85.0,,36.20128479657387,-13.0,13.0,169.0,0.3591032769430971
Singapore,2025,2025,13,2025-W13,481,2025,14,482,1,moving_average_4,87.0,89.0,,36.20128479657387,2.0,2.0,4.0,0.055246657991245715
Singapore,2025,2025,14,2025-W14,482,2025,15,483,1,moving_average_4,92.0,89.25,,36.20128479657387,-2.75,2.75,7.5625,0.07596415473796286
Singapore,2025,2025,15,2025-W15,483,2025,16,484,1,moving_average_4,94.0,94.25,,36.20128479657387,0.25,0.25,0.0625,0.006905832248905714
Singapore,2025,2025,16,2025-W16,484,2025,17,485,1,moving_average_4,107.0,92.75,,36.20128479657387,-14.25,14.25,203.0625,0.3936324381876257
Singapore,2025,2025,17,2025-W17,485,2025,18,486,1,moving_average_4,89.0,95.0,,36.20128479657387,6.0,6.0,36.0,0.16573997397373716
Singapore,2025,2025,18,2025-W18,486,2025,19,487,1,moving_average_4,105.0,95.5,,36.20128479657387,-9.5,9.5,90.25,0.26242162545841713
Singapore,2025,2025,19,2025-W19,487,2025,20,488,1,moving_average_4,103.0,98.75,,36.20128479657387,-4.25,4.25,18.0625,0.11739914823139715
Singapore,2025,2025,20,2025-W20,488,2025,21,489,1,moving_average_4,118.0,101.0,,36.20128479657387,-17.0,17.0,289.0,0.4695965929255886
Singapore,2025,2025,21,2025-W21,489,2025,22,490,1,moving_average_4,117.0,103.75,,36.20128479657387,-13.25,13.25,175.5625,0.36600910919200286
Singapore,2025,2025,22,2025-W22,490,2025,23,491,1,moving_average_4,118.0,110.75,,36.20128479657387,-7.25,7.25,52.5625,0.20026913521826573
Singapore,2025,2025,23,2025-W23,491,2025,24,492,1,moving_average_4,125.0,114.0,,36.20128479657387,-11.0,11.0,121.0,0.30385661895185145
Singapore,2025,2025,24,2025-W24,492,2025,25,493,1,moving_average_4,106.0,119.5,,36.20128479657387,13.5,13.5,182.25,0.3729149414409086
Singapore,2025,2025,25,2025-W25,493,2025,26,494,1,moving_average_4,100.0,116.5,,36.20128479657387,16.5,16.5,272.25,0.4557849284277772
Singapore,2025,2025,26,2025-W26,494,2025,27,495,1,moving_average_4,119.0,112.25,,36.20128479657387,-6.75,6.75,45.5625,0.1864574707204543
Singapore,2025,2025,27,2025-W27,495,2025,28,496,1,moving_average_4,112.0,112.5,,36.20128479657387,0.5,0.5,0.25,0.013811664497811429
Singapore,2025,2025,28,2025-W28,496,2025,29,497,1,moving_average_4,86.0,109.25,,36.20128479657387,23.25,23.25,540.5625,0.6422423991482314
Singapore,2025,2025,29,2025-W29,497,2025,30,498,1,moving_average_4,77.0,104.25,,36.20128479657387,27.25,27.25,742.5625,0.7527357151307229
Singapore,2025,2025,30,2025-W30,498,2025,31,499,1,moving_average_4,71.0,98.5,,36.20128479657387,27.5,27.5,756.25,0.7596415473796286
Singapore,2025,2025,31,2025-W31,499,2025,32,500,1,moving_average_4,73.0,86.5,,36.20128479657387,13.5,13.5,182.25,0.3729149414409086
Singapore,2025,2025,32,2025-W32,500,2025,33,501,1,moving_average_4,62.0,76.75,,36.20128479657387,14.75,14.75,217.5625,0.4074441026854372
Singapore,2025,2025,33,2025-W33,501,2025,34,502,1,moving_average_4,47.0,70.75,,36.20128479657387,23.75,23.75,564.0625,0.6560540636460429
Singapore,2025,2025,34,2025-W34,502,2025,35,503,1,moving_average_4,51.0,63.25,,36.20128479657387,12.25,12.25,150.0625,0.33838578019638
Singapore,2025,2025,35,2025-W35,503,2025,36,504,1,moving_average_4,42.0,58.25,,36.20128479657387,16.25,16.25,264.0625,0.44887909617887145
Singapore,2025,2025,36,2025-W36,504,2025,37,505,1,moving_average_4,49.0,50.5,,36.20128479657387,1.5,1.5,2.25,0.04143499349343429
Singapore,2025,2025,37,2025-W37,505,2025,38,506,1,moving_average_4,45.0,47.25,,36.20128479657387,2.25,2.25,5.0625,0.06215249024015143
Singapore,2025,2025,38,2025-W38,506,2025,39,507,1,moving_average_4,40.0,46.75,,36.20128479657387,6.75,6.75,45.5625,0.1864574707204543
Singapore,2025,2025,39,2025-W39,507,2025,40,508,1,moving_average_4,55.0,44.0,,36.20128479657387,-11.0,11.0,121.0,0.30385661895185145
Singapore,2025,2025,40,2025-W40,508,2025,41,509,1,moving_average_4,33.0,47.25,,36.20128479657387,14.25,14.25,203.0625,0.3936324381876257
Singapore,2025,2025,41,2025-W41,509,2025,42,510,1,moving_average_4,47.0,43.25,,36.20128479657387,-3.75,3.75,14.0625,0.10358748373358571
Singapore,2025,2025,42,2025-W42,510,2025,43,511,1,moving_average_4,36.0,43.75,,36.20128479657387,7.75,7.75,60.0625,0.21408079971607716
Singapore,2025,2025,43,2025-W43,511,2025,44,512,1,moving_average_4,53.0,42.75,,36.20128479657387,-10.25,10.25,105.0625,0.2831391222051343
Singapore,2025,2025,44,2025-W44,512,2025,45,513,1,moving_average_4,55.0,42.25,,36.20128479657387,-12.75,12.75,162.5625,0.35219744469419145
Singapore,2025,2025,45,2025-W45,513,2025,46,514,1,moving_average_4,39.0,47.75,,36.20128479657387,8.75,8.75,76.5625,0.2417041287117
Singapore,2025,2025,46,2025-W46,514,2025,47,515,1,moving_average_4,39.0,45.75,,36.20128479657387,6.75,6.75,45.5625,0.1864574707204543
Singapore,2025,2025,47,2025-W47,515,2025,48,516,1,moving_average_4,27.0,46.5,,36.20128479657387,19.5,19.5,380.25,0.5386549154146457
Singapore,2025,2025,48,2025-W48,516,2025,49,517,1,moving_average_4,38.0,40.0,,36.20128479657387,2.0,2.0,4.0,0.055246657991245715
Singapore,2025,2025,49,2025-W49,517,2025,50,518,1,moving_average_4,46.0,35.75,,36.20128479657387,-10.25,10.25,105.0625,0.2831391222051343
Singapore,2025,2025,50,2025-W50,518,2025,51,519,1,moving_average_4,41.0,37.5,,36.20128479657387,-3.5,3.5,12.25,0.09668165148468
Singapore,2025,2025,51,2025-W51,519,2025,52,520,1,moving_average_4,32.0,38.0,,36.20128479657387,6.0,6.0,36.0,0.16573997397373716
Singapore,2025,2024,52,2024-W52,468,2025,1,469,1,persistence,97.0,71.0,,36.20128479657387,-26.0,26.0,676.0,0.7182065538861943
Singapore,2025,2025,1,2025-W01,469,2025,2,470,1,persistence,118.0,97.0,,36.20128479657387,-21.0,21.0,441.0,0.58008990890808
Singapore,2025,2025,2,2025-W02,470,2025,3,471,1,persistence,99.0,118.0,,36.20128479657387,19.0,19.0,361.0,0.5248432509168343
Singapore,2025,2025,3,2025-W03,471,2025,4,472,1,persistence,118.0,99.0,,36.20128479657387,-19.0,19.0,361.0,0.5248432509168343
Singapore,2025,2025,4,2025-W04,472,2025,5,473,1,persistence,54.0,118.0,,36.20128479657387,64.0,64.0,4096.0,1.7678930557198629
Singapore,2025,2025,5,2025-W05,473,2025,6,474,1,persistence,113.0,54.0,,36.20128479657387,-59.0,59.0,3481.0,1.6297764107417487
Singapore,2025,2025,6,2025-W06,474,2025,7,475,1,persistence,114.0,113.0,,36.20128479657387,-1.0,1.0,1.0,0.027623328995622858
Singapore,2025,2025,7,2025-W07,475,2025,8,476,1,persistence,71.0,114.0,,36.20128479657387,43.0,43.0,1849.0,1.187803146811783
Singapore,2025,2025,8,2025-W08,476,2025,9,477,1,persistence,82.0,71.0,,36.20128479657387,-11.0,11.0,121.0,0.30385661895185145
Singapore,2025,2025,9,2025-W09,477,2025,10,478,1,persistence,86.0,82.0,,36.20128479657387,-4.0,4.0,16.0,0.11049331598249143
Singapore,2025,2025,10,2025-W10,478,2025,11,479,1,persistence,72.0,86.0,,36.20128479657387,14.0,14.0,196.0,0.38672660593872
Singapore,2025,2025,11,2025-W11,479,2025,12,480,1,persistence,100.0,72.0,,36.20128479657387,-28.0,28.0,784.0,0.77345321187744
Singapore,2025,2025,12,2025-W12,480,2025,13,481,1,persistence,98.0,100.0,,36.20128479657387,2.0,2.0,4.0,0.055246657991245715
Singapore,2025,2025,13,2025-W13,481,2025,14,482,1,persistence,87.0,98.0,,36.20128479657387,11.0,11.0,121.0,0.30385661895185145
Singapore,2025,2025,14,2025-W14,482,2025,15,483,1,persistence,92.0,87.0,,36.20128479657387,-5.0,5.0,25.0,0.1381166449781143
Singapore,2025,2025,15,2025-W15,483,2025,16,484,1,persistence,94.0,92.0,,36.20128479657387,-2.0,2.0,4.0,0.055246657991245715
Singapore,2025,2025,16,2025-W16,484,2025,17,485,1,persistence,107.0,94.0,,36.20128479657387,-13.0,13.0,169.0,0.3591032769430971
Singapore,2025,2025,17,2025-W17,485,2025,18,486,1,persistence,89.0,107.0,,36.20128479657387,18.0,18.0,324.0,0.49721992192121145
Singapore,2025,2025,18,2025-W18,486,2025,19,487,1,persistence,105.0,89.0,,36.20128479657387,-16.0,16.0,256.0,0.4419732639299657
Singapore,2025,2025,19,2025-W19,487,2025,20,488,1,persistence,103.0,105.0,,36.20128479657387,2.0,2.0,4.0,0.055246657991245715
Singapore,2025,2025,20,2025-W20,488,2025,21,489,1,persistence,118.0,103.0,,36.20128479657387,-15.0,15.0,225.0,0.41434993493434286
Singapore,2025,2025,21,2025-W21,489,2025,22,490,1,persistence,117.0,118.0,,36.20128479657387,1.0,1.0,1.0,0.027623328995622858
Singapore,2025,2025,22,2025-W22,490,2025,23,491,1,persistence,118.0,117.0,,36.20128479657387,-1.0,1.0,1.0,0.027623328995622858
Singapore,2025,2025,23,2025-W23,491,2025,24,492,1,persistence,125.0,118.0,,36.20128479657387,-7.0,7.0,49.0,0.19336330296936
Singapore,2025,2025,24,2025-W24,492,2025,25,493,1,persistence,106.0,125.0,,36.20128479657387,19.0,19.0,361.0,0.5248432509168343
Singapore,2025,2025,25,2025-W25,493,2025,26,494,1,persistence,100.0,106.0,,36.20128479657387,6.0,6.0,36.0,0.16573997397373716
Singapore,2025,2025,26,2025-W26,494,2025,27,495,1,persistence,119.0,100.0,,36.20128479657387,-19.0,19.0,361.0,0.5248432509168343
Singapore,2025,2025,27,2025-W27,495,2025,28,496,1,persistence,112.0,119.0,,36.20128479657387,7.0,7.0,49.0,0.19336330296936
Singapore,2025,2025,28,2025-W28,496,2025,29,497,1,persistence,86.0,112.0,,36.20128479657387,26.0,26.0,676.0,0.7182065538861943
Singapore,2025,2025,29,2025-W29,497,2025,30,498,1,persistence,77.0,86.0,,36.20128479657387,9.0,9.0,81.0,0.24860996096060572
Singapore,2025,2025,30,2025-W30,498,2025,31,499,1,persistence,71.0,77.0,,36.20128479657387,6.0,6.0,36.0,0.16573997397373716
Singapore,2025,2025,31,2025-W31,499,2025,32,500,1,persistence,73.0,71.0,,36.20128479657387,-2.0,2.0,4.0,0.055246657991245715
Singapore,2025,2025,32,2025-W32,500,2025,33,501,1,persistence,62.0,73.0,,36.20128479657387,11.0,11.0,121.0,0.30385661895185145
Singapore,2025,2025,33,2025-W33,501,2025,34,502,1,persistence,47.0,62.0,,36.20128479657387,15.0,15.0,225.0,0.41434993493434286
Singapore,2025,2025,34,2025-W34,502,2025,35,503,1,persistence,51.0,47.0,,36.20128479657387,-4.0,4.0,16.0,0.11049331598249143
Singapore,2025,2025,35,2025-W35,503,2025,36,504,1,persistence,42.0,51.0,,36.20128479657387,9.0,9.0,81.0,0.24860996096060572
Singapore,2025,2025,36,2025-W36,504,2025,37,505,1,persistence,49.0,42.0,,36.20128479657387,-7.0,7.0,49.0,0.19336330296936
Singapore,2025,2025,37,2025-W37,505,2025,38,506,1,persistence,45.0,49.0,,36.20128479657387,4.0,4.0,16.0,0.11049331598249143
Singapore,2025,2025,38,2025-W38,506,2025,39,507,1,persistence,40.0,45.0,,36.20128479657387,5.0,5.0,25.0,0.1381166449781143
Singapore,2025,2025,39,2025-W39,507,2025,40,508,1,persistence,55.0,40.0,,36.20128479657387,-15.0,15.0,225.0,0.41434993493434286
Singapore,2025,2025,40,2025-W40,508,2025,41,509,1,persistence,33.0,55.0,,36.20128479657387,22.0,22.0,484.0,0.6077132379037029
Singapore,2025,2025,41,2025-W41,509,2025,42,510,1,persistence,47.0,33.0,,36.20128479657387,-14.0,14.0,196.0,0.38672660593872
Singapore,2025,2025,42,2025-W42,510,2025,43,511,1,persistence,36.0,47.0,,36.20128479657387,11.0,11.0,121.0,0.30385661895185145
Singapore,2025,2025,43,2025-W43,511,2025,44,512,1,persistence,53.0,36.0,,36.20128479657387,-17.0,17.0,289.0,0.4695965929255886
Singapore,2025,2025,44,2025-W44,512,2025,45,513,1,persistence,55.0,53.0,,36.20128479657387,-2.0,2.0,4.0,0.055246657991245715
Singapore,2025,2025,45,2025-W45,513,2025,46,514,1,persistence,39.0,55.0,,36.20128479657387,16.0,16.0,256.0,0.4419732639299657
Singapore,2025,2025,46,2025-W46,514,2025,47,515,1,persistence,39.0,39.0,,36.20128479657387,0.0,0.0,0.0,0.0
Singapore,2025,2025,47,2025-W47,515,2025,48,516,1,persistence,27.0,39.0,,36.20128479657387,12.0,12.0,144.0,0.3314799479474743
Singapore,2025,2025,48,2025-W48,516,2025,49,517,1,persistence,38.0,27.0,,36.20128479657387,-11.0,11.0,121.0,0.30385661895185145
Singapore,2025,2025,49,2025-W49,517,2025,50,518,1,persistence,46.0,38.0,,36.20128479657387,-8.0,8.0,64.0,0.22098663196498286
Singapore,2025,2025,50,2025-W50,518,2025,51,519,1,persistence,41.0,46.0,,36.20128479657387,5.0,5.0,25.0,0.1381166449781143
Singapore,2025,2025,51,2025-W51,519,2025,52,520,1,persistence,32.0,41.0,,36.20128479657387,9.0,9.0,81.0,0.24860996096060572
Singapore,2025,2024,52,2024-W52,468,2025,1,469,1,seasonal_naive,97.0,305.0,,36.20128479657387,208.0,208.0,43264.0,5.745652431089554
Singapore,2025,2025,1,2025-W01,469,2025,2,470,1,seasonal_naive,118.0,394.0,,36.20128479657387,276.0,276.0,76176.0,7.624038802791909
Singapore,2025,2025,2,2025-W02,470,2025,3,471,1,seasonal_naive,99.0,409.0,,36.20128479657387,310.0,310.0,96100.0,8.563231988643086
Singapore,2025,2025,3,2025-W03,471,2025,4,472,1,seasonal_naive,118.0,430.0,,36.20128479657387,312.0,312.0,97344.0,8.618478646634331
Singapore,2025,2025,4,2025-W04,472,2025,5,473,1,seasonal_naive,54.0,486.0,,36.20128479657387,432.0,432.0,186624.0,11.933278126109075
Singapore,2025,2025,5,2025-W05,473,2025,6,474,1,seasonal_naive,113.0,515.0,,36.20128479657387,402.0,402.0,161604.0,11.104578256240389
Singapore,2025,2025,6,2025-W06,474,2025,7,475,1,seasonal_naive,114.0,430.0,,36.20128479657387,316.0,316.0,99856.0,8.728971962616823
Singapore,2025,2025,7,2025-W07,475,2025,8,476,1,seasonal_naive,71.0,460.0,,36.20128479657387,389.0,389.0,151321.0,10.745474979297292
Singapore,2025,2025,8,2025-W08,476,2025,9,477,1,seasonal_naive,82.0,370.0,,36.20128479657387,288.0,288.0,82944.0,7.955518750739383
Singapore,2025,2025,9,2025-W09,477,2025,10,478,1,seasonal_naive,86.0,367.0,,36.20128479657387,281.0,281.0,78961.0,7.762155447770023
Singapore,2025,2025,10,2025-W10,478,2025,11,479,1,seasonal_naive,72.0,331.0,,36.20128479657387,259.0,259.0,67081.0,7.15444220986632
Singapore,2025,2025,11,2025-W11,479,2025,12,480,1,seasonal_naive,100.0,320.0,,36.20128479657387,220.0,220.0,48400.0,6.077132379037029
Singapore,2025,2025,12,2025-W12,480,2025,13,481,1,seasonal_naive,98.0,349.0,,36.20128479657387,251.0,251.0,63001.0,6.933455577901337
Singapore,2025,2025,13,2025-W13,481,2025,14,482,1,seasonal_naive,87.0,415.0,,36.20128479657387,328.0,328.0,107584.0,9.060451910564298
Singapore,2025,2025,14,2025-W14,482,2025,15,483,1,seasonal_naive,92.0,307.0,,36.20128479657387,215.0,215.0,46225.0,5.9390157340589145
Singapore,2025,2025,15,2025-W15,483,2025,16,484,1,seasonal_naive,94.0,341.0,,36.20128479657387,247.0,247.0,61009.0,6.822962261918846
Singapore,2025,2025,16,2025-W16,484,2025,17,485,1,seasonal_naive,107.0,337.0,,36.20128479657387,230.0,230.0,52900.0,6.353365668993257
Singapore,2025,2025,17,2025-W17,485,2025,18,486,1,seasonal_naive,89.0,248.0,,36.20128479657387,159.0,159.0,25281.0,4.3921093103040345
Singapore,2025,2025,18,2025-W18,486,2025,19,487,1,seasonal_naive,105.0,326.0,,36.20128479657387,221.0,221.0,48841.0,6.104755708032652
Singapore,2025,2025,19,2025-W19,487,2025,20,488,1,seasonal_naive,103.0,291.0,,36.20128479657387,188.0,188.0,35344.0,5.193185851177097
Singapore,2025,2025,20,2025-W20,488,2025,21,489,1,seasonal_naive,118.0,288.0,,36.20128479657387,170.0,170.0,28900.0,4.695965929255886
Singapore,2025,2025,21,2025-W21,489,2025,22,490,1,seasonal_naive,117.0,313.0,,36.20128479657387,196.0,196.0,38416.0,5.41417248314208
Singapore,2025,2025,22,2025-W22,490,2025,23,491,1,seasonal_naive,118.0,333.0,,36.20128479657387,215.0,215.0,46225.0,5.9390157340589145
Singapore,2025,2025,23,2025-W23,491,2025,24,492,1,seasonal_naive,125.0,303.0,,36.20128479657387,178.0,178.0,31684.0,4.916952561220869
Singapore,2025,2025,24,2025-W24,492,2025,25,493,1,seasonal_naive,106.0,297.0,,36.20128479657387,191.0,191.0,36481.0,5.276055838163966
Singapore,2025,2025,25,2025-W25,493,2025,26,494,1,seasonal_naive,100.0,291.0,,36.20128479657387,191.0,191.0,36481.0,5.276055838163966
Singapore,2025,2025,26,2025-W26,494,2025,27,495,1,seasonal_naive,119.0,327.0,,36.20128479657387,208.0,208.0,43264.0,5.745652431089554
Singapore,2025,2025,27,2025-W27,495,2025,28,496,1,seasonal_naive,112.0,291.0,,36.20128479657387,179.0,179.0,32041.0,4.944575890216492
Singapore,2025,2025,28,2025-W28,496,2025,29,497,1,seasonal_naive,86.0,236.0,,36.20128479657387,150.0,150.0,22500.0,4.143499349343429
Singapore,2025,2025,29,2025-W29,497,2025,30,498,1,seasonal_naive,77.0,311.0,,36.20128479657387,234.0,234.0,54756.0,6.463858984975749
Singapore,2025,2025,30,2025-W30,498,2025,31,499,1,seasonal_naive,71.0,274.0,,36.20128479657387,203.0,203.0,41209.0,5.60753578611144
Singapore,2025,2025,31,2025-W31,499,2025,32,500,1,seasonal_naive,73.0,218.0,,36.20128479657387,145.0,145.0,21025.0,4.0053827043653145
Singapore,2025,2025,32,2025-W32,500,2025,33,501,1,seasonal_naive,62.0,216.0,,36.20128479657387,154.0,154.0,23716.0,4.25399266532592
Singapore,2025,2025,33,2025-W33,501,2025,34,502,1,seasonal_naive,47.0,185.0,,36.20128479657387,138.0,138.0,19044.0,3.8120194013959545
Singapore,2025,2025,34,2025-W34,502,2025,35,503,1,seasonal_naive,51.0,179.0,,36.20128479657387,128.0,128.0,16384.0,3.5357861114397258
Singapore,2025,2025,35,2025-W35,503,2025,36,504,1,seasonal_naive,42.0,190.0,,36.20128479657387,148.0,148.0,21904.0,4.088252691352183
Singapore,2025,2025,36,2025-W36,504,2025,37,505,1,seasonal_naive,49.0,202.0,,36.20128479657387,153.0,153.0,23409.0,4.226369336330297
Singapore,2025,2025,37,2025-W37,505,2025,38,506,1,seasonal_naive,45.0,182.0,,36.20128479657387,137.0,137.0,18769.0,3.7843960724003316
Singapore,2025,2025,38,2025-W38,506,2025,39,507,1,seasonal_naive,40.0,152.0,,36.20128479657387,112.0,112.0,12544.0,3.09381284750976
Singapore,2025,2025,39,2025-W39,507,2025,40,508,1,seasonal_naive,55.0,155.0,,36.20128479657387,100.0,100.0,10000.0,2.762332899562286
Singapore,2025,2025,40,2025-W40,508,2025,41,509,1,seasonal_naive,33.0,143.0,,36.20128479657387,110.0,110.0,12100.0,3.0385661895185145
Singapore,2025,2025,41,2025-W41,509,2025,42,510,1,seasonal_naive,47.0,101.0,,36.20128479657387,54.0,54.0,2916.0,1.4916597657636343
Singapore,2025,2025,42,2025-W42,510,2025,43,511,1,seasonal_naive,36.0,118.0,,36.20128479657387,82.0,82.0,6724.0,2.2651129776410746
Singapore,2025,2025,43,2025-W43,511,2025,44,512,1,seasonal_naive,53.0,98.0,,36.20128479657387,45.0,45.0,2025.0,1.2430498048030285
Singapore,2025,2025,44,2025-W44,512,2025,45,513,1,seasonal_naive,55.0,113.0,,36.20128479657387,58.0,58.0,3364.0,1.6021530817461258
Singapore,2025,2025,45,2025-W45,513,2025,46,514,1,seasonal_naive,39.0,110.0,,36.20128479657387,71.0,71.0,5041.0,1.9612563586892229
Singapore,2025,2025,46,2025-W46,514,2025,47,515,1,seasonal_naive,39.0,111.0,,36.20128479657387,72.0,72.0,5184.0,1.9888796876848458
Singapore,2025,2025,47,2025-W47,515,2025,48,516,1,seasonal_naive,27.0,92.0,,36.20128479657387,65.0,65.0,4225.0,1.7955163847154858
Singapore,2025,2025,48,2025-W48,516,2025,49,517,1,seasonal_naive,38.0,115.0,,36.20128479657387,77.0,77.0,5929.0,2.12699633266296
Singapore,2025,2025,49,2025-W49,517,2025,50,518,1,seasonal_naive,46.0,102.0,,36.20128479657387,56.0,56.0,3136.0,1.54690642375488
Singapore,2025,2025,50,2025-W50,518,2025,51,519,1,seasonal_naive,41.0,103.0,,36.20128479657387,62.0,62.0,3844.0,1.7126463977286173
Singapore,2025,2025,51,2025-W51,519,2025,52,520,1,seasonal_naive,32.0,71.0,,36.20128479657387,39.0,39.0,1521.0,1.0773098308292914
Singapore,2025,2024,51,2024-W51,467,2025,1,469,2,moving_average_4,97.0,103.0,,36.20128479657387,6.0,6.0,36.0,0.16573997397373716
Singapore,2025,2024,52,2024-W52,468,2025,2,470,2,moving_average_4,118.0,97.75,,36.20128479657387,-20.25,20.25,410.0625,0.5593724121613629
Singapore,2025,2025,1,2025-W01,469,2025,3,471,2,moving_average_4,99.0,93.25,,36.20128479657387,-5.75,5.75,33.0625,0.15883414172483143
Singapore,2025,2025,2,2025-W02,470,2025,4,472,2,moving_average_4,118.0,97.25,,36.20128479657387,-20.75,20.75,430.5625,0.5731840766591743
Singapore,2025,2025,3,2025-W03,471,2025,5,473,2,moving_average_4,54.0,96.25,,36.20128479657387,42.25,42.25,1785.0625,1.1670856500650657
Singapore,2025,2025,4,2025-W04,472,2025,6,474,2,moving_average_4,113.0,108.0,,36.20128479657387,-5.0,5.0,25.0,0.1381166449781143
Singapore,2025,2025,5,2025-W05,473,2025,7,475,2,moving_average_4,114.0,97.25,,36.20128479657387,-16.75,16.75,280.5625,0.46269076067668286
Singapore,2025,2025,6,2025-W06,474,2025,8,476,2,moving_average_4,71.0,96.0,,36.20128479657387,25.0,25.0,625.0,0.6905832248905714
Singapore,2025,2025,7,2025-W07,475,2025,9,477,2,moving_average_4,82.0,99.75,,36.20128479657387,17.75,17.75,315.0625,0.4903140896723057
Singapore,2025,2025,8,2025-W08,476,2025,10,478,2,moving_average_4,86.0,88.0,,36.20128479657387,2.0,2.0,4.0,0.055246657991245715
Singapore,2025,2025,9,2025-W09,477,2025,11,479,2,moving_average_4,72.0,95.0,,36.20128479657387,23.0,23.0,529.0,0.6353365668993257
Singapore,2025,2025,10,2025-W10,478,2025,12,480,2,moving_average_4,100.0,88.25,,36.20128479657387,-11.75,11.75,138.0625,0.3245741156985686
Singapore,2025,2025,11,2025-W11,479,2025,13,481,2,moving_average_4,98.0,77.75,,36.20128479657387,-20.25,20.25,410.0625,0.5593724121613629
Singapore,2025,2025,12,2025-W12,480,2025,14,482,2,moving_average_4,87.0,85.0,,36.20128479657387,-2.0,2.0,4.0,0.055246657991245715
Singapore,2025,2025,13,2025-W13,481,2025,15,483,2,moving_average_4,92.0,89.0,,36.20128479657387,-3.0,3.0,9.0,0.08286998698686858
Singapore,2025,2025,14,2025-W14,482,2025,16,484,2,moving_average_4,94.0,89.25,,36.20128479657387,-4.75,4.75,22.5625,0.13121081272920856
Singapore,2025,2025,15,2025-W15,483,2025,17,485,2,moving_average_4,107.0,94.25,,36.20128479657387,-12.75,12.75,162.5625,0.35219744469419145
Singapore,2025,2025,16,2025-W16,484,2025,18,486,2,moving_average_4,89.0,92.75,,36.20128479657387,3.75,3.75,14.0625,0.10358748373358571
Singapore,2025,2025,17,2025-W17,485,2025,19,487,2,moving_average_4,105.0,95.0,,36.20128479657387,-10.0,10.0,100.0,0.2762332899562286
Singapore,2025,2025,18,2025-W18,486,2025,20,488,2,moving_average_4,103.0,95.5,,36.20128479657387,-7.5,7.5,56.25,0.20717496746717143
Singapore,2025,2025,19,2025-W19,487,2025,21,489,2,moving_average_4,118.0,98.75,,36.20128479657387,-19.25,19.25,370.5625,0.53174908316574
Singapore,2025,2025,20,2025-W20,488,2025,22,490,2,moving_average_4,117.0,101.0,,36.20128479657387,-16.0,16.0,256.0,0.4419732639299657
Singapore,2025,2025,21,2025-W21,489,2025,23,491,2,moving_average_4,118.0,103.75,,36.20128479657387,-14.25,14.25,203.0625,0.3936324381876257
Singapore,2025,2025,22,2025-W22,490,2025,24,492,2,moving_average_4,125.0,110.75,,36.20128479657387,-14.25,14.25,203.0625,0.3936324381876257
Singapore,2025,2025,23,2025-W23,491,2025,25,493,2,moving_average_4,106.0,114.0,,36.20128479657387,8.0,8.0,64.0,0.22098663196498286
Singapore,2025,2025,24,2025-W24,492,2025,26,494,2,moving_average_4,100.0,119.5,,36.20128479657387,19.5,19.5,380.25,0.5386549154146457
Singapore,2025,2025,25,2025-W25,493,2025,27,495,2,moving_average_4,119.0,116.5,,36.20128479657387,-2.5,2.5,6.25,0.06905832248905715
Singapore,2025,2025,26,2025-W26,494,2025,28,496,2,moving_average_4,112.0,112.25,,36.20128479657387,0.25,0.25,0.0625,0.006905832248905714
Singapore,2025,2025,27,2025-W27,495,2025,29,497,2,moving_average_4,86.0,112.5,,36.20128479657387,26.5,26.5,702.25,0.7320182183840057
Singapore,2025,2025,28,2025-W28,496,2025,30,498,2,moving_average_4,77.0,109.25,,36.20128479657387,32.25,32.25,1040.0625,0.8908523601088372
Singapore,2025,2025,29,2025-W29,497,2025,31,499,2,moving_average_4,71.0,104.25,,36.20128479657387,33.25,33.25,1105.5625,0.91847568910446
Singapore,2025,2025,30,2025-W30,498,2025,32,500,2,moving_average_4,73.0,98.5,,36.20128479657387,25.5,25.5,650.25,0.7043948893883829
Singapore,2025,2025,31,2025-W31,499,2025,33,501,2,moving_average_4,62.0,86.5,,36.20128479657387,24.5,24.5,600.25,0.67677156039276
Singapore,2025,2025,32,2025-W32,500,2025,34,502,2,moving_average_4,47.0,76.75,,36.20128479657387,29.75,29.75,885.0625,0.82179403761978
Singapore,2025,2025,33,2025-W33,501,2025,35,503,2,moving_average_4,51.0,70.75,,36.20128479657387,19.75,19.75,390.0625,0.5455607476635514
Singapore,2025,2025,34,2025-W34,502,2025,36,504,2,moving_average_4,42.0,63.25,,36.20128479657387,21.25,21.25,451.5625,0.5869957411569857
Singapore,2025,2025,35,2025-W35,503,2025,37,505,2,moving_average_4,49.0,58.25,,36.20128479657387,9.25,9.25,85.5625,0.25551579320951145
Singapore,2025,2025,36,2025-W36,504,2025,38,506,2,moving_average_4,45.0,50.5,,36.20128479657387,5.5,5.5,30.25,0.15192830947592573
Singapore,2025,2025,37,2025-W37,505,2025,39,507,2,moving_average_4,40.0,47.25,,36.20128479657387,7.25,7.25,52.5625,0.20026913521826573
Singapore,2025,2025,38,2025-W38,506,2025,40,508,2,moving_average_4,55.0,46.75,,36.20128479657387,-8.25,8.25,68.0625,0.2278924642138886
Singapore,2025,2025,39,2025-W39,507,2025,41,509,2,moving_average_4,33.0,44.0,,36.20128479657387,11.0,11.0,121.0,0.30385661895185145
Singapore,2025,2025,40,2025-W40,508,2025,42,510,2,moving_average_4,47.0,47.25,,36.20128479657387,0.25,0.25,0.0625,0.006905832248905714
Singapore,2025,2025,41,2025-W41,509,2025,43,511,2,moving_average_4,36.0,43.25,,36.20128479657387,7.25,7.25,52.5625,0.20026913521826573
Singapore,2025,2025,42,2025-W42,510,2025,44,512,2,moving_average_4,53.0,43.75,,36.20128479657387,-9.25,9.25,85.5625,0.25551579320951145
Singapore,2025,2025,43,2025-W43,511,2025,45,513,2,moving_average_4,55.0,42.75,,36.20128479657387,-12.25,12.25,150.0625,0.33838578019638
Singapore,2025,2025,44,2025-W44,512,2025,46,514,2,moving_average_4,39.0,42.25,,36.20128479657387,3.25,3.25,10.5625,0.08977581923577428
Singapore,2025,2025,45,2025-W45,513,2025,47,515,2,moving_average_4,39.0,47.75,,36.20128479657387,8.75,8.75,76.5625,0.2417041287117
Singapore,2025,2025,46,2025-W46,514,2025,48,516,2,moving_average_4,27.0,45.75,,36.20128479657387,18.75,18.75,351.5625,0.5179374186679286
Singapore,2025,2025,47,2025-W47,515,2025,49,517,2,moving_average_4,38.0,46.5,,36.20128479657387,8.5,8.5,72.25,0.2347982964627943
Singapore,2025,2025,48,2025-W48,516,2025,50,518,2,moving_average_4,46.0,40.0,,36.20128479657387,-6.0,6.0,36.0,0.16573997397373716
Singapore,2025,2025,49,2025-W49,517,2025,51,519,2,moving_average_4,41.0,35.75,,36.20128479657387,-5.25,5.25,27.5625,0.14502247722702
Singapore,2025,2025,50,2025-W50,518,2025,52,520,2,moving_average_4,32.0,37.5,,36.20128479657387,5.5,5.5,30.25,0.15192830947592573
Singapore,2025,2024,51,2024-W51,467,2025,1,469,2,persistence,97.0,103.0,,36.20128479657387,6.0,6.0,36.0,0.16573997397373716
Singapore,2025,2024,52,2024-W52,468,2025,2,470,2,persistence,118.0,71.0,,36.20128479657387,-47.0,47.0,2209.0,1.2982964627942744
Singapore,2025,2025,1,2025-W01,469,2025,3,471,2,persistence,99.0,97.0,,36.20128479657387,-2.0,2.0,4.0,0.055246657991245715
Singapore,2025,2025,2,2025-W02,470,2025,4,472,2,persistence,118.0,118.0,,36.20128479657387,0.0,0.0,0.0,0.0
Singapore,2025,2025,3,2025-W03,471,2025,5,473,2,persistence,54.0,99.0,,36.20128479657387,45.0,45.0,2025.0,1.2430498048030285
Singapore,2025,2025,4,2025-W04,472,2025,6,474,2,persistence,113.0,118.0,,36.20128479657387,5.0,5.0,25.0,0.1381166449781143
Singapore,2025,2025,5,2025-W05,473,2025,7,475,2,persistence,114.0,54.0,,36.20128479657387,-60.0,60.0,3600.0,1.6573997397373714
Singapore,2025,2025,6,2025-W06,474,2025,8,476,2,persistence,71.0,113.0,,36.20128479657387,42.0,42.0,1764.0,1.16017981781616
Singapore,2025,2025,7,2025-W07,475,2025,9,477,2,persistence,82.0,114.0,,36.20128479657387,32.0,32.0,1024.0,0.8839465278599314
Singapore,2025,2025,8,2025-W08,476,2025,10,478,2,persistence,86.0,71.0,,36.20128479657387,-15.0,15.0,225.0,0.41434993493434286
Singapore,2025,2025,9,2025-W09,477,2025,11,479,2,persistence,72.0,82.0,,36.20128479657387,10.0,10.0,100.0,0.2762332899562286
Singapore,2025,2025,10,2025-W10,478,2025,12,480,2,persistence,100.0,86.0,,36.20128479657387,-14.0,14.0,196.0,0.38672660593872
Singapore,2025,2025,11,2025-W11,479,2025,13,481,2,persistence,98.0,72.0,,36.20128479657387,-26.0,26.0,676.0,0.7182065538861943
Singapore,2025,2025,12,2025-W12,480,2025,14,482,2,persistence,87.0,100.0,,36.20128479657387,13.0,13.0,169.0,0.3591032769430971
Singapore,2025,2025,13,2025-W13,481,2025,15,483,2,persistence,92.0,98.0,,36.20128479657387,6.0,6.0,36.0,0.16573997397373716
Singapore,2025,2025,14,2025-W14,482,2025,16,484,2,persistence,94.0,87.0,,36.20128479657387,-7.0,7.0,49.0,0.19336330296936
Singapore,2025,2025,15,2025-W15,483,2025,17,485,2,persistence,107.0,92.0,,36.20128479657387,-15.0,15.0,225.0,0.41434993493434286
Singapore,2025,2025,16,2025-W16,484,2025,18,486,2,persistence,89.0,94.0,,36.20128479657387,5.0,5.0,25.0,0.1381166449781143
Singapore,2025,2025,17,2025-W17,485,2025,19,487,2,persistence,105.0,107.0,,36.20128479657387,2.0,2.0,4.0,0.055246657991245715
Singapore,2025,2025,18,2025-W18,486,2025,20,488,2,persistence,103.0,89.0,,36.20128479657387,-14.0,14.0,196.0,0.38672660593872
Singapore,2025,2025,19,2025-W19,487,2025,21,489,2,persistence,118.0,105.0,,36.20128479657387,-13.0,13.0,169.0,0.3591032769430971
Singapore,2025,2025,20,2025-W20,488,2025,22,490,2,persistence,117.0,103.0,,36.20128479657387,-14.0,14.0,196.0,0.38672660593872
Singapore,2025,2025,21,2025-W21,489,2025,23,491,2,persistence,118.0,118.0,,36.20128479657387,0.0,0.0,0.0,0.0
Singapore,2025,2025,22,2025-W22,490,2025,24,492,2,persistence,125.0,117.0,,36.20128479657387,-8.0,8.0,64.0,0.22098663196498286
Singapore,2025,2025,23,2025-W23,491,2025,25,493,2,persistence,106.0,118.0,,36.20128479657387,12.0,12.0,144.0,0.3314799479474743
Singapore,2025,2025,24,2025-W24,492,2025,26,494,2,persistence,100.0,125.0,,36.20128479657387,25.0,25.0,625.0,0.6905832248905714
Singapore,2025,2025,25,2025-W25,493,2025,27,495,2,persistence,119.0,106.0,,36.20128479657387,-13.0,13.0,169.0,0.3591032769430971
Singapore,2025,2025,26,2025-W26,494,2025,28,496,2,persistence,112.0,100.0,,36.20128479657387,-12.0,12.0,144.0,0.3314799479474743
Singapore,2025,2025,27,2025-W27,495,2025,29,497,2,persistence,86.0,119.0,,36.20128479657387,33.0,33.0,1089.0,0.9115698568555544
Singapore,2025,2025,28,2025-W28,496,2025,30,498,2,persistence,77.0,112.0,,36.20128479657387,35.0,35.0,1225.0,0.9668165148468
Singapore,2025,2025,29,2025-W29,497,2025,31,499,2,persistence,71.0,86.0,,36.20128479657387,15.0,15.0,225.0,0.41434993493434286
Singapore,2025,2025,30,2025-W30,498,2025,32,500,2,persistence,73.0,77.0,,36.20128479657387,4.0,4.0,16.0,0.11049331598249143
Singapore,2025,2025,31,2025-W31,499,2025,33,501,2,persistence,62.0,71.0,,36.20128479657387,9.0,9.0,81.0,0.24860996096060572
Singapore,2025,2025,32,2025-W32,500,2025,34,502,2,persistence,47.0,73.0,,36.20128479657387,26.0,26.0,676.0,0.7182065538861943
Singapore,2025,2025,33,2025-W33,501,2025,35,503,2,persistence,51.0,62.0,,36.20128479657387,11.0,11.0,121.0,0.30385661895185145
Singapore,2025,2025,34,2025-W34,502,2025,36,504,2,persistence,42.0,47.0,,36.20128479657387,5.0,5.0,25.0,0.1381166449781143
Singapore,2025,2025,35,2025-W35,503,2025,37,505,2,persistence,49.0,51.0,,36.20128479657387,2.0,2.0,4.0,0.055246657991245715
Singapore,2025,2025,36,2025-W36,504,2025,38,506,2,persistence,45.0,42.0,,36.20128479657387,-3.0,3.0,9.0,0.08286998698686858
Singapore,2025,2025,37,2025-W37,505,2025,39,507,2,persistence,40.0,49.0,,36.20128479657387,9.0,9.0,81.0,0.24860996096060572
Singapore,2025,2025,38,2025-W38,506,2025,40,508,2,persistence,55.0,45.0,,36.20128479657387,-10.0,10.0,100.0,0.2762332899562286
Singapore,2025,2025,39,2025-W39,507,2025,41,509,2,persistence,33.0,40.0,,36.20128479657387,7.0,7.0,49.0,0.19336330296936
Singapore,2025,2025,40,2025-W40,508,2025,42,510,2,persistence,47.0,55.0,,36.20128479657387,8.0,8.0,64.0,0.22098663196498286
Singapore,2025,2025,41,2025-W41,509,2025,43,511,2,persistence,36.0,33.0,,36.20128479657387,-3.0,3.0,9.0,0.08286998698686858
Singapore,2025,2025,42,2025-W42,510,2025,44,512,2,persistence,53.0,47.0,,36.20128479657387,-6.0,6.0,36.0,0.16573997397373716
Singapore,2025,2025,43,2025-W43,511,2025,45,513,2,persistence,55.0,36.0,,36.20128479657387,-19.0,19.0,361.0,0.5248432509168343
Singapore,2025,2025,44,2025-W44,512,2025,46,514,2,persistence,39.0,53.0,,36.20128479657387,14.0,14.0,196.0,0.38672660593872
Singapore,2025,2025,45,2025-W45,513,2025,47,515,2,persistence,39.0,55.0,,36.20128479657387,16.0,16.0,256.0,0.4419732639299657
Singapore,2025,2025,46,2025-W46,514,2025,48,516,2,persistence,27.0,39.0,,36.20128479657387,12.0,12.0,144.0,0.3314799479474743
Singapore,2025,2025,47,2025-W47,515,2025,49,517,2,persistence,38.0,39.0,,36.20128479657387,1.0,1.0,1.0,0.027623328995622858
Singapore,2025,2025,48,2025-W48,516,2025,50,518,2,persistence,46.0,27.0,,36.20128479657387,-19.0,19.0,361.0,0.5248432509168343
Singapore,2025,2025,49,2025-W49,517,2025,51,519,2,persistence,41.0,38.0,,36.20128479657387,-3.0,3.0,9.0,0.08286998698686858
Singapore,2025,2025,50,2025-W50,518,2025,52,520,2,persistence,32.0,46.0,,36.20128479657387,14.0,14.0,196.0,0.38672660593872
Singapore,2025,2024,51,2024-W51,467,2025,1,469,2,seasonal_naive,97.0,305.0,,36.20128479657387,208.0,208.0,43264.0,5.745652431089554
Singapore,2025,2024,52,2024-W52,468,2025,2,470,2,seasonal_naive,118.0,394.0,,36.20128479657387,276.0,276.0,76176.0,7.624038802791909
Singapore,2025,2025,1,2025-W01,469,2025,3,471,2,seasonal_naive,99.0,409.0,,36.20128479657387,310.0,310.0,96100.0,8.563231988643086
Singapore,2025,2025,2,2025-W02,470,2025,4,472,2,seasonal_naive,118.0,430.0,,36.20128479657387,312.0,312.0,97344.0,8.618478646634331
Singapore,2025,2025,3,2025-W03,471,2025,5,473,2,seasonal_naive,54.0,486.0,,36.20128479657387,432.0,432.0,186624.0,11.933278126109075
Singapore,2025,2025,4,2025-W04,472,2025,6,474,2,seasonal_naive,113.0,515.0,,36.20128479657387,402.0,402.0,161604.0,11.104578256240389
Singapore,2025,2025,5,2025-W05,473,2025,7,475,2,seasonal_naive,114.0,430.0,,36.20128479657387,316.0,316.0,99856.0,8.728971962616823
Singapore,2025,2025,6,2025-W06,474,2025,8,476,2,seasonal_naive,71.0,460.0,,36.20128479657387,389.0,389.0,151321.0,10.745474979297292
Singapore,2025,2025,7,2025-W07,475,2025,9,477,2,seasonal_naive,82.0,370.0,,36.20128479657387,288.0,288.0,82944.0,7.955518750739383
Singapore,2025,2025,8,2025-W08,476,2025,10,478,2,seasonal_naive,86.0,367.0,,36.20128479657387,281.0,281.0,78961.0,7.762155447770023
Singapore,2025,2025,9,2025-W09,477,2025,11,479,2,seasonal_naive,72.0,331.0,,36.20128479657387,259.0,259.0,67081.0,7.15444220986632
Singapore,2025,2025,10,2025-W10,478,2025,12,480,2,seasonal_naive,100.0,320.0,,36.20128479657387,220.0,220.0,48400.0,6.077132379037029
Singapore,2025,2025,11,2025-W11,479,2025,13,481,2,seasonal_naive,98.0,349.0,,36.20128479657387,251.0,251.0,63001.0,6.933455577901337
Singapore,2025,2025,12,2025-W12,480,2025,14,482,2,seasonal_naive,87.0,415.0,,36.20128479657387,328.0,328.0,107584.0,9.060451910564298
Singapore,2025,2025,13,2025-W13,481,2025,15,483,2,seasonal_naive,92.0,307.0,,36.20128479657387,215.0,215.0,46225.0,5.9390157340589145
Singapore,2025,2025,14,2025-W14,482,2025,16,484,2,seasonal_naive,94.0,341.0,,36.20128479657387,247.0,247.0,61009.0,6.822962261918846
Singapore,2025,2025,15,2025-W15,483,2025,17,485,2,seasonal_naive,107.0,337.0,,36.20128479657387,230.0,230.0,52900.0,6.353365668993257
Singapore,2025,2025,16,2025-W16,484,2025,18,486,2,seasonal_naive,89.0,248.0,,36.20128479657387,159.0,159.0,25281.0,4.3921093103040345
Singapore,2025,2025,17,2025-W17,485,2025,19,487,2,seasonal_naive,105.0,326.0,,36.20128479657387,221.0,221.0,48841.0,6.104755708032652
Singapore,2025,2025,18,2025-W18,486,2025,20,488,2,seasonal_naive,103.0,291.0,,36.20128479657387,188.0,188.0,35344.0,5.193185851177097
Singapore,2025,2025,19,2025-W19,487,2025,21,489,2,seasonal_naive,118.0,288.0,,36.20128479657387,170.0,170.0,28900.0,4.695965929255886
Singapore,2025,2025,20,2025-W20,488,2025,22,490,2,seasonal_naive,117.0,313.0,,36.20128479657387,196.0,196.0,38416.0,5.41417248314208
Singapore,2025,2025,21,2025-W21,489,2025,23,491,2,seasonal_naive,118.0,333.0,,36.20128479657387,215.0,215.0,46225.0,5.9390157340589145
Singapore,2025,2025,22,2025-W22,490,2025,24,492,2,seasonal_naive,125.0,303.0,,36.20128479657387,178.0,178.0,31684.0,4.916952561220869
Singapore,2025,2025,23,2025-W23,491,2025,25,493,2,seasonal_naive,106.0,297.0,,36.20128479657387,191.0,191.0,36481.0,5.276055838163966
Singapore,2025,2025,24,2025-W24,492,2025,26,494,2,seasonal_naive,100.0,291.0,,36.20128479657387,191.0,191.0,36481.0,5.276055838163966
Singapore,2025,2025,25,2025-W25,493,2025,27,495,2,seasonal_naive,119.0,327.0,,36.20128479657387,208.0,208.0,43264.0,5.745652431089554
Singapore,2025,2025,26,2025-W26,494,2025,28,496,2,seasonal_naive,112.0,291.0,,36.20128479657387,179.0,179.0,32041.0,4.944575890216492
Singapore,2025,2025,27,2025-W27,495,2025,29,497,2,seasonal_naive,86.0,236.0,,36.20128479657387,150.0,150.0,22500.0,4.143499349343429
Singapore,2025,2025,28,2025-W28,496,2025,30,498,2,seasonal_naive,77.0,311.0,,36.20128479657387,234.0,234.0,54756.0,6.463858984975749
Singapore,2025,2025,29,2025-W29,497,2025,31,499,2,seasonal_naive,71.0,274.0,,36.20128479657387,203.0,203.0,41209.0,5.60753578611144
Singapore,2025,2025,30,2025-W30,498,2025,32,500,2,seasonal_naive,73.0,218.0,,36.20128479657387,145.0,145.0,21025.0,4.0053827043653145
Singapore,2025,2025,31,2025-W31,499,2025,33,501,2,seasonal_naive,62.0,216.0,,36.20128479657387,154.0,154.0,23716.0,4.25399266532592
Singapore,2025,2025,32,2025-W32,500,2025,34,502,2,seasonal_naive,47.0,185.0,,36.20128479657387,138.0,138.0,19044.0,3.8120194013959545
Singapore,2025,2025,33,2025-W33,501,2025,35,503,2,seasonal_naive,51.0,179.0,,36.20128479657387,128.0,128.0,16384.0,3.5357861114397258
Singapore,2025,2025,34,2025-W34,502,2025,36,504,2,seasonal_naive,42.0,190.0,,36.20128479657387,148.0,148.0,21904.0,4.088252691352183
Singapore,2025,2025,35,2025-W35,503,2025,37,505,2,seasonal_naive,49.0,202.0,,36.20128479657387,153.0,153.0,23409.0,4.226369336330297
Singapore,2025,2025,36,2025-W36,504,2025,38,506,2,seasonal_naive,45.0,182.0,,36.20128479657387,137.0,137.0,18769.0,3.7843960724003316
Singapore,2025,2025,37,2025-W37,505,2025,39,507,2,seasonal_naive,40.0,152.0,,36.20128479657387,112.0,112.0,12544.0,3.09381284750976
Singapore,2025,2025,38,2025-W38,506,2025,40,508,2,seasonal_naive,55.0,155.0,,36.20128479657387,100.0,100.0,10000.0,2.762332899562286
Singapore,2025,2025,39,2025-W39,507,2025,41,509,2,seasonal_naive,33.0,143.0,,36.20128479657387,110.0,110.0,12100.0,3.0385661895185145
Singapore,2025,2025,40,2025-W40,508,2025,42,510,2,seasonal_naive,47.0,101.0,,36.20128479657387,54.0,54.0,2916.0,1.4916597657636343
Singapore,2025,2025,41,2025-W41,509,2025,43,511,2,seasonal_naive,36.0,118.0,,36.20128479657387,82.0,82.0,6724.0,2.2651129776410746
Singapore,2025,2025,42,2025-W42,510,2025,44,512,2,seasonal_naive,53.0,98.0,,36.20128479657387,45.0,45.0,2025.0,1.2430498048030285
Singapore,2025,2025,43,2025-W43,511,2025,45,513,2,seasonal_naive,55.0,113.0,,36.20128479657387,58.0,58.0,3364.0,1.6021530817461258
Singapore,2025,2025,44,2025-W44,512,2025,46,514,2,seasonal_naive,39.0,110.0,,36.20128479657387,71.0,71.0,5041.0,1.9612563586892229
Singapore,2025,2025,45,2025-W45,513,2025,47,515,2,seasonal_naive,39.0,111.0,,36.20128479657387,72.0,72.0,5184.0,1.9888796876848458
Singapore,2025,2025,46,2025-W46,514,2025,48,516,2,seasonal_naive,27.0,92.0,,36.20128479657387,65.0,65.0,4225.0,1.7955163847154858
Singapore,2025,2025,47,2025-W47,515,2025,49,517,2,seasonal_naive,38.0,115.0,,36.20128479657387,77.0,77.0,5929.0,2.12699633266296
Singapore,2025,2025,48,2025-W48,516,2025,50,518,2,seasonal_naive,46.0,102.0,,36.20128479657387,56.0,56.0,3136.0,1.54690642375488
Singapore,2025,2025,49,2025-W49,517,2025,51,519,2,seasonal_naive,41.0,103.0,,36.20128479657387,62.0,62.0,3844.0,1.7126463977286173
Singapore,2025,2025,50,2025-W50,518,2025,52,520,2,seasonal_naive,32.0,71.0,,36.20128479657387,39.0,39.0,1521.0,1.0773098308292914
Singapore,2025,2024,49,2024-W49,465,2025,1,469,4,moving_average_4,97.0,107.0,,36.20128479657387,10.0,10.0,100.0,0.2762332899562286
Singapore,2025,2024,50,2024-W50,466,2025,2,470,4,moving_average_4,118.0,105.0,,36.20128479657387,-13.0,13.0,169.0,0.3591032769430971
Singapore,2025,2024,51,2024-W51,467,2025,3,471,4,moving_average_4,99.0,103.0,,36.20128479657387,4.0,4.0,16.0,0.11049331598249143
Singapore,2025,2024,52,2024-W52,468,2025,4,472,4,moving_average_4,118.0,97.75,,36.20128479657387,-20.25,20.25,410.0625,0.5593724121613629
Singapore,2025,2025,1,2025-W01,469,2025,5,473,4,moving_average_4,54.0,93.25,,36.20128479657387,39.25,39.25,1540.5625,1.0842156630781972
Singapore,2025,2025,2,2025-W02,470,2025,6,474,4,moving_average_4,113.0,97.25,,36.20128479657387,-15.75,15.75,248.0625,0.43506743168106
Singapore,2025,2025,3,2025-W03,471,2025,7,475,4,moving_average_4,114.0,96.25,,36.20128479657387,-17.75,17.75,315.0625,0.4903140896723057
Singapore,2025,2025,4,2025-W04,472,2025,8,476,4,moving_average_4,71.0,108.0,,36.20128479657387,37.0,37.0,1369.0,1.0220631728380458
Singapore,2025,2025,5,2025-W05,473,2025,9,477,4,moving_average_4,82.0,97.25,,36.20128479657387,15.25,15.25,232.5625,0.4212557671832486
Singapore,2025,2025,6,2025-W06,474,2025,10,478,4,moving_average_4,86.0,96.0,,36.20128479657387,10.0,10.0,100.0,0.2762332899562286
Singapore,2025,2025,7,2025-W07,475,2025,11,479,4,moving_average_4,72.0,99.75,,36.20128479657387,27.75,27.75,770.0625,0.7665473796285344
Singapore,2025,2025,8,2025-W08,476,2025,12,480,4,moving_average_4,100.0,88.0,,36.20128479657387,-12.0,12.0,144.0,0.3314799479474743
Singapore,2025,2025,9,2025-W09,477,2025,13,481,4,moving_average_4,98.0,95.0,,36.20128479657387,-3.0,3.0,9.0,0.08286998698686858
Singapore,2025,2025,10,2025-W10,478,2025,14,482,4,moving_average_4,87.0,88.25,,36.20128479657387,1.25,1.25,1.5625,0.034529161244528574
Singapore,2025,2025,11,2025-W11,479,2025,15,483,4,moving_average_4,92.0,77.75,,36.20128479657387,-14.25,14.25,203.0625,0.3936324381876257
Singapore,2025,2025,12,2025-W12,480,2025,16,484,4,moving_average_4,94.0,85.0,,36.20128479657387,-9.0,9.0,81.0,0.24860996096060572
Singapore,2025,2025,13,2025-W13,481,2025,17,485,4,moving_average_4,107.0,89.0,,36.20128479657387,-18.0,18.0,324.0,0.49721992192121145
Singapore,2025,2025,14,2025-W14,482,2025,18,486,4,moving_average_4,89.0,89.25,,36.20128479657387,0.25,0.25,0.0625,0.006905832248905714
Singapore,2025,2025,15,2025-W15,483,2025,19,487,4,moving_average_4,105.0,94.25,,36.20128479657387,-10.75,10.75,115.5625,0.2969507867029457
Singapore,2025,2025,16,2025-W16,484,2025,20,488,4,moving_average_4,103.0,92.75,,36.20128479657387,-10.25,10.25,105.0625,0.2831391222051343
Singapore,2025,2025,17,2025-W17,485,2025,21,489,4,moving_average_4,118.0,95.0,,36.20128479657387,-23.0,23.0,529.0,0.6353365668993257
Singapore,2025,2025,18,2025-W18,486,2025,22,490,4,moving_average_4,117.0,95.5,,36.20128479657387,-21.5,21.5,462.25,0.5939015734058914
Singapore,2025,2025,19,2025-W19,487,2025,23,491,4,moving_average_4,118.0,98.75,,36.20128479657387,-19.25,19.25,370.5625,0.53174908316574
Singapore,2025,2025,20,2025-W20,488,2025,24,492,4,moving_average_4,125.0,101.0,,36.20128479657387,-24.0,24.0,576.0,0.6629598958949486
Singapore,2025,2025,21,2025-W21,489,2025,25,493,4,moving_average_4,106.0,103.75,,36.20128479657387,-2.25,2.25,5.0625,0.06215249024015143
Singapore,2025,2025,22,2025-W22,490,2025,26,494,4,moving_average_4,100.0,110.75,,36.20128479657387,10.75,10.75,115.5625,0.2969507867029457
Singapore,2025,2025,23,2025-W23,491,2025,27,495,4,moving_average_4,119.0,114.0,,36.20128479657387,-5.0,5.0,25.0,0.1381166449781143
Singapore,2025,2025,24,2025-W24,492,2025,28,496,4,moving_average_4,112.0,119.5,,36.20128479657387,7.5,7.5,56.25,0.20717496746717143
Singapore,2025,2025,25,2025-W25,493,2025,29,497,4,moving_average_4,86.0,116.5,,36.20128479657387,30.5,30.5,930.25,0.8425115343664972
Singapore,2025,2025,26,2025-W26,494,2025,30,498,4,moving_average_4,77.0,112.25,,36.20128479657387,35.25,35.25,1242.5625,0.9737223470957057
Singapore,2025,2025,27,2025-W27,495,2025,31,499,4,moving_average_4,71.0,112.5,,36.20128479657387,41.5,41.5,1722.25,1.1463681533183485
Singapore,2025,2025,28,2025-W28,496,2025,32,500,4,moving_average_4,73.0,109.25,,36.20128479657387,36.25,36.25,1314.0625,1.0013456760913286
Singapore,2025,2025,29,2025-W29,497,2025,33,501,4,moving_average_4,62.0,104.25,,36.20128479657387,42.25,42.25,1785.0625,1.1670856500650657
Singapore,2025,2025,30,2025-W30,498,2025,34,502,4,moving_average_4,47.0,98.5,,36.20128479657387,51.5,51.5,2652.25,1.4226014432745773
Singapore,2025,2025,31,2025-W31,499,2025,35,503,4,moving_average_4,51.0,86.5,,36.20128479657387,35.5,35.5,1260.25,0.9806281793446114
Singapore,2025,2025,32,2025-W32,500,2025,36,504,4,moving_average_4,42.0,76.75,,36.20128479657387,34.75,34.75,1207.5625,0.9599106825978944
Singapore,2025,2025,33,2025-W33,501,2025,37,505,4,moving_average_4,49.0,70.75,,36.20128479657387,21.75,21.75,473.0625,0.6008074056547972
Singapore,2025,2025,34,2025-W34,502,2025,38,506,4,moving_average_4,45.0,63.25,,36.20128479657387,18.25,18.25,333.0625,0.5041257541701172
Singapore,2025,2025,35,2025-W35,503,2025,39,507,4,moving_average_4,40.0,58.25,,36.20128479657387,18.25,18.25,333.0625,0.5041257541701172
Singapore,2025,2025,36,2025-W36,504,2025,40,508,4,moving_average_4,55.0,50.5,,36.20128479657387,-4.5,4.5,20.25,0.12430498048030286
Singapore,2025,2025,37,2025-W37,505,2025,41,509,4,moving_average_4,33.0,47.25,,36.20128479657387,14.25,14.25,203.0625,0.3936324381876257
Singapore,2025,2025,38,2025-W38,506,2025,42,510,4,moving_average_4,47.0,46.75,,36.20128479657387,-0.25,0.25,0.0625,0.006905832248905714
Singapore,2025,2025,39,2025-W39,507,2025,43,511,4,moving_average_4,36.0,44.0,,36.20128479657387,8.0,8.0,64.0,0.22098663196498286
Singapore,2025,2025,40,2025-W40,508,2025,44,512,4,moving_average_4,53.0,47.25,,36.20128479657387,-5.75,5.75,33.0625,0.15883414172483143
Singapore,2025,2025,41,2025-W41,509,2025,45,513,4,moving_average_4,55.0,43.25,,36.20128479657387,-11.75,11.75,138.0625,0.3245741156985686
Singapore,2025,2025,42,2025-W42,510,2025,46,514,4,moving_average_4,39.0,43.75,,36.20128479657387,4.75,4.75,22.5625,0.13121081272920856
Singapore,2025,2025,43,2025-W43,511,2025,47,515,4,moving_average_4,39.0,42.75,,36.20128479657387,3.75,3.75,14.0625,0.10358748373358571
Singapore,2025,2025,44,2025-W44,512,2025,48,516,4,moving_average_4,27.0,42.25,,36.20128479657387,15.25,15.25,232.5625,0.4212557671832486
Singapore,2025,2025,45,2025-W45,513,2025,49,517,4,moving_average_4,38.0,47.75,,36.20128479657387,9.75,9.75,95.0625,0.26932745770732286
Singapore,2025,2025,46,2025-W46,514,2025,50,518,4,moving_average_4,46.0,45.75,,36.20128479657387,-0.25,0.25,0.0625,0.006905832248905714
Singapore,2025,2025,47,2025-W47,515,2025,51,519,4,moving_average_4,41.0,46.5,,36.20128479657387,5.5,5.5,30.25,0.15192830947592573
Singapore,2025,2025,48,2025-W48,516,2025,52,520,4,moving_average_4,32.0,40.0,,36.20128479657387,8.0,8.0,64.0,0.22098663196498286
Singapore,2025,2024,49,2024-W49,465,2025,1,469,4,persistence,97.0,115.0,,36.20128479657387,18.0,18.0,324.0,0.49721992192121145
Singapore,2025,2024,50,2024-W50,466,2025,2,470,4,persistence,118.0,102.0,,36.20128479657387,-16.0,16.0,256.0,0.4419732639299657
Singapore,2025,2024,51,2024-W51,467,2025,3,471,4,persistence,99.0,103.0,,36.20128479657387,4.0,4.0,16.0,0.11049331598249143
Singapore,2025,2024,52,2024-W52,468,2025,4,472,4,persistence,118.0,71.0,,36.20128479657387,-47.0,47.0,2209.0,1.2982964627942744
Singapore,2025,2025,1,2025-W01,469,2025,5,473,4,persistence,54.0,97.0,,36.20128479657387,43.0,43.0,1849.0,1.187803146811783
Singapore,2025,2025,2,2025-W02,470,2025,6,474,4,persistence,113.0,118.0,,36.20128479657387,5.0,5.0,25.0,0.1381166449781143
Singapore,2025,2025,3,2025-W03,471,2025,7,475,4,persistence,114.0,99.0,,36.20128479657387,-15.0,15.0,225.0,0.41434993493434286
Singapore,2025,2025,4,2025-W04,472,2025,8,476,4,persistence,71.0,118.0,,36.20128479657387,47.0,47.0,2209.0,1.2982964627942744
Singapore,2025,2025,5,2025-W05,473,2025,9,477,4,persistence,82.0,54.0,,36.20128479657387,-28.0,28.0,784.0,0.77345321187744
Singapore,2025,2025,6,2025-W06,474,2025,10,478,4,persistence,86.0,113.0,,36.20128479657387,27.0,27.0,729.0,0.7458298828818172
Singapore,2025,2025,7,2025-W07,475,2025,11,479,4,persistence,72.0,114.0,,36.20128479657387,42.0,42.0,1764.0,1.16017981781616
Singapore,2025,2025,8,2025-W08,476,2025,12,480,4,persistence,100.0,71.0,,36.20128479657387,-29.0,29.0,841.0,0.8010765408730629
Singapore,2025,2025,9,2025-W09,477,2025,13,481,4,persistence,98.0,82.0,,36.20128479657387,-16.0,16.0,256.0,0.4419732639299657
Singapore,2025,2025,10,2025-W10,478,2025,14,482,4,persistence,87.0,86.0,,36.20128479657387,-1.0,1.0,1.0,0.027623328995622858
Singapore,2025,2025,11,2025-W11,479,2025,15,483,4,persistence,92.0,72.0,,36.20128479657387,-20.0,20.0,400.0,0.5524665799124572
Singapore,2025,2025,12,2025-W12,480,2025,16,484,4,persistence,94.0,100.0,,36.20128479657387,6.0,6.0,36.0,0.16573997397373716
Singapore,2025,2025,13,2025-W13,481,2025,17,485,4,persistence,107.0,98.0,,36.20128479657387,-9.0,9.0,81.0,0.24860996096060572
Singapore,2025,2025,14,2025-W14,482,2025,18,486,4,persistence,89.0,87.0,,36.20128479657387,-2.0,2.0,4.0,0.055246657991245715
Singapore,2025,2025,15,2025-W15,483,2025,19,487,4,persistence,105.0,92.0,,36.20128479657387,-13.0,13.0,169.0,0.3591032769430971
Singapore,2025,2025,16,2025-W16,484,2025,20,488,4,persistence,103.0,94.0,,36.20128479657387,-9.0,9.0,81.0,0.24860996096060572
Singapore,2025,2025,17,2025-W17,485,2025,21,489,4,persistence,118.0,107.0,,36.20128479657387,-11.0,11.0,121.0,0.30385661895185145
Singapore,2025,2025,18,2025-W18,486,2025,22,490,4,persistence,117.0,89.0,,36.20128479657387,-28.0,28.0,784.0,0.77345321187744
Singapore,2025,2025,19,2025-W19,487,2025,23,491,4,persistence,118.0,105.0,,36.20128479657387,-13.0,13.0,169.0,0.3591032769430971
Singapore,2025,2025,20,2025-W20,488,2025,24,492,4,persistence,125.0,103.0,,36.20128479657387,-22.0,22.0,484.0,0.6077132379037029
Singapore,2025,2025,21,2025-W21,489,2025,25,493,4,persistence,106.0,118.0,,36.20128479657387,12.0,12.0,144.0,0.3314799479474743
Singapore,2025,2025,22,2025-W22,490,2025,26,494,4,persistence,100.0,117.0,,36.20128479657387,17.0,17.0,289.0,0.4695965929255886
Singapore,2025,2025,23,2025-W23,491,2025,27,495,4,persistence,119.0,118.0,,36.20128479657387,-1.0,1.0,1.0,0.027623328995622858
Singapore,2025,2025,24,2025-W24,492,2025,28,496,4,persistence,112.0,125.0,,36.20128479657387,13.0,13.0,169.0,0.3591032769430971
Singapore,2025,2025,25,2025-W25,493,2025,29,497,4,persistence,86.0,106.0,,36.20128479657387,20.0,20.0,400.0,0.5524665799124572
Singapore,2025,2025,26,2025-W26,494,2025,30,498,4,persistence,77.0,100.0,,36.20128479657387,23.0,23.0,529.0,0.6353365668993257
Singapore,2025,2025,27,2025-W27,495,2025,31,499,4,persistence,71.0,119.0,,36.20128479657387,48.0,48.0,2304.0,1.3259197917898973
Singapore,2025,2025,28,2025-W28,496,2025,32,500,4,persistence,73.0,112.0,,36.20128479657387,39.0,39.0,1521.0,1.0773098308292914
Singapore,2025,2025,29,2025-W29,497,2025,33,501,4,persistence,62.0,86.0,,36.20128479657387,24.0,24.0,576.0,0.6629598958949486
Singapore,2025,2025,30,2025-W30,498,2025,34,502,4,persistence,47.0,77.0,,36.20128479657387,30.0,30.0,900.0,0.8286998698686857
Singapore,2025,2025,31,2025-W31,499,2025,35,503,4,persistence,51.0,71.0,,36.20128479657387,20.0,20.0,400.0,0.5524665799124572
Singapore,2025,2025,32,2025-W32,500,2025,36,504,4,persistence,42.0,73.0,,36.20128479657387,31.0,31.0,961.0,0.8563231988643086
Singapore,2025,2025,33,2025-W33,501,2025,37,505,4,persistence,49.0,62.0,,36.20128479657387,13.0,13.0,169.0,0.3591032769430971
Singapore,2025,2025,34,2025-W34,502,2025,38,506,4,persistence,45.0,47.0,,36.20128479657387,2.0,2.0,4.0,0.055246657991245715
Singapore,2025,2025,35,2025-W35,503,2025,39,507,4,persistence,40.0,51.0,,36.20128479657387,11.0,11.0,121.0,0.30385661895185145
Singapore,2025,2025,36,2025-W36,504,2025,40,508,4,persistence,55.0,42.0,,36.20128479657387,-13.0,13.0,169.0,0.3591032769430971
Singapore,2025,2025,37,2025-W37,505,2025,41,509,4,persistence,33.0,49.0,,36.20128479657387,16.0,16.0,256.0,0.4419732639299657
Singapore,2025,2025,38,2025-W38,506,2025,42,510,4,persistence,47.0,45.0,,36.20128479657387,-2.0,2.0,4.0,0.055246657991245715
Singapore,2025,2025,39,2025-W39,507,2025,43,511,4,persistence,36.0,40.0,,36.20128479657387,4.0,4.0,16.0,0.11049331598249143
Singapore,2025,2025,40,2025-W40,508,2025,44,512,4,persistence,53.0,55.0,,36.20128479657387,2.0,2.0,4.0,0.055246657991245715
Singapore,2025,2025,41,2025-W41,509,2025,45,513,4,persistence,55.0,33.0,,36.20128479657387,-22.0,22.0,484.0,0.6077132379037029
Singapore,2025,2025,42,2025-W42,510,2025,46,514,4,persistence,39.0,47.0,,36.20128479657387,8.0,8.0,64.0,0.22098663196498286
Singapore,2025,2025,43,2025-W43,511,2025,47,515,4,persistence,39.0,36.0,,36.20128479657387,-3.0,3.0,9.0,0.08286998698686858
Singapore,2025,2025,44,2025-W44,512,2025,48,516,4,persistence,27.0,53.0,,36.20128479657387,26.0,26.0,676.0,0.7182065538861943
Singapore,2025,2025,45,2025-W45,513,2025,49,517,4,persistence,38.0,55.0,,36.20128479657387,17.0,17.0,289.0,0.4695965929255886
Singapore,2025,2025,46,2025-W46,514,2025,50,518,4,persistence,46.0,39.0,,36.20128479657387,-7.0,7.0,49.0,0.19336330296936
Singapore,2025,2025,47,2025-W47,515,2025,51,519,4,persistence,41.0,39.0,,36.20128479657387,-2.0,2.0,4.0,0.055246657991245715
Singapore,2025,2025,48,2025-W48,516,2025,52,520,4,persistence,32.0,27.0,,36.20128479657387,-5.0,5.0,25.0,0.1381166449781143
Singapore,2025,2024,49,2024-W49,465,2025,1,469,4,seasonal_naive,97.0,305.0,,36.20128479657387,208.0,208.0,43264.0,5.745652431089554
Singapore,2025,2024,50,2024-W50,466,2025,2,470,4,seasonal_naive,118.0,394.0,,36.20128479657387,276.0,276.0,76176.0,7.624038802791909
Singapore,2025,2024,51,2024-W51,467,2025,3,471,4,seasonal_naive,99.0,409.0,,36.20128479657387,310.0,310.0,96100.0,8.563231988643086
Singapore,2025,2024,52,2024-W52,468,2025,4,472,4,seasonal_naive,118.0,430.0,,36.20128479657387,312.0,312.0,97344.0,8.618478646634331
Singapore,2025,2025,1,2025-W01,469,2025,5,473,4,seasonal_naive,54.0,486.0,,36.20128479657387,432.0,432.0,186624.0,11.933278126109075
Singapore,2025,2025,2,2025-W02,470,2025,6,474,4,seasonal_naive,113.0,515.0,,36.20128479657387,402.0,402.0,161604.0,11.104578256240389
Singapore,2025,2025,3,2025-W03,471,2025,7,475,4,seasonal_naive,114.0,430.0,,36.20128479657387,316.0,316.0,99856.0,8.728971962616823
Singapore,2025,2025,4,2025-W04,472,2025,8,476,4,seasonal_naive,71.0,460.0,,36.20128479657387,389.0,389.0,151321.0,10.745474979297292
Singapore,2025,2025,5,2025-W05,473,2025,9,477,4,seasonal_naive,82.0,370.0,,36.20128479657387,288.0,288.0,82944.0,7.955518750739383
Singapore,2025,2025,6,2025-W06,474,2025,10,478,4,seasonal_naive,86.0,367.0,,36.20128479657387,281.0,281.0,78961.0,7.762155447770023
Singapore,2025,2025,7,2025-W07,475,2025,11,479,4,seasonal_naive,72.0,331.0,,36.20128479657387,259.0,259.0,67081.0,7.15444220986632
Singapore,2025,2025,8,2025-W08,476,2025,12,480,4,seasonal_naive,100.0,320.0,,36.20128479657387,220.0,220.0,48400.0,6.077132379037029
Singapore,2025,2025,9,2025-W09,477,2025,13,481,4,seasonal_naive,98.0,349.0,,36.20128479657387,251.0,251.0,63001.0,6.933455577901337
Singapore,2025,2025,10,2025-W10,478,2025,14,482,4,seasonal_naive,87.0,415.0,,36.20128479657387,328.0,328.0,107584.0,9.060451910564298
Singapore,2025,2025,11,2025-W11,479,2025,15,483,4,seasonal_naive,92.0,307.0,,36.20128479657387,215.0,215.0,46225.0,5.9390157340589145
Singapore,2025,2025,12,2025-W12,480,2025,16,484,4,seasonal_naive,94.0,341.0,,36.20128479657387,247.0,247.0,61009.0,6.822962261918846
Singapore,2025,2025,13,2025-W13,481,2025,17,485,4,seasonal_naive,107.0,337.0,,36.20128479657387,230.0,230.0,52900.0,6.353365668993257
Singapore,2025,2025,14,2025-W14,482,2025,18,486,4,seasonal_naive,89.0,248.0,,36.20128479657387,159.0,159.0,25281.0,4.3921093103040345
Singapore,2025,2025,15,2025-W15,483,2025,19,487,4,seasonal_naive,105.0,326.0,,36.20128479657387,221.0,221.0,48841.0,6.104755708032652
Singapore,2025,2025,16,2025-W16,484,2025,20,488,4,seasonal_naive,103.0,291.0,,36.20128479657387,188.0,188.0,35344.0,5.193185851177097
Singapore,2025,2025,17,2025-W17,485,2025,21,489,4,seasonal_naive,118.0,288.0,,36.20128479657387,170.0,170.0,28900.0,4.695965929255886
Singapore,2025,2025,18,2025-W18,486,2025,22,490,4,seasonal_naive,117.0,313.0,,36.20128479657387,196.0,196.0,38416.0,5.41417248314208
Singapore,2025,2025,19,2025-W19,487,2025,23,491,4,seasonal_naive,118.0,333.0,,36.20128479657387,215.0,215.0,46225.0,5.9390157340589145
Singapore,2025,2025,20,2025-W20,488,2025,24,492,4,seasonal_naive,125.0,303.0,,36.20128479657387,178.0,178.0,31684.0,4.916952561220869
Singapore,2025,2025,21,2025-W21,489,2025,25,493,4,seasonal_naive,106.0,297.0,,36.20128479657387,191.0,191.0,36481.0,5.276055838163966
Singapore,2025,2025,22,2025-W22,490,2025,26,494,4,seasonal_naive,100.0,291.0,,36.20128479657387,191.0,191.0,36481.0,5.276055838163966
Singapore,2025,2025,23,2025-W23,491,2025,27,495,4,seasonal_naive,119.0,327.0,,36.20128479657387,208.0,208.0,43264.0,5.745652431089554
Singapore,2025,2025,24,2025-W24,492,2025,28,496,4,seasonal_naive,112.0,291.0,,36.20128479657387,179.0,179.0,32041.0,4.944575890216492
Singapore,2025,2025,25,2025-W25,493,2025,29,497,4,seasonal_naive,86.0,236.0,,36.20128479657387,150.0,150.0,22500.0,4.143499349343429
Singapore,2025,2025,26,2025-W26,494,2025,30,498,4,seasonal_naive,77.0,311.0,,36.20128479657387,234.0,234.0,54756.0,6.463858984975749
Singapore,2025,2025,27,2025-W27,495,2025,31,499,4,seasonal_naive,71.0,274.0,,36.20128479657387,203.0,203.0,41209.0,5.60753578611144
Singapore,2025,2025,28,2025-W28,496,2025,32,500,4,seasonal_naive,73.0,218.0,,36.20128479657387,145.0,145.0,21025.0,4.0053827043653145
Singapore,2025,2025,29,2025-W29,497,2025,33,501,4,seasonal_naive,62.0,216.0,,36.20128479657387,154.0,154.0,23716.0,4.25399266532592
Singapore,2025,2025,30,2025-W30,498,2025,34,502,4,seasonal_naive,47.0,185.0,,36.20128479657387,138.0,138.0,19044.0,3.8120194013959545
Singapore,2025,2025,31,2025-W31,499,2025,35,503,4,seasonal_naive,51.0,179.0,,36.20128479657387,128.0,128.0,16384.0,3.5357861114397258
Singapore,2025,2025,32,2025-W32,500,2025,36,504,4,seasonal_naive,42.0,190.0,,36.20128479657387,148.0,148.0,21904.0,4.088252691352183
Singapore,2025,2025,33,2025-W33,501,2025,37,505,4,seasonal_naive,49.0,202.0,,36.20128479657387,153.0,153.0,23409.0,4.226369336330297
Singapore,2025,2025,34,2025-W34,502,2025,38,506,4,seasonal_naive,45.0,182.0,,36.20128479657387,137.0,137.0,18769.0,3.7843960724003316
Singapore,2025,2025,35,2025-W35,503,2025,39,507,4,seasonal_naive,40.0,152.0,,36.20128479657387,112.0,112.0,12544.0,3.09381284750976
Singapore,2025,2025,36,2025-W36,504,2025,40,508,4,seasonal_naive,55.0,155.0,,36.20128479657387,100.0,100.0,10000.0,2.762332899562286
Singapore,2025,2025,37,2025-W37,505,2025,41,509,4,seasonal_naive,33.0,143.0,,36.20128479657387,110.0,110.0,12100.0,3.0385661895185145
Singapore,2025,2025,38,2025-W38,506,2025,42,510,4,seasonal_naive,47.0,101.0,,36.20128479657387,54.0,54.0,2916.0,1.4916597657636343
Singapore,2025,2025,39,2025-W39,507,2025,43,511,4,seasonal_naive,36.0,118.0,,36.20128479657387,82.0,82.0,6724.0,2.2651129776410746
Singapore,2025,2025,40,2025-W40,508,2025,44,512,4,seasonal_naive,53.0,98.0,,36.20128479657387,45.0,45.0,2025.0,1.2430498048030285
Singapore,2025,2025,41,2025-W41,509,2025,45,513,4,seasonal_naive,55.0,113.0,,36.20128479657387,58.0,58.0,3364.0,1.6021530817461258
Singapore,2025,2025,42,2025-W42,510,2025,46,514,4,seasonal_naive,39.0,110.0,,36.20128479657387,71.0,71.0,5041.0,1.9612563586892229
Singapore,2025,2025,43,2025-W43,511,2025,47,515,4,seasonal_naive,39.0,111.0,,36.20128479657387,72.0,72.0,5184.0,1.9888796876848458
Singapore,2025,2025,44,2025-W44,512,2025,48,516,4,seasonal_naive,27.0,92.0,,36.20128479657387,65.0,65.0,4225.0,1.7955163847154858
Singapore,2025,2025,45,2025-W45,513,2025,49,517,4,seasonal_naive,38.0,115.0,,36.20128479657387,77.0,77.0,5929.0,2.12699633266296
Singapore,2025,2025,46,2025-W46,514,2025,50,518,4,seasonal_naive,46.0,102.0,,36.20128479657387,56.0,56.0,3136.0,1.54690642375488
Singapore,2025,2025,47,2025-W47,515,2025,51,519,4,seasonal_naive,41.0,103.0,,36.20128479657387,62.0,62.0,3844.0,1.7126463977286173
Singapore,2025,2025,48,2025-W48,516,2025,52,520,4,seasonal_naive,32.0,71.0,,36.20128479657387,39.0,39.0,1521.0,1.0773098308292914
Sri Lanka,2024,2024,9,2024-W09,425,2024,10,426,1,moving_average_4,1136.0,1766.5,,209.19323671497585,630.5,630.5,397530.25,3.013959771840288
Sri Lanka,2024,2024,10,2024-W10,426,2024,11,427,1,moving_average_4,975.0,1545.0,,209.19323671497585,570.0,570.0,324900.0,2.724753481283052
Sri Lanka,2024,2024,11,2024-W11,427,2024,12,428,1,moving_average_4,1004.0,1255.25,,209.19323671497585,251.25,251.25,63126.5625,1.2010426529339768
Sri Lanka,2024,2024,12,2024-W12,428,2024,13,429,1,moving_average_4,747.0,1123.0,,209.19323671497585,376.0,376.0,141376.0,1.7973812437937324
Sri Lanka,2024,2024,13,2024-W13,429,2024,14,430,1,moving_average_4,664.0,965.5,,209.19323671497585,301.5,301.5,90902.25,1.4412511835207722
Sri Lanka,2024,2024,14,2024-W14,430,2024,15,431,1,moving_average_4,614.0,847.5,,209.19323671497585,233.5,233.5,54522.25,1.1161928734729696
Sri Lanka,2024,2024,15,2024-W15,431,2024,16,432,1,moving_average_4,427.0,757.25,,209.19323671497585,330.25,330.25,109065.0625,1.578683924901277
Sri Lanka,2024,2024,16,2024-W16,432,2024,17,433,1,moving_average_4,576.0,613.0,,209.19323671497585,37.0,37.0,1369.0,0.17686996282012793
Sri Lanka,2024,2024,17,2024-W17,433,2024,18,434,1,moving_average_4,537.0,570.25,,209.19323671497585,33.25,33.25,1105.5625,0.15894395307484468
Sri Lanka,2024,2024,18,2024-W18,434,2024,19,435,1,moving_average_4,571.0,538.5,,209.19323671497585,-32.5,32.5,1056.25,0.15535875112578804
Sri Lanka,2024,2024,19,2024-W19,435,2024,20,436,1,moving_average_4,589.0,527.75,,209.19323671497585,-61.25,61.25,3751.5625,0.2927914925062929
Sri Lanka,2024,2024,20,2024-W20,436,2024,21,437,1,moving_average_4,663.0,568.25,,209.19323671497585,-94.75,94.75,8977.5625,0.45293051289748976
Sri Lanka,2024,2024,21,2024-W21,437,2024,22,438,1,moving_average_4,493.0,590.0,,209.19323671497585,97.0,97.0,9409.0,0.4636861187446597
Sri Lanka,2024,2024,22,2024-W22,438,2024,23,439,1,moving_average_4,648.0,579.0,,209.19323671497585,-69.0,69.0,4761.0,0.32983857931321153
Sri Lanka,2024,2024,23,2024-W23,439,2024,24,440,1,moving_average_4,640.0,598.25,,209.19323671497585,-41.75,41.75,1743.0625,0.19957624183082004
Sri Lanka,2024,2024,24,2024-W24,440,2024,25,441,1,moving_average_4,677.0,611.0,,209.19323671497585,-66.0,66.0,4356.0,0.31549777151698494
Sri Lanka,2024,2024,25,2024-W25,441,2024,26,442,1,moving_average_4,683.0,614.5,,209.19323671497585,-68.5,68.5,4692.25,0.3274484446805071
Sri Lanka,2024,2024,26,2024-W26,442,2024,27,443,1,moving_average_4,875.0,662.0,,209.19323671497585,-213.0,213.0,45369.0,1.0181973535320878
Sri Lanka,2024,2024,27,2024-W27,443,2024,28,444,1,moving_average_4,935.0,718.75,,209.19323671497585,-216.25,216.25,46764.0625,1.0337332286446665
Sri Lanka,2024,2024,28,2024-W28,444,2024,29,445,1,moving_average_4,989.0,792.5,,209.19323671497585,-196.5,196.5,38612.25,0.9393229106528416
Sri Lanka,2024,2024,29,2024-W29,445,2024,30,446,1,moving_average_4,992.0,870.5,,209.19323671497585,-121.5,121.5,14762.25,0.5808027157471769
Sri Lanka,2024,2024,30,2024-W30,446,2024,31,447,1,moving_average_4,1031.0,947.75,,209.19323671497585,-83.25,83.25,6930.5625,0.39795741634528786
Sri Lanka,2024,2024,31,2024-W31,447,2024,32,448,1,moving_average_4,1004.0,986.75,,209.19323671497585,-17.25,17.25,297.5625,0.08245964482830288
Sri Lanka,2024,2024,32,2024-W32,448,2024,33,449,1,moving_average_4,960.0,1004.0,,209.19323671497585,44.0,44.0,1936.0,0.21033184767798996
Sri Lanka,2024,2024,33,2024-W33,449,2024,34,450,1,moving_average_4,911.0,996.75,,209.19323671497585,85.75,85.75,7353.0625,0.40990808950881
Sri Lanka,2024,2024,34,2024-W34,450,2024,35,451,1,moving_average_4,857.0,976.5,,209.19323671497585,119.5,119.5,14280.25,0.5712421772163592
Sri Lanka,2024,2024,35,2024-W35,451,2024,36,452,1,moving_average_4,854.0,933.0,,209.19323671497585,79.0,79.0,6241.0,0.3776412719673002
Sri Lanka,2024,2024,36,2024-W36,452,2024,37,453,1,moving_average_4,733.0,895.5,,209.19323671497585,162.5,162.5,26406.25,0.7767937556289403
Sri Lanka,2024,2024,37,2024-W37,453,2024,38,454,1,moving_average_4,694.0,838.75,,209.19323671497585,144.75,144.75,20952.5625,0.6919439761679329
Sri Lanka,2024,2024,38,2024-W38,454,2024,39,455,1,moving_average_4,671.0,784.5,,209.19323671497585,113.5,113.5,12882.25,0.542560561623906
Sri Lanka,2024,2024,39,2024-W39,455,2024,40,456,1,moving_average_4,657.0,738.0,,209.19323671497585,81.0,81.0,6561.0,0.3872018104981179
Sri Lanka,2024,2024,40,2024-W40,456,2024,41,457,1,moving_average_4,686.0,688.75,,209.19323671497585,2.75,2.75,7.5625,0.013145740479874372
Sri Lanka,2024,2024,41,2024-W41,457,2024,42,458,1,moving_average_4,707.0,677.0,,209.19323671497585,-30.0,30.0,900.0,0.1434080779622659
Sri Lanka,2024,2024,42,2024-W42,458,2024,43,459,1,moving_average_4,668.0,680.25,,209.19323671497585,12.25,12.25,150.0625,0.05855829850125857
Sri Lanka,2024,2024,43,2024-W43,459,2024,44,460,1,moving_average_4,672.0,679.5,,209.19323671497585,7.5,7.5,56.25,0.035852019490566475
Sri Lanka,2024,2024,44,2024-W44,460,2024,45,461,1,moving_average_4,669.0,683.25,,209.19323671497585,14.25,14.25,203.0625,0.0681188370320763
Sri Lanka,2024,2024,45,2024-W45,461,2024,46,462,1,moving_average_4,696.0,679.0,,209.19323671497585,-17.0,17.0,289.0,0.08126457751195067
Sri Lanka,2024,2024,46,2024-W46,462,2024,47,463,1,moving_average_4,626.0,676.25,,209.19323671497585,50.25,50.25,2525.0625,0.24020853058679537
Sri Lanka,2024,2024,47,2024-W47,463,2024,48,464,1,moving_average_4,913.0,665.75,,209.19323671497585,-247.25,247.25,61132.5625,1.1819215758723414
Sri Lanka,2024,2024,48,2024-W48,464,2024,49,465,1,moving_average_4,832.0,726.0,,209.19323671497585,-106.0,106.0,11236.0,0.5067085421333395
Sri Lanka,2024,2024,49,2024-W49,465,2024,50,466,1,moving_average_4,736.0,766.75,,209.19323671497585,30.75,30.75,945.5625,0.14699327991132252
Sri Lanka,2024,2024,50,2024-W50,466,2024,51,467,1,moving_average_4,915.0,776.75,,209.19323671497585,-138.25,138.25,19113.0625,0.6608722259427753
Sri Lanka,2024,2024,9,2024-W09,425,2024,10,426,1,persistence,1136.0,1377.0,,209.19323671497585,241.0,241.0,58081.0,1.152044892963536
Sri Lanka,2024,2024,10,2024-W10,426,2024,11,427,1,persistence,975.0,1136.0,,209.19323671497585,161.0,161.0,25921.0,0.769623351730827
Sri Lanka,2024,2024,11,2024-W11,427,2024,12,428,1,persistence,1004.0,975.0,,209.19323671497585,-29.0,29.0,841.0,0.13862780869685704
Sri Lanka,2024,2024,12,2024-W12,428,2024,13,429,1,persistence,747.0,1004.0,,209.19323671497585,257.0,257.0,66049.0,1.2285292012100777
Sri Lanka,2024,2024,13,2024-W13,429,2024,14,430,1,persistence,664.0,747.0,,209.19323671497585,83.0,83.0,6889.0,0.39676234902893565
Sri Lanka,2024,2024,14,2024-W14,430,2024,15,431,1,persistence,614.0,664.0,,209.19323671497585,50.0,50.0,2500.0,0.23901346327044315
Sri Lanka,2024,2024,15,2024-W15,431,2024,16,432,1,persistence,427.0,614.0,,209.19323671497585,187.0,187.0,34969.0,0.8939103526314574
Sri Lanka,2024,2024,16,2024-W16,432,2024,17,433,1,persistence,576.0,427.0,,209.19323671497585,-149.0,149.0,22201.0,0.7122601205459206
Sri Lanka,2024,2024,17,2024-W17,433,2024,18,434,1,persistence,537.0,576.0,,209.19323671497585,39.0,39.0,1521.0,0.18643050135094566
Sri Lanka,2024,2024,18,2024-W18,434,2024,19,435,1,persistence,571.0,537.0,,209.19323671497585,-34.0,34.0,1156.0,0.16252915502390133
Sri Lanka,2024,2024,19,2024-W19,435,2024,20,436,1,persistence,589.0,571.0,,209.19323671497585,-18.0,18.0,324.0,0.08604484677735953
Sri Lanka,2024,2024,20,2024-W20,436,2024,21,437,1,persistence,663.0,589.0,,209.19323671497585,-74.0,74.0,5476.0,0.35373992564025586
Sri Lanka,2024,2024,21,2024-W21,437,2024,22,438,1,persistence,493.0,663.0,,209.19323671497585,170.0,170.0,28900.0,0.8126457751195068
Sri Lanka,2024,2024,22,2024-W22,438,2024,23,439,1,persistence,648.0,493.0,,209.19323671497585,-155.0,155.0,24025.0,0.7409417361383738
Sri Lanka,2024,2024,23,2024-W23,439,2024,24,440,1,persistence,640.0,648.0,,209.19323671497585,8.0,8.0,64.0,0.0382421541232709
Sri Lanka,2024,2024,24,2024-W24,440,2024,25,441,1,persistence,677.0,640.0,,209.19323671497585,-37.0,37.0,1369.0,0.17686996282012793
Sri Lanka,2024,2024,25,2024-W25,441,2024,26,442,1,persistence,683.0,677.0,,209.19323671497585,-6.0,6.0,36.0,0.028681615592453177
Sri Lanka,2024,2024,26,2024-W26,442,2024,27,443,1,persistence,875.0,683.0,,209.19323671497585,-192.0,192.0,36864.0,0.9178116989585017
Sri Lanka,2024,2024,27,2024-W27,443,2024,28,444,1,persistence,935.0,875.0,,209.19323671497585,-60.0,60.0,3600.0,0.2868161559245318
Sri Lanka,2024,2024,28,2024-W28,444,2024,29,445,1,persistence,989.0,935.0,,209.19323671497585,-54.0,54.0,2916.0,0.2581345403320786
Sri Lanka,2024,2024,29,2024-W29,445,2024,30,446,1,persistence,992.0,989.0,,209.19323671497585,-3.0,3.0,9.0,0.014340807796226589
Sri Lanka,2024,2024,30,2024-W30,446,2024,31,447,1,persistence,1031.0,992.0,,209.19323671497585,-39.0,39.0,1521.0,0.18643050135094566
Sri Lanka,2024,2024,31,2024-W31,447,2024,32,448,1,persistence,1004.0,1031.0,,209.19323671497585,27.0,27.0,729.0,0.1290672701660393
Sri Lanka,2024,2024,32,2024-W32,448,2024,33,449,1,persistence,960.0,1004.0,,209.19323671497585,44.0,44.0,1936.0,0.21033184767798996
Sri Lanka,2024,2024,33,2024-W33,449,2024,34,450,1,persistence,911.0,960.0,,209.19323671497585,49.0,49.0,2401.0,0.23423319400503428
Sri Lanka,2024,2024,34,2024-W34,450,2024,35,451,1,persistence,857.0,911.0,,209.19323671497585,54.0,54.0,2916.0,0.2581345403320786
Sri Lanka,2024,2024,35,2024-W35,451,2024,36,452,1,persistence,854.0,857.0,,209.19323671497585,3.0,3.0,9.0,0.014340807796226589
Sri Lanka,2024,2024,36,2024-W36,452,2024,37,453,1,persistence,733.0,854.0,,209.19323671497585,121.0,121.0,14641.0,0.5784125811144725
Sri Lanka,2024,2024,37,2024-W37,453,2024,38,454,1,persistence,694.0,733.0,,209.19323671497585,39.0,39.0,1521.0,0.18643050135094566
Sri Lanka,2024,2024,38,2024-W38,454,2024,39,455,1,persistence,671.0,694.0,,209.19323671497585,23.0,23.0,529.0,0.10994619310440384
Sri Lanka,2024,2024,39,2024-W39,455,2024,40,456,1,persistence,657.0,671.0,,209.19323671497585,14.0,14.0,196.0,0.06692376971572409
Sri Lanka,2024,2024,40,2024-W40,456,2024,41,457,1,persistence,686.0,657.0,,209.19323671497585,-29.0,29.0,841.0,0.13862780869685704
Sri Lanka,2024,2024,41,2024-W41,457,2024,42,458,1,persistence,707.0,686.0,,209.19323671497585,-21.0,21.0,441.0,0.10038565457358613
Sri Lanka,2024,2024,42,2024-W42,458,2024,43,459,1,persistence,668.0,707.0,,209.19323671497585,39.0,39.0,1521.0,0.18643050135094566
Sri Lanka,2024,2024,43,2024-W43,459,2024,44,460,1,persistence,672.0,668.0,,209.19323671497585,-4.0,4.0,16.0,0.01912107706163545
Sri Lanka,2024,2024,44,2024-W44,460,2024,45,461,1,persistence,669.0,672.0,,209.19323671497585,3.0,3.0,9.0,0.014340807796226589
Sri Lanka,2024,2024,45,2024-W45,461,2024,46,462,1,persistence,696.0,669.0,,209.19323671497585,-27.0,27.0,729.0,0.1290672701660393
Sri Lanka,2024,2024,46,2024-W46,462,2024,47,463,1,persistence,626.0,696.0,,209.19323671497585,70.0,70.0,4900.0,0.3346188485786204
Sri Lanka,2024,2024,47,2024-W47,463,2024,48,464,1,persistence,913.0,626.0,,209.19323671497585,-287.0,287.0,82369.0,1.3719372791723436
Sri Lanka,2024,2024,48,2024-W48,464,2024,49,465,1,persistence,832.0,913.0,,209.19323671497585,81.0,81.0,6561.0,0.3872018104981179
Sri Lanka,2024,2024,49,2024-W49,465,2024,50,466,1,persistence,736.0,832.0,,209.19323671497585,96.0,96.0,9216.0,0.45890584947925084
Sri Lanka,2024,2024,50,2024-W50,466,2024,51,467,1,persistence,915.0,736.0,,209.19323671497585,-179.0,179.0,32041.0,0.8556681985081864
Sri Lanka,2024,2024,9,2024-W09,425,2024,10,426,1,seasonal_naive,1136.0,1057.0,,209.19323671497585,-79.0,79.0,6241.0,0.3776412719673002
Sri Lanka,2024,2024,10,2024-W10,426,2024,11,427,1,seasonal_naive,975.0,958.0,,209.19323671497585,-17.0,17.0,289.0,0.08126457751195067
Sri Lanka,2024,2024,11,2024-W11,427,2024,12,428,1,seasonal_naive,1004.0,1135.0,,209.19323671497585,131.0,131.0,17161.0,0.626215273768561
Sri Lanka,2024,2024,12,2024-W12,428,2024,13,429,1,seasonal_naive,747.0,1211.0,,209.19323671497585,464.0,464.0,215296.0,2.2180449391497126
Sri Lanka,2024,2024,13,2024-W13,429,2024,14,430,1,seasonal_naive,664.0,1037.0,,209.19323671497585,373.0,373.0,139129.0,1.7830404359975058
Sri Lanka,2024,2024,14,2024-W14,430,2024,15,431,1,seasonal_naive,614.0,1170.0,,209.19323671497585,556.0,556.0,309136.0,2.6578297115673277
Sri Lanka,2024,2024,15,2024-W15,431,2024,16,432,1,seasonal_naive,427.0,1443.0,,209.19323671497585,1016.0,1016.0,1032256.0,4.856753573655404
Sri Lanka,2024,2024,16,2024-W16,432,2024,17,433,1,seasonal_naive,576.0,1198.0,,209.19323671497585,622.0,622.0,386884.0,2.973327483084313
Sri Lanka,2024,2024,17,2024-W17,433,2024,18,434,1,seasonal_naive,537.0,1209.0,,209.19323671497585,672.0,672.0,451584.0,3.212340946354756
Sri Lanka,2024,2024,18,2024-W18,434,2024,19,435,1,seasonal_naive,571.0,1653.0,,209.19323671497585,1082.0,1082.0,1170724.0,5.1722513451723895
Sri Lanka,2024,2024,19,2024-W19,435,2024,20,436,1,seasonal_naive,589.0,1438.0,,209.19323671497585,849.0,849.0,720801.0,4.058448606332124
Sri Lanka,2024,2024,20,2024-W20,436,2024,21,437,1,seasonal_naive,663.0,1584.0,,209.19323671497585,921.0,921.0,848241.0,4.402627993441563
Sri Lanka,2024,2024,21,2024-W21,437,2024,22,438,1,seasonal_naive,493.0,2261.0,,209.19323671497585,1768.0,1768.0,3125824.0,8.45151606124287
Sri Lanka,2024,2024,22,2024-W22,438,2024,23,439,1,seasonal_naive,648.0,2164.0,,209.19323671497585,1516.0,1516.0,2298256.0,7.246888206359836
Sri Lanka,2024,2024,23,2024-W23,439,2024,24,440,1,seasonal_naive,640.0,2530.0,,209.19323671497585,1890.0,1890.0,3572100.0,9.03470891162275
Sri Lanka,2024,2024,24,2024-W24,440,2024,25,441,1,seasonal_naive,677.0,2137.0,,209.19323671497585,1460.0,1460.0,2131600.0,6.97919312749694
Sri Lanka,2024,2024,25,2024-W25,441,2024,26,442,1,seasonal_naive,683.0,1738.0,,209.19323671497585,1055.0,1055.0,1113025.0,5.043184075006351
Sri Lanka,2024,2024,26,2024-W26,442,2024,27,443,1,seasonal_naive,875.0,1806.0,,209.19323671497585,931.0,931.0,866761.0,4.450430686095651
Sri Lanka,2024,2024,27,2024-W27,443,2024,28,444,1,seasonal_naive,935.0,1711.0,,209.19323671497585,776.0,776.0,602176.0,3.7094889499572776
Sri Lanka,2024,2024,28,2024-W28,444,2024,29,445,1,seasonal_naive,989.0,1545.0,,209.19323671497585,556.0,556.0,309136.0,2.6578297115673277
Sri Lanka,2024,2024,29,2024-W29,445,2024,30,446,1,seasonal_naive,992.0,1500.0,,209.19323671497585,508.0,508.0,258064.0,2.428376786827702
Sri Lanka,2024,2024,30,2024-W30,446,2024,31,447,1,seasonal_naive,1031.0,1417.0,,209.19323671497585,386.0,386.0,148996.0,1.845183936447821
Sri Lanka,2024,2024,31,2024-W31,447,2024,32,448,1,seasonal_naive,1004.0,1537.0,,209.19323671497585,533.0,533.0,284089.0,2.547883518462924
Sri Lanka,2024,2024,32,2024-W32,448,2024,33,449,1,seasonal_naive,960.0,1166.0,,209.19323671497585,206.0,206.0,42436.0,0.9847354686742258
Sri Lanka,2024,2024,33,2024-W33,449,2024,34,450,1,seasonal_naive,911.0,1219.0,,209.19323671497585,308.0,308.0,94864.0,1.4723229337459298
Sri Lanka,2024,2024,34,2024-W34,450,2024,35,451,1,seasonal_naive,857.0,859.0,,209.19323671497585,2.0,2.0,4.0,0.009560538530817725
Sri Lanka,2024,2024,35,2024-W35,451,2024,36,452,1,seasonal_naive,854.0,838.0,,209.19323671497585,-16.0,16.0,256.0,0.0764843082465418
Sri Lanka,2024,2024,36,2024-W36,452,2024,37,453,1,seasonal_naive,733.0,702.0,,209.19323671497585,-31.0,31.0,961.0,0.14818834722767474
Sri Lanka,2024,2024,37,2024-W37,453,2024,38,454,1,seasonal_naive,694.0,624.0,,209.19323671497585,-70.0,70.0,4900.0,0.3346188485786204
Sri Lanka,2024,2024,38,2024-W38,454,2024,39,455,1,seasonal_naive,671.0,489.0,,209.19323671497585,-182.0,182.0,33124.0,0.870009006304413
Sri Lanka,2024,2024,39,2024-W39,455,2024,40,456,1,seasonal_naive,657.0,730.0,,209.19323671497585,73.0,73.0,5329.0,0.348959656374847
Sri Lanka,2024,2024,40,2024-W40,456,2024,41,457,1,seasonal_naive,686.0,862.0,,209.19323671497585,176.0,176.0,30976.0,0.8413273907119598
Sri Lanka,2024,2024,41,2024-W41,457,2024,42,458,1,seasonal_naive,707.0,795.0,,209.19323671497585,88.0,88.0,7744.0,0.4206636953559799
Sri Lanka,2024,2024,42,2024-W42,458,2024,43,459,1,seasonal_naive,668.0,1343.0,,209.19323671497585,675.0,675.0,455625.0,3.2266817541509827
Sri Lanka,2024,2024,43,2024-W43,459,2024,44,460,1,seasonal_naive,672.0,1291.0,,209.19323671497585,619.0,619.0,383161.0,2.9589866752880862
Sri Lanka,2024,2024,44,2024-W44,460,2024,45,461,1,seasonal_naive,669.0,385.0,,209.19323671497585,-284.0,284.0,80656.0,1.357596471376117
Sri Lanka,2024,2024,45,2024-W45,461,2024,46,462,1,seasonal_naive,696.0,658.0,,209.19323671497585,-38.0,38.0,1444.0,0.1816502320855368
Sri Lanka,2024,2024,46,2024-W46,462,2024,47,463,1,seasonal_naive,626.0,727.0,,209.19323671497585,101.0,101.0,10201.0,0.48280719580629516
Sri Lanka,2024,2024,47,2024-W47,463,2024,48,464,1,seasonal_naive,913.0,1828.0,,209.19323671497585,915.0,915.0,837225.0,4.3739463778491094
Sri Lanka,2024,2024,48,2024-W48,464,2024,49,465,1,seasonal_naive,832.0,2689.0,,209.19323671497585,1857.0,1857.0,3448449.0,8.876960025864259
Sri Lanka,2024,2024,49,2024-W49,465,2024,50,466,1,seasonal_naive,736.0,2587.0,,209.19323671497585,1851.0,1851.0,3426201.0,8.848278410271805
Sri Lanka,2024,2024,50,2024-W50,466,2024,51,467,1,seasonal_naive,915.0,3829.0,,209.19323671497585,2914.0,2914.0,8491396.0,13.929704639401427
Sri Lanka,2024,2023,51,2023-W51,415,2024,1,417,2,moving_average_4,2760.0,2733.25,,209.19323671497585,-26.75,26.75,715.5625,0.1278722028496871
Sri Lanka,2024,2024,9,2024-W09,425,2024,11,427,2,moving_average_4,975.0,1766.5,,209.19323671497585,791.5,791.5,626472.25,3.783583123571115
Sri Lanka,2024,2024,10,2024-W10,426,2024,12,428,2,moving_average_4,1004.0,1545.0,,209.19323671497585,541.0,541.0,292681.0,2.5861256725861947
Sri Lanka,2024,2024,11,2024-W11,427,2024,13,429,2,moving_average_4,747.0,1255.25,,209.19323671497585,508.25,508.25,258318.0625,2.4295718541440547
Sri Lanka,2024,2024,12,2024-W12,428,2024,14,430,2,moving_average_4,664.0,1123.0,,209.19323671497585,459.0,459.0,210681.0,2.1941435928226682
Sri Lanka,2024,2024,13,2024-W13,429,2024,15,431,2,moving_average_4,614.0,965.5,,209.19323671497585,351.5,351.5,123552.25,1.6802646467912152
Sri Lanka,2024,2024,14,2024-W14,430,2024,16,432,2,moving_average_4,427.0,847.5,,209.19323671497585,420.5,420.5,176820.25,2.0101032261044267
Sri Lanka,2024,2024,15,2024-W15,431,2024,17,433,2,moving_average_4,576.0,757.25,,209.19323671497585,181.25,181.25,32851.5625,0.8664238043553564
Sri Lanka,2024,2024,16,2024-W16,432,2024,18,434,2,moving_average_4,537.0,613.0,,209.19323671497585,76.0,76.0,5776.0,0.3633004641710736
Sri Lanka,2024,2024,17,2024-W17,433,2024,19,435,2,moving_average_4,571.0,570.25,,209.19323671497585,-0.75,0.75,0.5625,0.003585201949056647
Sri Lanka,2024,2024,18,2024-W18,434,2024,20,436,2,moving_average_4,589.0,538.5,,209.19323671497585,-50.5,50.5,2550.25,0.24140359790314758
Sri Lanka,2024,2024,19,2024-W19,435,2024,21,437,2,moving_average_4,663.0,527.75,,209.19323671497585,-135.25,135.25,18292.5625,0.6465314181465487
Sri Lanka,2024,2024,20,2024-W20,436,2024,22,438,2,moving_average_4,493.0,568.25,,209.19323671497585,75.25,75.25,5662.5625,0.35971526222201694
Sri Lanka,2024,2024,21,2024-W21,437,2024,23,439,2,moving_average_4,648.0,590.0,,209.19323671497585,-58.0,58.0,3364.0,0.27725561739371407
Sri Lanka,2024,2024,22,2024-W22,438,2024,24,440,2,moving_average_4,640.0,579.0,,209.19323671497585,-61.0,61.0,3721.0,0.29159642518994067
Sri Lanka,2024,2024,23,2024-W23,439,2024,25,441,2,moving_average_4,677.0,598.25,,209.19323671497585,-78.75,78.75,6201.5625,0.37644620465094797
Sri Lanka,2024,2024,24,2024-W24,440,2024,26,442,2,moving_average_4,683.0,611.0,,209.19323671497585,-72.0,72.0,5184.0,0.34417938710943813
Sri Lanka,2024,2024,25,2024-W25,441,2024,27,443,2,moving_average_4,875.0,614.5,,209.19323671497585,-260.5,260.5,67860.25,1.2452601436390087
Sri Lanka,2024,2024,26,2024-W26,442,2024,28,444,2,moving_average_4,935.0,662.0,,209.19323671497585,-273.0,273.0,74529.0,1.3050135094566195
Sri Lanka,2024,2024,27,2024-W27,443,2024,29,445,2,moving_average_4,989.0,718.75,,209.19323671497585,-270.25,270.25,73035.0625,1.2918677689767453
Sri Lanka,2024,2024,28,2024-W28,444,2024,30,446,2,moving_average_4,992.0,792.5,,209.19323671497585,-199.5,199.5,39800.25,0.9536637184490682
Sri Lanka,2024,2024,29,2024-W29,445,2024,31,447,2,moving_average_4,1031.0,870.5,,209.19323671497585,-160.5,160.5,25760.25,0.7672332170981225
Sri Lanka,2024,2024,30,2024-W30,446,2024,32,448,2,moving_average_4,1004.0,947.75,,209.19323671497585,-56.25,56.25,3164.0625,0.26889014617924856
Sri Lanka,2024,2024,31,2024-W31,447,2024,33,449,2,moving_average_4,960.0,986.75,,209.19323671497585,26.75,26.75,715.5625,0.1278722028496871
Sri Lanka,2024,2024,32,2024-W32,448,2024,34,450,2,moving_average_4,911.0,1004.0,,209.19323671497585,93.0,93.0,8649.0,0.44456504168302424
Sri Lanka,2024,2024,33,2024-W33,449,2024,35,451,2,moving_average_4,857.0,996.75,,209.19323671497585,139.75,139.75,19530.0625,0.6680426298408886
Sri Lanka,2024,2024,34,2024-W34,450,2024,36,452,2,moving_average_4,854.0,976.5,,209.19323671497585,122.5,122.5,15006.25,0.5855829850125858
Sri Lanka,2024,2024,35,2024-W35,451,2024,37,453,2,moving_average_4,733.0,933.0,,209.19323671497585,200.0,200.0,40000.0,0.9560538530817726
Sri Lanka,2024,2024,36,2024-W36,452,2024,38,454,2,moving_average_4,694.0,895.5,,209.19323671497585,201.5,201.5,40602.25,0.9632242569798859
Sri Lanka,2024,2024,37,2024-W37,453,2024,39,455,2,moving_average_4,671.0,838.75,,209.19323671497585,167.75,167.75,28140.0625,0.8018901692723368
Sri Lanka,2024,2024,38,2024-W38,454,2024,40,456,2,moving_average_4,657.0,784.5,,209.19323671497585,127.5,127.5,16256.25,0.60948433133963
Sri Lanka,2024,2024,39,2024-W39,455,2024,41,457,2,moving_average_4,686.0,738.0,,209.19323671497585,52.0,52.0,2704.0,0.24857400180126088
Sri Lanka,2024,2024,40,2024-W40,456,2024,42,458,2,moving_average_4,707.0,688.75,,209.19323671497585,-18.25,18.25,333.0625,0.08723991409371175
Sri Lanka,2024,2024,41,2024-W41,457,2024,43,459,2,moving_average_4,668.0,677.0,,209.19323671497585,9.0,9.0,81.0,0.043022423388679766
Sri Lanka,2024,2024,42,2024-W42,458,2024,44,460,2,moving_average_4,672.0,680.25,,209.19323671497585,8.25,8.25,68.0625,0.03943722143962312
Sri Lanka,2024,2024,43,2024-W43,459,2024,45,461,2,moving_average_4,669.0,679.5,,209.19323671497585,10.5,10.5,110.25,0.050192827286793064
Sri Lanka,2024,2024,44,2024-W44,460,2024,46,462,2,moving_average_4,696.0,683.25,,209.19323671497585,-12.75,12.75,162.5625,0.060948433133963004
Sri Lanka,2024,2024,45,2024-W45,461,2024,47,463,2,moving_average_4,626.0,679.0,,209.19323671497585,53.0,53.0,2809.0,0.25335427106666975
Sri Lanka,2024,2024,46,2024-W46,462,2024,48,464,2,moving_average_4,913.0,676.25,,209.19323671497585,-236.75,236.75,56050.5625,1.1317287485855483
Sri Lanka,2024,2024,47,2024-W47,463,2024,49,465,2,moving_average_4,832.0,665.75,,209.19323671497585,-166.25,166.25,27639.0625,0.7947197653742235
Sri Lanka,2024,2024,48,2024-W48,464,2024,50,466,2,moving_average_4,736.0,726.0,,209.19323671497585,-10.0,10.0,100.0,0.04780269265408863
Sri Lanka,2024,2024,49,2024-W49,465,2024,51,467,2,moving_average_4,915.0,766.75,,209.19323671497585,-148.25,148.25,21978.0625,0.7086749185968639
Sri Lanka,2024,2023,51,2023-W51,415,2024,1,417,2,persistence,2760.0,3829.0,,209.19323671497585,1069.0,1069.0,1142761.0,5.110107844722075
Sri Lanka,2024,2024,9,2024-W09,425,2024,11,427,2,persistence,975.0,1377.0,,209.19323671497585,402.0,402.0,161604.0,1.921668244694363
Sri Lanka,2024,2024,10,2024-W10,426,2024,12,428,2,persistence,1004.0,1136.0,,209.19323671497585,132.0,132.0,17424.0,0.6309955430339699
Sri Lanka,2024,2024,11,2024-W11,427,2024,13,429,2,persistence,747.0,975.0,,209.19323671497585,228.0,228.0,51984.0,1.0899013925132208
Sri Lanka,2024,2024,12,2024-W12,428,2024,14,430,2,persistence,664.0,1004.0,,209.19323671497585,340.0,340.0,115600.0,1.6252915502390135
Sri Lanka,2024,2024,13,2024-W13,429,2024,15,431,2,persistence,614.0,747.0,,209.19323671497585,133.0,133.0,17689.0,0.6357758122993787
Sri Lanka,2024,2024,14,2024-W14,430,2024,16,432,2,persistence,427.0,664.0,,209.19323671497585,237.0,237.0,56169.0,1.1329238159019006
Sri Lanka,2024,2024,15,2024-W15,431,2024,17,433,2,persistence,576.0,614.0,,209.19323671497585,38.0,38.0,1444.0,0.1816502320855368
Sri Lanka,2024,2024,16,2024-W16,432,2024,18,434,2,persistence,537.0,427.0,,209.19323671497585,-110.0,110.0,12100.0,0.525829619194975
Sri Lanka,2024,2024,17,2024-W17,433,2024,19,435,2,persistence,571.0,576.0,,209.19323671497585,5.0,5.0,25.0,0.023901346327044316
Sri Lanka,2024,2024,18,2024-W18,434,2024,20,436,2,persistence,589.0,537.0,,209.19323671497585,-52.0,52.0,2704.0,0.24857400180126088
Sri Lanka,2024,2024,19,2024-W19,435,2024,21,437,2,persistence,663.0,571.0,,209.19323671497585,-92.0,92.0,8464.0,0.4397847724176154
Sri Lanka,2024,2024,20,2024-W20,436,2024,22,438,2,persistence,493.0,589.0,,209.19323671497585,96.0,96.0,9216.0,0.45890584947925084
Sri Lanka,2024,2024,21,2024-W21,437,2024,23,439,2,persistence,648.0,663.0,,209.19323671497585,15.0,15.0,225.0,0.07170403898113295
Sri Lanka,2024,2024,22,2024-W22,438,2024,24,440,2,persistence,640.0,493.0,,209.19323671497585,-147.0,147.0,21609.0,0.7026995820151029
Sri Lanka,2024,2024,23,2024-W23,439,2024,25,441,2,persistence,677.0,648.0,,209.19323671497585,-29.0,29.0,841.0,0.13862780869685704
Sri Lanka,2024,2024,24,2024-W24,440,2024,26,442,2,persistence,683.0,640.0,,209.19323671497585,-43.0,43.0,1849.0,0.2055515784125811
Sri Lanka,2024,2024,25,2024-W25,441,2024,27,443,2,persistence,875.0,677.0,,209.19323671497585,-198.0,198.0,39204.0,0.9464933145509549
Sri Lanka,2024,2024,26,2024-W26,442,2024,28,444,2,persistence,935.0,683.0,,209.19323671497585,-252.0,252.0,63504.0,1.2046278548830334
Sri Lanka,2024,2024,27,2024-W27,443,2024,29,445,2,persistence,989.0,875.0,,209.19323671497585,-114.0,114.0,12996.0,0.5449506962566104
Sri Lanka,2024,2024,28,2024-W28,444,2024,30,446,2,persistence,992.0,935.0,,209.19323671497585,-57.0,57.0,3249.0,0.2724753481283052
Sri Lanka,2024,2024,29,2024-W29,445,2024,31,447,2,persistence,1031.0,989.0,,209.19323671497585,-42.0,42.0,1764.0,0.20077130914717226
Sri Lanka,2024,2024,30,2024-W30,446,2024,32,448,2,persistence,1004.0,992.0,,209.19323671497585,-12.0,12.0,144.0,0.057363231184906355
Sri Lanka,2024,2024,31,2024-W31,447,2024,33,449,2,persistence,960.0,1031.0,,209.19323671497585,71.0,71.0,5041.0,0.33939911784402926
Sri Lanka,2024,2024,32,2024-W32,448,2024,34,450,2,persistence,911.0,1004.0,,209.19323671497585,93.0,93.0,8649.0,0.44456504168302424
Sri Lanka,2024,2024,33,2024-W33,449,2024,35,451,2,persistence,857.0,960.0,,209.19323671497585,103.0,103.0,10609.0,0.4923677343371129
Sri Lanka,2024,2024,34,2024-W34,450,2024,36,452,2,persistence,854.0,911.0,,209.19323671497585,57.0,57.0,3249.0,0.2724753481283052
Sri Lanka,2024,2024,35,2024-W35,451,2024,37,453,2,persistence,733.0,857.0,,209.19323671497585,124.0,124.0,15376.0,0.592753388910699
Sri Lanka,2024,2024,36,2024-W36,452,2024,38,454,2,persistence,694.0,854.0,,209.19323671497585,160.0,160.0,25600.0,0.7648430824654181
Sri Lanka,2024,2024,37,2024-W37,453,2024,39,455,2,persistence,671.0,733.0,,209.19323671497585,62.0,62.0,3844.0,0.2963766944553495
Sri Lanka,2024,2024,38,2024-W38,454,2024,40,456,2,persistence,657.0,694.0,,209.19323671497585,37.0,37.0,1369.0,0.17686996282012793
Sri Lanka,2024,2024,39,2024-W39,455,2024,41,457,2,persistence,686.0,671.0,,209.19323671497585,-15.0,15.0,225.0,0.07170403898113295
Sri Lanka,2024,2024,40,2024-W40,456,2024,42,458,2,persistence,707.0,657.0,,209.19323671497585,-50.0,50.0,2500.0,0.23901346327044315
Sri Lanka,2024,2024,41,2024-W41,457,2024,43,459,2,persistence,668.0,686.0,,209.19323671497585,18.0,18.0,324.0,0.08604484677735953
Sri Lanka,2024,2024,42,2024-W42,458,2024,44,460,2,persistence,672.0,707.0,,209.19323671497585,35.0,35.0,1225.0,0.1673094242893102
Sri Lanka,2024,2024,43,2024-W43,459,2024,45,461,2,persistence,669.0,668.0,,209.19323671497585,-1.0,1.0,1.0,0.004780269265408863
Sri Lanka,2024,2024,44,2024-W44,460,2024,46,462,2,persistence,696.0,672.0,,209.19323671497585,-24.0,24.0,576.0,0.11472646236981271
Sri Lanka,2024,2024,45,2024-W45,461,2024,47,463,2,persistence,626.0,669.0,,209.19323671497585,43.0,43.0,1849.0,0.2055515784125811
Sri Lanka,2024,2024,46,2024-W46,462,2024,48,464,2,persistence,913.0,696.0,,209.19323671497585,-217.0,217.0,47089.0,1.0373184305937233
Sri Lanka,2024,2024,47,2024-W47,463,2024,49,465,2,persistence,832.0,626.0,,209.19323671497585,-206.0,206.0,42436.0,0.9847354686742258
Sri Lanka,2024,2024,48,2024-W48,464,2024,50,466,2,persistence,736.0,913.0,,209.19323671497585,177.0,177.0,31329.0,0.8461076599773687
Sri Lanka,2024,2024,49,2024-W49,465,2024,51,467,2,persistence,915.0,832.0,,209.19323671497585,-83.0,83.0,6889.0,0.39676234902893565
Sri Lanka,2024,2023,51,2023-W51,415,2024,1,417,2,seasonal_naive,2760.0,1351.0,,209.19323671497585,-1409.0,1409.0,1985281.0,6.735399394961088
Sri Lanka,2024,2024,9,2024-W09,425,2024,11,427,2,seasonal_naive,975.0,958.0,,209.19323671497585,-17.0,17.0,289.0,0.08126457751195067
Sri Lanka,2024,2024,10,2024-W10,426,2024,12,428,2,seasonal_naive,1004.0,1135.0,,209.19323671497585,131.0,131.0,17161.0,0.626215273768561
Sri Lanka,2024,2024,11,2024-W11,427,2024,13,429,2,seasonal_naive,747.0,1211.0,,209.19323671497585,464.0,464.0,215296.0,2.2180449391497126
Sri Lanka,2024,2024,12,2024-W12,428,2024,14,430,2,seasonal_naive,664.0,1037.0,,209.19323671497585,373.0,373.0,139129.0,1.7830404359975058
Sri Lanka,2024,2024,13,2024-W13,429,2024,15,431,2,seasonal_naive,614.0,1170.0,,209.19323671497585,556.0,556.0,309136.0,2.6578297115673277
Sri Lanka,2024,2024,14,2024-W14,430,2024,16,432,2,seasonal_naive,427.0,1443.0,,209.19323671497585,1016.0,1016.0,1032256.0,4.856753573655404
Sri Lanka,2024,2024,15,2024-W15,431,2024,17,433,2,seasonal_naive,576.0,1198.0,,209.19323671497585,622.0,622.0,386884.0,2.973327483084313
Sri Lanka,2024,2024,16,2024-W16,432,2024,18,434,2,seasonal_naive,537.0,1209.0,,209.19323671497585,672.0,672.0,451584.0,3.212340946354756
Sri Lanka,2024,2024,17,2024-W17,433,2024,19,435,2,seasonal_naive,571.0,1653.0,,209.19323671497585,1082.0,1082.0,1170724.0,5.1722513451723895
Sri Lanka,2024,2024,18,2024-W18,434,2024,20,436,2,seasonal_naive,589.0,1438.0,,209.19323671497585,849.0,849.0,720801.0,4.058448606332124
Sri Lanka,2024,2024,19,2024-W19,435,2024,21,437,2,seasonal_naive,663.0,1584.0,,209.19323671497585,921.0,921.0,848241.0,4.402627993441563
Sri Lanka,2024,2024,20,2024-W20,436,2024,22,438,2,seasonal_naive,493.0,2261.0,,209.19323671497585,1768.0,1768.0,3125824.0,8.45151606124287
Sri Lanka,2024,2024,21,2024-W21,437,2024,23,439,2,seasonal_naive,648.0,2164.0,,209.19323671497585,1516.0,1516.0,2298256.0,7.246888206359836
Sri Lanka,2024,2024,22,2024-W22,438,2024,24,440,2,seasonal_naive,640.0,2530.0,,209.19323671497585,1890.0,1890.0,3572100.0,9.03470891162275
Sri Lanka,2024,2024,23,2024-W23,439,2024,25,441,2,seasonal_naive,677.0,2137.0,,209.19323671497585,1460.0,1460.0,2131600.0,6.97919312749694
Sri Lanka,2024,2024,24,2024-W24,440,2024,26,442,2,seasonal_naive,683.0,1738.0,,209.19323671497585,1055.0,1055.0,1113025.0,5.043184075006351
Sri Lanka,2024,2024,25,2024-W25,441,2024,27,443,2,seasonal_naive,875.0,1806.0,,209.19323671497585,931.0,931.0,866761.0,4.450430686095651
Sri Lanka,2024,2024,26,2024-W26,442,2024,28,444,2,seasonal_naive,935.0,1711.0,,209.19323671497585,776.0,776.0,602176.0,3.7094889499572776
Sri Lanka,2024,2024,27,2024-W27,443,2024,29,445,2,seasonal_naive,989.0,1545.0,,209.19323671497585,556.0,556.0,309136.0,2.6578297115673277
Sri Lanka,2024,2024,28,2024-W28,444,2024,30,446,2,seasonal_naive,992.0,1500.0,,209.19323671497585,508.0,508.0,258064.0,2.428376786827702
Sri Lanka,2024,2024,29,2024-W29,445,2024,31,447,2,seasonal_naive,1031.0,1417.0,,209.19323671497585,386.0,386.0,148996.0,1.845183936447821
Sri Lanka,2024,2024,30,2024-W30,446,2024,32,448,2,seasonal_naive,1004.0,1537.0,,209.19323671497585,533.0,533.0,284089.0,2.547883518462924
Sri Lanka,2024,2024,31,2024-W31,447,2024,33,449,2,seasonal_naive,960.0,1166.0,,209.19323671497585,206.0,206.0,42436.0,0.9847354686742258
Sri Lanka,2024,2024,32,2024-W32,448,2024,34,450,2,seasonal_naive,911.0,1219.0,,209.19323671497585,308.0,308.0,94864.0,1.4723229337459298
Sri Lanka,2024,2024,33,2024-W33,449,2024,35,451,2,seasonal_naive,857.0,859.0,,209.19323671497585,2.0,2.0,4.0,0.009560538530817725
Sri Lanka,2024,2024,34,2024-W34,450,2024,36,452,2,seasonal_naive,854.0,838.0,,209.19323671497585,-16.0,16.0,256.0,0.0764843082465418
Sri Lanka,2024,2024,35,2024-W35,451,2024,37,453,2,seasonal_naive,733.0,702.0,,209.19323671497585,-31.0,31.0,961.0,0.14818834722767474
Sri Lanka,2024,2024,36,2024-W36,452,2024,38,454,2,seasonal_naive,694.0,624.0,,209.19323671497585,-70.0,70.0,4900.0,0.3346188485786204
Sri Lanka,2024,2024,37,2024-W37,453,2024,39,455,2,seasonal_naive,671.0,489.0,,209.19323671497585,-182.0,182.0,33124.0,0.870009006304413
Sri Lanka,2024,2024,38,2024-W38,454,2024,40,456,2,seasonal_naive,657.0,730.0,,209.19323671497585,73.0,73.0,5329.0,0.348959656374847
Sri Lanka,2024,2024,39,2024-W39,455,2024,41,457,2,seasonal_naive,686.0,862.0,,209.19323671497585,176.0,176.0,30976.0,0.8413273907119598
Sri Lanka,2024,2024,40,2024-W40,456,2024,42,458,2,seasonal_naive,707.0,795.0,,209.19323671497585,88.0,88.0,7744.0,0.4206636953559799
Sri Lanka,2024,2024,41,2024-W41,457,2024,43,459,2,seasonal_naive,668.0,1343.0,,209.19323671497585,675.0,675.0,455625.0,3.2266817541509827
Sri Lanka,2024,2024,42,2024-W42,458,2024,44,460,2,seasonal_naive,672.0,1291.0,,209.19323671497585,619.0,619.0,383161.0,2.9589866752880862
Sri Lanka,2024,2024,43,2024-W43,459,2024,45,461,2,seasonal_naive,669.0,385.0,,209.19323671497585,-284.0,284.0,80656.0,1.357596471376117
Sri Lanka,2024,2024,44,2024-W44,460,2024,46,462,2,seasonal_naive,696.0,658.0,,209.19323671497585,-38.0,38.0,1444.0,0.1816502320855368
Sri Lanka,2024,2024,45,2024-W45,461,2024,47,463,2,seasonal_naive,626.0,727.0,,209.19323671497585,101.0,101.0,10201.0,0.48280719580629516
Sri Lanka,2024,2024,46,2024-W46,462,2024,48,464,2,seasonal_naive,913.0,1828.0,,209.19323671497585,915.0,915.0,837225.0,4.3739463778491094
Sri Lanka,2024,2024,47,2024-W47,463,2024,49,465,2,seasonal_naive,832.0,2689.0,,209.19323671497585,1857.0,1857.0,3448449.0,8.876960025864259
Sri Lanka,2024,2024,48,2024-W48,464,2024,50,466,2,seasonal_naive,736.0,2587.0,,209.19323671497585,1851.0,1851.0,3426201.0,8.848278410271805
Sri Lanka,2024,2024,49,2024-W49,465,2024,51,467,2,seasonal_naive,915.0,3829.0,,209.19323671497585,2914.0,2914.0,8491396.0,13.929704639401427
Sri Lanka,2024,2023,49,2023-W49,413,2024,1,417,4,moving_average_4,2760.0,1475.5,,209.19323671497585,-1284.5,1284.5,1649940.25,6.1402558714176845
Sri Lanka,2024,2023,50,2023-W50,414,2024,2,418,4,moving_average_4,2656.0,1957.75,,209.19323671497585,-698.25,698.25,487553.0625,3.3378230145717387
Sri Lanka,2024,2023,51,2023-W51,415,2024,3,419,4,moving_average_4,2913.0,2733.25,,209.19323671497585,-179.75,179.75,32310.0625,0.8592534004572431
Sri Lanka,2024,2024,9,2024-W09,425,2024,13,429,4,moving_average_4,747.0,1766.5,,209.19323671497585,1019.5,1019.5,1039380.25,4.873484516084336
Sri Lanka,2024,2024,10,2024-W10,426,2024,14,430,4,moving_average_4,664.0,1545.0,,209.19323671497585,881.0,881.0,776161.0,4.211417222825208
Sri Lanka,2024,2024,11,2024-W11,427,2024,15,431,4,moving_average_4,614.0,1255.25,,209.19323671497585,641.25,641.25,411201.5625,3.0653476664434334
Sri Lanka,2024,2024,12,2024-W12,428,2024,16,432,4,moving_average_4,427.0,1123.0,,209.19323671497585,696.0,696.0,484416.0,3.3270674087245684
Sri Lanka,2024,2024,13,2024-W13,429,2024,17,433,4,moving_average_4,576.0,965.5,,209.19323671497585,389.5,389.5,151710.25,1.861914878876752
Sri Lanka,2024,2024,14,2024-W14,430,2024,18,434,4,moving_average_4,537.0,847.5,,209.19323671497585,310.5,310.5,96410.25,1.484273606909452
Sri Lanka,2024,2024,15,2024-W15,431,2024,19,435,4,moving_average_4,571.0,757.25,,209.19323671497585,186.25,186.25,34689.0625,0.8903251506824007
Sri Lanka,2024,2024,16,2024-W16,432,2024,20,436,4,moving_average_4,589.0,613.0,,209.19323671497585,24.0,24.0,576.0,0.11472646236981271
Sri Lanka,2024,2024,17,2024-W17,433,2024,21,437,4,moving_average_4,663.0,570.25,,209.19323671497585,-92.75,92.75,8602.5625,0.443369974366672
Sri Lanka,2024,2024,18,2024-W18,434,2024,22,438,4,moving_average_4,493.0,538.5,,209.19323671497585,45.5,45.5,2070.25,0.21750225157610326
Sri Lanka,2024,2024,19,2024-W19,435,2024,23,439,4,moving_average_4,648.0,527.75,,209.19323671497585,-120.25,120.25,14460.0625,0.5748273791654158
Sri Lanka,2024,2024,20,2024-W20,436,2024,24,440,4,moving_average_4,640.0,568.25,,209.19323671497585,-71.75,71.75,5148.0625,0.3429843197930859
Sri Lanka,2024,2024,21,2024-W21,437,2024,25,441,4,moving_average_4,677.0,590.0,,209.19323671497585,-87.0,87.0,7569.0,0.41588342609057105
Sri Lanka,2024,2024,22,2024-W22,438,2024,26,442,4,moving_average_4,683.0,579.0,,209.19323671497585,-104.0,104.0,10816.0,0.49714800360252176
Sri Lanka,2024,2024,23,2024-W23,439,2024,27,443,4,moving_average_4,875.0,598.25,,209.19323671497585,-276.75,276.75,76590.5625,1.322939519201903
Sri Lanka,2024,2024,24,2024-W24,440,2024,28,444,4,moving_average_4,935.0,611.0,,209.19323671497585,-324.0,324.0,104976.0,1.5488072419924717
Sri Lanka,2024,2024,25,2024-W25,441,2024,29,445,4,moving_average_4,989.0,614.5,,209.19323671497585,-374.5,374.5,140250.25,1.7902108398956191
Sri Lanka,2024,2024,26,2024-W26,442,2024,30,446,4,moving_average_4,992.0,662.0,,209.19323671497585,-330.0,330.0,108900.0,1.5774888575849249
Sri Lanka,2024,2024,27,2024-W27,443,2024,31,447,4,moving_average_4,1031.0,718.75,,209.19323671497585,-312.25,312.25,97500.0625,1.4926390781239174
Sri Lanka,2024,2024,28,2024-W28,444,2024,32,448,4,moving_average_4,1004.0,792.5,,209.19323671497585,-211.5,211.5,44732.25,1.0110269496339745
Sri Lanka,2024,2024,29,2024-W29,445,2024,33,449,4,moving_average_4,960.0,870.5,,209.19323671497585,-89.5,89.5,8010.25,0.4278340992540932
Sri Lanka,2024,2024,30,2024-W30,446,2024,34,450,4,moving_average_4,911.0,947.75,,209.19323671497585,36.75,36.75,1350.5625,0.1756748955037757
Sri Lanka,2024,2024,31,2024-W31,447,2024,35,451,4,moving_average_4,857.0,986.75,,209.19323671497585,129.75,129.75,16835.0625,0.6202399371867999
Sri Lanka,2024,2024,32,2024-W32,448,2024,36,452,4,moving_average_4,854.0,1004.0,,209.19323671497585,150.0,150.0,22500.0,0.7170403898113294
Sri Lanka,2024,2024,33,2024-W33,449,2024,37,453,4,moving_average_4,733.0,996.75,,209.19323671497585,263.75,263.75,69564.0625,1.2607960187515876
Sri Lanka,2024,2024,34,2024-W34,450,2024,38,454,4,moving_average_4,694.0,976.5,,209.19323671497585,282.5,282.5,79806.25,1.3504260674780038
Sri Lanka,2024,2024,35,2024-W35,451,2024,39,455,4,moving_average_4,671.0,933.0,,209.19323671497585,262.0,262.0,68644.0,1.252430547537122
Sri Lanka,2024,2024,36,2024-W36,452,2024,40,456,4,moving_average_4,657.0,895.5,,209.19323671497585,238.5,238.5,56882.25,1.140094219800014
Sri Lanka,2024,2024,37,2024-W37,453,2024,41,457,4,moving_average_4,686.0,838.75,,209.19323671497585,152.75,152.75,23332.5625,0.7301861302912038
Sri Lanka,2024,2024,38,2024-W38,454,2024,42,458,4,moving_average_4,707.0,784.5,,209.19323671497585,77.5,77.5,6006.25,0.3704708680691869
Sri Lanka,2024,2024,39,2024-W39,455,2024,43,459,4,moving_average_4,668.0,738.0,,209.19323671497585,70.0,70.0,4900.0,0.3346188485786204
Sri Lanka,2024,2024,40,2024-W40,456,2024,44,460,4,moving_average_4,672.0,688.75,,209.19323671497585,16.75,16.75,280.5625,0.08006951019559845
Sri Lanka,2024,2024,41,2024-W41,457,2024,45,461,4,moving_average_4,669.0,677.0,,209.19323671497585,8.0,8.0,64.0,0.0382421541232709
Sri Lanka,2024,2024,42,2024-W42,458,2024,46,462,4,moving_average_4,696.0,680.25,,209.19323671497585,-15.75,15.75,248.0625,0.07528924093018959
Sri Lanka,2024,2024,43,2024-W43,459,2024,47,463,4,moving_average_4,626.0,679.5,,209.19323671497585,53.5,53.5,2862.25,0.2557444056993742
Sri Lanka,2024,2024,44,2024-W44,460,2024,48,464,4,moving_average_4,913.0,683.25,,209.19323671497585,-229.75,229.75,52785.0625,1.0982668637276862
Sri Lanka,2024,2024,45,2024-W45,461,2024,49,465,4,moving_average_4,832.0,679.0,,209.19323671497585,-153.0,153.0,23409.0,0.731381197607556
Sri Lanka,2024,2024,46,2024-W46,462,2024,50,466,4,moving_average_4,736.0,676.25,,209.19323671497585,-59.75,59.75,3570.0625,0.2856210886081796
Sri Lanka,2024,2024,47,2024-W47,463,2024,51,467,4,moving_average_4,915.0,665.75,,209.19323671497585,-249.25,249.25,62125.5625,1.191482114403159
Sri Lanka,2024,2023,49,2023-W49,413,2024,1,417,4,persistence,2760.0,2689.0,,209.19323671497585,-71.0,71.0,5041.0,0.33939911784402926
Sri Lanka,2024,2023,50,2023-W50,414,2024,2,418,4,persistence,2656.0,2587.0,,209.19323671497585,-69.0,69.0,4761.0,0.32983857931321153
Sri Lanka,2024,2023,51,2023-W51,415,2024,3,419,4,persistence,2913.0,3829.0,,209.19323671497585,916.0,916.0,839056.0,4.378726647114519
Sri Lanka,2024,2024,9,2024-W09,425,2024,13,429,4,persistence,747.0,1377.0,,209.19323671497585,630.0,630.0,396900.0,3.0115696372075837
Sri Lanka,2024,2024,10,2024-W10,426,2024,14,430,4,persistence,664.0,1136.0,,209.19323671497585,472.0,472.0,222784.0,2.2562870932729835
Sri Lanka,2024,2024,11,2024-W11,427,2024,15,431,4,persistence,614.0,975.0,,209.19323671497585,361.0,361.0,130321.0,1.7256772048125995
Sri Lanka,2024,2024,12,2024-W12,428,2024,16,432,4,persistence,427.0,1004.0,,209.19323671497585,577.0,577.0,332929.0,2.758215366140914
Sri Lanka,2024,2024,13,2024-W13,429,2024,17,433,4,persistence,576.0,747.0,,209.19323671497585,171.0,171.0,29241.0,0.8174260443849156
Sri Lanka,2024,2024,14,2024-W14,430,2024,18,434,4,persistence,537.0,664.0,,209.19323671497585,127.0,127.0,16129.0,0.6070941967069255
Sri Lanka,2024,2024,15,2024-W15,431,2024,19,435,4,persistence,571.0,614.0,,209.19323671497585,43.0,43.0,1849.0,0.2055515784125811
Sri Lanka,2024,2024,16,2024-W16,432,2024,20,436,4,persistence,589.0,427.0,,209.19323671497585,-162.0,162.0,26244.0,0.7744036209962358
Sri Lanka,2024,2024,17,2024-W17,433,2024,21,437,4,persistence,663.0,576.0,,209.19323671497585,-87.0,87.0,7569.0,0.41588342609057105
Sri Lanka,2024,2024,18,2024-W18,434,2024,22,438,4,persistence,493.0,537.0,,209.19323671497585,44.0,44.0,1936.0,0.21033184767798996
Sri Lanka,2024,2024,19,2024-W19,435,2024,23,439,4,persistence,648.0,571.0,,209.19323671497585,-77.0,77.0,5929.0,0.36808073343648245
Sri Lanka,2024,2024,20,2024-W20,436,2024,24,440,4,persistence,640.0,589.0,,209.19323671497585,-51.0,51.0,2601.0,0.24379373253585201
Sri Lanka,2024,2024,21,2024-W21,437,2024,25,441,4,persistence,677.0,663.0,,209.19323671497585,-14.0,14.0,196.0,0.06692376971572409
Sri Lanka,2024,2024,22,2024-W22,438,2024,26,442,4,persistence,683.0,493.0,,209.19323671497585,-190.0,190.0,36100.0,0.908251160427684
Sri Lanka,2024,2024,23,2024-W23,439,2024,27,443,4,persistence,875.0,648.0,,209.19323671497585,-227.0,227.0,51529.0,1.085121123247812
Sri Lanka,2024,2024,24,2024-W24,440,2024,28,444,4,persistence,935.0,640.0,,209.19323671497585,-295.0,295.0,87025.0,1.4101794332956146
Sri Lanka,2024,2024,25,2024-W25,441,2024,29,445,4,persistence,989.0,677.0,,209.19323671497585,-312.0,312.0,97344.0,1.4914440108075653
Sri Lanka,2024,2024,26,2024-W26,442,2024,30,446,4,persistence,992.0,683.0,,209.19323671497585,-309.0,309.0,95481.0,1.4771032030113387
Sri Lanka,2024,2024,27,2024-W27,443,2024,31,447,4,persistence,1031.0,875.0,,209.19323671497585,-156.0,156.0,24336.0,0.7457220054037826
Sri Lanka,2024,2024,28,2024-W28,444,2024,32,448,4,persistence,1004.0,935.0,,209.19323671497585,-69.0,69.0,4761.0,0.32983857931321153
Sri Lanka,2024,2024,29,2024-W29,445,2024,33,449,4,persistence,960.0,989.0,,209.19323671497585,29.0,29.0,841.0,0.13862780869685704
Sri Lanka,2024,2024,30,2024-W30,446,2024,34,450,4,persistence,911.0,992.0,,209.19323671497585,81.0,81.0,6561.0,0.3872018104981179
Sri Lanka,2024,2024,31,2024-W31,447,2024,35,451,4,persistence,857.0,1031.0,,209.19323671497585,174.0,174.0,30276.0,0.8317668521811421
Sri Lanka,2024,2024,32,2024-W32,448,2024,36,452,4,persistence,854.0,1004.0,,209.19323671497585,150.0,150.0,22500.0,0.7170403898113294
Sri Lanka,2024,2024,33,2024-W33,449,2024,37,453,4,persistence,733.0,960.0,,209.19323671497585,227.0,227.0,51529.0,1.085121123247812
Sri Lanka,2024,2024,34,2024-W34,450,2024,38,454,4,persistence,694.0,911.0,,209.19323671497585,217.0,217.0,47089.0,1.0373184305937233
Sri Lanka,2024,2024,35,2024-W35,451,2024,39,455,4,persistence,671.0,857.0,,209.19323671497585,186.0,186.0,34596.0,0.8891300833660485
Sri Lanka,2024,2024,36,2024-W36,452,2024,40,456,4,persistence,657.0,854.0,,209.19323671497585,197.0,197.0,38809.0,0.941713045285546
Sri Lanka,2024,2024,37,2024-W37,453,2024,41,457,4,persistence,686.0,733.0,,209.19323671497585,47.0,47.0,2209.0,0.22467265547421655
Sri Lanka,2024,2024,38,2024-W38,454,2024,42,458,4,persistence,707.0,694.0,,209.19323671497585,-13.0,13.0,169.0,0.06214350045031522
Sri Lanka,2024,2024,39,2024-W39,455,2024,43,459,4,persistence,668.0,671.0,,209.19323671497585,3.0,3.0,9.0,0.014340807796226589
Sri Lanka,2024,2024,40,2024-W40,456,2024,44,460,4,persistence,672.0,657.0,,209.19323671497585,-15.0,15.0,225.0,0.07170403898113295
Sri Lanka,2024,2024,41,2024-W41,457,2024,45,461,4,persistence,669.0,686.0,,209.19323671497585,17.0,17.0,289.0,0.08126457751195067
Sri Lanka,2024,2024,42,2024-W42,458,2024,46,462,4,persistence,696.0,707.0,,209.19323671497585,11.0,11.0,121.0,0.05258296191949749
Sri Lanka,2024,2024,43,2024-W43,459,2024,47,463,4,persistence,626.0,668.0,,209.19323671497585,42.0,42.0,1764.0,0.20077130914717226
Sri Lanka,2024,2024,44,2024-W44,460,2024,48,464,4,persistence,913.0,672.0,,209.19323671497585,-241.0,241.0,58081.0,1.152044892963536
Sri Lanka,2024,2024,45,2024-W45,461,2024,49,465,4,persistence,832.0,669.0,,209.19323671497585,-163.0,163.0,26569.0,0.7791838902616447
Sri Lanka,2024,2024,46,2024-W46,462,2024,50,466,4,persistence,736.0,696.0,,209.19323671497585,-40.0,40.0,1600.0,0.19121077061635453
Sri Lanka,2024,2024,47,2024-W47,463,2024,51,467,4,persistence,915.0,626.0,,209.19323671497585,-289.0,289.0,83521.0,1.3814978177031614
Sri Lanka,2024,2023,49,2023-W49,413,2024,1,417,4,seasonal_naive,2760.0,1351.0,,209.19323671497585,-1409.0,1409.0,1985281.0,6.735399394961088
Sri Lanka,2024,2023,50,2023-W50,414,2024,2,418,4,seasonal_naive,2656.0,1677.0,,209.19323671497585,-979.0,979.0,958441.0,4.679883610835277
Sri Lanka,2024,2023,51,2023-W51,415,2024,3,419,4,seasonal_naive,2913.0,1465.0,,209.19323671497585,-1448.0,1448.0,2096704.0,6.921829896312033
Sri Lanka,2024,2024,9,2024-W09,425,2024,13,429,4,seasonal_naive,747.0,1211.0,,209.19323671497585,464.0,464.0,215296.0,2.2180449391497126
Sri Lanka,2024,2024,10,2024-W10,426,2024,14,430,4,seasonal_naive,664.0,1037.0,,209.19323671497585,373.0,373.0,139129.0,1.7830404359975058
Sri Lanka,2024,2024,11,2024-W11,427,2024,15,431,4,seasonal_naive,614.0,1170.0,,209.19323671497585,556.0,556.0,309136.0,2.6578297115673277
Sri Lanka,2024,2024,12,2024-W12,428,2024,16,432,4,seasonal_naive,427.0,1443.0,,209.19323671497585,1016.0,1016.0,1032256.0,4.856753573655404
Sri Lanka,2024,2024,13,2024-W13,429,2024,17,433,4,seasonal_naive,576.0,1198.0,,209.19323671497585,622.0,622.0,386884.0,2.973327483084313
Sri Lanka,2024,2024,14,2024-W14,430,2024,18,434,4,seasonal_naive,537.0,1209.0,,209.19323671497585,672.0,672.0,451584.0,3.212340946354756
Sri Lanka,2024,2024,15,2024-W15,431,2024,19,435,4,seasonal_naive,571.0,1653.0,,209.19323671497585,1082.0,1082.0,1170724.0,5.1722513451723895
Sri Lanka,2024,2024,16,2024-W16,432,2024,20,436,4,seasonal_naive,589.0,1438.0,,209.19323671497585,849.0,849.0,720801.0,4.058448606332124
Sri Lanka,2024,2024,17,2024-W17,433,2024,21,437,4,seasonal_naive,663.0,1584.0,,209.19323671497585,921.0,921.0,848241.0,4.402627993441563
Sri Lanka,2024,2024,18,2024-W18,434,2024,22,438,4,seasonal_naive,493.0,2261.0,,209.19323671497585,1768.0,1768.0,3125824.0,8.45151606124287
Sri Lanka,2024,2024,19,2024-W19,435,2024,23,439,4,seasonal_naive,648.0,2164.0,,209.19323671497585,1516.0,1516.0,2298256.0,7.246888206359836
Sri Lanka,2024,2024,20,2024-W20,436,2024,24,440,4,seasonal_naive,640.0,2530.0,,209.19323671497585,1890.0,1890.0,3572100.0,9.03470891162275
Sri Lanka,2024,2024,21,2024-W21,437,2024,25,441,4,seasonal_naive,677.0,2137.0,,209.19323671497585,1460.0,1460.0,2131600.0,6.97919312749694
Sri Lanka,2024,2024,22,2024-W22,438,2024,26,442,4,seasonal_naive,683.0,1738.0,,209.19323671497585,1055.0,1055.0,1113025.0,5.043184075006351
Sri Lanka,2024,2024,23,2024-W23,439,2024,27,443,4,seasonal_naive,875.0,1806.0,,209.19323671497585,931.0,931.0,866761.0,4.450430686095651
Sri Lanka,2024,2024,24,2024-W24,440,2024,28,444,4,seasonal_naive,935.0,1711.0,,209.19323671497585,776.0,776.0,602176.0,3.7094889499572776
Sri Lanka,2024,2024,25,2024-W25,441,2024,29,445,4,seasonal_naive,989.0,1545.0,,209.19323671497585,556.0,556.0,309136.0,2.6578297115673277
Sri Lanka,2024,2024,26,2024-W26,442,2024,30,446,4,seasonal_naive,992.0,1500.0,,209.19323671497585,508.0,508.0,258064.0,2.428376786827702
Sri Lanka,2024,2024,27,2024-W27,443,2024,31,447,4,seasonal_naive,1031.0,1417.0,,209.19323671497585,386.0,386.0,148996.0,1.845183936447821
Sri Lanka,2024,2024,28,2024-W28,444,2024,32,448,4,seasonal_naive,1004.0,1537.0,,209.19323671497585,533.0,533.0,284089.0,2.547883518462924
Sri Lanka,2024,2024,29,2024-W29,445,2024,33,449,4,seasonal_naive,960.0,1166.0,,209.19323671497585,206.0,206.0,42436.0,0.9847354686742258
Sri Lanka,2024,2024,30,2024-W30,446,2024,34,450,4,seasonal_naive,911.0,1219.0,,209.19323671497585,308.0,308.0,94864.0,1.4723229337459298
Sri Lanka,2024,2024,31,2024-W31,447,2024,35,451,4,seasonal_naive,857.0,859.0,,209.19323671497585,2.0,2.0,4.0,0.009560538530817725
Sri Lanka,2024,2024,32,2024-W32,448,2024,36,452,4,seasonal_naive,854.0,838.0,,209.19323671497585,-16.0,16.0,256.0,0.0764843082465418
Sri Lanka,2024,2024,33,2024-W33,449,2024,37,453,4,seasonal_naive,733.0,702.0,,209.19323671497585,-31.0,31.0,961.0,0.14818834722767474
Sri Lanka,2024,2024,34,2024-W34,450,2024,38,454,4,seasonal_naive,694.0,624.0,,209.19323671497585,-70.0,70.0,4900.0,0.3346188485786204
Sri Lanka,2024,2024,35,2024-W35,451,2024,39,455,4,seasonal_naive,671.0,489.0,,209.19323671497585,-182.0,182.0,33124.0,0.870009006304413
Sri Lanka,2024,2024,36,2024-W36,452,2024,40,456,4,seasonal_naive,657.0,730.0,,209.19323671497585,73.0,73.0,5329.0,0.348959656374847
Sri Lanka,2024,2024,37,2024-W37,453,2024,41,457,4,seasonal_naive,686.0,862.0,,209.19323671497585,176.0,176.0,30976.0,0.8413273907119598
Sri Lanka,2024,2024,38,2024-W38,454,2024,42,458,4,seasonal_naive,707.0,795.0,,209.19323671497585,88.0,88.0,7744.0,0.4206636953559799
Sri Lanka,2024,2024,39,2024-W39,455,2024,43,459,4,seasonal_naive,668.0,1343.0,,209.19323671497585,675.0,675.0,455625.0,3.2266817541509827
Sri Lanka,2024,2024,40,2024-W40,456,2024,44,460,4,seasonal_naive,672.0,1291.0,,209.19323671497585,619.0,619.0,383161.0,2.9589866752880862
Sri Lanka,2024,2024,41,2024-W41,457,2024,45,461,4,seasonal_naive,669.0,385.0,,209.19323671497585,-284.0,284.0,80656.0,1.357596471376117
Sri Lanka,2024,2024,42,2024-W42,458,2024,46,462,4,seasonal_naive,696.0,658.0,,209.19323671497585,-38.0,38.0,1444.0,0.1816502320855368
Sri Lanka,2024,2024,43,2024-W43,459,2024,47,463,4,seasonal_naive,626.0,727.0,,209.19323671497585,101.0,101.0,10201.0,0.48280719580629516
Sri Lanka,2024,2024,44,2024-W44,460,2024,48,464,4,seasonal_naive,913.0,1828.0,,209.19323671497585,915.0,915.0,837225.0,4.3739463778491094
Sri Lanka,2024,2024,45,2024-W45,461,2024,49,465,4,seasonal_naive,832.0,2689.0,,209.19323671497585,1857.0,1857.0,3448449.0,8.876960025864259
Sri Lanka,2024,2024,46,2024-W46,462,2024,50,466,4,seasonal_naive,736.0,2587.0,,209.19323671497585,1851.0,1851.0,3426201.0,8.848278410271805
Sri Lanka,2024,2024,47,2024-W47,463,2024,51,467,4,seasonal_naive,915.0,3829.0,,209.19323671497585,2914.0,2914.0,8491396.0,13.929704639401427
Brazil,2023,2022,52,2022-W52,364,2023,1,365,1,negative_binomial_climate,28533.0,5602.8186810249,2022.0,8069.193548387097,-22930.1813189751,22930.1813189751,525793215.3210747,2.8416943008584146
Brazil,2023,2023,1,2023-W01,365,2023,2,366,1,negative_binomial_climate,30645.0,21206.8207560317,2022.0,8069.193548387097,-9438.179243968301,9438.179243968301,89079227.44127406,1.169655825873063
Brazil,2023,2023,2,2023-W02,366,2023,3,367,1,negative_binomial_climate,36999.0,22836.6585251505,2022.0,8069.193548387097,-14162.341474849502,14162.341474849502,200571916.05024236,1.755112377702271
Brazil,2023,2023,3,2023-W03,367,2023,4,368,1,negative_binomial_climate,42470.0,35675.143287163,2022.0,8069.193548387097,-6794.856712836998,6794.856712836998,46170077.74798601,0.8420738295706368
Brazil,2023,2023,4,2023-W04,368,2023,5,369,1,negative_binomial_climate,52668.0,44322.3431500543,2022.0,8069.193548387097,-8345.656849945699,8345.656849945699,69649988.25704557,1.0342615776782134
Brazil,2023,2023,5,2023-W05,369,2023,6,370,1,negative_binomial_climate,64987.0,63636.5110247146,2022.0,8069.193548387097,-1350.4889752853996,1350.4889752853996,1823820.4723674087,0.16736356206938932
Brazil,2023,2023,6,2023-W06,370,2023,7,371,1,negative_binomial_climate,66762.0,75456.1667595958,2022.0,8069.193548387097,8694.166759595799,8694.166759595799,75588535.64366052,1.0774517561712997
Brazil,2023,2023,7,2023-W07,371,2023,8,372,1,negative_binomial_climate,77027.0,79478.256208969,2022.0,8069.193548387097,2451.2562089690036,2451.2562089690036,6008657.002009092,0.3037795777570574
Brazil,2023,2023,8,2023-W08,372,2023,9,373,1,negative_binomial_climate,98392.0,87132.5962466599,2022.0,8069.193548387097,-11259.403753340099,11259.403753340099,126774172.88072911,1.3953567584942457
Brazil,2023,2023,9,2023-W09,373,2023,10,374,1,negative_binomial_climate,115216.0,99595.3018873567,2022.0,8069.193548387097,-15620.698112643295,15620.698112643295,244006209.5263378,1.9358437765773537
Brazil,2023,2023,10,2023-W10,374,2023,11,375,1,negative_binomial_climate,131868.0,111626.209131732,2022.0,8069.193548387097,-20241.790868268,20241.790868268,409730097.55469775,2.50852712193451
Brazil,2023,2023,11,2023-W11,375,2023,12,376,1,negative_binomial_climate,160054.0,130509.953256058,2022.0,8069.193548387097,-29544.046743942003,29544.046743942003,872850698.0082301,3.6613382200811615
Brazil,2023,2023,12,2023-W12,376,2023,13,377,1,negative_binomial_climate,171176.0,146881.03647291,2022.0,8069.193548387097,-24294.963527090003,24294.963527090003,590245252.7826335,3.010829196425234
Brazil,2023,2023,13,2023-W13,377,2023,14,378,1,negative_binomial_climate,161477.0,158180.368157611,2022.0,8069.193548387097,-3296.6318423890043,3296.6318423890043,10867781.504253121,0.40854539212880187
Brazil,2023,2023,14,2023-W14,378,2023,15,379,1,negative_binomial_climate,186718.0,157380.086354185,2022.0,8069.193548387097,-29337.913645814988,29337.913645814988,860713177.0892973,3.6357925324122595
Brazil,2023,2023,15,2023-W15,379,2023,16,380,1,negative_binomial_climate,165002.0,172211.430462368,2022.0,8069.193548387097,7209.430462368007,7209.430462368007,51975887.59171978,0.8934511756517549
Brazil,2023,2023,16,2023-W16,380,2023,17,381,1,negative_binomial_climate,148400.0,151798.143587983,2022.0,8069.193548387097,3398.1435879830096,3398.1435879830096,11547379.844550041,0.42112555208968117
Brazil,2023,2023,17,2023-W17,381,2023,18,382,1,negative_binomial_climate,158352.0,139260.813869792,2022.0,8069.193548387097,-19091.186130207992,19091.186130207992,364473387.858246,2.365934837939786
Brazil,2023,2023,18,2023-W18,382,2023,19,383,1,negative_binomial_climate,144376.0,133677.287422005,2022.0,8069.193548387097,-10698.712577995,10698.712577995,114462450.82654843,1.3258713542858942
Brazil,2023,2023,19,2023-W19,383,2023,20,384,1,negative_binomial_climate,121825.0,118990.891446084,2022.0,8069.193548387097,-2834.1085539159976,2834.1085539159976,8032171.295379827,0.3512257497507283
Brazil,2023,2023,20,2023-W20,384,2023,21,385,1,negative_binomial_climate,90703.0,105406.672102722,2022.0,8069.193548387097,14703.672102722005,14703.672102722005,216197973.30436534,1.8221984656274648
Brazil,2023,2023,21,2023-W21,385,2023,22,386,1,negative_binomial_climate,72095.0,79414.2107074598,2022.0,8069.193548387097,7319.2107074598025,7319.2107074598025,53570845.380194224,0.9070560352245852
Brazil,2023,2023,22,2023-W22,386,2023,23,387,1,negative_binomial_climate,55721.0,63972.0663633355,2022.0,8069.193548387097,8251.0663633355,8251.0663633355,68080096.1321665,1.0225391563429231
Brazil,2023,2023,23,2023-W23,387,2023,24,388,1,negative_binomial_climate,48059.0,49613.1554688963,2022.0,8069.193548387097,1554.1554688963006,1554.1554688963006,2415399.22150028,0.19260356807365855
Brazil,2023,2023,24,2023-W24,388,2023,25,389,1,negative_binomial_climate,39160.0,40712.3312640213,2022.0,8069.193548387097,1552.331264021297,1552.331264021297,2409732.353257958,0.1923774977899227
Brazil,2023,2023,25,2023-W25,389,2023,26,390,1,negative_binomial_climate,33459.0,31877.376117096,2022.0,8069.193548387097,-1581.6238829040012,1581.6238829040012,2501534.10697233,0.19600767702742025
Brazil,2023,2023,26,2023-W26,390,2023,27,391,1,negative_binomial_climate,27767.0,27355.0480652229,2022.0,8069.193548387097,-411.95193477709836,411.95193477709836,169704.3965665947,0.051052429503248314
Brazil,2023,2023,27,2023-W27,391,2023,28,392,1,negative_binomial_climate,24236.0,23298.5718550032,2022.0,8069.193548387097,-937.4281449968003,937.4281449968003,878771.5270321419,0.11617370922825085
Brazil,2023,2023,28,2023-W28,392,2023,29,393,1,negative_binomial_climate,20558.0,20612.9019184764,2022.0,8069.193548387097,54.90191847640017,54.90191847640017,3014.22065238929,0.006803891633925944
Brazil,2023,2023,29,2023-W29,393,2023,30,394,1,negative_binomial_climate,18393.0,17354.7020054997,2022.0,8069.193548387097,-1038.297994500299,1038.297994500299,1078062.725383343,0.12867432021231393
Brazil,2023,2023,30,2023-W30,394,2023,31,395,1,negative_binomial_climate,19179.0,15959.990251384,2022.0,8069.193548387097,-3219.0097486159993,3219.0097486159993,10362023.761684839,0.3989258318459133
Brazil,2023,2023,31,2023-W31,395,2023,32,396,1,negative_binomial_climate,17728.0,15473.2857141713,2022.0,8069.193548387097,-2254.7142858287007,2254.7142858287007,5083736.510720028,0.27942250638905325
Brazil,2023,2023,32,2023-W32,396,2023,33,397,1,negative_binomial_climate,17804.0,14774.8700627927,2022.0,8069.193548387097,-3029.129937207301,3029.129937207301,9175628.176485507,0.37539438347129195
Brazil,2023,2023,33,2023-W33,397,2023,34,398,1,negative_binomial_climate,17132.0,15129.7671306397,2022.0,8069.193548387097,-2002.2328693602994,2002.2328693602994,4008936.463146778,0.24813295868464005
Brazil,2023,2023,34,2023-W34,398,2023,35,399,1,negative_binomial_climate,15933.0,14690.4052146995,2022.0,8069.193548387097,-1242.5947853005,1242.5947853005,1544041.8004559956,0.15399243776335925
Brazil,2023,2023,35,2023-W35,399,2023,36,400,1,negative_binomial_climate,14827.0,14146.460561127,2022.0,8069.193548387097,-680.5394388730001,680.5394388730001,463133.92786157783,0.08433797439510285
Brazil,2023,2023,36,2023-W36,400,2023,37,401,1,negative_binomial_climate,17637.0,13787.8410070672,2022.0,8069.193548387097,-3849.1589929328,3849.1589929328,14816024.952875448,0.4770190440781019
Brazil,2023,2023,37,2023-W37,401,2023,38,402,1,negative_binomial_climate,18790.0,14955.2308140978,2022.0,8069.193548387097,-3834.7691859021998,3834.7691859021998,14705454.70914502,0.4752357423213264
Brazil,2023,2023,38,2023-W38,402,2023,39,403,1,negative_binomial_climate,17681.0,15601.2203340307,2022.0,8069.193548387097,-2079.7796659692995,2079.7796659692995,4325483.458979371,0.2577431875314249
Brazil,2023,2023,39,2023-W39,403,2023,40,404,1,negative_binomial_climate,19313.0,16010.0003788774,2022.0,8069.193548387097,-3302.9996211226007,3302.9996211226007,10909806.497136043,0.4093345389865903
Brazil,2023,2023,40,2023-W40,404,2023,41,405,1,negative_binomial_climate,17341.0,18182.6641523614,2022.0,8069.193548387097,841.6641523614016,841.6641523614016,708398.5453702367,0.10430585749546643
Brazil,2023,2023,41,2023-W41,405,2023,42,406,1,negative_binomial_climate,21013.0,17081.5145816566,2022.0,8069.193548387097,-3931.4854183434,3931.4854183434,15456577.594646778,0.4872216033446417
Brazil,2023,2023,42,2023-W42,406,2023,43,407,1,negative_binomial_climate,19662.0,19453.8231073159,2022.0,8069.193548387097,-208.17689268409958,208.17689268409958,43337.618647607116,0.02579897128948045
Brazil,2023,2023,43,2023-W43,407,2023,44,408,1,negative_binomial_climate,18785.0,18950.9579501765,2022.0,8069.193548387097,165.95795017650016,165.95795017650016,27542.04122678571,0.020566857044800036
Brazil,2023,2023,44,2023-W44,408,2023,45,409,1,negative_binomial_climate,24393.0,19314.8646574023,2022.0,8069.193548387097,-5078.1353425976995,5078.1353425976995,25787458.557739854,0.6293237746927929
Brazil,2023,2023,45,2023-W45,409,2023,46,410,1,negative_binomial_climate,22124.0,23566.1168928327,2022.0,8069.193548387097,1442.1168928326988,1442.1168928326988,2079701.1325934376,0.17871883778533915
Brazil,2023,2023,46,2023-W46,410,2023,47,411,1,negative_binomial_climate,27767.0,22481.0336123948,2022.0,8069.193548387097,-5285.9663876052,5285.9663876052,27941440.650891967,0.6550798857293219
Brazil,2023,2023,47,2023-W47,411,2023,48,412,1,negative_binomial_climate,30045.0,27692.7772960405,2022.0,8069.193548387097,-2352.222703959502,2352.222703959502,5532951.64902255,0.29150654149691
Brazil,2023,2023,48,2023-W48,412,2023,49,413,1,negative_binomial_climate,33247.0,30459.2608231876,2022.0,8069.193548387097,-2787.7391768124,2787.7391768124,7771489.717934676,0.345479279942371
Brazil,2023,2023,49,2023-W49,413,2023,50,414,1,negative_binomial_climate,40789.0,34943.6530029647,2022.0,8069.193548387097,-5845.3469970353035,5845.3469970353035,34168081.51574964,0.7244028739654776
Brazil,2023,2023,50,2023-W50,414,2023,51,415,1,negative_binomial_climate,38305.0,40814.8752517942,2022.0,8069.193548387097,2509.8752517941975,2509.8752517941975,6299473.779568986,0.3110441256296153
Brazil,2023,2023,51,2023-W51,415,2023,52,416,1,negative_binomial_climate,2146.0,43009.4411817137,2022.0,8069.193548387097,40863.4411817137,40863.4411817137,1669820825.2113752,5.064129511415878
Brazil,2023,2022,52,2022-W52,364,2023,1,365,1,negative_binomial_epidemiology,28533.0,5378.29223337777,2022.0,8069.193548387097,-23154.707766622232,23154.707766622232,536140491.75767595,2.8695194417849215
Brazil,2023,2023,1,2023-W01,365,2023,2,366,1,negative_binomial_epidemiology,30645.0,21339.592173837,2022.0,8069.193548387097,-9305.407826162998,9305.407826162998,86590614.81121558,1.1532017134504107
Brazil,2023,2023,2,2023-W02,366,2023,3,367,1,negative_binomial_epidemiology,36999.0,22530.2846877345,2022.0,8069.193548387097,-14468.7153122655,14468.7153122655,209343722.78738615,1.7930807119080154
Brazil,2023,2023,3,2023-W03,367,2023,4,368,1,negative_binomial_epidemiology,42470.0,35042.2939416979,2022.0,8069.193548387097,-7427.706058302101,7427.706058302101,55170817.28853773,0.920501660266506
Brazil,2023,2023,4,2023-W04,368,2023,5,369,1,negative_binomial_epidemiology,52668.0,43706.9567935213,2022.0,8069.193548387097,-8961.043206478702,8961.043206478702,80300295.34837809,1.1105252529566443
Brazil,2023,2023,5,2023-W05,369,2023,6,370,1,negative_binomial_epidemiology,64987.0,61796.6436840022,2022.0,8069.193548387097,-3190.3563159978003,3190.3563159978003,10178373.423027055,0.39537486576158554
Brazil,2023,2023,6,2023-W06,370,2023,7,371,1,negative_binomial_epidemiology,66762.0,73602.3135279621,2022.0,8069.193548387097,6840.313527962106,6840.313527962106,46789889.160821386,0.8477072072870746
Brazil,2023,2023,7,2023-W07,371,2023,8,372,1,negative_binomial_epidemiology,77027.0,77226.9239704796,2022.0,8069.193548387097,199.9239704796055,199.9239704796055,39969.59397233016,0.024776202142228587
Brazil,2023,2023,8,2023-W08,372,2023,9,373,1,negative_binomial_epidemiology,98392.0,83352.9487862187,2022.0,8069.193548387097,-15039.051213781306,15039.051213781306,226173061.41073698,1.8637613689149113
Brazil,2023,2023,9,2023-W09,373,2023,10,374,1,negative_binomial_epidemiology,115216.0,96855.7067842098,2022.0,8069.193548387097,-18360.293215790196,18360.293215790196,337100366.9697915,2.2753566518998825
Brazil,2023,2023,10,2023-W10,374,2023,11,375,1,negative_binomial_epidemiology,131868.0,110785.557143575,2022.0,8069.193548387097,-21082.442856424997,21082.442856424997,444469396.7944254,2.6127075438212835
Brazil,2023,2023,11,2023-W11,375,2023,12,376,1,negative_binomial_epidemiology,160054.0,125160.555904678,2022.0,8069.193548387097,-34893.444095322004,34893.444095322004,1217552440.833362,4.324278986008044
Brazil,2023,2023,12,2023-W12,376,2023,13,377,1,negative_binomial_epidemiology,171176.0,146799.596900331,2022.0,8069.193548387097,-24376.403099668998,24376.403099668998,594209028.0775523,3.020921849686138
Brazil,2023,2023,13,2023-W13,377,2023,14,378,1,negative_binomial_epidemiology,161477.0,158056.326571364,2022.0,8069.193548387097,-3420.673428635986,3420.673428635986,11701006.705376273,0.4239176329237665
Brazil,2023,2023,14,2023-W14,378,2023,15,379,1,negative_binomial_epidemiology,186718.0,154653.842528399,2022.0,8069.193548387097,-32064.157471601007,32064.157471601007,1028110194.3636267,3.9736508090092997
Brazil,2023,2023,15,2023-W15,379,2023,16,380,1,negative_binomial_epidemiology,165002.0,168470.831654889,2022.0,8069.193548387097,3468.8316548890143,3468.8316548890143,12032793.049960058,0.4298857914471984
Brazil,2023,2023,16,2023-W16,380,2023,17,381,1,negative_binomial_epidemiology,148400.0,151314.430077378,2022.0,8069.193548387097,2914.430077377998,2914.430077377998,8493902.675925523,0.36117984528460667
Brazil,2023,2023,17,2023-W17,381,2023,18,382,1,negative_binomial_epidemiology,158352.0,137057.657302519,2022.0,8069.193548387097,-21294.342697481014,21294.342697481014,453449030.917763,2.6389678931096423
Brazil,2023,2023,18,2023-W18,382,2023,19,383,1,negative_binomial_epidemiology,144376.0,135154.543797201,2022.0,8069.193548387097,-9221.456202798989,9221.456202798989,85035254.50013994,1.1427977464541312
Brazil,2023,2023,19,2023-W19,383,2023,20,384,1,negative_binomial_epidemiology,121825.0,122063.780738911,2022.0,8069.193548387097,238.78073891099484,238.78073891099484,57016.24127488069,0.029591648468851428
Brazil,2023,2023,20,2023-W20,384,2023,21,385,1,negative_binomial_epidemiology,90703.0,104988.561005078,2022.0,8069.193548387097,14285.561005077994,14285.561005077994,204077253.229805,1.7703827426389407
Brazil,2023,2023,21,2023-W21,385,2023,22,386,1,negative_binomial_epidemiology,72095.0,81643.8004638842,2022.0,8069.193548387097,9548.800463884196,9548.800463884196,91179590.29907504,1.183364905876232
Brazil,2023,2023,22,2023-W22,386,2023,23,387,1,negative_binomial_epidemiology,55721.0,65003.7323492589,2022.0,8069.193548387097,9282.732349258898,9282.732349258898,86169119.86797763,1.1503915841892736
Brazil,2023,2023,23,2023-W23,387,2023,24,388,1,negative_binomial_epidemiology,48059.0,49541.6651427351,2022.0,8069.193548387097,1482.6651427351026,1482.6651427351026,2198295.925481702,0.18374390623353726
Brazil,2023,2023,24,2023-W24,388,2023,25,389,1,negative_binomial_epidemiology,39160.0,40834.010311243,2022.0,8069.193548387097,1674.0103112430006,1674.0103112430006,2802310.522147888,0.20745695356106666
Brazil,2023,2023,25,2023-W25,389,2023,26,390,1,negative_binomial_epidemiology,33459.0,32615.4002657671,2022.0,8069.193548387097,-843.5997342328992,843.5997342328992,711660.5115978182,0.10454573052117722
Brazil,2023,2023,26,2023-W26,390,2023,27,391,1,negative_binomial_epidemiology,27767.0,27614.6078419745,2022.0,8069.193548387097,-152.39215802550098,152.39215802550098,23223.369827669263,0.01888567390429763
Brazil,2023,2023,27,2023-W27,391,2023,28,392,1,negative_binomial_epidemiology,24236.0,23116.0558903015,2022.0,8069.193548387097,-1119.9441096984992,1119.9441096984992,1254274.808848364,0.1387925699120649
Brazil,2023,2023,28,2023-W28,392,2023,29,393,1,negative_binomial_epidemiology,20558.0,20296.2844435004,2022.0,8069.193548387097,-261.7155564995992,261.7155564995992,68495.0325138949,0.03243391733389664
Brazil,2023,2023,29,2023-W29,393,2023,30,394,1,negative_binomial_epidemiology,18393.0,17460.6931819721,2022.0,8069.193548387097,-932.3068180279006,932.3068180279006,869196.0029413089,0.11553903279643774
Brazil,2023,2023,30,2023-W30,394,2023,31,395,1,negative_binomial_epidemiology,19179.0,15687.5304333223,2022.0,8069.193548387097,-3491.4695666777006,3491.4695666777006,12190359.73503657,0.4326912653341411
Brazil,2023,2023,31,2023-W31,395,2023,32,396,1,negative_binomial_epidemiology,17728.0,15682.9626828552,2022.0,8069.193548387097,-2045.037317144801,2045.037317144801,4182177.628514805,0.25343763349852616
Brazil,2023,2023,32,2023-W32,396,2023,33,397,1,negative_binomial_epidemiology,17804.0,14808.3296415173,2022.0,8069.193548387097,-2995.670358482699,2995.670358482699,8974040.896691862,0.3712478007274328
Brazil,2023,2023,33,2023-W33,397,2023,34,398,1,negative_binomial_epidemiology,17132.0,15050.4311595446,2022.0,8069.193548387097,-2081.5688404554003,2081.5688404554003,4332928.837554839,0.25796491656486203
Brazil,2023,2023,34,2023-W34,398,2023,35,399,1,negative_binomial_epidemiology,15933.0,14851.1107301244,2022.0,8069.193548387097,-1081.8892698756008,1081.8892698756008,1170484.3922719606,0.13407650509162136
Brazil,2023,2023,35,2023-W35,399,2023,36,400,1,negative_binomial_epidemiology,14827.0,14450.2471342861,2022.0,8069.193548387097,-376.75286571389915,376.75286571389915,141942.72182363534,0.04669027498902986
Brazil,2023,2023,36,2023-W36,400,2023,37,401,1,negative_binomial_epidemiology,17637.0,13843.0331843343,2022.0,8069.193548387097,-3793.966815665701,3793.966815665701,14394184.198372537,0.4701791812174408
Brazil,2023,2023,37,2023-W37,401,2023,38,402,1,negative_binomial_epidemiology,18790.0,15623.5018310207,2022.0,8069.193548387097,-3166.4981689793003,3166.4981689793003,10026710.654149262,0.39241817041459276
Brazil,2023,2023,38,2023-W38,402,2023,39,403,1,negative_binomial_epidemiology,17681.0,16615.2733861854,2022.0,8069.193548387097,-1065.7266138146006,1065.7266138146006,1135773.2153927349,0.13207349748446948
Brazil,2023,2023,39,2023-W39,403,2023,40,404,1,negative_binomial_epidemiology,19313.0,16721.7730745807,2022.0,8069.193548387097,-2591.2269254193016,2591.2269254193016,6714456.979017966,0.3211258857382652
Brazil,2023,2023,40,2023-W40,404,2023,41,405,1,negative_binomial_epidemiology,17341.0,18381.0626002945,2022.0,8069.193548387097,1040.0626002944991,1040.0626002944991,1081730.212531355,0.12889300449391142
Brazil,2023,2023,41,2023-W41,405,2023,42,406,1,negative_binomial_epidemiology,21013.0,17645.5963273337,2022.0,8069.193548387097,-3367.4036726663,3367.4036726663,11339407.494686484,0.4173160121235895
Brazil,2023,2023,42,2023-W42,406,2023,43,407,1,negative_binomial_epidemiology,19662.0,20592.660410891,2022.0,8069.193548387097,930.6604108909996,930.6604108909996,866128.8003998043,0.11533499665242555
Brazil,2023,2023,43,2023-W43,407,2023,44,408,1,negative_binomial_epidemiology,18785.0,20000.844049733,2022.0,8069.193548387097,1215.8440497330012,1215.8440497330012,1478276.7532711446,0.15067726935066875
Brazil,2023,2023,44,2023-W44,408,2023,45,409,1,negative_binomial_epidemiology,24393.0,20111.3775847946,2022.0,8069.193548387097,-4281.622415205398,4281.622415205398,18332290.50638931,0.5306134236997235
Brazil,2023,2023,45,2023-W45,409,2023,46,410,1,negative_binomial_epidemiology,22124.0,24140.8313783008,2022.0,8069.193548387097,2016.8313783008016,2016.8313783008016,4067608.808498711,0.24994212447710268
Brazil,2023,2023,46,2023-W46,410,2023,47,411,1,negative_binomial_epidemiology,27767.0,23496.9777823834,2022.0,8069.193548387097,-4270.022217616599,4270.022217616599,18233089.73893938,0.5291758330013175
Brazil,2023,2023,47,2023-W47,411,2023,48,412,1,negative_binomial_epidemiology,30045.0,28596.8051604644,2022.0,8069.193548387097,-1448.1948395356012,1448.1948395356012,2097268.2932575457,0.17947206630395826
Brazil,2023,2023,48,2023-W48,412,2023,49,413,1,negative_binomial_epidemiology,33247.0,31117.3184820951,2022.0,8069.193548387097,-2129.681517904901,2129.681517904901,4535543.367705722,0.26392743031062754
Brazil,2023,2023,49,2023-W49,413,2023,50,414,1,negative_binomial_epidemiology,40789.0,35536.2742325486,2022.0,8069.193548387097,-5252.725767451397,5252.725767451397,27591127.988047864,0.6509604381098695
Brazil,2023,2023,50,2023-W50,414,2023,51,415,1,negative_binomial_epidemiology,38305.0,42349.9685932373,2022.0,8069.193548387097,4044.968593237303,4044.968593237303,16361770.920276167,0.501285360052595
Brazil,2023,2023,51,2023-W51,415,2023,52,416,1,negative_binomial_epidemiology,2146.0,42916.8075502699,2022.0,8069.193548387097,40770.8075502699,40770.8075502699,1662258748.301145,5.052649599465777
Brazil,2023,2022,51,2022-W51,363,2023,1,365,2,negative_binomial_climate,28533.0,14849.2290414054,2022.0,8069.193548387097,-13683.7709585946,13683.7709585946,187245587.64727697,1.6958040325268648
Brazil,2023,2022,52,2022-W52,364,2023,2,366,2,negative_binomial_climate,30645.0,6875.24286626036,2022.0,8069.193548387097,-23769.75713373964,23769.75713373964,565001354.1969665,2.9457413545980486
Brazil,2023,2023,1,2023-W01,365,2023,3,367,2,negative_binomial_climate,36999.0,19645.5229813207,2022.0,8069.193548387097,-17353.4770186793,17353.4770186793,301143164.63783056,2.150583811705444
Brazil,2023,2023,2,2023-W02,366,2023,4,368,2,negative_binomial_climate,42470.0,25911.1663796354,2022.0,8069.193548387097,-16558.8336203646,16558.8336203646,274194970.866917,2.0521051479394057
Brazil,2023,2023,3,2023-W03,367,2023,5,369,2,negative_binomial_climate,52668.0,38372.6829286564,2022.0,8069.193548387097,-14295.317071343597,14295.317071343597,204356090.1702477,1.7715917936063144
Brazil,2023,2023,4,2023-W04,368,2023,6,370,2,negative_binomial_climate,64987.0,50913.3467464374,2022.0,8069.193548387097,-14073.653253562603,14073.653253562603,198067715.90151325,1.74412141302221
Brazil,2023,2023,5,2023-W05,369,2023,7,371,2,negative_binomial_climate,66762.0,76824.7225954009,2022.0,8069.193548387097,10062.722595400905,10062.722595400905,101258386.03199191,1.247054310329721
Brazil,2023,2023,6,2023-W06,370,2023,8,372,2,negative_binomial_climate,77027.0,89925.3006902784,2022.0,8069.193548387097,12898.300690278396,12898.300690278396,166366160.69683614,1.5984621775315528
Brazil,2023,2023,7,2023-W07,371,2023,9,373,2,negative_binomial_climate,98392.0,95020.7651257614,2022.0,8069.193548387097,-3371.234874238595,3371.234874238595,11365224.577282514,0.41779080573825755
Brazil,2023,2023,8,2023-W08,372,2023,10,374,2,negative_binomial_climate,115216.0,101144.839926141,2022.0,8069.193548387097,-14071.160073859006,14071.160073859006,197997545.8241638,1.743812437944509
Brazil,2023,2023,9,2023-W09,373,2023,11,375,2,negative_binomial_climate,131868.0,106708.729992207,2022.0,8069.193548387097,-25159.270007793006,25159.270007793006,632988867.3250327,3.11794107514275
Brazil,2023,2023,10,2023-W10,374,2023,12,376,2,negative_binomial_climate,160054.0,115962.12988151,2022.0,8069.193548387097,-44091.87011849,44091.87011849,1944093010.5457911,5.464222645558336
Brazil,2023,2023,11,2023-W11,375,2023,13,377,2,negative_binomial_climate,171176.0,136168.705705452,2022.0,8069.193548387097,-35007.29429454799,35007.29429454799,1225510653.825092,4.338388227352087
Brazil,2023,2023,12,2023-W12,376,2023,14,378,2,negative_binomial_climate,161477.0,146748.076212496,2022.0,8069.193548387097,-14728.923787503998,14728.923787503998,216941195.9381011,1.8253278594919904
Brazil,2023,2023,13,2023-W13,377,2023,15,379,2,negative_binomial_climate,186718.0,155086.258759634,2022.0,8069.193548387097,-31631.741240366013,31631.741240366013,1000567053.897472,3.9200622776843286
Brazil,2023,2023,14,2023-W14,378,2023,16,380,2,negative_binomial_climate,165002.0,153604.920263466,2022.0,8069.193548387097,-11397.079736534011,11397.079736534011,129893426.52091417,1.4124186844932114
Brazil,2023,2023,15,2023-W15,379,2023,17,381,2,negative_binomial_climate,148400.0,163316.508029571,2022.0,8069.193548387097,14916.508029571007,14916.508029571007,222502211.79625633,1.8485748222698883
Brazil,2023,2023,16,2023-W16,380,2023,18,382,2,negative_binomial_climate,158352.0,142704.362063799,2022.0,8069.193548387097,-15647.637936201005,15647.637936201005,244848572.98243684,1.939182378309505
Brazil,2023,2023,17,2023-W17,381,2023,19,383,2,negative_binomial_climate,144376.0,128307.248525081,2022.0,8069.193548387097,-16068.751474919001,16068.751474919001,258204773.96271157,1.9913701881808112
Brazil,2023,2023,18,2023-W18,382,2023,20,384,2,negative_binomial_climate,121825.0,116707.560791152,2022.0,8069.193548387097,-5117.439208847994,5117.439208847994,26188184.056254786,0.6341946290123242
Brazil,2023,2023,19,2023-W19,383,2023,21,385,2,negative_binomial_climate,90703.0,101946.478759411,2022.0,8069.193548387097,11243.478759410995,11243.478759410995,126415814.6133262,1.3933832039086964
Brazil,2023,2023,20,2023-W20,384,2023,22,386,2,negative_binomial_climate,72095.0,92045.3812503133,2022.0,8069.193548387097,19950.381250313294,19950.381250313294,398017712.03285223,2.472413275339152
Brazil,2023,2023,21,2023-W21,385,2023,23,387,2,negative_binomial_climate,55721.0,67745.4435729724,2022.0,8069.193548387097,12024.443572972406,12024.443572972406,144587243.2395974,1.4901667063588904
Brazil,2023,2023,22,2023-W22,386,2023,24,388,2,negative_binomial_climate,48059.0,53617.1838118158,2022.0,8069.193548387097,5558.1838118157975,5558.1838118157975,30893407.28593119,0.6888152798028733
Brazil,2023,2023,23,2023-W23,387,2023,25,389,2,negative_binomial_climate,39160.0,42558.8325156465,2022.0,8069.193548387097,3398.8325156465,3398.8325156465,11552062.469415914,0.42121092960099743
Brazil,2023,2023,24,2023-W24,388,2023,26,390,2,negative_binomial_climate,33459.0,34233.765744142,2022.0,8069.193548387097,774.7657441420015,774.7657441420015,600261.9582959093,0.09601526342082412
Brazil,2023,2023,25,2023-W25,389,2023,27,391,2,negative_binomial_climate,27767.0,26458.1791557554,2022.0,8069.193548387097,-1308.8208442446012,1308.8208442446012,1713012.0023291507,0.16219970885519452
Brazil,2023,2023,26,2023-W26,390,2023,28,392,2,negative_binomial_climate,24236.0,23153.6516590972,2022.0,8069.193548387097,-1082.3483409028013,1082.3483409028013,1171477.9310550466,0.13413339690174436
Brazil,2023,2023,27,2023-W27,391,2023,29,393,2,negative_binomial_climate,20558.0,19903.2405220322,2022.0,8069.193548387097,-654.7594779678002,654.7594779678002,428709.9739886662,0.08114311226289475
Brazil,2023,2023,28,2023-W28,392,2023,30,394,2,negative_binomial_climate,18393.0,18486.8380334174,2022.0,8069.193548387097,93.83803341739986,93.83803341739986,8805.576515645052,0.011629171224447402
Brazil,2023,2023,29,2023-W29,393,2023,31,395,2,negative_binomial_climate,19179.0,15458.0532681279,2022.0,8069.193548387097,-3720.9467318721,3720.9467318721,13845444.58142966,0.4611299393872958
Brazil,2023,2023,30,2023-W30,394,2023,32,396,2,negative_binomial_climate,17728.0,14594.5807275882,2022.0,8069.193548387097,-3133.4192724118,3133.4192724118,9818316.336721696,0.3883187648954239
Brazil,2023,2023,31,2023-W31,395,2023,33,397,2,negative_binomial_climate,17804.0,13384.8087453018,2022.0,8069.193548387097,-4419.1912546982,4419.1912546982,19529251.345601052,0.5476620715810598
Brazil,2023,2023,32,2023-W32,396,2023,34,398,2,negative_binomial_climate,17132.0,13665.1850329283,2022.0,8069.193548387097,-3466.8149670716994,3466.8149670716994,12018806.015912348,0.4296358671139646
Brazil,2023,2023,33,2023-W33,397,2023,35,399,2,negative_binomial_climate,15933.0,14224.4460032687,2022.0,8069.193548387097,-1708.5539967312998,1708.5539967312998,2919156.7597464984,0.21173788761986165
Brazil,2023,2023,34,2023-W34,398,2023,36,400,2,negative_binomial_climate,14827.0,13775.1883518415,2022.0,8069.193548387097,-1051.8116481585002,1051.8116481585002,1106307.7432019007,0.13034904192733618
Brazil,2023,2023,35,2023-W35,399,2023,37,401,2,negative_binomial_climate,17637.0,13311.9489604769,2022.0,8069.193548387097,-4325.0510395230995,4325.0510395230995,18706066.494479842,0.5359954515389718
Brazil,2023,2023,36,2023-W36,400,2023,38,402,2,negative_binomial_climate,18790.0,13239.6882788264,2022.0,8069.193548387097,-5550.311721173601,5550.311721173601,30805960.20219706,0.6878397063958169
Brazil,2023,2023,37,2023-W37,401,2023,39,403,2,negative_binomial_climate,17681.0,14105.4461882621,2022.0,8069.193548387097,-3575.5538117379,3575.5538117379,12784585.060633427,0.4431116678881245
Brazil,2023,2023,38,2023-W38,402,2023,40,404,2,negative_binomial_climate,19313.0,14707.2607508797,2022.0,8069.193548387097,-4605.739249120301,4605.739249120301,21212834.03088723,0.5707806141347191
Brazil,2023,2023,39,2023-W39,403,2023,41,405,2,negative_binomial_climate,17341.0,15182.0595755398,2022.0,8069.193548387097,-2158.940424460199,2158.940424460199,4661023.756368385,0.26755343164271195
Brazil,2023,2023,40,2023-W40,404,2023,42,406,2,negative_binomial_climate,21013.0,17648.1413462696,2022.0,8069.193548387097,-3364.8586537304,3364.8586537304,11322273.75958436,0.4170006127071994
Brazil,2023,2023,41,2023-W41,405,2023,43,407,2,negative_binomial_climate,19662.0,17247.2245962673,2022.0,8069.193548387097,-2414.7754037326995,2414.7754037326995,5831140.250472422,0.2992585800864046
Brazil,2023,2023,42,2023-W42,406,2023,44,408,2,negative_binomial_climate,18785.0,18654.2793677044,2022.0,8069.193548387097,-130.7206322956008,130.7206322956008,17087.883707761674,0.01619996242644716
Brazil,2023,2023,43,2023-W43,407,2023,45,409,2,negative_binomial_climate,24393.0,18714.944589637,2022.0,8069.193548387097,-5678.055410362998,5678.055410362998,32240313.243152518,0.7036707418547361
Brazil,2023,2023,44,2023-W44,408,2023,46,410,2,negative_binomial_climate,22124.0,19163.7167173541,2022.0,8069.193548387097,-2960.2832826459016,2960.2832826459016,8763277.113512795,0.3668623468868974
Brazil,2023,2023,45,2023-W45,409,2023,47,411,2,negative_binomial_climate,27767.0,23692.778044638,2022.0,8069.193548387097,-4074.2219553620016,4074.2219553620016,16599284.541553771,0.5049106742738094
Brazil,2023,2023,46,2023-W46,410,2023,48,412,2,negative_binomial_climate,30045.0,23603.8092345361,2022.0,8069.193548387097,-6441.1907654639,6441.1907654639,41488938.47709742,0.7982446730071794
Brazil,2023,2023,47,2023-W47,411,2023,49,413,2,negative_binomial_climate,33247.0,27534.1706856146,2022.0,8069.193548387097,-5712.829314385399,5712.829314385399,32636418.775301147,0.7079802064640404
Brazil,2023,2023,48,2023-W48,412,2023,50,414,2,negative_binomial_climate,40789.0,32171.3743097281,2022.0,8069.193548387097,-8617.6256902719,8617.6256902719,74263472.53763424,1.0679661652178891
Brazil,2023,2023,49,2023-W49,413,2023,51,415,2,negative_binomial_climate,38305.0,37207.729923835,2022.0,8069.193548387097,-1097.2700761649976,1097.2700761649976,1204001.6200471397,0.13598261952513513
Brazil,2023,2023,50,2023-W50,414,2023,52,416,2,negative_binomial_climate,2146.0,42375.3250297063,2022.0,8069.193548387097,40229.3250297063,40229.3250297063,1618398592.3457537,4.985544687764678
Brazil,2023,2022,51,2022-W51,363,2023,1,365,2,negative_binomial_epidemiology,28533.0,13842.3845908534,2022.0,8069.193548387097,-14690.6154091466,14690.6154091466,215814181.0994555,1.8205803741171904
Brazil,2023,2022,52,2022-W52,364,2023,2,366,2,negative_binomial_epidemiology,30645.0,6217.50038927333,2022.0,8069.193548387097,-24427.49961072667,24427.49961072667,596702737.2320516,3.027254144326398
Brazil,2023,2023,1,2023-W01,365,2023,3,367,2,negative_binomial_epidemiology,36999.0,19196.0667793812,2022.0,8069.193548387097,-17802.9332206188,17802.9332206188,316944431.2578125,2.206284074593467
Brazil,2023,2023,2,2023-W02,366,2023,4,368,2,negative_binomial_epidemiology,42470.0,24844.0355276793,2022.0,8069.193548387097,-17625.9644723207,17625.9644723207,310674623.57951146,2.1843526700191553
Brazil,2023,2023,3,2023-W03,367,2023,5,369,2,negative_binomial_epidemiology,52668.0,37812.0029113892,2022.0,8069.193548387097,-14855.997088610799,14855.997088610799,220700649.49681252,1.8410758150150304
Brazil,2023,2023,4,2023-W04,368,2023,6,370,2,negative_binomial_epidemiology,64987.0,49512.0263879491,2022.0,8069.193548387097,-15474.973612050897,15474.973612050897,239474808.29367158,1.9177844129348092
Brazil,2023,2023,5,2023-W05,369,2023,7,371,2,negative_binomial_epidemiology,66762.0,70153.5483257252,2022.0,8069.193548387097,3391.5483257252054,3391.5483257252054,11502600.045729443,0.4203082136260224
Brazil,2023,2023,6,2023-W06,370,2023,8,372,2,negative_binomial_epidemiology,77027.0,82967.0638378226,2022.0,8069.193548387097,5940.063837822599,5940.063837822599,35284358.39740775,0.7361409541366031
Brazil,2023,2023,7,2023-W07,371,2023,9,373,2,negative_binomial_epidemiology,98392.0,86996.4215057848,2022.0,8069.193548387097,-11395.578494215195,11395.578494215195,129859209.21781985,1.4122326383524397
Brazil,2023,2023,8,2023-W08,372,2023,10,374,2,negative_binomial_epidemiology,115216.0,90755.6084802248,2022.0,8069.193548387097,-24460.391519775207,24460.391519775207,598310753.3006909,3.031330376833562
Brazil,2023,2023,9,2023-W09,373,2023,11,375,2,negative_binomial_epidemiology,131868.0,99597.3159120567,2022.0,8069.193548387097,-32270.6840879433,32270.6840879433,1041397051.5038369,3.9992452646514716
Brazil,2023,2023,10,2023-W10,374,2023,12,376,2,negative_binomial_epidemiology,160054.0,113005.369132418,2022.0,8069.193548387097,-47048.630867582004,47048.630867582004,2213573666.51399,5.830648451478311
Brazil,2023,2023,11,2023-W11,375,2023,13,377,2,negative_binomial_epidemiology,171176.0,125744.89496085,2022.0,8069.193548387097,-45431.10503915,45431.10503915,2063985305.0782807,5.63019151377661
Brazil,2023,2023,12,2023-W12,376,2023,14,378,2,negative_binomial_epidemiology,161477.0,144802.719079755,2022.0,8069.193548387097,-16674.280920244986,16674.280920244986,278031644.207246,2.066412314967697
Brazil,2023,2023,13,2023-W13,377,2023,15,379,2,negative_binomial_epidemiology,186718.0,154819.920305622,2022.0,8069.193548387097,-31898.079694377986,31898.079694377986,1017487488.1888891,3.9530691020236968
Brazil,2023,2023,14,2023-W14,378,2023,16,380,2,negative_binomial_epidemiology,165002.0,149839.227106941,2022.0,8069.193548387097,-15162.77289305901,15162.77289305901,229909681.8064851,1.879093964240058
Brazil,2023,2023,15,2023-W15,379,2023,17,381,2,negative_binomial_epidemiology,148400.0,157916.337346228,2022.0,8069.193548387097,9516.337346228014,9516.337346228014,90560676.48721404,1.1793418126809188
Brazil,2023,2023,16,2023-W16,380,2023,18,382,2,negative_binomial_epidemiology,158352.0,141817.565750194,2022.0,8069.193548387097,-16534.434249806014,16534.434249806014,273387515.96115816,2.049081379775676
Brazil,2023,2023,17,2023-W17,381,2023,19,383,2,negative_binomial_epidemiology,144376.0,124926.889333109,2022.0,8069.193548387097,-19449.110666891007,19449.110666891007,378267905.7329736,2.410291753477468
Brazil,2023,2023,18,2023-W18,382,2023,20,384,2,negative_binomial_epidemiology,121825.0,119611.307890133,2022.0,8069.193548387097,-2213.692109866999,2213.692109866999,4900432.757287406,0.2743387051745067
Brazil,2023,2023,19,2023-W19,383,2023,21,385,2,negative_binomial_epidemiology,90703.0,107573.951585438,2022.0,8069.193548387097,16870.951585438,16870.951585438,284629007.398193,2.0907853410964763
Brazil,2023,2023,20,2023-W20,384,2023,22,386,2,negative_binomial_epidemiology,72095.0,91466.1733459752,2022.0,8069.193548387097,19371.1733459752,19371.1733459752,375242356.79982,2.4006331276868664
Brazil,2023,2023,21,2023-W21,385,2023,23,387,2,negative_binomial_epidemiology,55721.0,70966.1306818203,2022.0,8069.193548387097,15245.130681820301,15245.130681820301,232414009.50577873,1.8893004103077389
Brazil,2023,2023,22,2023-W22,386,2023,24,388,2,negative_binomial_epidemiology,48059.0,55550.4402667462,2022.0,8069.193548387097,7491.440266746198,7491.440266746198,56121677.27022635,0.928400121006345
Brazil,2023,2023,23,2023-W23,387,2023,25,389,2,negative_binomial_epidemiology,39160.0,41935.1134251635,2022.0,8069.193548387097,2775.1134251635012,2775.1134251635012,7701254.5225227,0.3439145942556059
Brazil,2023,2023,24,2023-W24,388,2023,26,390,2,negative_binomial_epidemiology,33459.0,34059.9020065865,2022.0,8069.193548387097,600.902006586497,600.902006586497,361083.2215196785,0.07446865699566814
Brazil,2023,2023,25,2023-W25,389,2023,27,391,2,negative_binomial_epidemiology,27767.0,27281.1772431649,2022.0,8069.193548387097,-485.8227568350994,485.8227568350994,236023.75105885614,0.06020710172854977
Brazil,2023,2023,26,2023-W26,390,2023,28,392,2,negative_binomial_epidemiology,24236.0,23030.3431508825,2022.0,8069.193548387097,-1205.6568491174985,1205.6568491174985,1453608.4378239345,0.1494147887131162
Brazil,2023,2023,27,2023-W27,391,2023,29,393,2,negative_binomial_epidemiology,20558.0,19494.2509513783,2022.0,8069.193548387097,-1063.7490486216993,1063.7490486216993,1131562.0384435705,0.13182842154459484
Brazil,2023,2023,28,2023-W28,392,2023,30,394,2,negative_binomial_epidemiology,18393.0,17244.392410745,2022.0,8069.193548387097,-1148.6075892549998,1148.6075892549998,1319299.3940941822,0.14234478109458512
Brazil,2023,2023,29,2023-W29,393,2023,31,395,2,negative_binomial_epidemiology,19179.0,15077.099454213,2022.0,8069.193548387097,-4101.900545787001,4101.900545787001,16825588.087527696,0.5083408299961903
Brazil,2023,2023,30,2023-W30,394,2023,32,396,2,negative_binomial_epidemiology,17728.0,13665.9819077856,2022.0,8069.193548387097,-4062.018092214401,4062.018092214401,16499990.98147712,0.5033982724365725
Brazil,2023,2023,31,2023-W31,395,2023,33,397,2,negative_binomial_epidemiology,17804.0,13728.6145316559,2022.0,8069.193548387097,-4075.3854683441004,4075.3854683441004,16608766.715590263,0.5050548662522422
Brazil,2023,2023,32,2023-W32,396,2023,34,398,2,negative_binomial_epidemiology,17132.0,13298.4032004573,2022.0,8069.193548387097,-3833.5967995427,3833.5967995427,14696464.421464032,0.4750904506818993
Brazil,2023,2023,33,2023-W33,397,2023,35,399,2,negative_binomial_epidemiology,15933.0,13654.7269382858,2022.0,8069.193548387097,-2278.2730617142006,2278.2730617142006,5190528.143732598,0.28234210123384523
Brazil,2023,2023,34,2023-W34,398,2023,36,400,2,negative_binomial_epidemiology,14827.0,13779.5796853717,2022.0,8069.193548387097,-1047.4203146282998,1047.4203146282998,1097089.3154960466,0.12980483221122666
Brazil,2023,2023,35,2023-W35,399,2023,37,401,2,negative_binomial_epidemiology,17637.0,13649.3668979224,2022.0,8069.193548387097,-3987.6331020775997,3987.6331020775997,15901217.75678502,0.4941798803270327
Brazil,2023,2023,36,2023-W36,400,2023,38,402,2,negative_binomial_epidemiology,18790.0,13255.9250472503,2022.0,8069.193548387097,-5534.074952749699,5534.074952749699,30625985.582651585,0.6858275141827367
Brazil,2023,2023,37,2023-W37,401,2023,39,403,2,negative_binomial_epidemiology,17681.0,14910.5156702837,2022.0,8069.193548387097,-2770.4843297163006,2770.4843297163006,7675583.42120358,0.3433409191517133
Brazil,2023,2023,38,2023-W38,402,2023,40,404,2,negative_binomial_epidemiology,19313.0,16242.6900496789,2022.0,8069.193548387097,-3070.3099503210997,3070.3099503210997,9426803.191040754,0.38049774514763074
Brazil,2023,2023,39,2023-W39,403,2023,41,405,2,negative_binomial_epidemiology,17341.0,16676.3332913217,2022.0,8069.193548387097,-664.6667086783018,664.6667086783018,441781.83362524654,0.08237089675599095
Brazil,2023,2023,40,2023-W40,404,2023,42,406,2,negative_binomial_epidemiology,21013.0,18406.25519858,2022.0,8069.193548387097,-2606.7448014200017,2606.7448014200017,6795118.459730204,0.3230489869636413
Brazil,2023,2023,41,2023-W41,405,2023,43,407,2,negative_binomial_epidemiology,19662.0,18159.4158766394,2022.0,8069.193548387097,-1502.5841233606006,1502.5841233606006,2257759.047775345,0.1862124280884232
Brazil,2023,2023,42,2023-W42,406,2023,44,408,2,negative_binomial_epidemiology,18785.0,20902.2713365565,2022.0,8069.193548387097,2117.2713365564996,2117.2713365564996,4482837.912603746,0.2623894598462951
Brazil,2023,2023,43,2023-W43,407,2023,45,409,2,negative_binomial_epidemiology,24393.0,20962.9359270804,2022.0,8069.193548387097,-3430.0640729195984,3430.0640729195984,11765339.544333784,0.42508139783128807
Brazil,2023,2023,44,2023-W44,408,2023,46,410,2,negative_binomial_epidemiology,22124.0,21113.6534517964,2022.0,8069.193548387097,-1010.3465482036008,1010.3465482036008,1020800.1474669311,0.12521034997426145
Brazil,2023,2023,45,2023-W45,409,2023,47,411,2,negative_binomial_epidemiology,27767.0,24993.4529811516,2022.0,8069.193548387097,-2773.5470188483996,2773.5470188483996,7692563.065762845,0.34372047246317294
Brazil,2023,2023,46,2023-W46,410,2023,48,412,2,negative_binomial_epidemiology,30045.0,25219.8315922019,2022.0,8069.193548387097,-4825.168407798101,4825.168407798101,23282250.16361286,0.5979740576135486
Brazil,2023,2023,47,2023-W47,411,2023,49,413,2,negative_binomial_epidemiology,33247.0,30105.4257976227,2022.0,8069.193548387097,-3141.574202377298,3141.574202377298,9869488.469042558,0.3893293900485568
Brazil,2023,2023,48,2023-W48,412,2023,50,414,2,negative_binomial_epidemiology,40789.0,33538.7627460989,2022.0,8069.193548387097,-7250.237253901098,7250.237253901098,52565940.23785533,0.8985082846786225
Brazil,2023,2023,49,2023-W49,413,2023,51,415,2,negative_binomial_epidemiology,38305.0,38386.0608264798,2022.0,8069.193548387097,81.06082647979929,81.06082647979929,6570.8575895881295,0.010045715968233537
Brazil,2023,2023,50,2023-W50,414,2023,52,416,2,negative_binomial_epidemiology,2146.0,45617.8414087753,2022.0,8069.193548387097,43471.8414087753,43471.8414087753,1889800995.4697106,5.387383652169879
Brazil,2023,2022,49,2022-W49,361,2023,1,365,4,negative_binomial_climate,28533.0,26056.1833644199,2022.0,8069.193548387097,-2476.8166355801004,2476.8166355801004,6134620.646286328,0.30694723341655084
Brazil,2023,2022,50,2022-W50,362,2023,2,366,4,negative_binomial_climate,30645.0,26115.1891149883,2022.0,8069.193548387097,-4529.810885011699,4529.810885011699,20519186.65397047,0.5613709545877897
Brazil,2023,2022,51,2022-W51,363,2023,3,367,4,negative_binomial_climate,36999.0,18450.4091126449,2022.0,8069.193548387097,-18548.5908873551,18548.5908873551,344050223.90647274,2.2986920286554127
Brazil,2023,2022,52,2022-W52,364,2023,4,368,4,negative_binomial_climate,42470.0,8096.01423422551,2022.0,8069.193548387097,-34373.98576577449,34373.98576577449,1181570897.425667,4.259903490931296
Brazil,2023,2023,1,2023-W01,365,2023,5,369,4,negative_binomial_climate,52668.0,25225.2615160251,2022.0,8069.193548387097,-27442.7384839749,27442.7384839749,753103895.4998369,3.4009270343329745
Brazil,2023,2023,2,2023-W02,366,2023,6,370,4,negative_binomial_climate,64987.0,34656.3644254095,2022.0,8069.193548387097,-30330.635574590502,30330.635574590502,919947454.3586149,3.7588186964053074
Brazil,2023,2023,3,2023-W03,367,2023,7,371,4,negative_binomial_climate,66762.0,56057.5333689926,2022.0,8069.193548387097,-10704.466631007403,10704.466631007403,114585605.85435097,1.3265844432678227
Brazil,2023,2023,4,2023-W04,368,2023,8,372,4,negative_binomial_climate,77027.0,59773.9112957841,2022.0,8069.193548387097,-17253.0887042159,17253.0887042159,297669069.8355423,2.1381428764544284
Brazil,2023,2023,5,2023-W05,369,2023,9,373,4,negative_binomial_climate,98392.0,111174.391077829,2022.0,8069.193548387097,12782.391077829001,12782.391077829001,163389521.66656244,1.5840977169749506
Brazil,2023,2023,6,2023-W06,370,2023,10,374,4,negative_binomial_climate,115216.0,125112.650757991,2022.0,8069.193548387097,9896.650757990996,9896.650757990996,97943696.22564375,1.2264733394540002
Brazil,2023,2023,7,2023-W07,371,2023,11,375,4,negative_binomial_climate,131868.0,125778.778000863,2022.0,8069.193548387097,-6089.221999136993,6089.221999136993,37078624.55477392,0.7546258449029435
Brazil,2023,2023,8,2023-W08,372,2023,12,376,4,negative_binomial_climate,160054.0,120539.969042663,2022.0,8069.193548387097,-39514.030957337,39514.030957337,1561358642.497387,4.8968996369203746
Brazil,2023,2023,9,2023-W09,373,2023,13,377,4,negative_binomial_climate,171176.0,118711.104786511,2022.0,8069.193548387097,-52464.895213489,52464.895213489,2752565229.762381,6.501875918439941
Brazil,2023,2023,10,2023-W10,374,2023,14,378,4,negative_binomial_climate,161477.0,122484.535252316,2022.0,8069.193548387097,-38992.464747684004,38992.464747684004,1520412307.0993798,4.832262916221408
Brazil,2023,2023,11,2023-W11,375,2023,15,379,4,negative_binomial_climate,186718.0,142225.486480253,2022.0,8069.193548387097,-44492.51351974701,44492.51351974701,1979583759.3048704,5.513873629743378
Brazil,2023,2023,12,2023-W12,376,2023,16,380,4,negative_binomial_climate,165002.0,144595.534044752,2022.0,8069.193548387097,-20406.465955247986,20406.465955247986,416423852.7826951,2.5289349961529815
Brazil,2023,2023,13,2023-W13,377,2023,17,381,4,negative_binomial_climate,148400.0,144403.131561099,2022.0,8069.193548387097,-3996.8684389010014,3996.8684389010014,15974957.317882927,0.495324398272726
Brazil,2023,2023,14,2023-W14,378,2023,18,382,4,negative_binomial_climate,158352.0,138692.855811679,2022.0,8069.193548387097,-19659.14418832099,19659.14418832099,386481950.21719503,2.4363208132801004
Brazil,2023,2023,15,2023-W15,379,2023,19,383,4,negative_binomial_climate,144376.0,142557.510264347,2022.0,8069.193548387097,-1818.4897356530128,1818.4897356530128,3306904.918675364,0.22536201725096802
Brazil,2023,2023,16,2023-W16,380,2023,20,384,4,negative_binomial_climate,121825.0,118985.573579843,2022.0,8069.193548387097,-2839.426420157004,2839.426420157004,8062342.395485619,0.3518847829253718
Brazil,2023,2023,17,2023-W17,381,2023,21,385,4,negative_binomial_climate,90703.0,104719.445071873,2022.0,8069.193548387097,14016.445071872993,14016.445071872993,196460732.45283273,1.7370317105201496
Brazil,2023,2023,18,2023-W18,382,2023,22,386,4,negative_binomial_climate,72095.0,89957.0880947343,2022.0,8069.193548387097,17862.088094734296,17862.088094734296,319054191.10404867,2.2136150270313744
Brazil,2023,2023,19,2023-W19,383,2023,23,387,4,negative_binomial_climate,55721.0,76627.0571621754,2022.0,8069.193548387097,20906.057162175406,20906.057162175406,437063226.0681456,2.5908483960400472
Brazil,2023,2023,20,2023-W20,384,2023,24,388,4,negative_binomial_climate,48059.0,70255.9648307688,2022.0,8069.193548387097,22196.964830768804,22196.964830768804,492705247.69838715,2.750828158683295
Brazil,2023,2023,21,2023-W21,385,2023,25,389,4,negative_binomial_climate,39160.0,49294.9028752118,2022.0,8069.193548387097,10134.902875211803,10134.902875211803,102716256.28997646,1.2559994768297023
Brazil,2023,2023,22,2023-W22,386,2023,26,390,4,negative_binomial_climate,33459.0,37616.5670349285,2022.0,8069.193548387097,4157.567034928499,4157.567034928499,17285363.64992415,0.5152394734365408
Brazil,2023,2023,23,2023-W23,387,2023,27,391,4,negative_binomial_climate,27767.0,31259.6849637047,2022.0,8069.193548387097,3492.6849637047017,3492.6849637047017,12198848.255688913,0.4328418872048042
Brazil,2023,2023,24,2023-W24,388,2023,28,392,4,negative_binomial_climate,24236.0,24971.6581535688,2022.0,8069.193548387097,735.6581535687983,735.6581535687983,541192.9189122536,0.09116873317728816
Brazil,2023,2023,25,2023-W25,389,2023,29,393,4,negative_binomial_climate,20558.0,19163.3537985896,2022.0,8069.193548387097,-1394.6462014104,1394.6462014104,1945038.0271084579,0.1728358841620756
Brazil,2023,2023,26,2023-W26,390,2023,30,394,4,negative_binomial_climate,18393.0,17712.575518037,2022.0,8069.193548387097,-680.4244819630003,680.4244819630003,462977.4756546173,0.08432372800117136
Brazil,2023,2023,27,2023-W27,391,2023,31,395,4,negative_binomial_climate,19179.0,15249.434839698,2022.0,8069.193548387097,-3929.5651603019996,3929.5651603019996,15441482.34905928,0.48698362937241196
Brazil,2023,2023,28,2023-W28,392,2023,32,396,4,negative_binomial_climate,17728.0,15931.8161532563,2022.0,8069.193548387097,-1796.1838467436992,1796.1838467436992,3226276.4113029926,0.2225976903358239
Brazil,2023,2023,29,2023-W29,393,2023,33,397,4,negative_binomial_climate,17804.0,12968.2153726578,2022.0,8069.193548387097,-4835.7846273422,4835.7846273422,23384812.962039143,0.5992897057610914
Brazil,2023,2023,30,2023-W30,394,2023,34,398,4,negative_binomial_climate,17132.0,12797.0583744994,2022.0,8069.193548387097,-4334.9416255006,4334.9416255006,18791718.896497782,0.537221173281571
Brazil,2023,2023,31,2023-W31,395,2023,35,399,4,negative_binomial_climate,15933.0,10945.0076022198,2022.0,8069.193548387097,-4987.992397780199,4987.992397780199,24880068.16031306,0.6181525288580071
Brazil,2023,2023,32,2023-W32,396,2023,36,400,4,negative_binomial_climate,14827.0,12637.8981956975,2022.0,8069.193548387097,-2189.1018043024997,2189.1018043024997,4792166.70960046,0.27129127479412934
Brazil,2023,2023,33,2023-W33,397,2023,37,401,4,negative_binomial_climate,17637.0,13441.0435648176,2022.0,8069.193548387097,-4195.956435182399,4195.956435182399,17606050.405948587,0.5199969997027899
Brazil,2023,2023,34,2023-W34,398,2023,38,402,4,negative_binomial_climate,18790.0,12795.7204296131,2022.0,8069.193548387097,-5994.2795703869,5994.2795703869,35931387.56795775,0.7428598080393127
Brazil,2023,2023,35,2023-W35,399,2023,39,403,4,negative_binomial_climate,17681.0,12475.5444262441,2022.0,8069.193548387097,-5205.4555737559,5205.4555737559,27096767.73034637,0.6451023317932916
Brazil,2023,2023,36,2023-W36,400,2023,40,404,4,negative_binomial_climate,19313.0,12684.6928519437,2022.0,8069.193548387097,-6628.307148056299,6628.307148056299,43934455.64897423,0.8214336548391744
Brazil,2023,2023,37,2023-W37,401,2023,41,405,4,negative_binomial_climate,17341.0,13907.8861081616,2022.0,8069.193548387097,-3433.1138918384004,3433.1138918384004,11786270.994333807,0.425459356161388
Brazil,2023,2023,38,2023-W38,402,2023,42,406,4,negative_binomial_climate,21013.0,14975.9054402411,2022.0,8069.193548387097,-6037.0945597589,6037.0945597589,36446510.7234705,0.7481657892523372
Brazil,2023,2023,39,2023-W39,403,2023,43,407,4,negative_binomial_climate,19662.0,14757.1465622562,2022.0,8069.193548387097,-4904.853437743801,4904.853437743801,24057587.245747183,0.6078492737014844
Brazil,2023,2023,40,2023-W40,404,2023,44,408,4,negative_binomial_climate,18785.0,17337.3600385828,2022.0,8069.193548387097,-1447.6399614172005,1447.6399614172005,2095661.457891994,0.1794033013009783
Brazil,2023,2023,41,2023-W41,405,2023,45,409,4,negative_binomial_climate,24393.0,18000.5635586745,2022.0,8069.193548387097,-6392.436441325499,6392.436441325499,40863243.65638621,0.7922026411924702
Brazil,2023,2023,42,2023-W42,406,2023,46,410,4,negative_binomial_climate,22124.0,18853.2357139285,2022.0,8069.193548387097,-3270.7642860714986,3270.7642860714986,10697899.0150408,0.40533967446167807
Brazil,2023,2023,43,2023-W43,407,2023,47,411,4,negative_binomial_climate,27767.0,18996.3349443201,2022.0,8069.193548387097,-8770.6650556799,8770.6650556799,76924565.51892449,1.0869320463174434
Brazil,2023,2023,44,2023-W44,408,2023,48,412,4,negative_binomial_climate,30045.0,19657.2654439093,2022.0,8069.193548387097,-10387.734556090702,10387.734556090702,107905029.20780088,1.2873324321446031
Brazil,2023,2023,45,2023-W45,409,2023,49,413,4,negative_binomial_climate,33247.0,25440.3430054506,2022.0,8069.193548387097,-7806.656994549401,7806.656994549401,60943893.43054709,0.9674643380080811
Brazil,2023,2023,46,2023-W46,410,2023,50,414,4,negative_binomial_climate,40789.0,26942.1100236321,2022.0,8069.193548387097,-13846.8899763679,13846.8899763679,191736362.01763782,1.716019066011333
Brazil,2023,2023,47,2023-W47,411,2023,51,415,4,negative_binomial_climate,38305.0,29679.7628097786,2022.0,8069.193548387097,-8625.2371902214,8625.2371902214,74394716.58757836,1.0689094441098699
Brazil,2023,2023,48,2023-W48,412,2023,52,416,4,negative_binomial_climate,2146.0,36999.9266914616,2022.0,8069.193548387097,34853.9266914616,34853.9266914616,1214796205.8137796,4.319381668373582
Brazil,2023,2022,49,2022-W49,361,2023,1,365,4,negative_binomial_epidemiology,28533.0,24535.6637008905,2022.0,8069.193548387097,-3997.336299109498,3997.336299109498,15978697.488178419,0.49538237930957824
Brazil,2023,2022,50,2022-W50,362,2023,2,366,4,negative_binomial_epidemiology,30645.0,22999.8050474809,2022.0,8069.193548387097,-7645.194952519101,7645.194952519101,58449005.86202354,0.9474546504151278
Brazil,2023,2022,51,2022-W51,363,2023,3,367,4,negative_binomial_epidemiology,36999.0,16055.8188542815,2022.0,8069.193548387097,-20943.1811457185,20943.1811457185,438616836.5023788,2.5954491015901717
Brazil,2023,2022,52,2022-W52,364,2023,4,368,4,negative_binomial_epidemiology,42470.0,6605.59420616389,2022.0,8069.193548387097,-35864.40579383611,35864.40579383611,1286255602.9449449,4.444608445537265
Brazil,2023,2023,1,2023-W01,365,2023,5,369,4,negative_binomial_epidemiology,52668.0,23273.9912319048,2022.0,8069.193548387097,-29394.0087680952,29394.0087680952,864007751.4588574,3.6427442955523843
Brazil,2023,2023,2,2023-W02,366,2023,6,370,4,negative_binomial_epidemiology,64987.0,31566.2631188269,2022.0,8069.193548387097,-33420.7368811731,33420.7368811731,1116945653.6806037,4.141769147160112
Brazil,2023,2023,3,2023-W03,367,2023,7,371,4,negative_binomial_epidemiology,66762.0,55249.5958240255,2022.0,8069.193548387097,-11512.404175974501,11512.404175974501,132535449.91099514,1.4267106256579567
Brazil,2023,2023,4,2023-W04,368,2023,8,372,4,negative_binomial_epidemiology,77027.0,56645.4316379991,2022.0,8069.193548387097,-20381.5683620009,20381.5683620009,415408328.89491606,2.525849484187283
Brazil,2023,2023,5,2023-W05,369,2023,9,373,4,negative_binomial_epidemiology,98392.0,89790.5498768497,2022.0,8069.193548387097,-8601.450123150295,8601.450123150295,73984944.22104222,1.0659615575672476
Brazil,2023,2023,6,2023-W06,370,2023,10,374,4,negative_binomial_epidemiology,115216.0,103042.904214687,2022.0,8069.193548387097,-12173.095785312995,12173.095785312995,148184260.998405,1.5085888958192362
Brazil,2023,2023,7,2023-W07,371,2023,11,375,4,negative_binomial_epidemiology,131868.0,103257.818727131,2022.0,8069.193548387097,-28610.181272869,28610.181272869,818542472.466424,3.5456060263404785
Brazil,2023,2023,8,2023-W08,372,2023,12,376,4,negative_binomial_epidemiology,160054.0,99547.956777779,2022.0,8069.193548387097,-60506.04322222099,60506.04322222099,3660981266.409275,7.4984002873887174
Brazil,2023,2023,9,2023-W09,373,2023,13,377,4,negative_binomial_epidemiology,171176.0,105053.171134513,2022.0,8069.193548387097,-66122.828865487,66122.828865487,4372228497.17448,8.194477982090776
Brazil,2023,2023,10,2023-W10,374,2023,14,378,4,negative_binomial_epidemiology,161477.0,117478.653509839,2022.0,8069.193548387097,-43998.346490161,43998.346490161,1935854493.8682628,5.452632437965944
Brazil,2023,2023,11,2023-W11,375,2023,15,379,4,negative_binomial_epidemiology,186718.0,126341.905454333,2022.0,8069.193548387097,-60376.094545667,60376.094545667,3645272792.587321,7.482295991987356
Brazil,2023,2023,12,2023-W12,376,2023,16,380,4,negative_binomial_epidemiology,165002.0,140420.408475475,2022.0,8069.193548387097,-24581.591524524993,24581.591524524993,604254641.8785989,3.046350465770952
Brazil,2023,2023,13,2023-W13,377,2023,17,381,4,negative_binomial_epidemiology,148400.0,145672.430260996,2022.0,8069.193548387097,-2727.569739003986,2727.569739003986,7439636.681130271,0.3380225945316659
Brazil,2023,2023,14,2023-W14,378,2023,18,382,4,negative_binomial_epidemiology,158352.0,135527.586848698,2022.0,8069.193548387097,-22824.413151301997,22824.413151301997,520953835.70132756,2.828586650504155
Brazil,2023,2023,15,2023-W15,379,2023,19,383,4,negative_binomial_epidemiology,144376.0,137555.581739903,2022.0,8069.193548387097,-6820.418260097009,6820.418260097009,46518105.24266471,0.8452416241100453
Brazil,2023,2023,16,2023-W16,380,2023,20,384,4,negative_binomial_epidemiology,121825.0,118649.214839562,2022.0,8069.193548387097,-3175.7851604379975,3175.7851604379975,10085611.385258198,0.39356908982221483
Brazil,2023,2023,17,2023-W17,381,2023,21,385,4,negative_binomial_epidemiology,90703.0,101629.556005918,2022.0,8069.193548387097,10926.556005917999,10926.556005917999,119389626.15046269,1.3541075623476702
Brazil,2023,2023,18,2023-W18,382,2023,22,386,4,negative_binomial_epidemiology,72095.0,93385.2489152192,2022.0,8069.193548387097,21290.2489152192,21290.2489152192,453274698.8719923,2.63846055836333
Brazil,2023,2023,19,2023-W19,383,2023,23,387,4,negative_binomial_epidemiology,55721.0,83193.3683581179,2022.0,8069.193548387097,27472.368358117907,27472.368358117907,754731023.204118,3.4045990089814113
Brazil,2023,2023,20,2023-W20,384,2023,24,388,4,negative_binomial_epidemiology,48059.0,69293.5187233821,2022.0,8069.193548387097,21234.518723382105,21234.518723382105,450904785.4136652,2.631554020367568
Brazil,2023,2023,21,2023-W21,385,2023,25,389,4,negative_binomial_epidemiology,39160.0,51602.4494858549,2022.0,8069.193548387097,12442.4494858549,12442.4494858549,154814549.20805088,1.5419693939974892
Brazil,2023,2023,22,2023-W22,386,2023,26,390,4,negative_binomial_epidemiology,33459.0,39823.2142241842,2022.0,8069.193548387097,6364.214224184201,6364.214224184201,40503222.69130851,0.7887051148322383
Brazil,2023,2023,23,2023-W23,387,2023,27,391,4,negative_binomial_epidemiology,27767.0,29714.2319035645,2022.0,8069.193548387097,1947.2319035645014,1947.2319035645014,3791712.0862594317,0.24131679230246275
Brazil,2023,2023,24,2023-W24,388,2023,28,392,4,negative_binomial_epidemiology,24236.0,24366.7096271244,2022.0,8069.193548387097,130.70962712440087,130.70962712440087,17085.00662299991,0.016198598576251482
Brazil,2023,2023,25,2023-W25,389,2023,29,393,4,negative_binomial_epidemiology,20558.0,19518.3156222814,2022.0,8069.193548387097,-1039.6843777186004,1039.6843777186004,1080943.6052721133,0.12884613208049978
Brazil,2023,2023,26,2023-W26,390,2023,30,394,4,negative_binomial_epidemiology,18393.0,16805.3243389336,2022.0,8069.193548387097,-1587.6756610664015,1587.6756610664015,2520714.004742635,0.19675766252796756
Brazil,2023,2023,27,2023-W27,391,2023,31,395,4,negative_binomial_epidemiology,19179.0,14402.2969706971,2022.0,8069.193548387097,-4776.7030293029,4776.7030293029,22816891.830151502,0.5919678342896716
Brazil,2023,2023,28,2023-W28,392,2023,32,396,4,negative_binomial_epidemiology,17728.0,13131.7114960669,2022.0,8069.193548387097,-4596.2885039330995,4596.2885039330995,21125868.01138757,0.5696094010351039
Brazil,2023,2023,29,2023-W29,393,2023,33,397,4,negative_binomial_epidemiology,17804.0,11727.5289053276,2022.0,8069.193548387097,-6076.471094672401,6076.471094672401,36923500.964389205,0.7530456492628053
Brazil,2023,2023,30,2023-W30,394,2023,34,398,4,negative_binomial_epidemiology,17132.0,10961.2269122482,2022.0,8069.193548387097,-6170.773087751801,6170.773087751801,38078440.50052189,0.7647323181367041
Brazil,2023,2023,31,2023-W31,395,2023,35,399,4,negative_binomial_epidemiology,15933.0,11396.4656075395,2022.0,8069.193548387097,-4536.5343924605,4536.5343924605,20580144.293976963,0.5622041862370846
Brazil,2023,2023,32,2023-W32,396,2023,36,400,4,negative_binomial_epidemiology,14827.0,11437.4421900497,2022.0,8069.193548387097,-3389.5578099503,3389.5578099503,11489102.146995073,0.4200615327448452
Brazil,2023,2023,33,2023-W33,397,2023,37,401,4,negative_binomial_epidemiology,17637.0,12176.1294214592,2022.0,8069.193548387097,-5460.8705785408,5460.8705785408,29821107.475572534,0.6767554335875784
Brazil,2023,2023,34,2023-W34,398,2023,38,402,4,negative_binomial_epidemiology,18790.0,12532.4392434495,2022.0,8069.193548387097,-6257.5607565505,6257.5607565505,39157066.62192086,0.7754877509167303
Brazil,2023,2023,35,2023-W35,399,2023,39,403,4,negative_binomial_epidemiology,17681.0,12850.0757837358,2022.0,8069.193548387097,-4830.9242162642,4830.9242162642,23337828.78328788,0.5986873641455565
Brazil,2023,2023,36,2023-W36,400,2023,40,404,4,negative_binomial_epidemiology,19313.0,12698.4439421467,2022.0,8069.193548387097,-6614.5560578533,6614.5560578533,43752351.842483796,0.819729508059135
Brazil,2023,2023,37,2023-W37,401,2023,41,405,4,negative_binomial_epidemiology,17341.0,14837.7707291997,2022.0,8069.193548387097,-2503.2292708003006,2503.2292708003006,6266156.782191404,0.3102205016882581
Brazil,2023,2023,38,2023-W38,402,2023,42,406,4,negative_binomial_epidemiology,21013.0,16695.0766903622,2022.0,8069.193548387097,-4317.923309637801,4317.923309637801,18644461.707913462,0.5351121253623772
Brazil,2023,2023,39,2023-W39,403,2023,43,407,4,negative_binomial_epidemiology,19662.0,17612.2398814105,2022.0,8069.193548387097,-2049.7601185895,2049.7601185895,4201516.543760042,0.25402292141067984
Brazil,2023,2023,40,2023-W40,404,2023,44,408,4,negative_binomial_epidemiology,18785.0,19623.88477073,2022.0,8069.193548387097,838.884770730001,838.884770730001,703727.6585627265,0.10396141395042888
Brazil,2023,2023,41,2023-W41,405,2023,45,409,4,negative_binomial_epidemiology,24393.0,19660.4310818638,2022.0,8069.193548387097,-4732.5689181361995,4732.5689181361995,22397208.564908836,0.5864983767903503
Brazil,2023,2023,42,2023-W42,406,2023,46,410,4,negative_binomial_epidemiology,22124.0,23511.6796194019,2022.0,8069.193548387097,1387.6796194019007,1387.6796194019007,1925654.726103404,0.17197252873916696
Brazil,2023,2023,43,2023-W43,407,2023,47,411,4,negative_binomial_epidemiology,27767.0,23530.4446350867,2022.0,8069.193548387097,-4236.5553649133,4236.5553649133,17948401.359975662,0.5250283488069412
Brazil,2023,2023,44,2023-W44,408,2023,48,412,4,negative_binomial_epidemiology,30045.0,24276.818772262,2022.0,8069.193548387097,-5768.181227738001,5768.181227738001,33271914.676029075,0.7148398651177439
Brazil,2023,2023,45,2023-W45,409,2023,49,413,4,negative_binomial_epidemiology,33247.0,28819.7413216672,2022.0,8069.193548387097,-4427.258678332801,4427.258678332801,19600619.404873095,0.5486618522389687
Brazil,2023,2023,46,2023-W46,410,2023,50,414,4,negative_binomial_epidemiology,40789.0,29699.8986901909,2022.0,8069.193548387097,-11089.101309809099,11089.101309809099,122968167.85920987,1.3742514965483303
Brazil,2023,2023,47,2023-W47,411,2023,51,415,4,negative_binomial_epidemiology,38305.0,36385.6079931951,2022.0,8069.193548387097,-1919.3920068048974,1919.3920068048974,3684065.675786531,0.23786664618901765
Brazil,2023,2023,48,2023-W48,412,2023,52,416,4,negative_binomial_epidemiology,2146.0,39907.9238515868,2022.0,8069.193548387097,37761.9238515868,37761.9238515868,1425962892.9730399,4.679764294306065
Colombia,2023,2022,52,2022-W52,364,2023,1,365,1,negative_binomial_climate,1071.0,1371.04473304131,2022.0,135.69379844961242,300.0447330413101,300.0447330413101,90026.84182583106,2.2111897262034907
Colombia,2023,2023,1,2023-W01,365,2023,2,366,1,negative_binomial_climate,2389.0,1257.07230192267,2022.0,135.69379844961242,-1131.92769807733,1131.92769807733,1281260.3136746432,8.341779145475481
Colombia,2023,2023,2,2023-W02,366,2023,3,367,1,negative_binomial_climate,2177.0,1355.49741401578,2022.0,135.69379844961242,-821.5025859842201,821.5025859842201,674866.4987787609,6.054090867603438
Colombia,2023,2023,3,2023-W03,367,2023,4,368,1,negative_binomial_climate,2237.0,1679.9360491045,2022.0,135.69379844961242,-557.0639508955,557.0639508955,310320.2453873041,4.10530147479331
Colombia,2023,2023,4,2023-W04,368,2023,5,369,1,negative_binomial_climate,2016.0,1812.35036844136,2022.0,135.69379844961242,-203.64963155864007,203.64963155864007,41473.17243396985,1.50080279191434
Colombia,2023,2023,5,2023-W05,369,2023,6,370,1,negative_binomial_climate,1870.0,2108.68158164802,2022.0,135.69379844961242,238.6815816480198,238.6815816480198,56968.89741800034,1.7589719233679655
Colombia,2023,2023,6,2023-W06,370,2023,7,371,1,negative_binomial_climate,1918.0,1783.80239041792,2022.0,135.69379844961242,-134.19760958208008,134.19760958208008,18008.99841754439,0.9889737859458041
Colombia,2023,2023,7,2023-W07,371,2023,8,372,1,negative_binomial_climate,2294.0,1739.78712071746,2022.0,135.69379844961242,-554.2128792825399,554.2128792825399,307151.91556264315,4.084290406892379
Colombia,2023,2023,8,2023-W08,372,2023,9,373,1,negative_binomial_climate,1311.0,1687.60621416591,2022.0,135.69379844961242,376.60621416590993,376.60621416590993,141832.24054837922,2.7754121298753107
Colombia,2023,2023,9,2023-W09,373,2023,10,374,1,negative_binomial_climate,1735.0,1771.06501746022,2022.0,135.69379844961242,36.065017460219906,36.065017460219906,1300.6854844059667,0.26578235610090933
Colombia,2023,2023,10,2023-W10,374,2023,11,375,1,negative_binomial_climate,1752.0,1551.68809231049,2022.0,135.69379844961242,-200.31190768951,200.31190768951,40124.86036221078,1.4762053238851032
Colombia,2023,2023,11,2023-W11,375,2023,12,376,1,negative_binomial_climate,2015.0,1467.60530514805,2022.0,135.69379844961242,-547.3946948519499,547.3946948519499,299640.95195205935,4.0340435679911755
Colombia,2023,2023,12,2023-W12,376,2023,13,377,1,negative_binomial_climate,2217.0,1542.74886328307,2022.0,135.69379844961242,-674.25113671693,674.25113671693,454614.5953640722,4.968916372160527
Colombia,2023,2023,13,2023-W13,377,2023,14,378,1,negative_binomial_climate,1627.0,1957.47828955149,2022.0,135.69379844961242,330.47828955149,330.47828955149,109215.89986487845,2.4354708419059214
Colombia,2023,2023,14,2023-W14,378,2023,15,379,1,negative_binomial_climate,1682.0,1798.15634380243,2022.0,135.69379844961242,116.15634380243,116.15634380243,13492.296205548319,0.8560180725249775
Colombia,2023,2023,15,2023-W15,379,2023,16,380,1,negative_binomial_climate,1751.0,1735.33426384344,2022.0,135.69379844961242,-15.665736156559888,15.665736156559888,245.41528932694777,0.11544916816796968
Colombia,2023,2023,16,2023-W16,380,2023,17,381,1,negative_binomial_climate,2144.0,1602.54953627789,2022.0,135.69379844961242,-541.45046372211,541.45046372211,293168.604664888,3.9902373572596868
Colombia,2023,2023,17,2023-W17,381,2023,18,382,1,negative_binomial_climate,2689.0,1768.29556761455,2022.0,135.69379844961242,-920.70443238545,920.70443238545,847696.6518142136,6.785162202732042
Colombia,2023,2023,18,2023-W18,382,2023,19,383,1,negative_binomial_climate,2729.0,2122.93901389173,2022.0,135.69379844961242,-606.0609861082698,606.0609861082698,367309.91888252844,4.466386769571642
Colombia,2023,2023,19,2023-W19,383,2023,20,384,1,negative_binomial_climate,2179.0,2544.66158188311,2022.0,135.69379844961242,365.6615818831101,365.6615818831101,133708.39246525842,2.694755295091045
Colombia,2023,2023,20,2023-W20,384,2023,21,385,1,negative_binomial_climate,2133.0,2502.62395269157,2022.0,135.69379844961242,369.62395269157014,369.62395269157014,136621.86640334007,2.7239561196956523
Colombia,2023,2023,21,2023-W21,385,2023,22,386,1,negative_binomial_climate,2569.0,2384.01831702251,2022.0,135.69379844961242,-184.98168297748998,184.98168297748998,34218.22303718461,1.3632287185635812
Colombia,2023,2023,22,2023-W22,386,2023,23,387,1,negative_binomial_climate,2152.0,2368.04068700399,2022.0,135.69379844961242,216.04068700399012,216.04068700399012,46673.57844115602,1.5921190907203704
Colombia,2023,2023,23,2023-W23,387,2023,24,388,1,negative_binomial_climate,2079.0,2353.73134355644,2022.0,135.69379844961242,274.73134355644015,274.73134355644015,75477.31113232675,2.0246418531680868
Colombia,2023,2023,24,2023-W24,388,2023,25,389,1,negative_binomial_climate,2082.0,2408.76117015583,2022.0,135.69379844961242,326.76117015582986,326.76117015582986,106772.8623216072,2.4080774058157646
Colombia,2023,2023,25,2023-W25,389,2023,26,390,1,negative_binomial_climate,1768.0,2249.6266936329,2022.0,135.69379844961242,481.6266936328998,481.6266936328998,231964.2720197591,3.5493640765885384
Colombia,2023,2023,26,2023-W26,390,2023,27,391,1,negative_binomial_climate,2203.0,1937.97054613921,2022.0,135.69379844961242,-265.02945386079,265.02945386079,70240.61141374861,1.9531434515719905
Colombia,2023,2023,27,2023-W27,391,2023,28,392,1,negative_binomial_climate,2617.0,1964.22555091578,2022.0,135.69379844961242,-652.7744490842199,652.7744490842199,426114.4813772068,4.8106432021402705
Colombia,2023,2023,28,2023-W28,392,2023,29,393,1,negative_binomial_climate,2458.0,2110.12667693443,2022.0,135.69379844961242,-347.8733230655698,347.8733230655698,121015.84890068231,2.5636641249654946
Colombia,2023,2023,29,2023-W29,393,2023,30,394,1,negative_binomial_climate,2609.0,2424.17967171585,2022.0,135.69379844961242,-184.82032828415004,184.82032828415004,34158.55374706099,1.3620396097378018
Colombia,2023,2023,30,2023-W30,394,2023,31,395,1,negative_binomial_climate,2595.0,2597.57227479685,2022.0,135.69379844961242,2.572274796849797,2.572274796849797,6.6165976305086645,0.018956465411387003
Colombia,2023,2023,31,2023-W31,395,2023,32,396,1,negative_binomial_climate,2876.0,2634.61025291953,2022.0,135.69379844961242,-241.38974708047,241.38974708047,58269.009995573266,1.7789298393773387
Colombia,2023,2023,32,2023-W32,396,2023,33,397,1,negative_binomial_climate,2474.0,2637.35820023582,2022.0,135.69379844961242,163.35820023581982,163.35820023581982,26685.901584286203,1.203873737063084
Colombia,2023,2023,33,2023-W33,397,2023,34,398,1,negative_binomial_climate,2299.0,2745.64019901522,2022.0,135.69379844961242,446.6401990152199,446.6401990152199,199487.46737635523,3.291529930758568
Colombia,2023,2023,34,2023-W34,398,2023,35,399,1,negative_binomial_climate,2504.0,2592.22230314843,2022.0,135.69379844961242,88.22230314843,88.22230314843,7783.174772813482,0.650157222779712
Colombia,2023,2023,35,2023-W35,399,2023,36,400,1,negative_binomial_climate,2559.0,2570.44371550072,2022.0,135.69379844961242,11.443715500719918,11.443715500719918,130.95862446141732,0.0843348453022291
Colombia,2023,2023,36,2023-W36,400,2023,37,401,1,negative_binomial_climate,2681.0,2405.94734172373,2022.0,135.69379844961242,-275.05265827627,275.05265827627,75653.96482484255,2.027009792775505
Colombia,2023,2023,37,2023-W37,401,2023,38,402,1,negative_binomial_climate,2677.0,2657.07938477818,2022.0,135.69379844961242,-19.920615221819844,19.920615221819844,396.83091081580045,0.14680564218428174
Colombia,2023,2023,38,2023-W38,402,2023,39,403,1,negative_binomial_climate,2809.0,2834.4091053687,2022.0,135.69379844961242,25.409105368699784,25.409105368699784,645.6226356376882,0.18725325445241348
Colombia,2023,2023,39,2023-W39,403,2023,40,404,1,negative_binomial_climate,2984.0,2837.31255648192,2022.0,135.69379844961242,-146.68744351807982,146.68744351807982,21517.206085869857,1.081018036152549
Colombia,2023,2023,40,2023-W40,404,2023,41,405,1,negative_binomial_climate,2632.0,2836.85272291518,2022.0,135.69379844961242,204.85272291518004,204.85272291518004,41964.63808576353,1.5096690140282911
Colombia,2023,2023,41,2023-W41,405,2023,42,406,1,negative_binomial_climate,2964.0,2820.36144138881,2022.0,135.69379844961242,-143.6385586111901,143.6385586111901,20632.03551990029,1.058549176545661
Colombia,2023,2023,42,2023-W42,406,2023,43,407,1,negative_binomial_climate,2969.0,2956.77240136525,2022.0,135.69379844961242,-12.227598634749938,12.227598634749938,149.51416837253856,0.09011169835657927
Colombia,2023,2023,43,2023-W43,407,2023,44,408,1,negative_binomial_climate,2852.0,2983.57504096998,2022.0,135.69379844961242,131.5750409699799,131.5750409699799,17311.99140625189,0.9696466785756467
Colombia,2023,2023,44,2023-W44,408,2023,45,409,1,negative_binomial_climate,3322.0,2957.73433929625,2022.0,135.69379844961242,-364.2656607037502,364.2656607037502,132689.47156793968,2.684468007128668
Colombia,2023,2023,45,2023-W45,409,2023,46,410,1,negative_binomial_climate,3638.0,3050.68841099093,2022.0,135.69379844961242,-587.3115890090698,587.3115890090698,344934.9025843586,4.328212458634637
Colombia,2023,2023,46,2023-W46,410,2023,47,411,1,negative_binomial_climate,3999.0,3192.14921950027,2022.0,135.69379844961242,-806.8507804997298,806.8507804997298,651008.1819930231,5.946113895539154
Colombia,2023,2023,47,2023-W47,411,2023,48,412,1,negative_binomial_climate,3916.0,3490.64264901327,2022.0,135.69379844961242,-425.3573509867301,425.3573509867301,180928.87603844833,3.1346852682046435
Colombia,2023,2023,48,2023-W48,412,2023,49,413,1,negative_binomial_climate,4130.0,3734.50652890132,2022.0,135.69379844961242,-395.49347109867995,395.49347109867995,156415.0856816824,2.9146024034808025
Colombia,2023,2023,49,2023-W49,413,2023,50,414,1,negative_binomial_climate,4650.0,3922.06237028678,2022.0,135.69379844961242,-727.9376297132198,727.9376297132198,529893.1927525008,5.36456078339886
Colombia,2023,2023,50,2023-W50,414,2023,51,415,1,negative_binomial_climate,3922.0,4129.93028547298,2022.0,135.69379844961242,207.93028547298036,207.93028547298036,43235.00361687511,1.5323492145456576
Colombia,2023,2023,51,2023-W51,415,2023,52,416,1,negative_binomial_climate,3859.0,3965.73762323219,2022.0,135.69379844961242,106.73762323218989,106.73762323218989,11392.920213256923,0.7866064952984944
Colombia,2023,2022,52,2022-W52,364,2023,1,365,1,negative_binomial_epidemiology,1071.0,1436.77085525433,2022.0,135.69379844961242,365.77085525432994,365.77085525432994,133788.318553484,2.695560588866209
Colombia,2023,2023,1,2023-W01,365,2023,2,366,1,negative_binomial_epidemiology,2389.0,1298.90385773853,2022.0,135.69379844961242,-1090.09614226147,1090.09614226147,1188309.5993733392,8.033500091503878
Colombia,2023,2023,2,2023-W02,366,2023,3,367,1,negative_binomial_epidemiology,2177.0,1416.64397779042,2022.0,135.69379844961242,-760.35602220958,760.35602220958,578141.2805103754,5.603469214489749
Colombia,2023,2023,3,2023-W03,367,2023,4,368,1,negative_binomial_epidemiology,2237.0,1816.65407464905,2022.0,135.69379844961242,-420.34592535095,420.34592535095,176690.69695914641,3.097753398855868
Colombia,2023,2023,4,2023-W04,368,2023,5,369,1,negative_binomial_epidemiology,2016.0,1907.76787007372,2022.0,135.69379844961242,-108.2321299262801,108.2321299262801,11714.193948379176,0.7976203125190741
Colombia,2023,2023,5,2023-W05,369,2023,6,370,1,negative_binomial_epidemiology,1870.0,2226.9084153729,2022.0,135.69379844961242,356.9084153729,356.9084153729,127383.61696399451,2.630248540838304
Colombia,2023,2023,6,2023-W06,370,2023,7,371,1,negative_binomial_epidemiology,1918.0,1869.14729697695,2022.0,135.69379844961242,-48.852703023050026,48.852703023050026,2386.586592658321,0.36002163386406083
Colombia,2023,2023,7,2023-W07,371,2023,8,372,1,negative_binomial_epidemiology,2294.0,1890.16262187316,2022.0,135.69379844961242,-403.8373781268399,403.8373781268399,163084.62797236026,2.9760931062505267
Colombia,2023,2023,8,2023-W08,372,2023,9,373,1,negative_binomial_epidemiology,1311.0,1883.28813346248,2022.0,135.69379844961242,572.2881334624799,572.2881334624799,327513.7077019692,4.217496598969402
Colombia,2023,2023,9,2023-W09,373,2023,10,374,1,negative_binomial_epidemiology,1735.0,1868.04817171084,2022.0,135.69379844961242,133.04817171084005,133.04817171084005,17701.81599559718,0.9805029649917658
Colombia,2023,2023,10,2023-W10,374,2023,11,375,1,negative_binomial_epidemiology,1752.0,1576.96231585552,2022.0,135.69379844961242,-175.03768414447995,175.03768414447995,30638.19087066273,1.2899460855573088
Colombia,2023,2023,11,2023-W11,375,2023,12,376,1,negative_binomial_epidemiology,2015.0,1584.80014111515,2022.0,135.69379844961242,-430.1998588848501,430.1998588848501,185071.9185845449,3.1703722926187927
Colombia,2023,2023,12,2023-W12,376,2023,13,377,1,negative_binomial_epidemiology,2217.0,1568.41336830488,2022.0,135.69379844961242,-648.5866316951201,648.5866316951201,420664.61881362135,4.77978094139624
Colombia,2023,2023,13,2023-W13,377,2023,14,378,1,negative_binomial_epidemiology,1627.0,1969.68922416853,2022.0,135.69379844961242,342.68922416853,342.68922416853,117435.90436122901,2.5254597342249347
Colombia,2023,2023,14,2023-W14,378,2023,15,379,1,negative_binomial_epidemiology,1682.0,1885.24545125248,2022.0,135.69379844961242,203.24545125248005,203.24545125248005,41308.71345482425,1.4978241715884444
Colombia,2023,2023,15,2023-W15,379,2023,16,380,1,negative_binomial_epidemiology,1751.0,1764.18146294481,2022.0,135.69379844961242,13.181462944809937,13.181462944809937,173.75096536539746,0.09714123339029859
Colombia,2023,2023,16,2023-W16,380,2023,17,381,1,negative_binomial_epidemiology,2144.0,1628.26676572259,2022.0,135.69379844961242,-515.73323427741,515.73323427741,265980.7689382379,3.8007133720920843
Colombia,2023,2023,17,2023-W17,381,2023,18,382,1,negative_binomial_epidemiology,2689.0,1775.53896390996,2022.0,135.69379844961242,-913.4610360900399,913.4610360900399,834411.0644546892,6.731781750727821
Colombia,2023,2023,18,2023-W18,382,2023,19,383,1,negative_binomial_epidemiology,2729.0,2129.62422547004,2022.0,135.69379844961242,-599.3757745299599,599.3757745299599,359251.3190933894,4.417119878566359
Colombia,2023,2023,19,2023-W19,383,2023,20,384,1,negative_binomial_epidemiology,2179.0,2477.06472189764,2022.0,135.69379844961242,298.0647218976401,298.0647218976401,88842.57843991752,2.1965979676537786
Colombia,2023,2023,20,2023-W20,384,2023,21,385,1,negative_binomial_epidemiology,2133.0,2522.32401309986,2022.0,135.69379844961242,389.32401309986017,389.32401309986017,151573.1871761801,2.869136375782339
Colombia,2023,2023,21,2023-W21,385,2023,22,386,1,negative_binomial_epidemiology,2569.0,2302.95952985783,2022.0,135.69379844961242,-266.04047014216985,266.04047014216985,70777.53175346677,1.9605941699757152
Colombia,2023,2023,22,2023-W22,386,2023,23,387,1,negative_binomial_epidemiology,2152.0,2299.64740371654,2022.0,135.69379844961242,147.64740371653988,147.64740371653988,21799.755824234915,1.0880924950403408
Colombia,2023,2023,23,2023-W23,387,2023,24,388,1,negative_binomial_epidemiology,2079.0,2272.25938911841,2022.0,135.69379844961242,193.25938911841013,193.25938911841013,37349.19148242106,1.4242315516738497
Colombia,2023,2023,24,2023-W24,388,2023,25,389,1,negative_binomial_epidemiology,2082.0,2282.26627502057,2022.0,135.69379844961242,200.26627502057,200.26627502057,40106.580910614575,1.4758690324004413
Colombia,2023,2023,25,2023-W25,389,2023,26,390,1,negative_binomial_epidemiology,1768.0,2186.59323530068,2022.0,135.69379844961242,418.59323530068013,418.59323530068013,175220.29663949055,3.084836890730254
Colombia,2023,2023,26,2023-W26,390,2023,27,391,1,negative_binomial_epidemiology,2203.0,1904.43890279273,2022.0,135.69379844961242,-298.56109720727,298.56109720727,89138.72876560892,2.2002560221507514
Colombia,2023,2023,27,2023-W27,391,2023,28,392,1,negative_binomial_epidemiology,2617.0,1928.15768834873,2022.0,135.69379844961242,-688.8423116512699,688.8423116512699,474503.7303210653,5.076446525351413
Colombia,2023,2023,28,2023-W28,392,2023,29,393,1,negative_binomial_epidemiology,2458.0,2177.36101804947,2022.0,135.69379844961242,-280.6389819505298,280.6389819505298,78758.2381902298,2.0681783925058324
Colombia,2023,2023,29,2023-W29,393,2023,30,394,1,negative_binomial_epidemiology,2609.0,2362.61287495266,2022.0,135.69379844961242,-246.38712504733985,246.38712504733985,60706.61538909349,1.8157581839588013
Colombia,2023,2023,30,2023-W30,394,2023,31,395,1,negative_binomial_epidemiology,2595.0,2541.6432374815,2022.0,135.69379844961242,-53.35676251850009,53.35676251850009,2846.9441064556163,0.39321445142029254
Colombia,2023,2023,31,2023-W31,395,2023,32,396,1,negative_binomial_epidemiology,2876.0,2592.91568392457,2022.0,135.69379844961242,-283.0843160754298,283.0843160754298,80136.73000789384,2.086199364376614
Colombia,2023,2023,32,2023-W32,396,2023,33,397,1,negative_binomial_epidemiology,2474.0,2622.90153297721,2022.0,135.69379844961242,148.90153297721008,148.90153297721008,22171.66652296318,1.0973348427010254
Colombia,2023,2023,33,2023-W33,397,2023,34,398,1,negative_binomial_epidemiology,2299.0,2677.32590415396,2022.0,135.69379844961242,378.32590415396,378.32590415396,143130.4897539113,2.788085442935293
Colombia,2023,2023,34,2023-W34,398,2023,35,399,1,negative_binomial_epidemiology,2504.0,2574.65421592397,2022.0,135.69379844961242,70.65421592396979,70.65421592396979,4992.018227830946,0.5206886145957954
Colombia,2023,2023,35,2023-W35,399,2023,36,400,1,negative_binomial_epidemiology,2559.0,2454.54620408572,2022.0,135.69379844961242,-104.45379591427991,104.45379591427991,10910.595480902039,0.7697757532601393
Colombia,2023,2023,36,2023-W36,400,2023,37,401,1,negative_binomial_epidemiology,2681.0,2355.58318075047,2022.0,135.69379844961242,-325.4168192495299,325.4168192495299,105896.10625048121,2.398170166710809
Colombia,2023,2023,37,2023-W37,401,2023,38,402,1,negative_binomial_epidemiology,2677.0,2497.60095722379,2022.0,135.69379844961242,-179.39904277621008,179.39904277621008,32184.016549020453,1.3220872643109542
Colombia,2023,2023,38,2023-W38,402,2023,39,403,1,negative_binomial_epidemiology,2809.0,2593.97254004132,2022.0,135.69379844961242,-215.02745995868008,215.02745995868008,46236.808536281766,1.5846520800176942
Colombia,2023,2023,39,2023-W39,403,2023,40,404,1,negative_binomial_epidemiology,2984.0,2623.35338913557,2022.0,135.69379844961242,-360.64661086442993,360.64661086442993,130065.97792799956,2.657797297924046
Colombia,2023,2023,40,2023-W40,404,2023,41,405,1,negative_binomial_epidemiology,2632.0,2683.74942717227,2022.0,135.69379844961242,51.74942717226986,51.74942717226986,2678.0032126580622,0.38136913966253316
Colombia,2023,2023,41,2023-W41,405,2023,42,406,1,negative_binomial_epidemiology,2964.0,2705.54213965952,2022.0,135.69379844961242,-258.4578603404798,258.4578603404798,66800.46557177896,1.9047138726568533
Colombia,2023,2023,42,2023-W42,406,2023,43,407,1,negative_binomial_epidemiology,2969.0,2746.37863453801,2022.0,135.69379844961242,-222.62136546199008,222.62136546199008,49560.27236016095,1.6406156213885983
Colombia,2023,2023,43,2023-W43,407,2023,44,408,1,negative_binomial_epidemiology,2852.0,2766.98345734614,2022.0,135.69379844961242,-85.01654265386014,85.01654265386014,7227.812524815621,0.6265322632664719
Colombia,2023,2023,44,2023-W44,408,2023,45,409,1,negative_binomial_epidemiology,3322.0,2729.02775326014,2022.0,135.69379844961242,-592.9722467398601,592.9722467398601,351616.08540371753,4.369928865688363
Colombia,2023,2023,45,2023-W45,409,2023,46,410,1,negative_binomial_epidemiology,3638.0,2893.44264422627,2022.0,135.69379844961242,-744.5573557737298,744.5573557737298,554365.6560367685,5.487040412168936
Colombia,2023,2023,46,2023-W46,410,2023,47,411,1,negative_binomial_epidemiology,3999.0,3058.78118593088,2022.0,135.69379844961242,-940.2188140691201,940.2188140691201,884011.4183295426,6.928974093228397
Colombia,2023,2023,47,2023-W47,411,2023,48,412,1,negative_binomial_epidemiology,3916.0,3339.31430167856,2022.0,135.69379844961242,-576.6856983214402,576.6856983214402,332566.39464848716,4.249904600729286
Colombia,2023,2023,48,2023-W48,412,2023,49,413,1,negative_binomial_epidemiology,4130.0,3611.81915220739,2022.0,135.69379844961242,-518.1808477926102,518.1808477926102,268511.39101906825,3.818751142006153
Colombia,2023,2023,49,2023-W49,413,2023,50,414,1,negative_binomial_epidemiology,4650.0,3755.62112145891,2022.0,135.69379844961242,-894.3788785410902,894.3788785410902,799913.5783804182,6.591155150492766
Colombia,2023,2023,50,2023-W50,414,2023,51,415,1,negative_binomial_epidemiology,3922.0,3911.38129092906,2022.0,135.69379844961242,-10.618709070939985,10.618709070939985,112.75698233326312,0.0782549327402244
Colombia,2023,2023,51,2023-W51,415,2023,52,416,1,negative_binomial_epidemiology,3859.0,3911.3237486937,2022.0,135.69379844961242,52.323748693700054,52.323748693700054,2737.774677361478,0.38560162138234777
Colombia,2023,2022,51,2022-W51,363,2023,1,365,2,negative_binomial_climate,1071.0,1373.73112355086,2022.0,135.69379844961242,302.73112355086005,302.73112355086005,91646.1331663661,2.2309871711880342
Colombia,2023,2022,52,2022-W52,364,2023,2,366,2,negative_binomial_climate,2389.0,1323.94897864923,2022.0,135.69379844961242,-1065.05102135077,1065.05102135077,1134333.6780803185,7.8489292327258315
Colombia,2023,2023,1,2023-W01,365,2023,3,367,2,negative_binomial_climate,2177.0,1135.01140681767,2022.0,135.69379844961242,-1041.98859318233,1041.98859318233,1085740.2283220913,7.6789698946282705
Colombia,2023,2023,2,2023-W02,366,2023,4,368,2,negative_binomial_climate,2237.0,1525.74179975135,2022.0,135.69379844961242,-711.2582002486499,711.2582002486499,505888.2274209486,5.241641168389605
Colombia,2023,2023,3,2023-W03,367,2023,5,369,2,negative_binomial_climate,2016.0,1655.87756258661,2022.0,135.69379844961242,-360.1224374133899,360.1224374133899,129688.16992856092,2.6539343840913645
Colombia,2023,2023,4,2023-W04,368,2023,6,370,2,negative_binomial_climate,1870.0,2142.60236794418,2022.0,135.69379844961242,272.60236794418006,272.60236794418006,74312.05100877413,2.0089522959695634
Colombia,2023,2023,5,2023-W05,369,2023,7,371,2,negative_binomial_climate,1918.0,1851.24158374679,2022.0,135.69379844961242,-66.75841625321004,66.75841625321004,4456.686140636859,0.49197838822383355
Colombia,2023,2023,6,2023-W06,370,2023,8,372,2,negative_binomial_climate,2294.0,1828.29225464436,2022.0,135.69379844961242,-465.7077453556401,465.7077453556401,216883.70408423373,3.4320488532021804
Colombia,2023,2023,7,2023-W07,371,2023,9,373,2,negative_binomial_climate,1311.0,1717.54934223752,2022.0,135.69379844961242,406.54934223752,406.54934223752,165282.3676737602,2.996079016746555
Colombia,2023,2023,8,2023-W08,372,2023,10,374,2,negative_binomial_climate,1735.0,1782.27360700845,2022.0,135.69379844961242,47.27360700844997,47.27360700844997,2234.7939195893705,0.3483844328081377
Colombia,2023,2023,9,2023-W09,373,2023,11,375,2,negative_binomial_climate,1752.0,1545.73243160057,2022.0,135.69379844961242,-206.26756839943005,206.26756839943005,42546.30977341355,1.520095765290438
Colombia,2023,2023,10,2023-W10,374,2023,12,376,2,negative_binomial_climate,2015.0,1522.08314698085,2022.0,135.69379844961242,-492.91685301915004,492.91685301915004,242967.02399030238,3.6325672849536033
Colombia,2023,2023,11,2023-W11,375,2023,13,377,2,negative_binomial_climate,2217.0,1430.39026808324,2022.0,135.69379844961242,-786.60973191676,786.60973191676,618754.870346157,5.796946808949815
Colombia,2023,2023,12,2023-W12,376,2023,14,378,2,negative_binomial_climate,1627.0,1754.93843971466,2022.0,135.69379844961242,127.93843971466003,127.93843971466003,16368.2443566217,0.9428466236219911
Colombia,2023,2023,13,2023-W13,377,2023,15,379,2,negative_binomial_climate,1682.0,1923.8772566165,2022.0,135.69379844961242,241.87725661650006,241.87725661650006,58504.607268324224,1.7825225572583339
Colombia,2023,2023,14,2023-W14,378,2023,16,380,2,negative_binomial_climate,1751.0,1777.59404545177,2022.0,135.69379844961242,26.594045451769944,26.594045451769944,707.2432534908056,0.19598571014758048
Colombia,2023,2023,15,2023-W15,379,2023,17,381,2,negative_binomial_climate,2144.0,1632.148379691,2022.0,135.69379844961242,-511.85162030900005,511.85162030900005,261992.08121294875,3.7721076877294983
Colombia,2023,2023,16,2023-W16,380,2023,18,382,2,negative_binomial_climate,2689.0,1595.32227597242,2022.0,135.69379844961242,-1093.67772402758,1093.67772402758,1196130.9640341476,8.059894678485978
Colombia,2023,2023,17,2023-W17,381,2023,19,383,2,negative_binomial_climate,2729.0,1915.85379815191,2022.0,135.69379844961242,-813.14620184809,813.14620184809,661206.7455799746,5.992508214367939
Colombia,2023,2023,18,2023-W18,382,2023,20,384,2,negative_binomial_climate,2179.0,2246.03446480252,2022.0,135.69379844961242,67.03446480251978,67.03446480251978,4493.619471360263,0.49401273726899086
Colombia,2023,2023,19,2023-W19,383,2023,21,385,2,negative_binomial_climate,2133.0,2615.63819063813,2022.0,135.69379844961242,482.6381906381298,482.6381906381298,232939.62306244773,3.556818337702804
Colombia,2023,2023,20,2023-W20,384,2023,22,386,2,negative_binomial_climate,2569.0,2424.35783184217,2022.0,135.69379844961242,-144.64216815782993,144.64216815782993,20921.35680939795,1.065945310769234
Colombia,2023,2023,21,2023-W21,385,2023,23,387,2,negative_binomial_climate,2152.0,2256.71982992337,2022.0,135.69379844961242,104.71982992337007,104.71982992337007,10966.242779179554,0.7717362998151754
Colombia,2023,2023,22,2023-W22,386,2023,24,388,2,negative_binomial_climate,2079.0,2392.69978319126,2022.0,135.69379844961242,313.69978319125994,313.69978319125994,98407.55397424349,2.3118210763902156
Colombia,2023,2023,23,2023-W23,387,2023,25,389,2,negative_binomial_climate,2082.0,2367.52246792872,2022.0,135.69379844961242,285.52246792871983,285.52246792871983,81523.07969210684,2.1041674062558116
Colombia,2023,2023,24,2023-W24,388,2023,26,390,2,negative_binomial_climate,1768.0,2254.37869672381,2022.0,135.69379844961242,486.3786967238102,486.3786967238102,236564.23662675216,3.584384122789655
Colombia,2023,2023,25,2023-W25,389,2023,27,391,2,negative_binomial_climate,2203.0,2056.45293636878,2022.0,135.69379844961242,-146.54706363122023,146.54706363122023,21476.04185893291,1.0799835018668005
Colombia,2023,2023,26,2023-W26,390,2023,28,392,2,negative_binomial_climate,2617.0,1903.6365798754,2022.0,135.69379844961242,-713.3634201246,713.3634201246,508887.36917186657,5.257155656892421
Colombia,2023,2023,27,2023-W27,391,2023,29,393,2,negative_binomial_climate,2458.0,1981.67435497865,2022.0,135.69379844961242,-476.32564502135006,476.32564502135006,226886.1201050052,3.510297821003408
Colombia,2023,2023,28,2023-W28,392,2023,30,394,2,negative_binomial_climate,2609.0,2157.80321641822,2022.0,135.69379844961242,-451.19678358178,451.19678358178,203578.5375145436,3.3251098335884834
Colombia,2023,2023,29,2023-W29,393,2023,31,395,2,negative_binomial_climate,2595.0,2507.01326901122,2022.0,135.69379844961242,-87.98673098877998,87.98673098877998,7741.664830091936,0.6484211658460748
Colombia,2023,2023,30,2023-W30,394,2023,32,396,2,negative_binomial_climate,2876.0,2549.86219474624,2022.0,135.69379844961242,-326.1378052537598,326.1378052537598,106365.86801573934,2.4034834972569916
Colombia,2023,2023,31,2023-W31,395,2023,33,397,2,negative_binomial_climate,2474.0,2600.08864349479,2022.0,135.69379844961242,126.08864349479018,126.08864349479018,15898.346018356293,0.9292144883217419
Colombia,2023,2023,32,2023-W32,396,2023,34,398,2,negative_binomial_climate,2299.0,2797.53275618143,2022.0,135.69379844961242,498.53275618143016,498.53275618143016,248534.90898585328,3.6739538717132443
Colombia,2023,2023,33,2023-W33,397,2023,35,399,2,negative_binomial_climate,2504.0,2619.13403846096,2022.0,135.69379844961242,115.1340384609598,115.1340384609598,13255.84681232977,0.8484841590141856
Colombia,2023,2023,34,2023-W34,398,2023,36,400,2,negative_binomial_climate,2559.0,2488.79119093868,2022.0,135.69379844961242,-70.20880906132015,70.20880906132015,4929.276869808911,0.5174061737787596
Colombia,2023,2023,35,2023-W35,399,2023,37,401,2,negative_binomial_climate,2681.0,2386.73943085178,2022.0,135.69379844961242,-294.26056914821993,294.26056914821993,86589.28255543433,2.168563136343247
Colombia,2023,2023,36,2023-W36,400,2023,38,402,2,negative_binomial_climate,2677.0,2449.838407367,2022.0,135.69379844961242,-227.16159263300005,227.16159263300005,51602.389167561065,1.6740749778432407
Colombia,2023,2023,37,2023-W37,401,2023,39,403,2,negative_binomial_climate,2809.0,2641.56733590307,2022.0,135.69379844961242,-167.43266409692978,167.43266409692978,28033.69700659532,1.2339006351797503
Colombia,2023,2023,38,2023-W38,402,2023,40,404,2,negative_binomial_climate,2984.0,2596.38125053118,2022.0,135.69379844961242,-387.61874946882017,387.61874946882017,150248.29493977196,2.8565693782443256
Colombia,2023,2023,39,2023-W39,403,2023,41,405,2,negative_binomial_climate,2632.0,2728.37111324977,2022.0,135.69379844961242,96.37111324977013,96.37111324977013,9287.39146900002,0.710210152202025
Colombia,2023,2023,40,2023-W40,404,2023,42,406,2,negative_binomial_climate,2964.0,2811.38615331645,2022.0,135.69379844961242,-152.61384668355004,152.61384668355004,23290.986199550116,1.1246928631025137
Colombia,2023,2023,41,2023-W41,405,2023,43,407,2,negative_binomial_climate,2969.0,2740.00111145737,2022.0,135.69379844961242,-228.99888854263008,228.99888854263008,52440.490953759916,1.6876149916878105
Colombia,2023,2023,42,2023-W42,406,2023,44,408,2,negative_binomial_climate,2852.0,2843.4766182649,2022.0,135.69379844961242,-8.523381735099974,8.523381735099974,72.64803620223584,0.06281334764362859
Colombia,2023,2023,43,2023-W43,407,2023,45,409,2,negative_binomial_climate,3322.0,2920.23547709433,2022.0,135.69379844961242,-401.7645229056702,401.7645229056702,161414.73186562082,2.9608171301569
Colombia,2023,2023,44,2023-W44,408,2023,46,410,2,negative_binomial_climate,3638.0,2927.23646889079,2022.0,135.69379844961242,-710.7635311092099,710.7635311092099,505184.7971548328,5.237995687571086
Colombia,2023,2023,45,2023-W45,409,2023,47,411,2,negative_binomial_climate,3999.0,2948.12199201476,2022.0,135.69379844961242,-1050.87800798524,1050.87800798524,1104344.587667026,7.7444807352449905
Colombia,2023,2023,46,2023-W46,410,2023,48,412,2,negative_binomial_climate,3916.0,3232.09034139217,2022.0,135.69379844961242,-683.9096586078299,683.9096586078299,467732.42113707843,5.040095173264592
Colombia,2023,2023,47,2023-W47,411,2023,49,413,2,negative_binomial_climate,4130.0,3574.823929984,2022.0,135.69379844961242,-555.1760700159998,555.1760700159998,308220.46871841035,4.0913886733162315
Colombia,2023,2023,48,2023-W48,412,2023,50,414,2,negative_binomial_climate,4650.0,3668.11588149133,2022.0,135.69379844961242,-981.8841185086699,981.8841185086699,964096.4221795476,7.236027952104796
Colombia,2023,2023,49,2023-W49,413,2023,51,415,2,negative_binomial_climate,3922.0,3882.71208916337,2022.0,135.69379844961242,-39.28791083663009,39.28791083663009,1543.539937906996,0.2895335769616545
Colombia,2023,2023,50,2023-W50,414,2023,52,416,2,negative_binomial_climate,3859.0,4045.97637677021,2022.0,135.69379844961242,186.9763767702102,186.9763767702102,34960.1654701156,1.3779286813880496
Colombia,2023,2022,51,2022-W51,363,2023,1,365,2,negative_binomial_epidemiology,1071.0,1408.90552696987,2022.0,135.69379844961242,337.9055269698699,337.9055269698699,114180.1451567855,2.4902061172334666
Colombia,2023,2022,52,2022-W52,364,2023,2,366,2,negative_binomial_epidemiology,2389.0,1412.77619722708,2022.0,135.69379844961242,-976.22380277292,976.22380277292,953012.913100421,7.194314065394994
Colombia,2023,2023,1,2023-W01,365,2023,3,367,2,negative_binomial_epidemiology,2177.0,1189.50252215348,2022.0,135.69379844961242,-987.49747784652,987.49747784652,975151.2687532384,7.277395792064959
Colombia,2023,2023,2,2023-W02,366,2023,4,368,2,negative_binomial_epidemiology,2237.0,1616.26625121484,2022.0,135.69379844961242,-620.7337487851601,620.7337487851601,385310.3868808782,4.574518186368399
Colombia,2023,2023,3,2023-W03,367,2023,5,369,2,negative_binomial_epidemiology,2016.0,1775.07584627677,2022.0,135.69379844961242,-240.9241537232299,240.9241537232299,58044.44784725451,1.7754986335111915
Colombia,2023,2023,4,2023-W04,368,2023,6,370,2,negative_binomial_epidemiology,1870.0,2254.44066730194,2022.0,135.69379844961242,384.4406673019398,384.4406673019398,147794.62667556078,2.8331483950955603
Colombia,2023,2023,5,2023-W05,369,2023,7,371,2,negative_binomial_epidemiology,1918.0,1932.77071452818,2022.0,135.69379844961242,14.770714528179951,14.770714528179951,218.17400767298628,0.10885327625097624
Colombia,2023,2023,6,2023-W06,370,2023,8,372,2,negative_binomial_epidemiology,2294.0,1926.42098627323,2022.0,135.69379844961242,-367.57901372677,367.57901372677,135114.33133234494,2.7088858733898897
Colombia,2023,2023,7,2023-W07,371,2023,9,373,2,negative_binomial_epidemiology,1311.0,1838.44781443798,2022.0,135.69379844961242,527.44781443798,527.44781443798,278201.1969554018,3.8870443635921856
Colombia,2023,2023,8,2023-W08,372,2023,10,374,2,negative_binomial_epidemiology,1735.0,1971.43913548822,2022.0,135.69379844961242,236.43913548822002,236.43913548822002,55903.46479041686,1.7424461411625798
Colombia,2023,2023,9,2023-W09,373,2023,11,375,2,negative_binomial_epidemiology,1752.0,1629.29885960978,2022.0,135.69379844961242,-122.70114039021996,122.70114039021996,15055.569853060468,0.9042501705469093
Colombia,2023,2023,10,2023-W10,374,2023,12,376,2,negative_binomial_epidemiology,2015.0,1528.94381139653,2022.0,135.69379844961242,-486.05618860347,486.05618860347,236250.618479732,3.582007388377139
Colombia,2023,2023,11,2023-W11,375,2023,13,377,2,negative_binomial_epidemiology,2217.0,1477.37516520385,2022.0,135.69379844961242,-739.62483479615,739.62483479615,547044.8962472322,5.450690033345902
Colombia,2023,2023,12,2023-W12,376,2023,14,378,2,negative_binomial_epidemiology,1627.0,1815.64516709428,2022.0,135.69379844961242,188.64516709427994,188.64516709427994,35586.9990680288,1.3902268876667205
Colombia,2023,2023,13,2023-W13,377,2023,15,379,2,negative_binomial_epidemiology,1682.0,1922.40001424857,2022.0,135.69379844961242,240.40001424856996,240.40001424856996,57792.16685071264,1.7716359700685835
Colombia,2023,2023,14,2023-W14,378,2023,16,380,2,negative_binomial_epidemiology,1751.0,1824.74528307328,2022.0,135.69379844961242,73.74528307328,73.74528307328,5438.366775558198,0.5434683376533531
Colombia,2023,2023,15,2023-W15,379,2023,17,381,2,negative_binomial_epidemiology,2144.0,1686.71167940608,2022.0,135.69379844961242,-457.28832059391993,457.28832059391993,209112.6081516077,3.3700016199614766
Colombia,2023,2023,16,2023-W16,380,2023,18,382,2,negative_binomial_epidemiology,2689.0,1611.44775069328,2022.0,135.69379844961242,-1077.55224930672,1077.55224930672,1161118.8499859713,7.941057451544851
Colombia,2023,2023,17,2023-W17,381,2023,19,383,2,negative_binomial_epidemiology,2729.0,1925.83509483298,2022.0,135.69379844961242,-803.1649051670199,803.1649051670199,645073.8648919481,5.918950713619101
Colombia,2023,2023,18,2023-W18,382,2023,20,384,2,negative_binomial_epidemiology,2179.0,2262.26265938319,2022.0,135.69379844961242,83.26265938319011,83.26265938319011,6932.670447561137,0.6136069616630879
Colombia,2023,2023,19,2023-W19,383,2023,21,385,2,negative_binomial_epidemiology,2133.0,2612.85916881329,2022.0,135.69379844961242,479.8591688132901,479.8591688132901,230264.82189418166,3.53633824313259
Colombia,2023,2023,20,2023-W20,384,2023,22,386,2,negative_binomial_epidemiology,2569.0,2452.71885176959,2022.0,135.69379844961242,-116.28114823041005,116.28114823041005,13521.305433782594,0.8569378229439799
Colombia,2023,2023,21,2023-W21,385,2023,23,387,2,negative_binomial_epidemiology,2152.0,2230.25538208767,2022.0,135.69379844961242,78.25538208767011,78.25538208767011,6123.90482568724,0.5767056636470304
Colombia,2023,2023,22,2023-W22,386,2023,24,388,2,negative_binomial_epidemiology,2079.0,2343.47736670674,2022.0,135.69379844961242,264.4773667067402,264.4773667067402,69948.27750013153,1.9490748267685158
Colombia,2023,2023,23,2023-W23,387,2023,25,389,2,negative_binomial_epidemiology,2082.0,2310.43873004413,2022.0,135.69379844961242,228.4387300441299,228.4387300441299,52184.25338417486,1.683486884840627
Colombia,2023,2023,24,2023-W24,388,2023,26,390,2,negative_binomial_epidemiology,1768.0,2188.65637230513,2022.0,135.69379844961242,420.65637230512993,420.65637230512993,176951.7835609121,3.100041248099732
Colombia,2023,2023,25,2023-W25,389,2023,27,391,2,negative_binomial_epidemiology,2203.0,2014.65204445372,2022.0,135.69379844961242,-188.34795554628,188.34795554628,35474.952358463466,1.3880365771927285
Colombia,2023,2023,26,2023-W26,390,2023,28,392,2,negative_binomial_epidemiology,2617.0,1880.2085432824,2022.0,135.69379844961242,-736.7914567176001,736.7914567176001,542861.6506920432,5.429809358540399
Colombia,2023,2023,27,2023-W27,391,2023,29,393,2,negative_binomial_epidemiology,2458.0,1966.96195494592,2022.0,135.69379844961242,-491.03804505407993,491.03804505407993,241118.36169053262,3.6187213466237997
Colombia,2023,2023,28,2023-W28,392,2023,30,394,2,negative_binomial_epidemiology,2609.0,2251.27658524462,2022.0,135.69379844961242,-357.72341475537996,357.72341475537996,127966.04146424959,2.63625470612951
Colombia,2023,2023,29,2023-W29,393,2023,31,395,2,negative_binomial_epidemiology,2595.0,2495.7389929632,2022.0,135.69379844961242,-99.26100703680004,99.26100703680004,9852.747517959666,0.7315073214171901
Colombia,2023,2023,30,2023-W30,394,2023,32,396,2,negative_binomial_epidemiology,2876.0,2538.0343341875,2022.0,135.69379844961242,-337.9656658125,337.9656658125,114220.79126808642,2.4906493124517977
Colombia,2023,2023,31,2023-W31,395,2023,33,397,2,negative_binomial_epidemiology,2474.0,2567.31580963248,2022.0,135.69379844961242,93.31580963248007,93.31580963248007,8707.84032736526,0.6876939896935033
Colombia,2023,2023,32,2023-W32,396,2023,34,398,2,negative_binomial_epidemiology,2299.0,2767.57571001929,2022.0,135.69379844961242,468.57571001929,468.57571001929,219563.19602008176,3.453184415006907
Colombia,2023,2023,33,2023-W33,397,2023,35,399,2,negative_binomial_epidemiology,2504.0,2622.31633322318,2022.0,135.69379844961242,118.31633322318021,118.31633322318021,13998.754707378617,0.871936187025636
Colombia,2023,2023,34,2023-W34,398,2023,36,400,2,negative_binomial_epidemiology,2559.0,2459.10146447867,2022.0,135.69379844961242,-99.8985355213299,99.8985355213299,9979.717399306413,0.7362056089720675
Colombia,2023,2023,35,2023-W35,399,2023,37,401,2,negative_binomial_epidemiology,2681.0,2335.82546429026,2022.0,135.69379844961242,-345.1745357097402,345.1745357097402,119145.46010243472,2.5437753210063976
Colombia,2023,2023,36,2023-W36,400,2023,38,402,2,negative_binomial_epidemiology,2677.0,2403.34222743712,2022.0,135.69379844961242,-273.6577725628799,273.6577725628799,74888.57648407691,2.016730135714331
Colombia,2023,2023,37,2023-W37,401,2023,39,403,2,negative_binomial_epidemiology,2809.0,2519.15525947453,2022.0,135.69379844961242,-289.8447405254701,289.8447405254701,84009.9736102771,2.1360205391633946
Colombia,2023,2023,38,2023-W38,402,2023,40,404,2,negative_binomial_epidemiology,2984.0,2530.53677199341,2022.0,135.69379844961242,-453.4632280065898,453.4632280065898,205628.89915415648,3.341812471812967
Colombia,2023,2023,39,2023-W39,403,2023,41,405,2,negative_binomial_epidemiology,2632.0,2621.53715571996,2022.0,135.69379844961242,-10.462844280039917,10.462844280039917,109.47111042836401,0.0771062819346539
Colombia,2023,2023,40,2023-W40,404,2023,42,406,2,negative_binomial_epidemiology,2964.0,2719.70550957291,2022.0,135.69379844961242,-244.29449042708984,244.29449042708984,59679.79805303149,1.8003364429200825
Colombia,2023,2023,41,2023-W41,405,2023,43,407,2,negative_binomial_epidemiology,2969.0,2658.87039934319,2022.0,135.69379844961242,-310.12960065681,310.12960065681,96180.36920355244,2.2855104964282607
Colombia,2023,2023,42,2023-W42,406,2023,44,408,2,negative_binomial_epidemiology,2852.0,2708.39244994927,2022.0,135.69379844961242,-143.60755005072997,143.60755005072997,20623.128431572914,1.0583206579190587
Colombia,2023,2023,43,2023-W43,407,2023,45,409,2,negative_binomial_epidemiology,3322.0,2704.50831572744,2022.0,135.69379844961242,-617.4916842725602,617.4916842725602,381295.98014576314,4.5506256831763405
Colombia,2023,2023,44,2023-W44,408,2023,46,410,2,negative_binomial_epidemiology,3638.0,2748.74088182576,2022.0,135.69379844961242,-889.25911817424,889.25911817424,790781.779256027,6.5534249047089
Colombia,2023,2023,45,2023-W45,409,2023,47,411,2,negative_binomial_epidemiology,3999.0,2845.48141906466,2022.0,135.69379844961242,-1153.5185809353402,1153.5185809353402,1330605.116563081,8.500893881039667
Colombia,2023,2023,46,2023-W46,410,2023,48,412,2,negative_binomial_epidemiology,3916.0,3118.60309124601,2022.0,135.69379844961242,-797.3969087539899,797.3969087539899,635841.8300904189,5.876443270545557
Colombia,2023,2023,47,2023-W47,411,2023,49,413,2,negative_binomial_epidemiology,4130.0,3492.80933271385,2022.0,135.69379844961242,-637.1906672861501,637.1906672861501,406011.9464765692,4.69579799936664
Colombia,2023,2023,48,2023-W48,412,2023,50,414,2,negative_binomial_epidemiology,4650.0,3581.1202100397,2022.0,135.69379844961242,-1068.8797899603,1068.8797899603,1142504.0053855751,7.877145471443269
Colombia,2023,2023,49,2023-W49,413,2023,51,415,2,negative_binomial_epidemiology,3922.0,3737.303247345,2022.0,135.69379844961242,-184.69675265500018,184.69675265500018,34112.89044130232,1.361128914993003
Colombia,2023,2023,50,2023-W50,414,2023,52,416,2,negative_binomial_epidemiology,3859.0,3952.92771735429,2022.0,135.69379844961242,93.92771735429005,93.92771735429005,8822.4160873874,0.692203464177978
Colombia,2023,2022,49,2022-W49,361,2023,1,365,4,negative_binomial_climate,1071.0,1695.68649832438,2022.0,135.69379844961242,624.68649832438,624.68649832438,390233.22118877555,4.6036481067065615
Colombia,2023,2022,50,2022-W50,362,2023,2,366,4,negative_binomial_climate,2389.0,1558.49441587443,2022.0,135.69379844961242,-830.5055841255701,830.5055841255701,689739.5252637543,6.120438764443345
Colombia,2023,2022,51,2022-W51,363,2023,3,367,4,negative_binomial_climate,2177.0,1246.44155006224,2022.0,135.69379844961242,-930.5584499377601,930.5584499377601,865939.0287505668,6.857781715671458
Colombia,2023,2022,52,2022-W52,364,2023,4,368,4,negative_binomial_climate,2237.0,1325.59837184399,2022.0,135.69379844961242,-911.40162815601,911.40162815601,830652.927805426,6.716604874867907
Colombia,2023,2023,1,2023-W01,365,2023,5,369,4,negative_binomial_climate,2016.0,995.353126930615,2022.0,135.69379844961242,-1020.646873069385,1020.646873069385,1041720.0395063134,7.5216913722728815
Colombia,2023,2023,2,2023-W02,366,2023,6,370,4,negative_binomial_climate,1870.0,1540.98107106442,2022.0,135.69379844961242,-329.0189289355801,329.0189289355801,108253.45559791631,2.4247160348875907
Colombia,2023,2023,3,2023-W03,367,2023,7,371,4,negative_binomial_climate,1918.0,1709.22042431715,2022.0,135.69379844961242,-208.77957568285,208.77957568285,43588.9112223109,1.5386080872397183
Colombia,2023,2023,4,2023-W04,368,2023,8,372,4,negative_binomial_climate,2294.0,1908.72144530816,2022.0,135.69379844961242,-385.2785546918401,385.2785546918401,148439.56470543324,2.8393232343253088
Colombia,2023,2023,5,2023-W05,369,2023,9,373,4,negative_binomial_climate,1311.0,1886.64023545807,2022.0,135.69379844961242,575.64023545807,575.64023545807,331361.6806782223,4.2422000270839515
Colombia,2023,2023,6,2023-W06,370,2023,10,374,4,negative_binomial_climate,1735.0,1755.61443489632,2022.0,135.69379844961242,20.614434896320063,20.614434896320063,424.9549260946184,0.15191876955213163
Colombia,2023,2023,7,2023-W07,371,2023,11,375,4,negative_binomial_climate,1752.0,1774.74657883288,2022.0,135.69379844961242,22.746578832880004,22.746578832880004,517.4068486004247,0.16763167582287528
Colombia,2023,2023,8,2023-W08,372,2023,12,376,4,negative_binomial_climate,2015.0,1934.95581286693,2022.0,135.69379844961242,-80.04418713306995,80.04418713306995,6407.071893793922,0.5898883224408594
Colombia,2023,2023,9,2023-W09,373,2023,13,377,4,negative_binomial_climate,2217.0,1482.07114241043,2022.0,135.69379844961242,-734.92885758957,734.92885758957,540120.4257179105,5.416082871778944
Colombia,2023,2023,10,2023-W10,374,2023,14,378,4,negative_binomial_climate,1627.0,1526.96351431136,2022.0,135.69379844961242,-100.03648568863991,100.03648568863991,10007.298468933459,0.7372222373580821
Colombia,2023,2023,11,2023-W11,375,2023,15,379,4,negative_binomial_climate,1682.0,1543.3693303371,2022.0,135.69379844961242,-138.6306696628999,138.6306696628999,19218.46257118407,1.0216433709339932
Colombia,2023,2023,12,2023-W12,376,2023,16,380,4,negative_binomial_climate,1751.0,1653.74950137321,2022.0,135.69379844961242,-97.25049862678998,97.25049862678998,9457.65948315928,0.7166908122400472
Colombia,2023,2023,13,2023-W13,377,2023,17,381,4,negative_binomial_climate,2144.0,1891.64868179796,2022.0,135.69379844961242,-252.35131820203992,252.35131820203992,63681.187798307205,1.8597115055021936
Colombia,2023,2023,14,2023-W14,378,2023,18,382,4,negative_binomial_climate,2689.0,1616.43640448336,2022.0,135.69379844961242,-1072.56359551664,1072.56359551664,1150392.6664275823,7.904293400076925
Colombia,2023,2023,15,2023-W15,379,2023,19,383,4,negative_binomial_climate,2729.0,1765.83367992425,2022.0,135.69379844961242,-963.16632007575,963.16632007575,927689.3601282622,7.098086508599032
Colombia,2023,2023,16,2023-W16,380,2023,20,384,4,negative_binomial_climate,2179.0,1704.87577627396,2022.0,135.69379844961242,-474.1242237260401,474.1242237260401,224793.77952382012,3.4940743729132033
Colombia,2023,2023,17,2023-W17,381,2023,21,385,4,negative_binomial_climate,2133.0,1928.82770525429,2022.0,135.69379844961242,-204.1722947457099,204.1722947457099,41686.32594172904,1.5046545758060257
Colombia,2023,2023,18,2023-W18,382,2023,22,386,4,negative_binomial_climate,2569.0,2245.68773074157,2022.0,135.69379844961242,-323.3122692584302,323.3122692584302,104530.82345303567,2.3826606149468703
Colombia,2023,2023,19,2023-W19,383,2023,23,387,4,negative_binomial_climate,2152.0,2593.58659058751,2022.0,135.69379844961242,441.5865905875098,441.5865905875098,194998.716986701,3.2542871939094953
Colombia,2023,2023,20,2023-W20,384,2023,24,388,4,negative_binomial_climate,2079.0,2338.08721584319,2022.0,135.69379844961242,259.0872158431898,259.0872158431898,67126.18541337563,1.909351929148018
Colombia,2023,2023,21,2023-W21,385,2023,25,389,4,negative_binomial_climate,2082.0,2397.464317266,2022.0,135.69379844961242,315.46431726599985,315.46431726599985,99517.73546810342,2.3248248694515112
Colombia,2023,2023,22,2023-W22,386,2023,26,390,4,negative_binomial_climate,1768.0,2632.01020599841,2022.0,135.69379844961242,864.0102059984101,864.0102059984101,746513.6360694151,6.367352199365586
Colombia,2023,2023,23,2023-W23,387,2023,27,391,4,negative_binomial_climate,2203.0,2276.68672496497,2022.0,135.69379844961242,73.68672496496993,73.68672496496993,5429.733436063122,0.5430367917096244
Colombia,2023,2023,24,2023-W24,388,2023,28,392,4,negative_binomial_climate,2617.0,2163.09477101174,2022.0,135.69379844961242,-453.9052289882602,453.9052289882602,206029.95690288494,3.345069812875864
Colombia,2023,2023,25,2023-W25,389,2023,29,393,4,negative_binomial_climate,2458.0,2054.66351565887,2022.0,135.69379844961242,-403.33648434113,403.33648434113,162680.31960066262,2.972401752692494
Colombia,2023,2023,26,2023-W26,390,2023,30,394,4,negative_binomial_climate,2609.0,1778.68278595046,2022.0,135.69379844961242,-830.3172140495401,830.3172140495401,689426.6759469898,6.119050564848505
Colombia,2023,2023,27,2023-W27,391,2023,31,395,4,negative_binomial_climate,2595.0,1965.38713143247,2022.0,135.69379844961242,-629.6128685675301,629.6128685675301,396412.3642658339,4.639953157485868
Colombia,2023,2023,28,2023-W28,392,2023,32,396,4,negative_binomial_climate,2876.0,2183.56716784357,2022.0,135.69379844961242,-692.4328321564299,692.4328321564299,479463.2270481746,5.102906986670824
Colombia,2023,2023,29,2023-W29,393,2023,33,397,4,negative_binomial_climate,2474.0,2368.98174058585,2022.0,135.69379844961242,-105.01825941415018,105.01825941415018,11028.834810377743,0.773935585959346
Colombia,2023,2023,30,2023-W30,394,2023,34,398,4,negative_binomial_climate,2299.0,2588.82782413198,2022.0,135.69379844961242,289.8278241319799,289.8278241319799,84000.16764107789,2.1358958732340487
Colombia,2023,2023,31,2023-W31,395,2023,35,399,4,negative_binomial_climate,2504.0,2762.61445091594,2022.0,135.69379844961242,258.61445091593987,258.61445091593987,66881.43422255307,1.9058678721560878
Colombia,2023,2023,32,2023-W32,396,2023,36,400,4,negative_binomial_climate,2559.0,2912.32845135836,2022.0,135.69379844961242,353.32845135835987,353.32845135835987,124840.99453929688,2.6038658759306705
Colombia,2023,2023,33,2023-W33,397,2023,37,401,4,negative_binomial_climate,2681.0,2663.4348121207,2022.0,135.69379844961242,-17.565187879300083,17.565187879300083,308.53582523511056,0.12944724136249025
Colombia,2023,2023,34,2023-W34,398,2023,38,402,4,negative_binomial_climate,2677.0,2545.90830359311,2022.0,135.69379844961242,-131.09169640689015,131.09169640689015,17185.032866836256,0.9660846546024638
Colombia,2023,2023,35,2023-W35,399,2023,39,403,4,negative_binomial_climate,2809.0,2540.34154606853,2022.0,135.69379844961242,-268.6584539314699,268.6584539314699,72177.36486884774,1.9798874893404335
Colombia,2023,2023,36,2023-W36,400,2023,40,404,4,negative_binomial_climate,2984.0,2419.06154511134,2022.0,135.69379844961242,-564.9384548886601,564.9384548886601,319155.4578119866,4.163332896148827
Colombia,2023,2023,37,2023-W37,401,2023,41,405,4,negative_binomial_climate,2632.0,2617.2866792654,2022.0,135.69379844961242,-14.713320734600075,14.713320734600075,216.48180703921247,0.10843031076371273
Colombia,2023,2023,38,2023-W38,402,2023,42,406,4,negative_binomial_climate,2964.0,2699.1350549455,2022.0,135.69379844961242,-264.8649450544999,264.8649450544999,70153.43911872325,1.9519310984050093
Colombia,2023,2023,39,2023-W39,403,2023,43,407,4,negative_binomial_climate,2969.0,2850.21578118737,2022.0,135.69379844961242,-118.78421881263012,118.78421881263012,14109.69063892679,0.8753842855739543
Colombia,2023,2023,40,2023-W40,404,2023,44,408,4,negative_binomial_climate,2852.0,2884.38394416718,2022.0,135.69379844961242,32.383944167179834,32.383944167179834,1048.7198398230207,0.2386545629733039
Colombia,2023,2023,41,2023-W41,405,2023,45,409,4,negative_binomial_climate,3322.0,2786.53846592101,2022.0,135.69379844961242,-535.4615340789901,535.4615340789901,286719.0544782255,3.946101739335012
Colombia,2023,2023,42,2023-W42,406,2023,46,410,4,negative_binomial_climate,3638.0,2973.47333256978,2022.0,135.69379844961242,-664.5266674302202,664.5266674302202,441595.6917259145,4.897251569510606
Colombia,2023,2023,43,2023-W43,407,2023,47,411,4,negative_binomial_climate,3999.0,3087.98744790532,2022.0,135.69379844961242,-911.0125520946799,911.0125520946799,829943.8700740619,6.7137375657810106
Colombia,2023,2023,44,2023-W44,408,2023,48,412,4,negative_binomial_climate,3916.0,2931.37044769005,2022.0,135.69379844961242,-984.6295523099502,984.6295523099502,969495.3552820929,7.256260518608562
Colombia,2023,2023,45,2023-W45,409,2023,49,413,4,negative_binomial_climate,4130.0,3031.41385865359,2022.0,135.69379844961242,-1098.58614134641,1098.58614134641,1206891.509958394,8.096067424587213
Colombia,2023,2023,46,2023-W46,410,2023,50,414,4,negative_binomial_climate,4650.0,3196.04960847019,2022.0,135.69379844961242,-1453.95039152981,1453.95039152981,2113971.741029688,10.714936188257047
Colombia,2023,2023,47,2023-W47,411,2023,51,415,4,negative_binomial_climate,3922.0,3397.96792391372,2022.0,135.69379844961242,-524.0320760862801,524.0320760862801,274609.61676729686,3.86187196521638
Colombia,2023,2023,48,2023-W48,412,2023,52,416,4,negative_binomial_climate,3859.0,3505.63129288006,2022.0,135.69379844961242,-353.36870711994015,353.36870711994015,124869.44317161804,2.6041625421161574
Colombia,2023,2022,49,2022-W49,361,2023,1,365,4,negative_binomial_epidemiology,1071.0,1776.39930846995,2022.0,135.69379844961242,705.39930846995,705.39930846995,497588.1843898837,5.19846386886935
Colombia,2023,2022,50,2022-W50,362,2023,2,366,4,negative_binomial_epidemiology,2389.0,1648.26285191662,2022.0,135.69379844961242,-740.7371480833799,740.7371480833799,548691.5225506991,5.458887263432603
Colombia,2023,2022,51,2022-W51,363,2023,3,367,4,negative_binomial_epidemiology,2177.0,1348.62144957945,2022.0,135.69379844961242,-828.37855042055,828.37855042055,686211.0227968517,6.104763518195375
Colombia,2023,2022,52,2022-W52,364,2023,4,368,4,negative_binomial_epidemiology,2237.0,1453.17431516036,2022.0,135.69379844961242,-783.82568483964,783.82568483964,614382.7042143306,5.7764296806143305
Colombia,2023,2023,1,2023-W01,365,2023,5,369,4,negative_binomial_epidemiology,2016.0,1089.16773668342,2022.0,135.69379844961242,-926.8322633165801,926.8322633165801,859018.0443245345,6.8303214583586405
Colombia,2023,2023,2,2023-W02,366,2023,6,370,4,negative_binomial_epidemiology,1870.0,1640.69215123559,2022.0,135.69379844961242,-229.30784876440998,229.30784876440998,52582.08950496152,1.6898918844073745
Colombia,2023,2023,3,2023-W03,367,2023,7,371,4,negative_binomial_epidemiology,1918.0,1769.00400752357,2022.0,135.69379844961242,-148.99599247643005,148.99599247643005,22199.8057740364,1.098030965149503
Colombia,2023,2023,4,2023-W04,368,2023,8,372,4,negative_binomial_epidemiology,2294.0,2002.900840301,2022.0,135.69379844961242,-291.099159699,291.099159699,84738.7207774639,2.145265023346625
Colombia,2023,2023,5,2023-W05,369,2023,9,373,4,negative_binomial_epidemiology,1311.0,2084.19430800747,2022.0,135.69379844961242,773.1943080074702,773.1943080074702,597829.4379351507,5.698081392382739
Colombia,2023,2023,6,2023-W06,370,2023,10,374,4,negative_binomial_epidemiology,1735.0,1930.55314931458,2022.0,135.69379844961242,195.55314931457997,195.55314931457997,38241.03420685041,1.4411354943917742
Colombia,2023,2023,7,2023-W07,371,2023,11,375,4,negative_binomial_epidemiology,1752.0,1882.93360655205,2022.0,135.69379844961242,130.93360655204992,130.93360655204992,17143.60932472701,0.9649196061135387
Colombia,2023,2023,8,2023-W08,372,2023,12,376,4,negative_binomial_epidemiology,2015.0,1982.52141369972,2022.0,135.69379844961242,-32.478586300280085,32.478586300280085,1054.8585680647411,0.23935203134828933
Colombia,2023,2023,9,2023-W09,373,2023,13,377,4,negative_binomial_epidemiology,2217.0,1481.2758757279,2022.0,135.69379844961242,-735.7241242721,735.7241242721,541289.9870359484,5.421943616275866
Colombia,2023,2023,10,2023-W10,374,2023,14,378,4,negative_binomial_epidemiology,1627.0,1519.75197262152,2022.0,135.69379844961242,-107.24802737847995,107.24802737847995,11502.139376575184,0.7903679357778807
Colombia,2023,2023,11,2023-W11,375,2023,15,379,4,negative_binomial_epidemiology,1682.0,1504.71889492587,2022.0,135.69379844961242,-177.28110507412998,177.28110507412998,31428.590216304714,1.3064790513618079
Colombia,2023,2023,12,2023-W12,376,2023,16,380,4,negative_binomial_epidemiology,1751.0,1647.57259061965,2022.0,135.69379844961242,-103.4274093803499,103.4274093803499,10697.22901113049,0.7622117632645968
Colombia,2023,2023,13,2023-W13,377,2023,17,381,4,negative_binomial_epidemiology,2144.0,1938.47827914116,2022.0,135.69379844961242,-205.5217208588399,205.5217208588399,42239.177744778906,1.5145992168179807
Colombia,2023,2023,14,2023-W14,378,2023,18,382,4,negative_binomial_epidemiology,2689.0,1726.50986023745,2022.0,135.69379844961242,-962.4901397625499,962.4901397625499,926387.2691401328,7.093103375096057
Colombia,2023,2023,15,2023-W15,379,2023,19,383,4,negative_binomial_epidemiology,2729.0,1712.43896152102,2022.0,135.69379844961242,-1016.56103847898,1016.56103847898,1033396.3449534622,7.491580677185204
Colombia,2023,2023,16,2023-W16,380,2023,20,384,4,negative_binomial_epidemiology,2179.0,1665.45107268997,2022.0,135.69379844961242,-513.54892731003,513.54892731003,263732.5007412824,3.784616048615719
Colombia,2023,2023,17,2023-W17,381,2023,21,385,4,negative_binomial_epidemiology,2133.0,1905.81138447249,2022.0,135.69379844961242,-227.1886155275099,227.1886155275099,51614.66702530672,1.674274123970909
Colombia,2023,2023,18,2023-W18,382,2023,22,386,4,negative_binomial_epidemiology,2569.0,2288.95262921547,2022.0,135.69379844961242,-280.0473707845299,280.0473707845299,78426.52988332797,2.0638184941703193
Colombia,2023,2023,19,2023-W19,383,2023,23,387,4,negative_binomial_epidemiology,2152.0,2582.11027589374,2022.0,135.69379844961242,430.11027589374,430.11027589374,184994.8494293891,3.1697121077604304
Colombia,2023,2023,20,2023-W20,384,2023,24,388,4,negative_binomial_epidemiology,2079.0,2429.86289743419,2022.0,135.69379844961242,350.86289743419,350.86289743419,123104.77279591495,2.585695893570825
Colombia,2023,2023,21,2023-W21,385,2023,25,389,4,negative_binomial_epidemiology,2082.0,2334.74296130823,2022.0,135.69379844961242,252.74296130822995,252.74296130822995,63879.004490853426,1.862597732512306
Colombia,2023,2023,22,2023-W22,386,2023,26,390,4,negative_binomial_epidemiology,1768.0,2493.69772438618,2022.0,135.69379844961242,725.6977243861802,725.6977243861802,526637.1871792803,5.348053725945742
Colombia,2023,2023,23,2023-W23,387,2023,27,391,4,negative_binomial_epidemiology,2203.0,2212.18408190525,2022.0,135.69379844961242,9.184081905249968,9.184081905249968,84.34736044233989,0.06768239971305925
Colombia,2023,2023,24,2023-W24,388,2023,28,392,4,negative_binomial_epidemiology,2617.0,2128.1255834772,2022.0,135.69379844961242,-488.87441652279995,488.87441652279995,238998.1951305081,3.6027764135760054
Colombia,2023,2023,25,2023-W25,389,2023,29,393,4,negative_binomial_epidemiology,2458.0,2040.17941975857,2022.0,135.69379844961242,-417.82058024143,417.82058024143,174574.03727328524,3.0791427833496794
Colombia,2023,2023,26,2023-W26,390,2023,30,394,4,negative_binomial_epidemiology,2609.0,1767.42158190666,2022.0,135.69379844961242,-841.5784180933399,841.5784180933399,708254.2338004884,6.202040385845973
Colombia,2023,2023,27,2023-W27,391,2023,31,395,4,negative_binomial_epidemiology,2595.0,1959.13881746982,2022.0,135.69379844961242,-635.86118253018,635.86118253018,404319.44344867894,4.686000316855278
Colombia,2023,2023,28,2023-W28,392,2023,32,396,4,negative_binomial_epidemiology,2876.0,2264.1624940233,2022.0,135.69379844961242,-611.8375059767,611.8375059767,374345.13371978834,4.5089570265357075
Colombia,2023,2023,29,2023-W29,393,2023,33,397,4,negative_binomial_epidemiology,2474.0,2347.07470550184,2022.0,135.69379844961242,-126.92529449815993,126.92529449815993,16110.030383444628,0.935380215959475
Colombia,2023,2023,30,2023-W30,394,2023,34,398,4,negative_binomial_epidemiology,2299.0,2556.8787086215,2022.0,135.69379844961242,257.8787086215002,257.8787086215002,66501.4283602926,1.9004457946341526
Colombia,2023,2023,31,2023-W31,395,2023,35,399,4,negative_binomial_epidemiology,2504.0,2633.79386703663,2022.0,135.69379844961242,129.79386703663022,129.79386703663022,16846.447920322444,0.9565202575180837
Colombia,2023,2023,32,2023-W32,396,2023,36,400,4,negative_binomial_epidemiology,2559.0,2785.82762960342,2022.0,135.69379844961242,226.82762960342006,226.82762960342006,51450.773551506325,1.6716138260927866
Colombia,2023,2023,33,2023-W33,397,2023,37,401,4,negative_binomial_epidemiology,2681.0,2583.61575298905,2022.0,135.69379844961242,-97.38424701094982,97.38424701094982,9483.691565889689,0.717676475444173
Colombia,2023,2023,34,2023-W34,398,2023,38,402,4,negative_binomial_epidemiology,2677.0,2409.79279607295,2022.0,135.69379844961242,-267.20720392705016,267.20720392705016,71399.68983051217,1.9691924537455778
Colombia,2023,2023,35,2023-W35,399,2023,39,403,4,negative_binomial_epidemiology,2809.0,2359.36639556558,2022.0,135.69379844961242,-449.6336044344198,449.6336044344198,202170.3782366883,3.313589932419672
Colombia,2023,2023,36,2023-W36,400,2023,40,404,4,negative_binomial_epidemiology,2984.0,2300.99608624105,2022.0,135.69379844961242,-683.0039137589501,683.0039137589501,466494.3462100434,5.033420256214377
Colombia,2023,2023,37,2023-W37,401,2023,41,405,4,negative_binomial_epidemiology,2632.0,2403.06288402623,2022.0,135.69379844961242,-228.93711597376978,228.93711597376978,52412.20307038731,1.6871597566692165
Colombia,2023,2023,38,2023-W38,402,2023,42,406,4,negative_binomial_epidemiology,2964.0,2451.36789326024,2022.0,135.69379844961242,-512.6321067397598,512.6321067397598,262791.6768604445,3.7778595086651436
Colombia,2023,2023,39,2023-W39,403,2023,43,407,4,negative_binomial_epidemiology,2969.0,2547.76277260608,2022.0,135.69379844961242,-421.23722739391997,421.23722739391997,177440.80174251704,3.1043218791633964
Colombia,2023,2023,40,2023-W40,404,2023,44,408,4,negative_binomial_epidemiology,2852.0,2663.52604557269,2022.0,135.69379844961242,-188.47395442731022,188.47395442731022,35522.431497467805,1.3889651301735564
Colombia,2023,2023,41,2023-W41,405,2023,45,409,4,negative_binomial_epidemiology,3322.0,2536.79888906912,2022.0,135.69379844961242,-785.2011109308801,785.2011109308801,616540.7846070882,5.786565929337229
Colombia,2023,2023,42,2023-W42,406,2023,46,410,4,negative_binomial_epidemiology,3638.0,2676.28919262452,2022.0,135.69379844961242,-961.7108073754798,961.7108073754798,924887.6770227973,7.087360058924099
Colombia,2023,2023,43,2023-W43,407,2023,47,411,4,negative_binomial_epidemiology,3999.0,2646.19954795322,2022.0,135.69379844961242,-1352.8004520467798,1352.8004520467798,1830069.063057972,9.969508315806483
Colombia,2023,2023,44,2023-W44,408,2023,48,412,4,negative_binomial_epidemiology,3916.0,2573.8459755154,2022.0,135.69379844961242,-1342.1540244846,1342.1540244846,1801377.4254402085,9.891049110715153
Colombia,2023,2023,45,2023-W45,409,2023,49,413,4,negative_binomial_epidemiology,4130.0,2811.71757688612,2022.0,135.69379844961242,-1318.2824231138802,1318.2824231138802,1737868.5470910035,9.71512654355683
Colombia,2023,2023,46,2023-W46,410,2023,50,414,4,negative_binomial_epidemiology,4650.0,3027.46068960506,2022.0,135.69379844961242,-1622.53931039494,1622.53931039494,2632633.8137768875,11.95735788174168
Colombia,2023,2023,47,2023-W47,411,2023,51,415,4,negative_binomial_epidemiology,3922.0,3338.12583817739,2022.0,135.69379844961242,-583.87416182261,583.87416182261,340909.0368440553,4.30288022366344
Colombia,2023,2023,48,2023-W48,412,2023,52,416,4,negative_binomial_epidemiology,3859.0,3475.7589302554,2022.0,135.69379844961242,-383.2410697445998,383.2410697445998,146873.71753898522,2.824307920652025
Peru,2023,2022,52,2022-W52,364,2023,1,365,1,negative_binomial_climate,1596.0,1138.58504976676,2022.0,205.76129032258063,-457.41495023324,457.41495023324,209228.43669687744,2.2230369449770233
Peru,2023,2023,1,2023-W01,365,2023,2,366,1,negative_binomial_climate,1499.0,1382.36516703558,2022.0,205.76129032258063,-116.63483296441996,116.63483296441996,13603.684260638143,0.566845361348418
Peru,2023,2023,2,2023-W02,366,2023,3,367,1,negative_binomial_climate,1851.0,1515.09031862072,2022.0,205.76129032258063,-335.9096813792801,335.9096813792801,112835.31404432945,1.632521262151206
Peru,2023,2023,3,2023-W03,367,2023,4,368,1,negative_binomial_climate,1757.0,1978.08530746169,2022.0,205.76129032258063,221.08530746169004,221.08530746169004,48878.71317543001,1.0744747329057147
Peru,2023,2023,4,2023-W04,368,2023,5,369,1,negative_binomial_climate,1914.0,1527.35875112967,2022.0,205.76129032258063,-386.64124887032995,386.64124887032995,149491.45532800842,1.8790767119713148
Peru,2023,2023,5,2023-W05,369,2023,6,370,1,negative_binomial_climate,2142.0,1575.84241219786,2022.0,205.76129032258063,-566.1575878021399,566.1575878021399,320534.41422593774,2.7515262317540428
Peru,2023,2023,6,2023-W06,370,2023,7,371,1,negative_binomial_climate,2303.0,1637.14852885063,2022.0,205.76129032258063,-665.8514711493699,665.8514711493699,443358.1816317802,3.2360385673393015
Peru,2023,2023,7,2023-W07,371,2023,8,372,1,negative_binomial_climate,2513.0,1864.89713336461,2022.0,205.76129032258063,-648.10286663539,648.10286663539,420037.32574101014,3.149780338271265
Peru,2023,2023,8,2023-W08,372,2023,9,373,1,negative_binomial_climate,2545.0,2440.02843897034,2022.0,205.76129032258063,-104.97156102965982,104.97156102965982,11019.028625003597,0.5101618524314826
Peru,2023,2023,9,2023-W09,373,2023,10,374,1,negative_binomial_climate,2528.0,2042.3608106153,2022.0,205.76129032258063,-485.6391893847001,485.6391893847001,235845.42226622862,2.360206764952451
Peru,2023,2023,10,2023-W10,374,2023,11,375,1,negative_binomial_climate,3018.0,2286.32045603696,2022.0,205.76129032258063,-731.67954396304,731.67954396304,535354.9550539622,3.555963042494316
Peru,2023,2023,11,2023-W11,375,2023,12,376,1,negative_binomial_climate,3796.0,2304.88336973906,2022.0,205.76129032258063,-1491.11663026094,1491.11663026094,2223428.8050407404,7.246827758142718
Peru,2023,2023,12,2023-W12,376,2023,13,377,1,negative_binomial_climate,4099.0,3066.01657536549,2022.0,205.76129032258063,-1032.98342463451,1032.98342463451,1067054.7555696403,5.020300091504375
Peru,2023,2023,13,2023-W13,377,2023,14,378,1,negative_binomial_climate,4430.0,3357.73134497619,2022.0,205.76129032258063,-1072.26865502381,1072.26865502381,1149760.0685465704,5.211226335832018
Peru,2023,2023,14,2023-W14,378,2023,15,379,1,negative_binomial_climate,6520.0,3189.73101519247,2022.0,205.76129032258063,-3330.26898480753,3330.26898480753,11090691.511170978,16.185109354565803
Peru,2023,2023,15,2023-W15,379,2023,16,380,1,negative_binomial_climate,7614.0,3797.56361485689,2022.0,205.76129032258063,-3816.43638514311,3816.43638514311,14565186.681844208,18.54788322507077
Peru,2023,2023,16,2023-W16,380,2023,17,381,1,negative_binomial_climate,8594.0,4202.90554485083,2022.0,205.76129032258063,-4391.09445514917,4391.09445514917,19281710.51404179,21.34072180566649
Peru,2023,2023,17,2023-W17,381,2023,18,382,1,negative_binomial_climate,11860.0,4982.32137320921,2022.0,205.76129032258063,-6877.67862679079,6877.67862679079,47302463.293414846,33.42552243917388
Peru,2023,2023,18,2023-W18,382,2023,19,383,1,negative_binomial_climate,15304.0,5756.32209970412,2022.0,205.76129032258063,-9547.67790029588,9547.67790029588,91158153.28779833,46.40172058275676
Peru,2023,2023,19,2023-W19,383,2023,20,384,1,negative_binomial_climate,20425.0,7505.97830148774,2022.0,205.76129032258063,-12919.02169851226,12919.02169851226,166901121.64663061,62.786453556247466
Peru,2023,2023,20,2023-W20,384,2023,21,385,1,negative_binomial_climate,18043.0,8475.06995474747,2022.0,205.76129032258063,-9567.93004525253,9567.93004525253,91545285.35084607,46.500146019946136
Peru,2023,2023,21,2023-W21,385,2023,22,386,1,negative_binomial_climate,17868.0,9727.61085054296,2022.0,205.76129032258063,-8140.38914945704,8140.38914945704,66265935.50459791,39.56229637117365
Peru,2023,2023,22,2023-W22,386,2023,23,387,1,negative_binomial_climate,15637.0,8533.86769861676,2022.0,205.76129032258063,-7103.132301383241,7103.132301383241,50454488.490953974,34.52122743907448
Peru,2023,2023,23,2023-W23,387,2023,24,388,1,negative_binomial_climate,13340.0,8401.53426579845,2022.0,205.76129032258063,-4938.465734201551,4938.465734201551,24388443.80788286,24.000946565115868
Peru,2023,2023,24,2023-W24,388,2023,25,389,1,negative_binomial_climate,11073.0,8350.80853594297,2022.0,205.76129032258063,-2722.1914640570303,2722.1914640570303,7410326.366984958,13.229852222394873
Peru,2023,2023,25,2023-W25,389,2023,26,390,1,negative_binomial_climate,8681.0,7319.98003671872,2022.0,205.76129032258063,-1361.01996328128,1361.01996328128,1852375.340450177,6.6145578750383605
Peru,2023,2023,26,2023-W26,390,2023,27,391,1,negative_binomial_climate,8132.0,5636.4891061792,2022.0,205.76129032258063,-2495.5108938208004,2495.5108938208004,6227574.621178291,12.128184508896124
Peru,2023,2023,27,2023-W27,391,2023,28,392,1,negative_binomial_climate,7669.0,4603.25001875248,2022.0,205.76129032258063,-3065.74998124752,3065.74998124752,9398822.947519168,14.899546831385118
Peru,2023,2023,28,2023-W28,392,2023,29,393,1,negative_binomial_climate,6815.0,3168.5358308616,2022.0,205.76129032258063,-3646.4641691384,3646.4641691384,13296700.936810201,17.721818148698837
Peru,2023,2023,29,2023-W29,393,2023,30,394,1,negative_binomial_climate,5158.0,4516.71891743194,2022.0,205.76129032258063,-641.2810825680599,641.2810825680599,411241.42685966287,3.1166264634261216
Peru,2023,2023,30,2023-W30,394,2023,31,395,1,negative_binomial_climate,5423.0,4077.23350450484,2022.0,205.76129032258063,-1345.7664954951601,1345.7664954951601,1811087.460397325,6.540426012032416
Peru,2023,2023,31,2023-W31,395,2023,32,396,1,negative_binomial_climate,5060.0,4070.80775738626,2022.0,205.76129032258063,-989.1922426137398,989.1922426137398,978501.2928472,4.807474919422121
Peru,2023,2023,32,2023-W32,396,2023,33,397,1,negative_binomial_climate,4380.0,3554.14505764995,2022.0,205.76129032258063,-825.8549423500499,825.8549423500499,682036.3858040043,4.01365553771228
Peru,2023,2023,33,2023-W33,397,2023,34,398,1,negative_binomial_climate,3824.0,3516.52292947229,2022.0,205.76129032258063,-307.4770705277101,307.4770705277101,94542.14890030242,1.4943387555825751
Peru,2023,2023,34,2023-W34,398,2023,35,399,1,negative_binomial_climate,3466.0,3210.93053528177,2022.0,205.76129032258063,-255.06946471822994,255.06946471822994,65060.431831644346,1.2396377584838567
Peru,2023,2023,35,2023-W35,399,2023,36,400,1,negative_binomial_climate,3368.0,3253.592010967,2022.0,205.76129032258063,-114.40798903299992,114.40798903299992,13089.18795457503,0.5560228984452698
Peru,2023,2023,36,2023-W36,400,2023,37,401,1,negative_binomial_climate,2883.0,2780.87653077095,2022.0,205.76129032258063,-102.12346922904999,102.12346922904999,10429.20296737672,0.49632012449448937
Peru,2023,2023,37,2023-W37,401,2023,38,402,1,negative_binomial_climate,2317.0,3300.29559369707,2022.0,205.76129032258063,983.2955936970702,983.2955936970702,966870.2245840738,4.778817201989336
Peru,2023,2023,38,2023-W38,402,2023,39,403,1,negative_binomial_climate,2158.0,3225.63725166619,2022.0,205.76129032258063,1067.63725166619,1067.63725166619,1139849.3011453354,5.188717712609646
Peru,2023,2023,39,2023-W39,403,2023,40,404,1,negative_binomial_climate,2028.0,2789.1812352229,2022.0,205.76129032258063,761.1812352228999,761.1812352228999,579396.8728554597,3.699341280517652
Peru,2023,2023,40,2023-W40,404,2023,41,405,1,negative_binomial_climate,1829.0,2532.0411062706,2022.0,205.76129032258063,703.0411062705998,703.0411062705998,494266.79710618884,3.416780217349982
Peru,2023,2023,41,2023-W41,405,2023,42,406,1,negative_binomial_climate,1874.0,2438.09047132386,2022.0,205.76129032258063,564.0904713238601,564.0904713238601,318198.05983837467,2.7414800443733207
Peru,2023,2023,42,2023-W42,406,2023,43,407,1,negative_binomial_climate,1563.0,2870.11021361691,2022.0,205.76129032258063,1307.1102136169102,1307.1102136169102,1708537.1105416445,6.352556457862888
Peru,2023,2023,43,2023-W43,407,2023,44,408,1,negative_binomial_climate,1626.0,2845.20750306318,2022.0,205.76129032258063,1219.20750306318,1219.20750306318,1486466.935525554,5.925349229448246
Peru,2023,2023,44,2023-W44,408,2023,45,409,1,negative_binomial_climate,1800.0,2795.36090208306,2022.0,205.76129032258063,995.36090208306,995.36090208306,990743.3253956028,4.837454608311363
Peru,2023,2023,45,2023-W45,409,2023,46,410,1,negative_binomial_climate,1802.0,2349.00159962082,2022.0,205.76129032258063,547.0015996208199,547.0015996208199,299210.74998773576,2.6584281171801676
Peru,2023,2023,46,2023-W46,410,2023,47,411,1,negative_binomial_climate,1823.0,2717.00139011005,2022.0,205.76129032258063,894.0013901100501,894.0013901100501,799238.4855187021,4.344847316560304
Peru,2023,2023,47,2023-W47,411,2023,48,412,1,negative_binomial_climate,1854.0,2309.47302922709,2022.0,205.76129032258063,455.47302922709014,455.47302922709014,207455.6803533017,2.2135992076693625
Peru,2023,2023,48,2023-W48,412,2023,49,413,1,negative_binomial_climate,1680.0,2319.15984791919,2022.0,205.76129032258063,639.1598479191898,639.1598479191898,408525.31119208183,3.1063172617023933
Peru,2023,2023,49,2023-W49,413,2023,50,414,1,negative_binomial_climate,1784.0,2461.81212822662,2022.0,205.76129032258063,677.8121282266202,677.8121282266202,459429.2811711002,3.2941673682352284
Peru,2023,2023,50,2023-W50,414,2023,51,415,1,negative_binomial_climate,1651.0,2474.62463432901,2022.0,205.76129032258063,823.62463432901,823.62463432901,678357.5382735954,4.002816239331406
Peru,2023,2023,51,2023-W51,415,2023,52,416,1,negative_binomial_climate,1310.0,1969.49786222974,2022.0,205.76129032258063,659.4978622297399,659.4978622297399,434937.430285597,3.2051600240055715
Peru,2023,2022,52,2022-W52,364,2023,1,365,1,negative_binomial_epidemiology,1596.0,1281.25557226352,2022.0,205.76129032258063,-314.74442773648,314.74442773648,99064.0547911643,1.5296581161745337
Peru,2023,2023,1,2023-W01,365,2023,2,366,1,negative_binomial_epidemiology,1499.0,1566.08254595784,2022.0,205.76129032258063,67.08254595784001,67.08254595784001,4500.067972185717,0.32602121542235607
Peru,2023,2023,2,2023-W02,366,2023,3,367,1,negative_binomial_epidemiology,1851.0,1788.95504185075,2022.0,205.76129032258063,-62.04495814925008,62.04495814925008,3849.576831742194,0.30153853551355353
Peru,2023,2023,3,2023-W03,367,2023,4,368,1,negative_binomial_epidemiology,1757.0,2066.55885502368,2022.0,205.76129032258063,309.5588550236798,309.5588550236798,95826.68472357163,1.5044562295384685
Peru,2023,2023,4,2023-W04,368,2023,5,369,1,negative_binomial_epidemiology,1914.0,1878.55402916525,2022.0,205.76129032258063,-35.445970834749915,35.445970834749915,1256.4168484179415,0.17226744048494144
Peru,2023,2023,5,2023-W05,369,2023,6,370,1,negative_binomial_epidemiology,2142.0,1925.57851621525,2022.0,205.76129032258063,-216.42148378475008,216.42148378475008,46838.25864359284,1.0518085469111174
Peru,2023,2023,6,2023-W06,370,2023,7,371,1,negative_binomial_epidemiology,2303.0,2016.0369651803,2022.0,205.76129032258063,-286.96303481969994,286.96303481969994,82347.78335293233,1.3946405291773585
Peru,2023,2023,7,2023-W07,371,2023,8,372,1,negative_binomial_epidemiology,2513.0,2239.04609266162,2022.0,205.76129032258063,-273.95390733837985,273.95390733837985,75050.74334596562,1.3314161614601598
Peru,2023,2023,8,2023-W08,372,2023,9,373,1,negative_binomial_epidemiology,2545.0,2618.2873800323,2022.0,205.76129032258063,73.2873800323,73.2873800323,5371.040071998766,0.3561767129152636
Peru,2023,2023,9,2023-W09,373,2023,10,374,1,negative_binomial_epidemiology,2528.0,2447.98534358397,2022.0,205.76129032258063,-80.01465641603,80.01465641603,6402.345241375329,0.38887128035884516
Peru,2023,2023,10,2023-W10,374,2023,11,375,1,negative_binomial_epidemiology,3018.0,2466.9747389073,2022.0,205.76129032258063,-551.0252610927,551.0252610927,303628.83836227824,2.6779831144567305
Peru,2023,2023,11,2023-W11,375,2023,12,376,1,negative_binomial_epidemiology,3796.0,2550.07108605013,2022.0,205.76129032258063,-1245.92891394987,1245.92891394987,1552338.8586163027,6.055215303114473
Peru,2023,2023,12,2023-W12,376,2023,13,377,1,negative_binomial_epidemiology,4099.0,2936.70358461645,2022.0,205.76129032258063,-1162.29641538355,1162.29641538355,1350932.95721345,5.64876130763648
Peru,2023,2023,13,2023-W13,377,2023,14,378,1,negative_binomial_epidemiology,4430.0,3204.07326474087,2022.0,205.76129032258063,-1225.92673525913,1225.92673525913,1502896.3602231091,5.958004702134173
Peru,2023,2023,14,2023-W14,378,2023,15,379,1,negative_binomial_epidemiology,6520.0,3279.47267851642,2022.0,205.76129032258063,-3240.52732148358,3240.52732148358,10501017.321281547,15.748964814534693
Peru,2023,2023,15,2023-W15,379,2023,16,380,1,negative_binomial_epidemiology,7614.0,3770.63266856548,2022.0,205.76129032258063,-3843.36733143452,3843.36733143452,14771472.444338104,18.678767640935334
Peru,2023,2023,16,2023-W16,380,2023,17,381,1,negative_binomial_epidemiology,8594.0,4352.15765438166,2022.0,205.76129032258063,-4241.84234561834,4241.84234561834,17993226.4850809,20.61535645975113
Peru,2023,2023,17,2023-W17,381,2023,18,382,1,negative_binomial_epidemiology,11860.0,4859.77590814963,2022.0,205.76129032258063,-7000.22409185037,7000.22409185037,49003137.33612234,34.02109347621131
Peru,2023,2023,18,2023-W18,382,2023,19,383,1,negative_binomial_epidemiology,15304.0,5648.30555703458,2022.0,205.76129032258063,-9655.694442965421,9655.694442965421,93232435.17591332,46.92668104786757
Peru,2023,2023,19,2023-W19,383,2023,20,384,1,negative_binomial_epidemiology,20425.0,6752.06540739196,2022.0,205.76129032258063,-13672.934592608039,13672.934592608039,186949140.37373754,66.45047069432935
Peru,2023,2023,20,2023-W20,384,2023,21,385,1,negative_binomial_epidemiology,18043.0,8176.02711546664,2022.0,205.76129032258063,-9866.97288453336,9866.97288453336,97357153.90411656,47.9534944063798
Peru,2023,2023,21,2023-W21,385,2023,22,386,1,negative_binomial_epidemiology,17868.0,8424.50715471245,2022.0,205.76129032258063,-9443.49284528755,9443.49284528755,89179557.11899716,45.89538115008216
Peru,2023,2023,22,2023-W22,386,2023,23,387,1,negative_binomial_epidemiology,15637.0,8382.73864046989,2022.0,205.76129032258063,-7254.26135953011,7254.26135953011,52624307.87237164,35.255714756440824
Peru,2023,2023,23,2023-W23,387,2023,24,388,1,negative_binomial_epidemiology,13340.0,7641.69627723263,2022.0,205.76129032258063,-5698.30372276737,5698.30372276737,32470665.31690447,27.693759666037764
Peru,2023,2023,24,2023-W24,388,2023,25,389,1,negative_binomial_epidemiology,11073.0,7243.83725801537,2022.0,205.76129032258063,-3829.16274198463,3829.16274198463,14662487.30460325,18.609733327301218
Peru,2023,2023,25,2023-W25,389,2023,26,390,1,negative_binomial_epidemiology,8681.0,6652.10956407166,2022.0,205.76129032258063,-2028.8904359283397,2028.8904359283397,4116396.4010014883,9.860408790922543
Peru,2023,2023,26,2023-W26,390,2023,27,391,1,negative_binomial_epidemiology,8132.0,5702.77635817645,2022.0,205.76129032258063,-2429.2236418235498,2429.2236418235498,5901127.50199447,11.806028422620958
Peru,2023,2023,27,2023-W27,391,2023,28,392,1,negative_binomial_epidemiology,7669.0,5106.95571759256,2022.0,205.76129032258063,-2562.04428240744,2562.04428240744,6564070.905016653,12.45153681915007
Peru,2023,2023,28,2023-W28,392,2023,29,393,1,negative_binomial_epidemiology,6815.0,4626.76581051822,2022.0,205.76129032258063,-2188.23418948178,2188.23418948178,4788368.868016982,10.63481953311623
Peru,2023,2023,29,2023-W29,393,2023,30,394,1,negative_binomial_epidemiology,5158.0,4341.01632760109,2022.0,205.76129032258063,-816.9836723989101,816.9836723989101,667462.3209664098,3.970541160186595
Peru,2023,2023,30,2023-W30,394,2023,31,395,1,negative_binomial_epidemiology,5423.0,3609.40338825711,2022.0,205.76129032258063,-1813.5966117428902,1813.5966117428902,3289132.6701252917,8.814080670371178
Peru,2023,2023,31,2023-W31,395,2023,32,396,1,negative_binomial_epidemiology,5060.0,3330.13557818449,2022.0,205.76129032258063,-1729.86442181551,1729.86442181551,2992430.9178631087,8.407142174815919
Peru,2023,2023,32,2023-W32,396,2023,33,397,1,negative_binomial_epidemiology,4380.0,3204.82483269294,2022.0,205.76129032258063,-1175.1751673070598,1175.1751673070598,1381036.6738551762,5.711352050060963
Peru,2023,2023,33,2023-W33,397,2023,34,398,1,negative_binomial_epidemiology,3824.0,3050.21073996737,2022.0,205.76129032258063,-773.78926003263,773.78926003263,598749.818941845,3.760616288999393
Peru,2023,2023,34,2023-W34,398,2023,35,399,1,negative_binomial_epidemiology,3466.0,2788.22198832033,2022.0,205.76129032258063,-677.7780116796698,677.7780116796698,459383.03311644663,3.294001561795655
Peru,2023,2023,35,2023-W35,399,2023,36,400,1,negative_binomial_epidemiology,3368.0,2559.0270891267,2022.0,205.76129032258063,-808.9729108733,808.9729108733,654437.1705268201,3.9316088541486063
Peru,2023,2023,36,2023-W36,400,2023,37,401,1,negative_binomial_epidemiology,2883.0,2472.41868499393,2022.0,205.76129032258063,-410.5813150060699,410.5813150060699,168577.0162321136,1.995425448403751
Peru,2023,2023,37,2023-W37,401,2023,38,402,1,negative_binomial_epidemiology,2317.0,2332.66396985734,2022.0,205.76129032258063,15.663969857339907,15.663969857339907,245.3599516916532,0.07612690332949819
Peru,2023,2023,38,2023-W38,402,2023,39,403,1,negative_binomial_epidemiology,2158.0,2140.9646482706,2022.0,205.76129032258063,-17.03535172940019,17.03535172940019,290.20320854437807,0.08279182008770042
Peru,2023,2023,39,2023-W39,403,2023,40,404,1,negative_binomial_epidemiology,2028.0,1936.32009167002,2022.0,205.76129032258063,-91.67990832997998,91.67990832997998,8405.205591393533,0.4455644119758849
Peru,2023,2023,40,2023-W40,404,2023,41,405,1,negative_binomial_epidemiology,1829.0,1862.48931338379,2022.0,205.76129032258063,33.48931338378998,33.48931338378998,1121.5341109176945,0.1627580840462624
Peru,2023,2023,41,2023-W41,405,2023,42,406,1,negative_binomial_epidemiology,1874.0,1815.2226029049,2022.0,205.76129032258063,-58.777397095100014,58.777397095100014,3454.7824092750716,0.28565818674130694
Peru,2023,2023,42,2023-W42,406,2023,43,407,1,negative_binomial_epidemiology,1563.0,1812.90236484886,2022.0,205.76129032258063,249.9023648488601,249.9023648488601,62451.19195705278,1.2145256498784471
Peru,2023,2023,43,2023-W43,407,2023,44,408,1,negative_binomial_epidemiology,1626.0,1698.64843810547,2022.0,205.76129032258063,72.64843810546995,72.64843810546995,5277.7955591642985,0.353071454750191
Peru,2023,2023,44,2023-W44,408,2023,45,409,1,negative_binomial_epidemiology,1800.0,1657.13967592539,2022.0,205.76129032258063,-142.86032407460993,142.86032407460993,20409.072194702574,0.6943012645898643
Peru,2023,2023,45,2023-W45,409,2023,46,410,1,negative_binomial_epidemiology,1802.0,1739.99319161924,2022.0,205.76129032258063,-62.00680838076005,62.00680838076005,3844.8442855682947,0.3013531276147684
Peru,2023,2023,46,2023-W46,410,2023,47,411,1,negative_binomial_epidemiology,1823.0,1875.46820315374,2022.0,205.76129032258063,52.46820315373998,52.46820315373998,2752.9123421821296,0.2549955002298215
Peru,2023,2023,47,2023-W47,411,2023,48,412,1,negative_binomial_epidemiology,1854.0,1915.26047644649,2022.0,205.76129032258063,61.260476446489974,61.260476446489974,3752.845974450953,0.2977259539461934
Peru,2023,2023,48,2023-W48,412,2023,49,413,1,negative_binomial_epidemiology,1680.0,1933.49088555232,2022.0,205.76129032258063,253.49088555231992,253.49088555231992,64257.62905809936,1.231965862747612
Peru,2023,2023,49,2023-W49,413,2023,50,414,1,negative_binomial_epidemiology,1784.0,1912.00056134329,2022.0,205.76129032258063,128.00056134328997,128.00056134328997,16384.14370419734,0.6220828083971388
Peru,2023,2023,50,2023-W50,414,2023,51,415,1,negative_binomial_epidemiology,1651.0,1933.46208118136,2022.0,205.76129032258063,282.46208118135996,282.46208118135996,79784.82730530518,1.3727658916724923
Peru,2023,2023,51,2023-W51,415,2023,52,416,1,negative_binomial_epidemiology,1310.0,1971.08971603091,2022.0,205.76129032258063,661.08971603091,661.08971603091,437039.6126418293,3.212896434477505
Peru,2023,2022,51,2022-W51,363,2023,1,365,2,negative_binomial_climate,1596.0,1685.90781128375,2022.0,205.76129032258063,89.9078112837501,89.9078112837501,8083.414529834423,0.43695201921993126
Peru,2023,2022,52,2022-W52,364,2023,2,366,2,negative_binomial_climate,1499.0,1248.45558657283,2022.0,205.76129032258063,-250.54441342716996,250.54441342716996,62772.50309956466,1.2176460063716599
Peru,2023,2023,1,2023-W01,365,2023,3,367,2,negative_binomial_climate,1851.0,1699.61912219873,2022.0,205.76129032258063,-151.3808778012699,151.3808778012699,22916.170163883005,0.7357111610446441
Peru,2023,2023,2,2023-W02,366,2023,4,368,2,negative_binomial_climate,1757.0,1845.38193212175,2022.0,205.76129032258063,88.38193212174997,88.38193212174997,7811.365925573619,0.42953624553573655
Peru,2023,2023,3,2023-W03,367,2023,5,369,2,negative_binomial_climate,1914.0,1889.52375547118,2022.0,205.76129032258063,-24.47624452881996,24.47624452881996,599.0865462345892,0.11895456375904098
Peru,2023,2023,4,2023-W04,368,2023,6,370,2,negative_binomial_climate,2142.0,1607.32425948657,2022.0,205.76129032258063,-534.6757405134299,534.6757405134299,285878.1474935846,2.598524434188745
Peru,2023,2023,5,2023-W05,369,2023,7,371,2,negative_binomial_climate,2303.0,1784.23483823238,2022.0,205.76129032258063,-518.7651617676199,518.7651617676199,269117.2930637849,2.5211990115066345
Peru,2023,2023,6,2023-W06,370,2023,8,372,2,negative_binomial_climate,2513.0,1873.47319334619,2022.0,205.76129032258063,-639.5268066538099,639.5268066538099,408994.5364288195,3.1081006813827656
Peru,2023,2023,7,2023-W07,371,2023,9,373,2,negative_binomial_climate,2545.0,2032.89820071767,2022.0,205.76129032258063,-512.1017992823299,512.1017992823299,262248.2528281997,2.4888150656495514
Peru,2023,2023,8,2023-W08,372,2023,10,374,2,negative_binomial_climate,2528.0,2326.72990843332,2022.0,205.76129032258063,-201.2700915666801,201.2700915666801,40509.64975925979,0.9781727712299068
Peru,2023,2023,9,2023-W09,373,2023,11,375,2,negative_binomial_climate,3018.0,2081.25859588723,2022.0,205.76129032258063,-936.7414041127699,936.7414041127699,877484.4581791637,4.55256381141565
Peru,2023,2023,10,2023-W10,374,2023,12,376,2,negative_binomial_climate,3796.0,2270.01150677007,2022.0,205.76129032258063,-1525.98849322993,1525.98849322993,2328640.8814701526,7.416305034040046
Peru,2023,2023,11,2023-W11,375,2023,13,377,2,negative_binomial_climate,4099.0,2348.79028399652,2022.0,205.76129032258063,-1750.20971600348,1750.20971600348,3063234.0499929823,8.506020317327922
Peru,2023,2023,12,2023-W12,376,2023,14,378,2,negative_binomial_climate,4430.0,2996.61054065258,2022.0,205.76129032258063,-1433.3894593474201,1433.3894593474201,2054605.3421682895,6.966273671302484
Peru,2023,2023,13,2023-W13,377,2023,15,379,2,negative_binomial_climate,6520.0,3031.41079568332,2022.0,205.76129032258063,-3488.58920431668,3488.58920431668,12170254.636474887,16.954545720662384
Peru,2023,2023,14,2023-W14,378,2023,16,380,2,negative_binomial_climate,7614.0,2820.2127832819,2022.0,205.76129032258063,-4793.787216718099,4793.787216718099,22980395.879169863,23.297808879418852
Peru,2023,2023,15,2023-W15,379,2023,17,381,2,negative_binomial_climate,8594.0,3423.70536707888,2022.0,205.76129032258063,-5170.29463292112,5170.29463292112,26731946.59121294,25.12763515827215
Peru,2023,2023,16,2023-W16,380,2023,18,382,2,negative_binomial_climate,11860.0,3722.4613479989,2022.0,205.76129032258063,-8137.5386520011,8137.5386520011,66219535.312811874,39.548442951750246
Peru,2023,2023,17,2023-W17,381,2023,19,383,2,negative_binomial_climate,15304.0,3971.03978309842,2022.0,205.76129032258063,-11332.96021690158,11332.96021690158,128435987.2778739,55.078193761005394
Peru,2023,2023,18,2023-W18,382,2023,20,384,2,negative_binomial_climate,20425.0,4583.64669554533,2022.0,205.76129032258063,-15841.353304454671,15841.353304454671,250948474.51655692,76.98898699371254
Peru,2023,2023,19,2023-W19,383,2023,21,385,2,negative_binomial_climate,18043.0,5904.03199119056,2022.0,205.76129032258063,-12138.96800880944,12138.96800880944,147354544.318899,58.99539213512254
Peru,2023,2023,20,2023-W20,384,2023,22,386,2,negative_binomial_climate,17868.0,6319.14882199708,2022.0,205.76129032258063,-11548.85117800292,11548.85117800292,133375963.53165944,56.12742396734245
Peru,2023,2023,21,2023-W21,385,2023,23,387,2,negative_binomial_climate,15637.0,6721.08615943308,2022.0,205.76129032258063,-8915.91384056692,8915.91384056692,79493519.61241277,43.33134685629676
Peru,2023,2023,22,2023-W22,386,2023,24,388,2,negative_binomial_climate,13340.0,6000.08779963866,2022.0,205.76129032258063,-7339.91220036134,7339.91220036134,53874311.10901325,35.671977896591976
Peru,2023,2023,23,2023-W23,387,2023,25,389,2,negative_binomial_climate,11073.0,6304.5859978334,2022.0,205.76129032258063,-4768.4140021666,4768.4140021666,22737772.09605849,23.1744950407871
Peru,2023,2023,24,2023-W24,388,2023,26,390,2,negative_binomial_climate,8681.0,6276.08956301953,2022.0,205.76129032258063,-2404.91043698047,2404.91043698047,5783594.209897595,11.687866231836857
Peru,2023,2023,25,2023-W25,389,2023,27,391,2,negative_binomial_climate,8132.0,5383.5536256632,2022.0,205.76129032258063,-2748.4463743367996,2748.4463743367996,7553957.472605099,13.357451102818924
Peru,2023,2023,26,2023-W26,390,2023,28,392,2,negative_binomial_climate,7669.0,4199.16901799046,2022.0,205.76129032258063,-3469.83098200954,3469.83098200954,12039727.04371329,16.863380748486463
Peru,2023,2023,27,2023-W27,391,2023,29,393,2,negative_binomial_climate,6815.0,3598.36857175795,2022.0,205.76129032258063,-3216.63142824205,3216.63142824205,10346717.745154489,15.632830758395816
Peru,2023,2023,28,2023-W28,392,2023,30,394,2,negative_binomial_climate,5158.0,2485.93152618612,2022.0,205.76129032258063,-2672.06847381388,2672.06847381388,7139949.928750037,12.986254458381193
Peru,2023,2023,29,2023-W29,393,2023,31,395,2,negative_binomial_climate,5423.0,3455.2000533969,2022.0,205.76129032258063,-1967.7999466031001,1967.7999466031001,3872236.629851164,9.563508974492224
Peru,2023,2023,30,2023-W30,394,2023,32,396,2,negative_binomial_climate,5060.0,3123.30635541709,2022.0,205.76129032258063,-1936.69364458291,1936.69364458291,3750782.2729678354,9.412332327167437
Peru,2023,2023,31,2023-W31,395,2023,33,397,2,negative_binomial_climate,4380.0,3325.75128540684,2022.0,205.76129032258063,-1054.24871459316,1054.24871459316,1111440.3522213302,5.123649414038812
Peru,2023,2023,32,2023-W32,396,2023,34,398,2,negative_binomial_climate,3824.0,3067.87929968076,2022.0,205.76129032258063,-756.1207003192399,756.1207003192399,571718.5134512577,3.674747077712419
Peru,2023,2023,33,2023-W33,397,2023,35,399,2,negative_binomial_climate,3466.0,2801.45526034739,2022.0,205.76129032258063,-664.5447396526101,664.5447396526101,441619.71099995536,3.2296878514456018
Peru,2023,2023,34,2023-W34,398,2023,36,400,2,negative_binomial_climate,3368.0,2611.72643262545,2022.0,205.76129032258063,-756.2735673745501,756.2735673745501,571949.7087094282,3.6754900116970894
Peru,2023,2023,35,2023-W35,399,2023,37,401,2,negative_binomial_climate,2883.0,2774.18928064374,2022.0,205.76129032258063,-108.81071935626005,108.81071935626005,11839.772646826787,0.5288201643062838
Peru,2023,2023,36,2023-W36,400,2023,38,402,2,negative_binomial_climate,2317.0,2530.78155256074,2022.0,205.76129032258063,213.78155256073978,213.78155256073978,45702.552215280346,1.0389784795069348
Peru,2023,2023,37,2023-W37,401,2023,39,403,2,negative_binomial_climate,2158.0,2848.44024716185,2022.0,205.76129032258063,690.44024716185,690.44024716185,476707.7349009166,3.355540034179499
Peru,2023,2023,38,2023-W38,402,2023,40,404,2,negative_binomial_climate,2028.0,2750.12605184465,2022.0,205.76129032258063,722.1260518446502,722.1260518446502,521466.03475274245,3.509533064807976
Peru,2023,2023,39,2023-W39,403,2023,41,405,2,negative_binomial_climate,1829.0,2615.36569938439,2022.0,205.76129032258063,786.3656993843902,786.3656993843902,618371.0131683011,3.8217377921355933
Peru,2023,2023,40,2023-W40,404,2023,42,406,2,negative_binomial_climate,1874.0,2476.0710431932,2022.0,205.76129032258063,602.0710431931998,602.0710431931998,362489.54105174786,2.926065647475809
Peru,2023,2023,41,2023-W41,405,2023,43,407,2,negative_binomial_climate,1563.0,2377.15449390734,2022.0,205.76129032258063,814.1544939073401,814.1544939073401,662847.5399495171,3.9567913509433956
Peru,2023,2023,42,2023-W42,406,2023,44,408,2,negative_binomial_climate,1626.0,2734.38795581336,2022.0,205.76129032258063,1108.38795581336,1108.38795581336,1228523.8605921187,5.386766160319531
Peru,2023,2023,43,2023-W43,407,2023,45,409,2,negative_binomial_climate,1800.0,2820.02492064035,2022.0,205.76129032258063,1020.02492064035,1020.02492064035,1040450.8387273524,4.9573217539665215
Peru,2023,2023,44,2023-W44,408,2023,46,410,2,negative_binomial_climate,1802.0,2850.37266552132,2022.0,205.76129032258063,1048.37266552132,1048.37266552132,1099085.2458122773,5.095091811864817
Peru,2023,2023,45,2023-W45,409,2023,47,411,2,negative_binomial_climate,1823.0,2536.3379094061,2022.0,205.76129032258063,713.3379094061002,713.3379094061002,508850.97299586557,3.4668226870456067
Peru,2023,2023,46,2023-W46,410,2023,48,412,2,negative_binomial_climate,1854.0,2783.15638808719,2022.0,205.76129032258063,929.15638808719,929.15638808719,863331.5935232327,4.515700628774792
Peru,2023,2023,47,2023-W47,411,2023,49,413,2,negative_binomial_climate,1680.0,2376.49772032204,2022.0,205.76129032258063,696.4977203220401,696.4977203220401,485109.0744137988,3.384979357536645
Peru,2023,2023,48,2023-W48,412,2023,50,414,2,negative_binomial_climate,1784.0,2478.92625741521,2022.0,205.76129032258063,694.9262574152099,694.9262574152099,482922.50324511057,3.3773420468239905
Peru,2023,2023,49,2023-W49,413,2023,51,415,2,negative_binomial_climate,1651.0,2641.50442915559,2022.0,205.76129032258063,990.5044291555901,990.5044291555901,981099.0241768414,4.81385214683838
Peru,2023,2023,50,2023-W50,414,2023,52,416,2,negative_binomial_climate,1310.0,2710.40144457434,2022.0,205.76129032258063,1400.40144457434,1400.40144457434,1961124.2059658985,6.805951898818635
Peru,2023,2022,51,2022-W51,363,2023,1,365,2,negative_binomial_epidemiology,1596.0,1758.67905789238,2022.0,205.76129032258063,162.6790578923799,162.6790578923799,26464.475876752287,0.7906203233724919
Peru,2023,2022,52,2022-W52,364,2023,2,366,2,negative_binomial_epidemiology,1499.0,1409.50805660236,2022.0,205.76129032258063,-89.49194339763994,89.49194339763994,8008.807933086391,0.4349309010326464
Peru,2023,2023,1,2023-W01,365,2023,3,367,2,negative_binomial_epidemiology,1851.0,1965.34661349082,2022.0,205.76129032258063,114.34661349081989,114.34661349081989,13075.148016818954,0.5557246132717865
Peru,2023,2023,2,2023-W02,366,2023,4,368,2,negative_binomial_epidemiology,1757.0,2175.12961074213,2022.0,205.76129032258063,418.1296107421299,418.1296107421299,174832.37137936507,2.0321101704145152
Peru,2023,2023,3,2023-W03,367,2023,5,369,2,negative_binomial_epidemiology,1914.0,2015.15530148838,2022.0,205.76129032258063,101.15530148838002,101.15530148838002,10232.395019205056,0.49161482866769834
Peru,2023,2023,4,2023-W04,368,2023,6,370,2,negative_binomial_epidemiology,2142.0,1979.50465189901,2022.0,205.76129032258063,-162.49534810099,162.49534810099,26404.73815446191,0.7897274936711332
Peru,2023,2023,5,2023-W05,369,2023,7,371,2,negative_binomial_epidemiology,2303.0,2187.19251842505,2022.0,205.76129032258063,-115.80748157495009,115.80748157495009,13411.372788732404,0.562824433076765
Peru,2023,2023,6,2023-W06,370,2023,8,372,2,negative_binomial_epidemiology,2513.0,2323.85366951167,2022.0,205.76129032258063,-189.14633048833002,189.14633048833002,35776.33433720056,0.919251284786353
Peru,2023,2023,7,2023-W07,371,2023,9,373,2,negative_binomial_epidemiology,2545.0,2443.85388345135,2022.0,205.76129032258063,-101.14611654864984,101.14611654864984,10230.536892873057,0.49157018985484985
Peru,2023,2023,8,2023-W08,372,2023,10,374,2,negative_binomial_epidemiology,2528.0,2522.61132013835,2022.0,205.76129032258063,-5.388679861649962,5.388679861649962,29.037870651351852,0.02618898750684301
Peru,2023,2023,9,2023-W09,373,2023,11,375,2,negative_binomial_epidemiology,3018.0,2504.02911912272,2022.0,205.76129032258063,-513.9708808772798,513.9708808772798,264166.06638976693,2.497898803373103
Peru,2023,2023,10,2023-W10,374,2023,12,376,2,negative_binomial_epidemiology,3796.0,2457.13593886747,2022.0,205.76129032258063,-1338.86406113253,1338.86406113253,1792556.974192291,6.5068801767015385
Peru,2023,2023,11,2023-W11,375,2023,13,377,2,negative_binomial_epidemiology,4099.0,2610.41461340028,2022.0,205.76129032258063,-1488.58538659972,1488.58538659972,2215886.4531982383,7.234525912361854
Peru,2023,2023,12,2023-W12,376,2023,14,378,2,negative_binomial_epidemiology,4430.0,2906.98893496448,2022.0,205.76129032258063,-1523.01106503552,1523.01106503552,2319562.704220629,7.401834731148077
Peru,2023,2023,13,2023-W13,377,2023,15,379,2,negative_binomial_epidemiology,6520.0,2918.974426455,2022.0,205.76129032258063,-3601.025573545,3601.025573545,12967385.181325097,17.500986545620513
Peru,2023,2023,14,2023-W14,378,2023,16,380,2,negative_binomial_epidemiology,7614.0,2881.33856835702,2022.0,205.76129032258063,-4732.6614316429805,4732.6614316429805,22398084.226560984,23.000737525621986
Peru,2023,2023,15,2023-W15,379,2023,17,381,2,negative_binomial_epidemiology,8594.0,3446.74182505493,2022.0,205.76129032258063,-5147.25817494507,5147.25817494507,26494266.719538853,25.015677958062454
Peru,2023,2023,16,2023-W16,380,2023,18,382,2,negative_binomial_epidemiology,11860.0,3831.91968130659,2022.0,205.76129032258063,-8028.08031869341,8028.08031869341,64450073.60339248,39.016475383233896
Peru,2023,2023,17,2023-W17,381,2023,19,383,2,negative_binomial_epidemiology,15304.0,3862.68392513779,2022.0,205.76129032258063,-11441.31607486221,11441.31607486221,130903713.52490042,55.604803298643674
Peru,2023,2023,18,2023-W18,382,2023,20,384,2,negative_binomial_epidemiology,20425.0,4497.10884903685,2022.0,205.76129032258063,-15927.89115096315,15927.89115096315,253697716.51693025,77.40956098201137
Peru,2023,2023,19,2023-W19,383,2023,21,385,2,negative_binomial_epidemiology,18043.0,5366.38519504414,2022.0,205.76129032258063,-12676.61480495586,12676.61480495586,160696562.9132261,61.60835590155076
Peru,2023,2023,20,2023-W20,384,2023,22,386,2,negative_binomial_epidemiology,17868.0,6095.63104829561,2022.0,205.76129032258063,-11772.36895170439,11772.36895170439,138588670.7350535,57.21372048769888
Peru,2023,2023,21,2023-W21,385,2023,23,387,2,negative_binomial_epidemiology,15637.0,5876.99901546739,2022.0,205.76129032258063,-9760.00098453261,9760.00098453261,95257619.21807751,47.43361090529441
Peru,2023,2023,22,2023-W22,386,2023,24,388,2,negative_binomial_epidemiology,13340.0,5846.37984355922,2022.0,205.76129032258063,-7493.62015644078,7493.62015644078,56154343.049015544,36.41899865952783
Peru,2023,2023,23,2023-W23,387,2023,25,389,2,negative_binomial_epidemiology,11073.0,5807.07045034236,2022.0,205.76129032258063,-5265.92954965764,5265.92954965764,27730014.021957513,25.59242091358399
Peru,2023,2023,24,2023-W24,388,2023,26,390,2,negative_binomial_epidemiology,8681.0,5448.22657508937,2022.0,205.76129032258063,-3232.7734249106297,3232.7734249106297,10450824.016808404,15.711280872327709
Peru,2023,2023,25,2023-W25,389,2023,27,391,2,negative_binomial_epidemiology,8132.0,4878.84618017005,2022.0,205.76129032258063,-3253.1538198299504,3253.1538198299504,10583009.775474198,15.81032960441609
Peru,2023,2023,26,2023-W26,390,2023,28,392,2,negative_binomial_epidemiology,7669.0,4261.47711808737,2022.0,205.76129032258063,-3407.5228819126296,3407.5228819126296,11611212.190758152,16.560563342942263
Peru,2023,2023,27,2023-W27,391,2023,29,393,2,negative_binomial_epidemiology,6815.0,3946.53238426984,2022.0,205.76129032258063,-2868.46761573016,2868.46761573016,8228106.462492669,13.9407544112556
Peru,2023,2023,28,2023-W28,392,2023,30,394,2,negative_binomial_epidemiology,5158.0,3730.89126813518,2022.0,205.76129032258063,-1427.1087318648201,1427.1087318648201,2036639.3325648152,6.935749331798424
Peru,2023,2023,29,2023-W29,393,2023,31,395,2,negative_binomial_epidemiology,5423.0,3359.01764308495,2022.0,205.76129032258063,-2063.98235691505,2063.98235691505,4260023.1696566045,10.030955548923988
Peru,2023,2023,30,2023-W30,394,2023,32,396,2,negative_binomial_epidemiology,5060.0,2799.13124690733,2022.0,205.76129032258063,-2260.86875309267,2260.86875309267,5111527.518710804,10.987823557814062
Peru,2023,2023,31,2023-W31,395,2023,33,397,2,negative_binomial_epidemiology,4380.0,2773.74284949399,2022.0,205.76129032258063,-1606.25715050601,1606.25715050601,2580062.033551687,7.806410758738017
Peru,2023,2023,32,2023-W32,396,2023,34,398,2,negative_binomial_epidemiology,3824.0,2767.01818439679,2022.0,205.76129032258063,-1056.9818156032102,1056.9818156032102,1117210.5585158586,5.136932286661574
Peru,2023,2023,33,2023-W33,397,2023,35,399,2,negative_binomial_epidemiology,3466.0,2492.8091957794,2022.0,205.76129032258063,-973.1908042206001,973.1908042206001,947100.3414195384,4.7297079187970095
Peru,2023,2023,34,2023-W34,398,2023,36,400,2,negative_binomial_epidemiology,3368.0,2285.63475320781,2022.0,205.76129032258063,-1082.3652467921902,1082.3652467921902,1171514.5274635188,5.260295778157887
Peru,2023,2023,35,2023-W35,399,2023,37,401,2,negative_binomial_epidemiology,2883.0,2241.3280334684,2022.0,205.76129032258063,-641.6719665316,641.6719665316,411742.9126325308,3.1185261597340483
Peru,2023,2023,36,2023-W36,400,2023,38,402,2,negative_binomial_epidemiology,2317.0,2237.79048651739,2022.0,205.76129032258063,-79.20951348260996,79.20951348260996,6274.14702615177,0.38495828519752123
Peru,2023,2023,37,2023-W37,401,2023,39,403,2,negative_binomial_epidemiology,2158.0,2101.24893872053,2022.0,205.76129032258063,-56.75106127946992,56.75106127946992,3220.68295634615,0.2758101934066359
Peru,2023,2023,38,2023-W38,402,2023,40,404,2,negative_binomial_epidemiology,2028.0,1893.09569748587,2022.0,205.76129032258063,-134.90430251413,134.90430251413,18199.1708368239,0.6556349948167357
Peru,2023,2023,39,2023-W39,403,2023,41,405,2,negative_binomial_epidemiology,1829.0,1852.77503659453,2022.0,205.76129032258063,23.775036594530093,23.775036594530093,565.2523650712451,0.11554669275866694
Peru,2023,2023,40,2023-W40,404,2023,42,406,2,negative_binomial_epidemiology,1874.0,1872.69148562,2022.0,205.76129032258063,-1.308514379999906,1.308514379999906,1.7122098826665382,0.006359380707364796
Peru,2023,2023,41,2023-W41,405,2023,43,407,2,negative_binomial_epidemiology,1563.0,1789.43117534309,2022.0,205.76129032258063,226.43117534309,226.43117534309,51271.07716725316,1.1004556541616954
Peru,2023,2023,42,2023-W42,406,2023,44,408,2,negative_binomial_epidemiology,1626.0,1805.35273061766,2022.0,205.76129032258063,179.35273061765997,179.35273061765997,32167.401980010905,0.8716543832733609
Peru,2023,2023,43,2023-W43,407,2023,45,409,2,negative_binomial_epidemiology,1800.0,1722.35937236779,2022.0,205.76129032258063,-77.64062763221,77.64062763221,6028.067059123491,0.37733349898073404
Peru,2023,2023,44,2023-W44,408,2023,46,410,2,negative_binomial_epidemiology,1802.0,1742.57252917753,2022.0,205.76129032258063,-59.42747082247001,59.42747082247001,3531.6242883555246,0.28881754546398436
Peru,2023,2023,45,2023-W45,409,2023,47,411,2,negative_binomial_epidemiology,1823.0,1918.17935882074,2022.0,205.76129032258063,95.17935882073994,95.17935882073994,9059.110345527164,0.4625717435554727
Peru,2023,2023,46,2023-W46,410,2023,48,412,2,negative_binomial_epidemiology,1854.0,1985.61547587451,2022.0,205.76129032258063,131.6154758745099,131.6154758745099,17322.6334896737,0.6396512952857693
Peru,2023,2023,47,2023-W47,411,2023,49,413,2,negative_binomial_epidemiology,1680.0,1991.18417816058,2022.0,205.76129032258063,311.1841781605799,311.1841781605799,96835.59273747554,1.512355301003038
Peru,2023,2023,48,2023-W48,412,2023,50,414,2,negative_binomial_epidemiology,1784.0,2095.38002144803,2022.0,205.76129032258063,311.3800214480302,311.3800214480302,96957.51775697577,1.5133070995028592
Peru,2023,2023,49,2023-W49,413,2023,51,415,2,negative_binomial_epidemiology,1651.0,2091.8607611134,2022.0,205.76129032258063,440.8607611133998,440.8607611133998,194358.21068948618,2.14258357547352
Peru,2023,2023,50,2023-W50,414,2023,52,416,2,negative_binomial_epidemiology,1310.0,2176.05081784859,2022.0,205.76129032258063,866.0508178485902,866.0508178485902,750044.019096212,4.209007517841893
Peru,2023,2022,49,2022-W49,361,2023,1,365,4,negative_binomial_climate,1596.0,2499.67854479082,2022.0,205.76129032258063,903.6785447908201,903.6785447908201,816634.9123152542,4.391878294377359
Peru,2023,2022,50,2022-W50,362,2023,2,366,4,negative_binomial_climate,1499.0,2595.24664499793,2022.0,205.76129032258063,1096.2466449979302,1096.2466449979302,1201756.706669218,5.327759382142764
Peru,2023,2022,51,2022-W51,363,2023,3,367,4,negative_binomial_climate,1851.0,2201.4654547617,2022.0,205.76129032258063,350.46545476170013,350.46545476170013,122826.03498132528,1.7032623299176473
Peru,2023,2022,52,2022-W52,364,2023,4,368,4,negative_binomial_climate,1757.0,1774.92152404144,2022.0,205.76129032258063,17.92152404144008,17.92152404144008,321.18102396791477,0.08709861807993016
Peru,2023,2023,1,2023-W01,365,2023,5,369,4,negative_binomial_climate,1914.0,1823.80815614784,2022.0,205.76129032258063,-90.19184385215999,90.19184385215999,8134.56869745241,0.4383324176805192
Peru,2023,2023,2,2023-W02,366,2023,6,370,4,negative_binomial_climate,2142.0,1748.46405014821,2022.0,205.76129032258063,-393.53594985179006,393.53594985179006,154870.54382575062,1.9125849630648564
Peru,2023,2023,3,2023-W03,367,2023,7,371,4,negative_binomial_climate,2303.0,2108.23906922345,2022.0,205.76129032258063,-194.76093077655014,194.76093077655014,37931.82015694815,0.9465382457080009
Peru,2023,2023,4,2023-W04,368,2023,8,372,4,negative_binomial_climate,2513.0,1741.47831085533,2022.0,205.76129032258063,-771.5216891446701,771.5216891446701,595245.7168206449,3.7495958930619215
Peru,2023,2023,5,2023-W05,369,2023,9,373,4,negative_binomial_climate,2545.0,1882.71381345612,2022.0,205.76129032258063,-662.2861865438799,662.2861865438799,438622.9928868349,3.218711281920841
Peru,2023,2023,6,2023-W06,370,2023,10,374,4,negative_binomial_climate,2528.0,1859.65447772322,2022.0,205.76129032258063,-668.34552227678,668.34552227678,446685.7371474218,3.248159657382526
Peru,2023,2023,7,2023-W07,371,2023,11,375,4,negative_binomial_climate,3018.0,2058.4809673252,2022.0,205.76129032258063,-959.5190326748002,959.5190326748002,920676.7740651843,4.663263100510897
Peru,2023,2023,8,2023-W08,372,2023,12,376,4,negative_binomial_climate,3796.0,2567.29824481814,2022.0,205.76129032258063,-1228.7017551818599,1228.7017551818599,1509708.003186983,5.971491300698846
Peru,2023,2023,9,2023-W09,373,2023,13,377,4,negative_binomial_climate,4099.0,2016.96131287073,2022.0,205.76129032258063,-2082.0386871292703,2082.0386871292703,4334885.094702976,10.118709325088167
Peru,2023,2023,10,2023-W10,374,2023,14,378,4,negative_binomial_climate,4430.0,2287.7815521878,2022.0,205.76129032258063,-2142.2184478122,2142.2184478122,4589099.878146911,10.411182999745744
Peru,2023,2023,11,2023-W11,375,2023,15,379,4,negative_binomial_climate,6520.0,2150.73525628481,2022.0,205.76129032258063,-4369.26474371519,4369.26474371519,19090474.400672566,21.234629394408003
Peru,2023,2023,12,2023-W12,376,2023,16,380,4,negative_binomial_climate,7614.0,2631.60650430533,2022.0,205.76129032258063,-4982.3934956946705,4982.3934956946705,24824244.945940558,24.21443551351939
Peru,2023,2023,13,2023-W13,377,2023,17,381,4,negative_binomial_climate,8594.0,2667.41012156429,2022.0,205.76129032258063,-5926.5898784357105,5926.5898784357105,35124467.587176606,28.80323052574343
Peru,2023,2023,14,2023-W14,378,2023,18,382,4,negative_binomial_climate,11860.0,2505.74206004904,2022.0,205.76129032258063,-9354.25793995096,9354.25793995096,87502141.60713556,45.4616994541874
Peru,2023,2023,15,2023-W15,379,2023,19,383,4,negative_binomial_climate,15304.0,2660.79964909445,2022.0,205.76129032258063,-12643.20035090555,12643.20035090555,159850515.11313823,61.445961633912155
Peru,2023,2023,16,2023-W16,380,2023,20,384,4,negative_binomial_climate,20425.0,2772.18600522363,2022.0,205.76129032258063,-17652.81399477637,17652.81399477637,311621841.93417245,85.79268708463731
Peru,2023,2023,17,2023-W17,381,2023,21,385,4,negative_binomial_climate,18043.0,3161.89083220388,2022.0,205.76129032258063,-14881.10916779612,14881.10916779612,221447410.06386572,72.3221998873859
Peru,2023,2023,18,2023-W18,382,2023,22,386,4,negative_binomial_climate,17868.0,3462.15772339119,2022.0,205.76129032258063,-14405.84227660881,14405.84227660881,207528291.6985297,70.01240249817721
Peru,2023,2023,19,2023-W19,383,2023,23,387,4,negative_binomial_climate,15637.0,4146.33041230826,2022.0,205.76129032258063,-11490.66958769174,11490.66958769174,132035487.57350387,55.84466140194462
Peru,2023,2023,20,2023-W20,384,2023,24,388,4,negative_binomial_climate,13340.0,4329.31450823754,2022.0,205.76129032258063,-9010.685491762459,9010.685491762459,81192453.03145847,43.79193714053809
Peru,2023,2023,21,2023-W21,385,2023,25,389,4,negative_binomial_climate,11073.0,5061.25078323246,2022.0,205.76129032258063,-6011.74921676754,6011.74921676754,36141128.645305134,29.217104963439272
Peru,2023,2023,22,2023-W22,386,2023,26,390,4,negative_binomial_climate,8681.0,4736.60757699046,2022.0,205.76129032258063,-3944.39242300954,3944.39242300954,15558231.58669507,19.16974964934245
Peru,2023,2023,23,2023-W23,387,2023,27,391,4,negative_binomial_climate,8132.0,4673.69873857749,2022.0,205.76129032258063,-3458.30126142251,3458.30126142251,11959847.614756523,16.807346299203243
Peru,2023,2023,24,2023-W24,388,2023,28,392,4,negative_binomial_climate,7669.0,4893.20457617183,2022.0,205.76129032258063,-2775.79542382817,2775.79542382817,7705040.23494541,13.490367500497488
Peru,2023,2023,25,2023-W25,389,2023,29,393,4,negative_binomial_climate,6815.0,4262.34747190932,2022.0,205.76129032258063,-2552.65252809068,2552.65252809068,6516034.929167739,12.405892887281077
Peru,2023,2023,26,2023-W26,390,2023,30,394,4,negative_binomial_climate,5158.0,3162.11875040068,2022.0,205.76129032258063,-1995.8812495993202,1995.8812495993202,3983541.962502144,9.699984124663551
Peru,2023,2023,27,2023-W27,391,2023,31,395,4,negative_binomial_climate,5423.0,2586.74602343484,2022.0,205.76129032258063,-2836.25397656516,2836.25397656516,8044336.619581683,13.784196104712628
Peru,2023,2023,28,2023-W28,392,2023,32,396,4,negative_binomial_climate,5060.0,1422.80167851538,2022.0,205.76129032258063,-3637.19832148462,3637.19832148462,13229211.629810538,17.67678612329088
Peru,2023,2023,29,2023-W29,393,2023,33,397,4,negative_binomial_climate,4380.0,2426.85227868818,2022.0,205.76129032258063,-1953.14772131182,1953.14772131182,3814786.021265555,9.49229915038824
Peru,2023,2023,30,2023-W30,394,2023,34,398,4,negative_binomial_climate,3824.0,2411.69342158526,2022.0,205.76129032258063,-1412.3065784147402,1412.3065784147402,1994609.8714335507,6.8638108567486515
Peru,2023,2023,31,2023-W31,395,2023,35,399,4,negative_binomial_climate,3466.0,2555.36789250377,2022.0,205.76129032258063,-910.6321074962302,910.6321074962302,829250.8352030258,4.42567261348621
Peru,2023,2023,32,2023-W32,396,2023,36,400,4,negative_binomial_climate,3368.0,2293.49950577286,2022.0,205.76129032258063,-1074.5004942271398,1074.5004942271398,1154551.3120943678,5.222073075759781
Peru,2023,2023,33,2023-W33,397,2023,37,401,4,negative_binomial_climate,2883.0,2217.4130134471,2022.0,205.76129032258063,-665.5869865528998,665.5869865528998,443006.03666857,3.2347531720345994
Peru,2023,2023,34,2023-W34,398,2023,38,402,4,negative_binomial_climate,2317.0,2299.63966792065,2022.0,205.76129032258063,-17.360332079349973,17.360332079349973,301.3811299053078,0.08437122479225052
Peru,2023,2023,35,2023-W35,399,2023,39,403,4,negative_binomial_climate,2158.0,2447.88610913537,2022.0,205.76129032258063,289.88610913537013,289.88610913537013,84033.95626964372,1.4088466721845663
Peru,2023,2023,36,2023-W36,400,2023,40,404,4,negative_binomial_climate,2028.0,2266.50785867229,2022.0,205.76129032258063,238.50785867228979,238.50785867228979,56885.99864844096,1.1591483427148566
Peru,2023,2023,37,2023-W37,401,2023,41,405,4,negative_binomial_climate,1829.0,2664.94831691464,2022.0,205.76129032258063,835.9483169146401,835.9483169146401,698809.5885524197,4.062709344425712
Peru,2023,2023,38,2023-W38,402,2023,42,406,4,negative_binomial_climate,1874.0,2957.22250653662,2022.0,205.76129032258063,1083.2225065366201,1083.2225065366201,1173370.998667478,5.264462061053401
Peru,2023,2023,39,2023-W39,403,2023,43,407,4,negative_binomial_climate,1563.0,2832.62841686075,2022.0,205.76129032258063,1269.62841686075,1269.62841686075,1611956.316900334,6.170394902123232
Peru,2023,2023,40,2023-W40,404,2023,44,408,4,negative_binomial_climate,1626.0,2558.10514803269,2022.0,205.76129032258063,932.1051480326901,932.1051480326901,868820.0069890431,4.530031603959081
Peru,2023,2023,41,2023-W41,405,2023,45,409,4,negative_binomial_climate,1800.0,2645.50510495827,2022.0,205.76129032258063,845.5051049582698,845.5051049582698,714878.8825104949,4.109155340310784
Peru,2023,2023,42,2023-W42,406,2023,46,410,4,negative_binomial_climate,1802.0,3105.46612379587,2022.0,205.76129032258063,1303.4661237958699,1303.4661237958699,1699023.9358834298,6.334846179047434
Peru,2023,2023,43,2023-W43,407,2023,47,411,4,negative_binomial_climate,1823.0,3524.16047672627,2022.0,205.76129032258063,1701.1604767262702,1701.1604767262702,2893946.967575551,8.267640983682059
Peru,2023,2023,44,2023-W44,408,2023,48,412,4,negative_binomial_climate,1854.0,3581.75220018197,2022.0,205.76129032258063,1727.7522001819698,1727.7522001819698,2985127.665233637,8.396876776352345
Peru,2023,2023,45,2023-W45,409,2023,49,413,4,negative_binomial_climate,1680.0,2895.57331202184,2022.0,205.76129032258063,1215.5733120218401,1215.5733120218401,1477618.4768997459,5.907687058708344
Peru,2023,2023,46,2023-W46,410,2023,50,414,4,negative_binomial_climate,1784.0,3321.57724694444,2022.0,205.76129032258063,1537.57724694444,1537.57724694444,2364143.7903212435,7.472626384359835
Peru,2023,2023,47,2023-W47,411,2023,51,415,4,negative_binomial_climate,1651.0,2920.35332268573,2022.0,205.76129032258063,1269.3533226857298,1269.3533226857298,1611257.8578133027,6.169057944260124
Peru,2023,2023,48,2023-W48,412,2023,52,416,4,negative_binomial_climate,1310.0,3035.47064460042,2022.0,205.76129032258063,1725.4706446004202,1725.4706446004202,2977248.9453777894,8.385788414795257
Peru,2023,2022,49,2022-W49,361,2023,1,365,4,negative_binomial_epidemiology,1596.0,2429.32647788935,2022.0,205.76129032258063,833.3264778893499,833.3264778893499,694433.0187514692,4.049967205118654
Peru,2023,2022,50,2022-W50,362,2023,2,366,4,negative_binomial_epidemiology,1499.0,2494.86822546089,2022.0,205.76129032258063,995.8682254608898,995.8682254608898,991753.5224826216,4.839920200245757
Peru,2023,2022,51,2022-W51,363,2023,3,367,4,negative_binomial_epidemiology,1851.0,2437.07456223275,2022.0,205.76129032258063,586.0745622327499,586.0745622327499,343483.3924963095,2.8483227399766795
Peru,2023,2022,52,2022-W52,364,2023,4,368,4,negative_binomial_epidemiology,1757.0,2116.71989406961,2022.0,205.76129032258063,359.71989406960984,359.71989406960984,129398.40218945133,1.7482389107575182
Peru,2023,2023,1,2023-W01,365,2023,5,369,4,negative_binomial_epidemiology,1914.0,2237.62989555168,2022.0,205.76129032258063,323.62989555167997,323.62989555167997,104736.30929479128,1.5728414953284544
Peru,2023,2023,2,2023-W02,366,2023,6,370,4,negative_binomial_epidemiology,2142.0,2220.025824235,2022.0,205.76129032258063,78.02582423500007,78.02582423500007,6088.029247551125,0.37920555471184936
Peru,2023,2023,3,2023-W03,367,2023,7,371,4,negative_binomial_epidemiology,2303.0,2334.32667448825,2022.0,205.76129032258063,31.326674488249864,31.326674488249864,981.3605344927649,0.1522476576577534
Peru,2023,2023,4,2023-W04,368,2023,8,372,4,negative_binomial_epidemiology,2513.0,2304.84806357679,2022.0,205.76129032258063,-208.15193642320992,208.15193642320992,43327.22863673203,1.011618541548225
Peru,2023,2023,5,2023-W05,369,2023,9,373,4,negative_binomial_epidemiology,2545.0,2453.82702543923,2022.0,205.76129032258063,-91.17297456076994,91.17297456076994,8312.511290258803,0.44310071353962754
Peru,2023,2023,6,2023-W06,370,2023,10,374,4,negative_binomial_epidemiology,2528.0,2486.16846068243,2022.0,205.76129032258063,-41.83153931756988,41.83153931756988,1749.8776816773945,0.20330130731581636
Peru,2023,2023,7,2023-W07,371,2023,11,375,4,negative_binomial_epidemiology,3018.0,2625.33803086057,2022.0,205.76129032258063,-392.66196913942986,392.66196913942986,154183.42200845457,1.908337416254715
Peru,2023,2023,8,2023-W08,372,2023,12,376,4,negative_binomial_epidemiology,3796.0,2907.5053500568,2022.0,205.76129032258063,-888.4946499431999,888.4946499431999,789422.7429776893,4.318084555896152
Peru,2023,2023,9,2023-W09,373,2023,13,377,4,negative_binomial_epidemiology,4099.0,2580.99453796996,2022.0,205.76129032258063,-1518.0054620300398,1518.0054620300398,2304340.582753035,7.377507497402445
Peru,2023,2023,10,2023-W10,374,2023,14,378,4,negative_binomial_epidemiology,4430.0,2545.15219188887,2022.0,205.76129032258063,-1884.8478081111298,1884.8478081111298,3552651.2597413305,9.160361529402223
Peru,2023,2023,11,2023-W11,375,2023,15,379,4,negative_binomial_epidemiology,6520.0,2460.06862181128,2022.0,205.76129032258063,-4059.93137818872,4059.93137818872,16483042.795601359,19.73126904396738
Peru,2023,2023,12,2023-W12,376,2023,16,380,4,negative_binomial_epidemiology,7614.0,2550.82573994551,2022.0,205.76129032258063,-5063.174260054489,5063.174260054489,25635733.58767833,24.607030078965476
Peru,2023,2023,13,2023-W13,377,2023,17,381,4,negative_binomial_epidemiology,8594.0,2556.13526701385,2022.0,205.76129032258063,-6037.864732986151,6037.864732986151,36455810.53383792,29.344026388638678
Peru,2023,2023,14,2023-W14,378,2023,18,382,4,negative_binomial_epidemiology,11860.0,2526.67313003324,2022.0,205.76129032258063,-9333.32686996676,9333.32686996676,87110990.46164353,45.35997444093839
Peru,2023,2023,15,2023-W15,379,2023,19,383,4,negative_binomial_epidemiology,15304.0,2687.4553747113,2022.0,205.76129032258063,-12616.5446252887,12616.5446252887,159177198.28190118,61.31641479069854
Peru,2023,2023,16,2023-W16,380,2023,20,384,4,negative_binomial_epidemiology,20425.0,2835.89453605669,2022.0,205.76129032258063,-17589.10546394331,17589.10546394331,309376631.0217204,85.48306358483721
Peru,2023,2023,17,2023-W17,381,2023,21,385,4,negative_binomial_epidemiology,18043.0,2998.29034378131,2022.0,205.76129032258063,-15044.709656218689,15044.709656218689,226343288.63991985,73.11729836371295
Peru,2023,2023,18,2023-W18,382,2023,22,386,4,negative_binomial_epidemiology,17868.0,3319.9061047726,2022.0,205.76129032258063,-14548.093895227401,14548.093895227401,211647035.98435277,70.7037454538691
Peru,2023,2023,19,2023-W19,383,2023,23,387,4,negative_binomial_epidemiology,15637.0,3668.30120575048,2022.0,205.76129032258063,-11968.69879424952,11968.69879424952,143249750.82746992,58.167883645586045
Peru,2023,2023,20,2023-W20,384,2023,24,388,4,negative_binomial_epidemiology,13340.0,4055.52359334361,2022.0,205.76129032258063,-9284.47640665639,9284.47640665639,86201502.14575914,45.12256115861601
Peru,2023,2023,21,2023-W21,385,2023,25,389,4,negative_binomial_epidemiology,11073.0,4267.30694478602,2022.0,205.76129032258063,-6805.69305521398,6805.69305521398,46317457.9617878,33.07567251616866
Peru,2023,2023,22,2023-W22,386,2023,26,390,4,negative_binomial_epidemiology,8681.0,4455.09958718808,2022.0,205.76129032258063,-4225.90041281192,4225.90041281192,17858234.29900396,20.537878656314792
Peru,2023,2023,23,2023-W23,387,2023,27,391,4,negative_binomial_epidemiology,8132.0,4217.52583591064,2022.0,205.76129032258063,-3914.47416408936,3914.47416408936,15323107.981323093,19.024346892228728
Peru,2023,2023,24,2023-W24,388,2023,28,392,4,negative_binomial_epidemiology,7669.0,4014.01675945197,2022.0,205.76129032258063,-3654.98324054803,3654.98324054803,13358902.488686979,17.763220841091922
Peru,2023,2023,25,2023-W25,389,2023,29,393,4,negative_binomial_epidemiology,6815.0,3692.25047433499,2022.0,205.76129032258063,-3122.74952566501,3122.74952566501,9751564.600041045,15.176564652998357
Peru,2023,2023,26,2023-W26,390,2023,30,394,4,negative_binomial_epidemiology,5158.0,3202.8035728639,2022.0,205.76129032258063,-1955.1964271360998,1955.1964271360998,3822793.06868577,9.502255861978977
Peru,2023,2023,27,2023-W27,391,2023,31,395,4,negative_binomial_epidemiology,5423.0,2826.23926628383,2022.0,205.76129032258063,-2596.76073371617,2596.76073371617,6743166.308170141,12.620258794281076
Peru,2023,2023,28,2023-W28,392,2023,32,396,4,negative_binomial_epidemiology,5060.0,2490.87219632033,2022.0,205.76129032258063,-2569.12780367967,2569.12780367967,6600417.671639924,12.485962736975162
Peru,2023,2023,29,2023-W29,393,2023,33,397,4,negative_binomial_epidemiology,4380.0,2338.67452196122,2022.0,205.76129032258063,-2041.3254780387801,2041.3254780387801,4167009.707290254,9.92084310337726
Peru,2023,2023,30,2023-W30,394,2023,34,398,4,negative_binomial_epidemiology,3824.0,2087.35893868591,2022.0,205.76129032258063,-1736.6410613140902,1736.6410613140902,3015922.1758421296,8.440076647028627
Peru,2023,2023,31,2023-W31,395,2023,35,399,4,negative_binomial_epidemiology,3466.0,2014.66121087452,2022.0,205.76129032258063,-1451.33878912548,1451.33878912548,2106384.280820214,7.0535074252798236
Peru,2023,2023,32,2023-W32,396,2023,36,400,4,negative_binomial_epidemiology,3368.0,1975.42940743277,2022.0,205.76129032258063,-1392.57059256723,1392.57059256723,1939252.8552830461,6.7678939531533775
Peru,2023,2023,33,2023-W33,397,2023,37,401,4,negative_binomial_epidemiology,2883.0,1941.58831762343,2022.0,205.76129032258063,-941.4116823765701,941.4116823765701,886255.9557150841,4.575261366706436
Peru,2023,2023,34,2023-W34,398,2023,38,402,4,negative_binomial_epidemiology,2317.0,1922.3126491648,2022.0,205.76129032258063,-394.68735083520005,394.68735083520005,155778.10490930828,1.9181807725662687
Peru,2023,2023,35,2023-W35,399,2023,39,403,4,negative_binomial_epidemiology,2158.0,1893.91174966508,2022.0,205.76129032258063,-264.0882503349201,264.0882503349201,69742.60396495942,1.283469062236623
Peru,2023,2023,36,2023-W36,400,2023,40,404,4,negative_binomial_epidemiology,2028.0,1891.11004264735,2022.0,205.76129032258063,-136.88995735265007,136.88995735265007,18738.860424010356,0.6652852785771411
Peru,2023,2023,37,2023-W37,401,2023,41,405,4,negative_binomial_epidemiology,1829.0,1878.02576919458,2022.0,205.76129032258063,49.02576919458011,49.02576919458011,2403.52604512024,0.23826526902956502
Peru,2023,2023,38,2023-W38,402,2023,42,406,4,negative_binomial_epidemiology,1874.0,1885.56968648954,2022.0,205.76129032258063,11.56968648953989,11.56968648953989,133.85764546624188,0.056228683594477885
Peru,2023,2023,39,2023-W39,403,2023,43,407,4,negative_binomial_epidemiology,1563.0,1829.5072962881,2022.0,205.76129032258063,266.50729628809995,266.50729628809995,71026.1389747931,1.2952256270860532
Peru,2023,2023,40,2023-W40,404,2023,44,408,4,negative_binomial_epidemiology,1626.0,1827.32051755226,2022.0,205.76129032258063,201.32051755226007,201.32051755226007,40529.95078750986,0.9784178415514474
Peru,2023,2023,41,2023-W41,405,2023,45,409,4,negative_binomial_epidemiology,1800.0,1838.82024733933,2022.0,205.76129032258063,38.82024733933008,38.82024733933008,1507.0116034867642,0.18866642641319922
Peru,2023,2023,42,2023-W42,406,2023,46,410,4,negative_binomial_epidemiology,1802.0,1895.80109779917,2022.0,205.76129032258063,93.80109779917007,93.80109779917007,8798.645948329468,0.45587339412634
Peru,2023,2023,43,2023-W43,407,2023,47,411,4,negative_binomial_epidemiology,1823.0,1899.28868217941,2022.0,205.76129032258063,76.28868217940999,76.28868217940999,5819.963028671027,0.37076304323232523
Peru,2023,2023,44,2023-W44,408,2023,48,412,4,negative_binomial_epidemiology,1854.0,1932.01360058311,2022.0,205.76129032258063,78.01360058311002,78.01360058311002,6086.121875941024,0.3791461477559983
Peru,2023,2023,45,2023-W45,409,2023,49,413,4,negative_binomial_epidemiology,1680.0,2057.29943192058,2022.0,205.76129032258063,377.29943192058,377.29943192058,142354.86132759237,1.833675475737306
Peru,2023,2023,46,2023-W46,410,2023,50,414,4,negative_binomial_epidemiology,1784.0,2231.01105499802,2022.0,205.76129032258063,447.01105499802,447.01105499802,199818.88329044284,2.172474007609604
Peru,2023,2023,47,2023-W47,411,2023,51,415,4,negative_binomial_epidemiology,1651.0,2348.74803738975,2022.0,205.76129032258063,697.7480373897502,697.7480373897502,486852.3236812482,3.391055899269786
Peru,2023,2023,48,2023-W48,412,2023,52,416,4,negative_binomial_epidemiology,1310.0,2482.88661882688,2022.0,205.76129032258063,1172.8866188268798,1172.8866188268798,1375663.0206231505,5.7002297030121465
Philippines,2023,2023,9,2023-W09,373,2023,10,374,1,negative_binomial_climate,575.0,729.333005905109,2022.0,555.1233766233767,154.33300590510896,154.33300590510896,23818.676711706397,0.27801568516869746
Philippines,2023,2023,10,2023-W10,374,2023,11,375,1,negative_binomial_climate,275.0,636.75076735184,2022.0,555.1233766233767,361.75076735183995,361.75076735183995,130863.61767964503,0.6516583206281902
Philippines,2023,2023,11,2023-W11,375,2023,12,376,1,negative_binomial_climate,141.0,285.923170189864,2022.0,555.1233766233767,144.92317018986398,144.92317018986398,21002.72525788028,0.2610647944090942
Philippines,2023,2023,12,2023-W12,376,2023,13,377,1,negative_binomial_climate,1196.0,130.916443949849,2022.0,555.1233766233767,-1065.083556050151,1065.083556050151,1134402.981368435,1.9186429556050864
Philippines,2023,2023,13,2023-W13,377,2023,14,378,1,negative_binomial_climate,1196.0,759.486892826592,2022.0,555.1233766233767,-436.513107173408,436.513107173408,190543.6927341832,0.7863353005030451
Philippines,2023,2023,14,2023-W14,378,2023,15,379,1,negative_binomial_climate,1197.0,1863.48456288857,2022.0,555.1233766233767,666.48456288857,666.48456288857,444201.67256876826,1.200606191262499
Philippines,2023,2023,15,2023-W15,379,2023,16,380,1,negative_binomial_climate,1482.0,947.808625578069,2022.0,555.1233766233767,-534.191374421931,534.191374421931,285360.42450679163,0.962293062978598
Philippines,2023,2023,16,2023-W16,380,2023,17,381,1,negative_binomial_climate,1684.0,1911.96925980422,2022.0,555.1233766233767,227.96925980421997,227.96925980421997,51969.98341568394,0.41066413234275606
Philippines,2023,2023,17,2023-W17,381,2023,18,382,1,negative_binomial_climate,1746.0,1968.74166012707,2022.0,555.1233766233767,222.74166012706996,222.74166012706996,49613.84715616315,0.4012471272276991
Philippines,2023,2023,18,2023-W18,382,2023,19,383,1,negative_binomial_climate,1727.0,1966.16910549228,2022.0,555.1233766233767,239.1691054922801,239.1691054922801,57201.861021977405,0.4308395494836895
Philippines,2023,2023,19,2023-W19,383,2023,20,384,1,negative_binomial_climate,1794.0,2166.74602347767,2022.0,555.1233766233767,372.74602347766995,372.74602347766995,138939.59801841568,0.6714651898555506
Philippines,2023,2023,20,2023-W20,384,2023,21,385,1,negative_binomial_climate,2269.0,2199.26106227802,2022.0,555.1233766233767,-69.73893772198016,69.73893772198016,4863.519434590228,0.12562781655166097
Philippines,2023,2023,21,2023-W21,385,2023,22,386,1,negative_binomial_climate,2552.0,2580.52907925984,2022.0,555.1233766233767,28.52907925983982,28.52907925983982,813.9083634142224,0.05139232188954523
Philippines,2023,2023,22,2023-W22,386,2023,23,387,1,negative_binomial_climate,207.0,3095.12578793492,2022.0,555.1233766233767,2888.12578793492,2888.12578793492,8341270.566934703,5.2026736930128745
Philippines,2023,2023,23,2023-W23,387,2023,24,388,1,negative_binomial_climate,162.0,325.443076283777,2022.0,555.1233766233767,163.44307628377697,163.44307628377697,26713.63918510454,0.29442657824634344
Philippines,2023,2023,24,2023-W24,388,2023,25,389,1,negative_binomial_climate,132.0,104.183770756204,2022.0,555.1233766233767,-27.816229243796002,27.816229243796002,773.7426093434119,0.050108192908381005
Philippines,2023,2023,25,2023-W25,389,2023,26,390,1,negative_binomial_climate,181.0,171.363963453439,2022.0,555.1233766233767,-9.636036546561002,9.636036546561002,92.85320032665928,0.01735836924248025
Philippines,2023,2023,26,2023-W26,390,2023,27,391,1,negative_binomial_climate,271.0,139.161833842357,2022.0,555.1233766233767,-131.838166157643,131.838166157643,17381.302055810283,0.23749345048224943
Philippines,2023,2023,27,2023-W27,391,2023,28,392,1,negative_binomial_climate,147.0,267.709586590802,2022.0,555.1233766233767,120.70958659080202,120.70958659080202,14570.80429492233,0.21744641222828096
Philippines,2023,2023,28,2023-W28,392,2023,29,393,1,negative_binomial_climate,735.0,160.779898742336,2022.0,555.1233766233767,-574.220101257664,574.220101257664,329728.724688362,1.0344008655345163
Philippines,2023,2023,29,2023-W29,393,2023,30,394,1,negative_binomial_climate,715.0,504.319455291007,2022.0,555.1233766233767,-210.680544708993,210.680544708993,44386.291918878,0.3795202176325015
Philippines,2023,2023,30,2023-W30,394,2023,31,395,1,negative_binomial_climate,893.0,1159.7776354816,2022.0,555.1233766233767,266.7776354816001,266.7776354816001,71170.30679315349,0.48057359267468813
Philippines,2023,2023,31,2023-W31,395,2023,32,396,1,negative_binomial_climate,2955.0,796.721844079035,2022.0,555.1233766233767,-2158.278155920965,2158.278155920965,4658164.598325603,3.8879251834952875
Philippines,2023,2023,32,2023-W32,396,2023,33,397,1,negative_binomial_climate,3355.0,3493.82916930482,2022.0,555.1233766233767,138.82916930481997,138.82916930481997,19273.538249866368,0.25008705298859824
Philippines,2023,2023,33,2023-W33,397,2023,34,398,1,negative_binomial_climate,3591.0,5042.36283972434,2022.0,555.1233766233767,1451.3628397243401,1451.3628397243401,2106454.0925327004,2.614486978646941
Philippines,2023,2023,34,2023-W34,398,2023,35,399,1,negative_binomial_climate,3356.0,3890.20905889735,2022.0,555.1233766233767,534.2090588973501,534.2090588973501,285379.3186079925,0.96232491981649
Philippines,2023,2023,35,2023-W35,399,2023,36,400,1,negative_binomial_climate,3393.0,4301.51737103457,2022.0,555.1233766233767,908.5173710345698,908.5173710345698,825403.8134715662,1.6366044185722577
Philippines,2023,2023,36,2023-W36,400,2023,37,401,1,negative_binomial_climate,3179.0,3903.00380543238,2022.0,555.1233766233767,724.00380543238,724.00380543238,524181.5102805675,1.3042214324250665
Philippines,2023,2023,37,2023-W37,401,2023,38,402,1,negative_binomial_climate,3142.0,3513.72479014721,2022.0,555.1233766233767,371.7247901472101,371.7247901472101,138179.3196099874,0.6696255387555166
Philippines,2023,2023,38,2023-W38,402,2023,39,403,1,negative_binomial_climate,3318.0,3319.82020102179,2022.0,555.1233766233767,1.820201021790126,1.820201021790126,3.313131759725819,0.0032789125777080022
Philippines,2023,2023,39,2023-W39,403,2023,40,404,1,negative_binomial_climate,2578.0,3559.93426503849,2022.0,555.1233766233767,981.9342650384901,981.9342650384901,964194.9008566798,1.76885771053501
Philippines,2023,2023,40,2023-W40,404,2023,41,405,1,negative_binomial_climate,2720.0,2655.22800758632,2022.0,555.1233766233767,-64.77199241367998,64.77199241367998,4195.411001237817,0.11668035456850258
Philippines,2023,2023,41,2023-W41,405,2023,42,406,1,negative_binomial_climate,3430.0,2528.47123707375,2022.0,555.1233766233767,-901.5287629262498,901.5287629262498,812754.1103833343,1.6240151304921389
Philippines,2023,2023,42,2023-W42,406,2023,43,407,1,negative_binomial_climate,2672.0,3427.66592130392,2022.0,555.1233766233767,755.6659213039202,755.6659213039202,571030.9846201024,1.3612576106961563
Philippines,2023,2023,43,2023-W43,407,2023,44,408,1,negative_binomial_climate,1939.0,2862.36938556366,2022.0,555.1233766233767,923.3693855636602,923.3693855636602,852611.0221962114,1.6633588575934175
Philippines,2023,2023,44,2023-W44,408,2023,45,409,1,negative_binomial_climate,2607.0,1884.1580718592,2022.0,555.1233766233767,-722.8419281408001,722.8419281408001,522500.45307830954,1.302128425103618
Philippines,2023,2023,9,2023-W09,373,2023,10,374,1,negative_binomial_epidemiology,575.0,748.084074310731,2022.0,555.1233766233767,173.084074310731,173.084074310731,29958.096780002656,0.31179388510630107
Philippines,2023,2023,10,2023-W10,374,2023,11,375,1,negative_binomial_epidemiology,275.0,647.36921039611,2022.0,555.1233766233767,372.36921039611,372.36921039611,138658.82885102244,0.6707863982617757
Philippines,2023,2023,11,2023-W11,375,2023,12,376,1,negative_binomial_epidemiology,141.0,281.502372063794,2022.0,555.1233766233767,140.50237206379398,140.50237206379398,19740.916555552798,0.2531011626972391
Philippines,2023,2023,12,2023-W12,376,2023,13,377,1,negative_binomial_epidemiology,1196.0,131.908748356569,2022.0,555.1233766233767,-1064.091251643431,1064.091251643431,1132290.1918240834,1.916855417107328
Philippines,2023,2023,13,2023-W13,377,2023,14,378,1,negative_binomial_epidemiology,1196.0,877.108074335876,2022.0,555.1233766233767,-318.89192566412396,318.89192566412396,101692.06025377316,0.5744523453575909
Philippines,2023,2023,14,2023-W14,378,2023,15,379,1,negative_binomial_epidemiology,1197.0,2119.44481850342,2022.0,555.1233766233767,922.4448185034198,922.4448185034198,850904.4431838071,1.6616933412430446
Philippines,2023,2023,15,2023-W15,379,2023,16,380,1,negative_binomial_epidemiology,1482.0,1057.92025027374,2022.0,555.1233766233767,-424.07974972625993,424.07974972625993,179843.63412788726,0.7639378336141963
Philippines,2023,2023,16,2023-W16,380,2023,17,381,1,negative_binomial_epidemiology,1684.0,2084.23360643718,2022.0,555.1233766233767,400.2336064371798,400.2336064371798,160186.93972171133,0.7209813589037851
Philippines,2023,2023,17,2023-W17,381,2023,18,382,1,negative_binomial_epidemiology,1746.0,2088.49394019342,2022.0,555.1233766233767,342.4939401934198,342.4939401934198,117302.09906921381,0.6169690461905818
Philippines,2023,2023,18,2023-W18,382,2023,19,383,1,negative_binomial_epidemiology,1727.0,2068.57027815422,2022.0,555.1233766233767,341.57027815422,341.57027815422,116670.2549183512,0.6153051601463332
Philippines,2023,2023,19,2023-W19,383,2023,20,384,1,negative_binomial_epidemiology,1794.0,1973.27488572991,2022.0,555.1233766233767,179.27488572991,179.27488572991,32139.484653472293,0.32294602115367055
Philippines,2023,2023,20,2023-W20,384,2023,21,385,1,negative_binomial_epidemiology,2269.0,1885.46846707669,2022.0,555.1233766233767,-383.5315329233099,383.5315329233099,147096.43674650395,0.6908942211300837
Philippines,2023,2023,21,2023-W21,385,2023,22,386,1,negative_binomial_epidemiology,2552.0,2437.59455430594,2022.0,555.1233766233767,-114.40544569405984,114.40544569405984,13088.606004456475,0.20609012430704785
Philippines,2023,2023,22,2023-W22,386,2023,23,387,1,negative_binomial_epidemiology,207.0,2881.27867996998,2022.0,555.1233766233767,2674.27867996998,2674.27867996998,7151766.45814198,4.8174492240566265
Philippines,2023,2023,23,2023-W23,387,2023,24,388,1,negative_binomial_epidemiology,162.0,280.989952114626,2022.0,555.1233766233767,118.98995211462602,118.98995211462602,14158.608704240993,0.21434866036159514
Philippines,2023,2023,24,2023-W24,388,2023,25,389,1,negative_binomial_epidemiology,132.0,91.3368482671836,2022.0,555.1233766233767,-40.6631517328164,40.6631517328164,1653.4919088460497,0.07325065642192241
Philippines,2023,2023,25,2023-W25,389,2023,26,390,1,negative_binomial_epidemiology,181.0,154.568509093999,2022.0,555.1233766233767,-26.431490906000988,26.431490906000988,698.6237115140129,0.04761372339744472
Philippines,2023,2023,26,2023-W26,390,2023,27,391,1,negative_binomial_epidemiology,271.0,129.935673239242,2022.0,555.1233766233767,-141.064326760758,141.064326760758,19899.144284465907,0.2541134686469222
Philippines,2023,2023,27,2023-W27,391,2023,28,392,1,negative_binomial_epidemiology,147.0,281.491226759226,2022.0,555.1233766233767,134.49122675922598,134.49122675922598,18087.890075201543,0.24227267743125783
Philippines,2023,2023,28,2023-W28,392,2023,29,393,1,negative_binomial_epidemiology,735.0,176.742509115171,2022.0,555.1233766233767,-558.2574908848289,558.2574908848289,311651.4261290249,1.0056457976612623
Philippines,2023,2023,29,2023-W29,393,2023,30,394,1,negative_binomial_epidemiology,715.0,629.89751748123,2022.0,555.1233766233767,-85.10248251876999,85.10248251876999,7242.432530857552,0.15330372688755953
Philippines,2023,2023,30,2023-W30,394,2023,31,395,1,negative_binomial_epidemiology,893.0,1489.84187534027,2022.0,555.1233766233767,596.84187534027,596.84187534027,356220.2241596904,1.0751517599036318
Philippines,2023,2023,31,2023-W31,395,2023,32,396,1,negative_binomial_epidemiology,2955.0,890.708793668375,2022.0,555.1233766233767,-2064.291206331625,2064.291206331625,4261298.184538075,3.7186169656338266
Philippines,2023,2023,32,2023-W32,396,2023,33,397,1,negative_binomial_epidemiology,3355.0,4062.34240427857,2022.0,555.1233766233767,707.34240427857,707.34240427857,500333.276890588,1.2742075618956799
Philippines,2023,2023,33,2023-W33,397,2023,34,398,1,negative_binomial_epidemiology,3591.0,5382.90144663512,2022.0,555.1233766233767,1791.90144663512,1791.90144663512,3210910.794453036,3.2279336848227076
Philippines,2023,2023,34,2023-W34,398,2023,35,399,1,negative_binomial_epidemiology,3356.0,4121.03743900823,2022.0,555.1233766233767,765.0374390082297,765.0374390082297,585282.2830842709,1.3781394753391356
Philippines,2023,2023,35,2023-W35,399,2023,36,400,1,negative_binomial_epidemiology,3393.0,4500.73408002417,2022.0,555.1233766233767,1107.73408002417,1107.73408002417,1227074.7920469942,1.995473667065028
Philippines,2023,2023,36,2023-W36,400,2023,37,401,1,negative_binomial_epidemiology,3179.0,3654.72037379999,2022.0,555.1233766233767,475.72037379998983,475.72037379998983,226309.87404840204,0.8569633235293246
Philippines,2023,2023,37,2023-W37,401,2023,38,402,1,negative_binomial_epidemiology,3142.0,3478.16755087655,2022.0,555.1233766233767,336.1675508765502,336.1675508765502,113008.62226233796,0.6055726799352984
Philippines,2023,2023,38,2023-W38,402,2023,39,403,1,negative_binomial_epidemiology,3318.0,3140.60954387894,2022.0,555.1233766233767,-177.3904561210602,177.3904561210602,31467.37392283778,0.3195514071125322
Philippines,2023,2023,39,2023-W39,403,2023,40,404,1,negative_binomial_epidemiology,2578.0,3266.75016779711,2022.0,555.1233766233767,688.75016779711,688.75016779711,474376.79364054714,1.2407154820006658
Philippines,2023,2023,40,2023-W40,404,2023,41,405,1,negative_binomial_epidemiology,2720.0,2653.62142670963,2022.0,555.1233766233767,-66.37857329036979,66.37857329036979,4406.114992064993,0.11957445152846502
Philippines,2023,2023,41,2023-W41,405,2023,42,406,1,negative_binomial_epidemiology,3430.0,2508.69073213931,2022.0,555.1233766233767,-921.3092678606899,921.3092678606899,848810.7670460006,1.6596477587823726
Philippines,2023,2023,42,2023-W42,406,2023,43,407,1,negative_binomial_epidemiology,2672.0,3467.44759947015,2022.0,555.1233766233767,795.4475994701502,795.4475994701502,632736.8835028245,1.4329203794453453
Philippines,2023,2023,43,2023-W43,407,2023,44,408,1,negative_binomial_epidemiology,1939.0,2792.13996672134,2022.0,555.1233766233767,853.13996672134,853.13996672134,727847.8028172891,1.5368474876894846
Philippines,2023,2023,44,2023-W44,408,2023,45,409,1,negative_binomial_epidemiology,2607.0,1830.00668432721,2022.0,555.1233766233767,-776.99331567279,776.99331567279,603718.6126001959,1.3996768077016886
Philippines,2023,2023,9,2023-W09,373,2023,11,375,2,negative_binomial_climate,275.0,786.338268632367,2022.0,555.1233766233767,511.338268632367,511.338268632367,261466.82496794668,0.9211254473602979
Philippines,2023,2023,10,2023-W10,374,2023,12,376,2,negative_binomial_climate,141.0,559.690507417778,2022.0,555.1233766233767,418.690507417778,418.690507417778,175301.74100175643,0.7542296452448597
Philippines,2023,2023,11,2023-W11,375,2023,13,377,2,negative_binomial_climate,1196.0,235.644051082929,2022.0,555.1233766233767,-960.355948917071,960.355948917071,922283.5486204079,1.7299865027457209
Philippines,2023,2023,12,2023-W12,376,2023,14,378,2,negative_binomial_climate,1196.0,109.655841852447,2022.0,555.1233766233767,-1086.3441581475531,1086.3441581475531,1180143.6299413159,1.9569418329226353
Philippines,2023,2023,13,2023-W13,377,2023,15,379,2,negative_binomial_climate,1197.0,1305.658239579,2022.0,555.1233766233767,108.65823957900011,108.65823957900011,11806.613028407386,0.19573709945333337
Philippines,2023,2023,14,2023-W14,378,2023,16,380,2,negative_binomial_climate,1482.0,1496.89304659896,2022.0,555.1233766233767,14.893046598959927,14.893046598959927,221.80283699879186,0.026828354247211087
Philippines,2023,2023,15,2023-W15,379,2023,17,381,2,negative_binomial_climate,1684.0,1313.83316441794,2022.0,555.1233766233767,-370.16683558206,370.16683558206,137023.48616483583,0.6668190372988014
Philippines,2023,2023,16,2023-W16,380,2023,18,382,2,negative_binomial_climate,1746.0,2180.78436951582,2022.0,555.1233766233767,434.7843695158199,434.7843695158199,189037.44797526902,0.7832211501530754
Philippines,2023,2023,17,2023-W17,381,2023,19,383,2,negative_binomial_climate,1727.0,2235.00151433403,2022.0,555.1233766233767,508.00151433403016,508.00151433403016,258065.53856566784,0.9151146136630518
Philippines,2023,2023,18,2023-W18,382,2023,20,384,2,negative_binomial_climate,1794.0,2223.29196858759,2022.0,555.1233766233767,429.29196858758996,429.29196858758996,184291.59429380833,0.7733271317068728
Philippines,2023,2023,19,2023-W19,383,2023,21,385,2,negative_binomial_climate,2269.0,2498.99273001545,2022.0,555.1233766233767,229.99273001544998,229.99273001544998,52896.65585995967,0.41430921431271034
Philippines,2023,2023,20,2023-W20,384,2023,22,386,2,negative_binomial_climate,2552.0,2482.26759195359,2022.0,555.1233766233767,-69.73240804641,69.73240804641,4862.608731951026,0.1256160539852746
Philippines,2023,2023,21,2023-W21,385,2023,23,387,2,negative_binomial_climate,207.0,3030.37366966994,2022.0,555.1233766233767,2823.37366966994,2823.37366966994,7971438.878585504,5.086029139762669
Philippines,2023,2023,22,2023-W22,386,2023,24,388,2,negative_binomial_climate,162.0,3542.13510300321,2022.0,555.1233766233767,3380.13510300321,3380.13510300321,11425313.314554522,6.088979937331052
Philippines,2023,2023,23,2023-W23,387,2023,25,389,2,negative_binomial_climate,132.0,177.336795283264,2022.0,555.1233766233767,45.336795283263996,45.336795283263996,2055.4250065565884,0.08166976422256261
Philippines,2023,2023,24,2023-W24,388,2023,26,390,2,negative_binomial_climate,181.0,120.972142948604,2022.0,555.1233766233767,-60.027857051396,60.027857051396,3603.3436221828324,0.10813426272286474
Philippines,2023,2023,25,2023-W25,389,2023,27,391,2,negative_binomial_climate,271.0,127.406426745948,2022.0,555.1233766233767,-143.593573254052,143.593573254052,20619.114279866793,0.25866965669412445
Philippines,2023,2023,26,2023-W26,390,2023,28,392,2,negative_binomial_climate,147.0,160.423433653608,2022.0,555.1233766233767,13.423433653607987,13.423433653607987,180.18857105281546,0.02418099150365111
Philippines,2023,2023,27,2023-W27,391,2023,29,393,2,negative_binomial_climate,735.0,292.013693256134,2022.0,555.1233766233767,-442.986306743866,442.986306743866,196236.86796257054,0.7979961309473191
Philippines,2023,2023,28,2023-W28,392,2023,30,394,2,negative_binomial_climate,715.0,138.292239059498,2022.0,555.1233766233767,-576.707760940502,576.707760940502,332591.8415290072,1.0388821390452256
Philippines,2023,2023,29,2023-W29,393,2023,31,395,2,negative_binomial_climate,893.0,899.87009078381,2022.0,555.1233766233767,6.870090783810042,6.870090783810042,47.19814737779168,0.01237579081176229
Philippines,2023,2023,30,2023-W30,394,2023,32,396,2,negative_binomial_climate,2955.0,1071.4970459961,2022.0,555.1233766233767,-1883.5029540039,1883.5029540039,3547583.3777414174,3.392944763847987
Philippines,2023,2023,31,2023-W31,395,2023,33,397,2,negative_binomial_climate,3355.0,1152.67890290072,2022.0,555.1233766233767,-2202.32109709928,2202.32109709928,4850218.214728576,3.967264197186645
Philippines,2023,2023,32,2023-W32,396,2023,34,398,2,negative_binomial_climate,3591.0,5032.57128971772,2022.0,555.1233766233767,1441.57128971772,1441.57128971772,2078127.7833384105,2.596848467247586
Philippines,2023,2023,33,2023-W33,397,2023,35,399,2,negative_binomial_climate,3356.0,5392.17601987483,2022.0,555.1233766233767,2036.1760198748298,2036.1760198748298,4146012.783913303,3.6679702307983924
Philippines,2023,2023,34,2023-W34,398,2023,36,400,2,negative_binomial_climate,3393.0,4929.75794607481,2022.0,555.1233766233767,1536.7579460748102,1536.7579460748102,2361624.9848240693,2.7683178384999327
Philippines,2023,2023,35,2023-W35,399,2023,37,401,2,negative_binomial_climate,3179.0,4724.10727200354,2022.0,555.1233766233767,1545.10727200354,1545.10727200354,2387356.481998221,2.7833583254985452
Philippines,2023,2023,36,2023-W36,400,2023,38,402,2,negative_binomial_climate,3142.0,4198.49221080884,2022.0,555.1233766233767,1056.4922108088404,1056.4922108088404,1116175.7914997512,1.9031664946900935
Philippines,2023,2023,37,2023-W37,401,2023,39,403,2,negative_binomial_climate,3318.0,3491.23794233749,2022.0,555.1233766233767,173.23794233749004,173.23794233749004,30011.384665327525,0.31207106317740835
Philippines,2023,2023,38,2023-W38,402,2023,40,404,2,negative_binomial_climate,2578.0,3350.01931425635,2022.0,555.1233766233767,772.0193142563498,772.0193142563498,596013.8215848446,1.390716634835802
Philippines,2023,2023,39,2023-W39,403,2023,41,405,2,negative_binomial_climate,2720.0,3664.99930637551,2022.0,555.1233766233767,944.9993063755101,944.9993063755101,893023.6890501952,1.7023230261417088
Philippines,2023,2023,40,2023-W40,404,2023,42,406,2,negative_binomial_climate,3430.0,2409.29663125826,2022.0,555.1233766233767,-1020.7033687417402,1020.7033687417402,1041835.3669607368,1.8386964262797316
Philippines,2023,2023,41,2023-W41,405,2023,43,407,2,negative_binomial_climate,2672.0,2613.01915423496,2022.0,555.1233766233767,-58.98084576504016,58.98084576504016,3478.7401671594557,0.10624817517828239
Philippines,2023,2023,42,2023-W42,406,2023,44,408,2,negative_binomial_climate,1939.0,3500.5167662905,2022.0,555.1233766233767,1561.5167662905,1561.5167662905,2438334.6114063403,2.8129184106579443
Philippines,2023,2023,43,2023-W43,407,2023,45,409,2,negative_binomial_climate,2607.0,2741.80592813012,2022.0,555.1233766233767,134.8059281301198,134.8059281301198,18172.638259023028,0.24283958090559546
Philippines,2023,2023,9,2023-W09,373,2023,11,375,2,negative_binomial_epidemiology,275.0,796.846977638803,2022.0,555.1233766233767,521.846977638803,521.846977638803,272324.2680707533,0.9400558499500012
Philippines,2023,2023,10,2023-W10,374,2023,12,376,2,negative_binomial_epidemiology,141.0,591.219044816033,2022.0,555.1233766233767,450.21904481603303,450.21904481603303,202697.18831506115,0.8110251950738584
Philippines,2023,2023,11,2023-W11,375,2023,13,377,2,negative_binomial_epidemiology,1196.0,233.304332596096,2022.0,555.1233766233767,-962.695667403904,962.695667403904,926782.9480382482,1.734201274786244
Philippines,2023,2023,12,2023-W12,376,2023,14,378,2,negative_binomial_epidemiology,1196.0,111.026827828415,2022.0,555.1233766233767,-1084.973172171585,1084.973172171585,1177166.784332072,1.954472136934858
Philippines,2023,2023,13,2023-W13,377,2023,15,379,2,negative_binomial_epidemiology,1197.0,1711.14182819051,2022.0,555.1233766233767,514.1418281905101,514.1418281905101,264341.81949508,0.9261757833328095
Philippines,2023,2023,14,2023-W14,378,2023,16,380,2,negative_binomial_epidemiology,1482.0,1810.22720262204,2022.0,555.1233766233767,328.22720262204007,328.22720262204007,107733.09654108975,0.5912689258710965
Philippines,2023,2023,15,2023-W15,379,2023,17,381,2,negative_binomial_epidemiology,1684.0,1567.23912834151,2022.0,555.1233766233767,-116.76087165849003,116.76087165849003,13633.10115045038,0.2103331918189178
Philippines,2023,2023,16,2023-W16,380,2023,18,382,2,negative_binomial_epidemiology,1746.0,2645.59872044588,2022.0,555.1233766233767,899.5987204458802,899.5987204458802,809277.8578278649,1.6205383493626728
Philippines,2023,2023,17,2023-W17,381,2023,19,383,2,negative_binomial_epidemiology,1727.0,2489.56816158342,2022.0,555.1233766233767,762.5681615834201,762.5681615834201,581510.2010607171,1.3736913156528523
Philippines,2023,2023,18,2023-W18,382,2023,20,384,2,negative_binomial_epidemiology,1794.0,2394.25560790665,2022.0,555.1233766233767,600.2556079066499,600.2556079066499,360306.79482338176,1.081301262356842
Philippines,2023,2023,19,2023-W19,383,2023,21,385,2,negative_binomial_epidemiology,2269.0,2068.05058862708,2022.0,555.1233766233767,-200.94941137292017,200.94941137292017,40380.6659311231,0.36199054090502525
Philippines,2023,2023,20,2023-W20,384,2023,22,386,2,negative_binomial_epidemiology,2552.0,1801.06406736528,2022.0,555.1233766233767,-750.9359326347201,750.9359326347201,563904.7749219768,1.352737002722536
Philippines,2023,2023,21,2023-W21,385,2023,23,387,2,negative_binomial_epidemiology,207.0,2773.85061665031,2022.0,555.1233766233767,2566.85061665031,2566.85061665031,6588722.088198076,4.623928165777442
Philippines,2023,2023,22,2023-W22,386,2023,24,388,2,negative_binomial_epidemiology,162.0,3119.93611604114,2022.0,555.1233766233767,2957.93611604114,2957.93611604114,8749386.066580543,5.328430112299074
Philippines,2023,2023,23,2023-W23,387,2023,25,389,2,negative_binomial_epidemiology,132.0,130.582626175378,2022.0,555.1233766233767,-1.4173738246219898,1.4173738246219898,2.008948558723567,0.0025532591209604326
Philippines,2023,2023,24,2023-W24,388,2023,26,390,2,negative_binomial_epidemiology,181.0,100.580596613791,2022.0,555.1233766233767,-80.419403386209,80.419403386209,6467.2804409938035,0.14486762181656335
Philippines,2023,2023,25,2023-W25,389,2023,27,391,2,negative_binomial_epidemiology,271.0,106.480095839587,2022.0,555.1233766233767,-164.519904160413,164.519904160413,27066.79886495148,0.29636637743690536
Philippines,2023,2023,26,2023-W26,390,2023,28,392,2,negative_binomial_epidemiology,147.0,138.684071570313,2022.0,555.1233766233767,-8.315928429687006,8.315928429687006,69.15466564767658,0.01498032469875421
Philippines,2023,2023,27,2023-W27,391,2023,29,393,2,negative_binomial_epidemiology,735.0,325.100223424552,2022.0,555.1233766233767,-409.899776575448,409.899776575448,168017.8268366022,0.7383940108390435
Philippines,2023,2023,28,2023-W28,392,2023,30,394,2,negative_binomial_epidemiology,715.0,166.664456454155,2022.0,555.1233766233767,-548.335543545845,548.335543545845,300671.86831571726,0.9877723883313657
Philippines,2023,2023,29,2023-W29,393,2023,31,395,2,negative_binomial_epidemiology,893.0,1441.91714145246,2022.0,555.1233766233767,548.9171414524601,548.9171414524601,301310.0281803401,0.9888200795854303
Philippines,2023,2023,30,2023-W30,394,2023,32,396,2,negative_binomial_epidemiology,2955.0,1683.07800985867,2022.0,555.1233766233767,-1271.92199014133,1271.92199014133,1617785.5490050816,2.2912419899842646
Philippines,2023,2023,31,2023-W31,395,2023,33,397,2,negative_binomial_epidemiology,3355.0,1363.80585946988,2022.0,555.1233766233767,-1991.19414053012,1991.19414053012,3964854.105281483,3.586939812626636
Philippines,2023,2023,32,2023-W32,396,2023,34,398,2,negative_binomial_epidemiology,3591.0,6861.37480388829,2022.0,555.1233766233767,3270.3748038882904,3270.3748038882904,10695351.357907373,5.891257586342064
Philippines,2023,2023,33,2023-W33,397,2023,35,399,2,negative_binomial_epidemiology,3356.0,5895.63136547423,2022.0,555.1233766233767,2539.63136547423,2539.63136547423,6449727.472500501,4.574895369966094
Philippines,2023,2023,34,2023-W34,398,2023,36,400,2,negative_binomial_epidemiology,3393.0,5265.36262970558,2022.0,555.1233766233767,1872.3626297055798,1872.3626297055798,3505741.817117994,3.372876568618878
Philippines,2023,2023,35,2023-W35,399,2023,37,401,2,negative_binomial_epidemiology,3179.0,4777.32849316026,2022.0,555.1233766233767,1598.3284931602602,1598.3284931602602,2554653.972047948,2.879231105132591
Philippines,2023,2023,36,2023-W36,400,2023,38,402,2,negative_binomial_epidemiology,3142.0,3508.98661389377,2022.0,555.1233766233767,366.98661389377,366.98661389377,134679.17477721503,0.6610901816565942
Philippines,2023,2023,37,2023-W37,401,2023,39,403,2,negative_binomial_epidemiology,3318.0,3351.54748227027,2022.0,555.1233766233767,33.54748227026994,33.54748227026994,1125.4335666740758,0.06043247984678228
Philippines,2023,2023,38,2023-W38,402,2023,40,404,2,negative_binomial_epidemiology,2578.0,2975.63023583803,2022.0,555.1233766233767,397.6302358380299,397.6302358380299,158109.80445260726,0.7162916435922352
Philippines,2023,2023,39,2023-W39,403,2023,41,405,2,negative_binomial_epidemiology,2720.0,3046.38090152198,2022.0,555.1233766233767,326.3809015219799,326.3809015219799,106524.49287830036,0.5879429965771609
Philippines,2023,2023,40,2023-W40,404,2023,42,406,2,negative_binomial_epidemiology,3430.0,2390.08520978212,2022.0,555.1233766233767,-1039.9147902178802,1039.9147902178802,1081422.7709138978,1.8733039068599884
Philippines,2023,2023,41,2023-W41,405,2023,43,407,2,negative_binomial_epidemiology,2672.0,2574.61195452992,2022.0,555.1233766233767,-97.38804547008021,97.38804547008021,9484.431400482412,0.17543495657210112
Philippines,2023,2023,42,2023-W42,406,2023,44,408,2,negative_binomial_epidemiology,1939.0,3582.06963063532,2022.0,555.1233766233767,1643.0696306353202,1643.0696306353202,2699677.8111160877,2.959827850575387
Philippines,2023,2023,43,2023-W43,407,2023,45,409,2,negative_binomial_epidemiology,2607.0,2518.99270563869,2022.0,555.1233766233767,-88.00729436130996,88.00729436130996,7745.283860798259,0.15853645886186216
Philippines,2023,2022,49,2022-W49,361,2023,1,365,4,negative_binomial_climate,425.0,340.084233676775,2022.0,555.1233766233767,-84.915766323225,84.915766323225,7210.6873702605535,0.1529673760808601
Philippines,2023,2022,50,2022-W50,362,2023,2,366,4,negative_binomial_climate,575.0,353.329618829547,2022.0,555.1233766233767,-221.67038117045303,221.67038117045303,49137.75788825394,0.39931732386915
Philippines,2023,2023,9,2023-W09,373,2023,13,377,4,negative_binomial_climate,1196.0,740.352770635915,2022.0,555.1233766233767,-455.647229364085,455.647229364085,207614.39762716705,0.8208035340461238
Philippines,2023,2023,10,2023-W10,374,2023,14,378,4,negative_binomial_climate,1196.0,564.356697534789,2022.0,555.1233766233767,-631.643302465211,631.643302465211,398973.2615491581,1.1378430977042953
Philippines,2023,2023,11,2023-W11,375,2023,15,379,4,negative_binomial_climate,1197.0,238.154340782326,2022.0,555.1233766233767,-958.845659217674,958.845659217674,919384.9982005758,1.7272658648425152
Philippines,2023,2023,12,2023-W12,376,2023,16,380,4,negative_binomial_climate,1482.0,101.906280272622,2022.0,555.1233766233767,-1380.093719727378,1380.093719727378,1904658.6752309503,2.486102689679563
Philippines,2023,2023,13,2023-W13,377,2023,17,381,4,negative_binomial_climate,1684.0,1003.9112803459,2022.0,555.1233766233767,-680.0887196541,680.0887196541,462520.6666007531,1.2251127376239213
Philippines,2023,2023,14,2023-W14,378,2023,18,382,4,negative_binomial_climate,1746.0,1571.96592126149,2022.0,555.1233766233767,-174.03407873851006,174.03407873851006,30287.86056236192,0.3135052243648955
Philippines,2023,2023,15,2023-W15,379,2023,19,383,4,negative_binomial_climate,1727.0,1497.80296728195,2022.0,555.1233766233767,-229.19703271804997,229.19703271804997,52531.27980675887,0.41287584412707706
Philippines,2023,2023,16,2023-W16,380,2023,20,384,4,negative_binomial_climate,1794.0,3506.17564702013,2022.0,555.1233766233767,1712.1756470201299,1712.1756470201299,2931545.4462488005,3.084315521775901
Philippines,2023,2023,17,2023-W17,381,2023,21,385,4,negative_binomial_climate,2269.0,3511.81160281832,2022.0,555.1233766233767,1242.81160281832,1242.81160281832,1544580.6800998414,2.2388024989650277
Philippines,2023,2023,18,2023-W18,382,2023,22,386,4,negative_binomial_climate,2552.0,3091.43554652125,2022.0,555.1233766233767,539.4355465212502,539.4355465212502,290990.7088506799,0.9717399216773214
Philippines,2023,2023,19,2023-W19,383,2023,23,387,4,negative_binomial_climate,207.0,3418.00308073472,2022.0,555.1233766233767,3211.00308073472,3211.00308073472,10310540.784487862,5.784305284108444
Philippines,2023,2023,20,2023-W20,384,2023,24,388,4,negative_binomial_climate,162.0,2642.08751751451,2022.0,555.1233766233767,2480.08751751451,2480.08751751451,6150834.094531286,4.467633001874329
Philippines,2023,2023,21,2023-W21,385,2023,25,389,4,negative_binomial_climate,132.0,4073.64351840507,2022.0,555.1233766233767,3941.64351840507,3941.64351840507,15536553.6261847,7.100481954805656
Philippines,2023,2023,22,2023-W22,386,2023,26,390,4,negative_binomial_climate,181.0,4921.18376912071,2022.0,555.1233766233767,4740.18376912071,4740.18376912071,22469342.165035423,8.538973440379339
Philippines,2023,2023,23,2023-W23,387,2023,27,391,4,negative_binomial_climate,271.0,227.481711907265,2022.0,555.1233766233767,-43.51828809273499,43.51828809273499,1893.84139852228,0.07839390291477487
Philippines,2023,2023,24,2023-W24,388,2023,28,392,4,negative_binomial_climate,147.0,112.660375611169,2022.0,555.1233766233767,-34.339624388831,34.339624388831,1179.2098031659966,0.06185944572845598
Philippines,2023,2023,25,2023-W25,389,2023,29,393,4,negative_binomial_climate,735.0,137.273988426982,2022.0,555.1233766233767,-597.726011573018,597.726011573018,357276.3849109877,1.076744444106783
Philippines,2023,2023,26,2023-W26,390,2023,30,394,4,negative_binomial_climate,715.0,134.624842165877,2022.0,555.1233766233767,-580.375157834123,580.375157834123,336835.3238309832,1.0454885927599449
Philippines,2023,2023,27,2023-W27,391,2023,31,395,4,negative_binomial_climate,893.0,278.666866626947,2022.0,555.1233766233767,-614.333133373053,614.333133373053,377405.1987599533,1.1066605357350086
Philippines,2023,2023,28,2023-W28,392,2023,32,396,4,negative_binomial_climate,2955.0,150.587712164536,2022.0,555.1233766233767,-2804.412287835464,2804.412287835464,7864728.280162542,5.051872080930429
Philippines,2023,2023,29,2023-W29,393,2023,33,397,4,negative_binomial_climate,3355.0,1104.82494663962,2022.0,555.1233766233767,-2250.17505336038,2250.17505336038,5063287.770765388,4.05346837859255
Philippines,2023,2023,30,2023-W30,394,2023,34,398,4,negative_binomial_climate,3591.0,2202.56787419331,2022.0,555.1233766233767,-1388.4321258066898,1388.4321258066898,1927743.7679720835,2.501123505646694
Philippines,2023,2023,31,2023-W31,395,2023,35,399,4,negative_binomial_climate,3356.0,1469.24143790531,2022.0,555.1233766233767,-1886.75856209469,1886.75856209469,3559857.871637622,3.398809420657421
Philippines,2023,2023,32,2023-W32,396,2023,36,400,4,negative_binomial_climate,3393.0,6897.45861026084,2022.0,555.1233766233767,3504.45861026084,3504.45861026084,12281230.151031338,6.312936471126921
Philippines,2023,2023,33,2023-W33,397,2023,37,401,4,negative_binomial_climate,3179.0,7511.28856635685,2022.0,555.1233766233767,4332.28856635685,4332.28856635685,18768724.222186293,7.804190471510427
Philippines,2023,2023,34,2023-W34,398,2023,38,402,4,negative_binomial_climate,3142.0,6112.96773221122,2022.0,555.1233766233767,2970.96773221122,2970.96773221122,8826649.26584028,5.351905283258991
Philippines,2023,2023,35,2023-W35,399,2023,39,403,4,negative_binomial_climate,3318.0,6411.06836177062,2022.0,555.1233766233767,3093.06836177062,3093.06836177062,9567071.890586387,5.571857522168647
Philippines,2023,2023,36,2023-W36,400,2023,40,404,4,negative_binomial_climate,2578.0,4104.08835596374,2022.0,555.1233766233767,1526.0883559637396,1526.0883559637396,2328945.6702081095,2.7490976244711702
Philippines,2023,2023,37,2023-W37,401,2023,41,405,4,negative_binomial_climate,2720.0,3596.56240529023,2022.0,555.1233766233767,876.5624052902299,876.5624052902299,768361.6503681933,1.579040700144994
Philippines,2023,2023,38,2023-W38,402,2023,42,406,4,negative_binomial_climate,3430.0,3120.22426541814,2022.0,555.1233766233767,-309.77573458186,309.77573458186,95961.00573573096,0.5580304264362249
Philippines,2023,2023,39,2023-W39,403,2023,43,407,4,negative_binomial_climate,2672.0,3387.18445159023,2022.0,555.1233766233767,715.1844515902299,715.1844515902299,511488.7997964178,1.2883342365087367
Philippines,2023,2023,40,2023-W40,404,2023,44,408,4,negative_binomial_climate,1939.0,2283.04474990352,2022.0,555.1233766233767,344.0447499035199,344.0447499035199,118366.78993617557,0.6197626768957651
Philippines,2023,2023,41,2023-W41,405,2023,45,409,4,negative_binomial_climate,2607.0,2532.07131419197,2022.0,555.1233766233767,-74.92868580802997,74.92868580802997,5614.307956918472,0.13497663575941482
Philippines,2023,2022,49,2022-W49,361,2023,1,365,4,negative_binomial_epidemiology,425.0,207.252806317065,2022.0,555.1233766233767,-217.747193682935,217.747193682935,47413.84035679361,0.39225008863329774
Philippines,2023,2022,50,2022-W50,362,2023,2,366,4,negative_binomial_epidemiology,575.0,252.93787915162,2022.0,555.1233766233767,-322.06212084838,322.06212084838,103724.00968535652,0.5801631392418968
Philippines,2023,2023,9,2023-W09,373,2023,13,377,4,negative_binomial_epidemiology,1196.0,774.880970709381,2022.0,555.1233766233767,-421.119029290619,421.119029290619,177341.2368306732,0.7586043878248117
Philippines,2023,2023,10,2023-W10,374,2023,14,378,4,negative_binomial_epidemiology,1196.0,617.852897608162,2022.0,555.1233766233767,-578.147102391838,578.147102391838,334254.07200407836,1.0414749706786024
Philippines,2023,2023,11,2023-W11,375,2023,15,379,4,negative_binomial_epidemiology,1197.0,231.447225765261,2022.0,555.1233766233767,-965.552774234739,965.552774234739,932292.1598324009,1.739348070888065
Philippines,2023,2023,12,2023-W12,376,2023,16,380,4,negative_binomial_epidemiology,1482.0,104.773065730314,2022.0,555.1233766233767,-1377.226934269686,1377.226934269686,1896754.0284778776,2.480938458486257
Philippines,2023,2023,13,2023-W13,377,2023,17,381,4,negative_binomial_epidemiology,1684.0,1845.83815965584,2022.0,555.1233766233767,161.83815965583995,161.83815965583995,26191.58992078914,0.2915354792663308
Philippines,2023,2023,14,2023-W14,378,2023,18,382,4,negative_binomial_epidemiology,1746.0,2512.69766330958,2022.0,555.1233766233767,766.6976633095801,766.6976633095801,587825.3069243702,1.3811302056366939
Philippines,2023,2023,15,2023-W15,379,2023,19,383,4,negative_binomial_epidemiology,1727.0,2402.40153152724,2022.0,555.1233766233767,675.40153152724,675.40153152724,456167.22878934134,1.216669230605048
Philippines,2023,2023,16,2023-W16,380,2023,20,384,4,negative_binomial_epidemiology,1794.0,5474.21004235304,2022.0,555.1233766233767,3680.21004235304,3680.21004235304,13543945.955836166,6.629535338141377
Philippines,2023,2023,17,2023-W17,381,2023,21,385,4,negative_binomial_epidemiology,2269.0,4271.95283168587,2022.0,555.1233766233767,2002.9528316858696,2002.9528316858696,4011820.0459584435,3.60812193474744
Philippines,2023,2023,18,2023-W18,382,2023,22,386,4,negative_binomial_epidemiology,2552.0,3534.903890611,2022.0,555.1233766233767,982.903890611,982.903890611,966100.0581782405,1.7706043953502086
Philippines,2023,2023,19,2023-W19,383,2023,23,387,4,negative_binomial_epidemiology,207.0,2164.77786281622,2022.0,555.1233766233767,1957.77786281622,1957.77786281622,3832894.160133246,3.526743684844809
Philippines,2023,2023,20,2023-W20,384,2023,24,388,4,negative_binomial_epidemiology,162.0,1226.04911526623,2022.0,555.1233766233767,1064.04911526623,1064.04911526623,1132200.5196988469,1.9167795125805591
Philippines,2023,2023,21,2023-W21,385,2023,25,389,4,negative_binomial_epidemiology,132.0,3310.14773937506,2022.0,555.1233766233767,3178.14773937506,3178.14773937506,10100623.053294806,5.725119627832344
Philippines,2023,2023,22,2023-W22,386,2023,26,390,4,negative_binomial_epidemiology,181.0,3683.61887306155,2022.0,555.1233766233767,3502.61887306155,3502.61887306155,12268338.969926963,6.309622366052693
Philippines,2023,2023,23,2023-W23,387,2023,27,391,4,negative_binomial_epidemiology,271.0,115.238088217205,2022.0,555.1233766233767,-155.76191178279498,155.76191178279498,24261.773162231206,0.28058971814561434
Philippines,2023,2023,24,2023-W24,388,2023,28,392,4,negative_binomial_epidemiology,147.0,72.746670304739,2022.0,555.1233766233767,-74.253329695261,74.253329695261,5513.5569708331295,0.13376004834622224
Philippines,2023,2023,25,2023-W25,389,2023,29,393,4,negative_binomial_epidemiology,735.0,89.107041999279,2022.0,555.1233766233767,-645.892958000721,645.892958000721,417177.71319492115,1.163512446421306
Philippines,2023,2023,26,2023-W26,390,2023,30,394,4,negative_binomial_epidemiology,715.0,103.453251816776,2022.0,555.1233766233767,-611.546748183224,611.546748183224,373989.42521347565,1.1016411376927617
Philippines,2023,2023,27,2023-W27,391,2023,31,395,4,negative_binomial_epidemiology,893.0,396.733088523849,2022.0,555.1233766233767,-496.266911476151,496.266911476151,246280.84742607787,0.8939758842345477
Philippines,2023,2023,28,2023-W28,392,2023,32,396,4,negative_binomial_epidemiology,2955.0,252.907505277201,2022.0,555.1233766233767,-2702.092494722799,2702.092494722799,7301303.85003728,4.867553067497702
Philippines,2023,2023,29,2023-W29,393,2023,33,397,4,negative_binomial_epidemiology,3355.0,3475.69038579505,2022.0,555.1233766233767,120.69038579505013,120.69038579505013,14566.16922335804,0.2174118238888947
Philippines,2023,2023,30,2023-W30,394,2023,34,398,4,negative_binomial_epidemiology,3591.0,6524.38072283271,2022.0,555.1233766233767,2933.3807228327096,2933.3807228327096,8604722.46508655,5.284195993826542
Philippines,2023,2023,31,2023-W31,395,2023,35,399,4,negative_binomial_epidemiology,3356.0,2206.38325309828,2022.0,555.1233766233767,-1149.61674690172,1149.61674690172,1321618.6647568934,2.070921159714874
Philippines,2023,2023,32,2023-W32,396,2023,36,400,4,negative_binomial_epidemiology,3393.0,13507.3024488293,2022.0,555.1233766233767,10114.3024488293,10114.3024488293,102299114.02639437,18.219918084428546
Philippines,2023,2023,33,2023-W33,397,2023,37,401,4,negative_binomial_epidemiology,3179.0,8802.68697713318,2022.0,555.1233766233767,5623.68697713318,5623.68697713318,31625855.21677733,10.130517311917437
Philippines,2023,2023,34,2023-W34,398,2023,38,402,4,negative_binomial_epidemiology,3142.0,6892.04628502711,2022.0,555.1233766233767,3750.0462850271097,3750.0462850271097,14062847.139845626,6.755338439965081
Philippines,2023,2023,35,2023-W35,399,2023,39,403,4,negative_binomial_epidemiology,3318.0,6238.13433227767,2022.0,555.1233766233767,2920.13433227767,2920.13433227767,8527184.518546754,5.260333927999639
Philippines,2023,2023,36,2023-W36,400,2023,40,404,4,negative_binomial_epidemiology,2578.0,2546.16287537145,2022.0,555.1233766233767,-31.8371246285501,31.8371246285501,1013.6025046138313,0.057351439282208413
Philippines,2023,2023,37,2023-W37,401,2023,41,405,4,negative_binomial_epidemiology,2720.0,3141.7689024863,2022.0,555.1233766233767,421.7689024862998,421.7689024862998,177889.00710449787,0.7597750702767627
Philippines,2023,2023,38,2023-W38,402,2023,42,406,4,negative_binomial_epidemiology,3430.0,2280.49035397788,2022.0,555.1233766233767,-1149.5096460221198,1149.5096460221198,1321372.426297899,2.070728228045789
Philippines,2023,2023,39,2023-W39,403,2023,43,407,4,negative_binomial_epidemiology,2672.0,2171.48250434863,2022.0,555.1233766233767,-500.51749565137015,500.51749565137015,250517.76345311935,0.9016328923055714
Philippines,2023,2023,40,2023-W40,404,2023,44,408,4,negative_binomial_epidemiology,1939.0,2242.62152479961,2022.0,555.1233766233767,303.62152479961014,303.62152479961014,92186.03032164028,0.5469442246270275
Philippines,2023,2023,41,2023-W41,405,2023,45,409,4,negative_binomial_epidemiology,2607.0,2453.26364327533,2022.0,555.1233766233767,-153.7363567246698,153.7363567246698,23634.867378974926,0.2769408805296488
Singapore,2025,2024,52,2024-W52,468,2025,1,469,1,negative_binomial_climate,97.0,79.017133518896,2024.0,36.20128479657387,-17.982866481103997,17.982866481103997,323.38348687721367,0.4967466370918944
Singapore,2025,2025,1,2025-W01,469,2025,2,470,1,negative_binomial_climate,118.0,92.7926205350092,2024.0,36.20128479657387,-25.207379464990794,25.207379464990794,635.4119794920396,0.6963117360789484
Singapore,2025,2025,2,2025-W02,470,2025,3,471,1,negative_binomial_climate,99.0,118.557223626277,2024.0,36.20128479657387,19.557223626276993,19.557223626276993,382.48499596820704,0.5402356224696176
Singapore,2025,2025,3,2025-W03,471,2025,4,472,1,negative_binomial_climate,118.0,110.628220316848,2024.0,36.20128479657387,-7.371779683151999,7.371779683151999,54.343135696932585,0.2036330954709561
Singapore,2025,2025,4,2025-W04,472,2025,5,473,1,negative_binomial_climate,54.0,119.21871980365,2024.0,36.20128479657387,65.21871980365,65.21871980365,4253.481412827009,1.8015581538095677
Singapore,2025,2025,5,2025-W05,473,2025,6,474,1,negative_binomial_climate,113.0,60.7295124761442,2024.0,36.20128479657387,-52.2704875238558,52.2704875238558,2732.203865981565,1.4438848736330687
Singapore,2025,2025,6,2025-W06,474,2025,7,475,1,negative_binomial_climate,114.0,102.666689881253,2024.0,36.20128479657387,-11.333310118746994,11.333310118746994,128.443918247693,0.31306375401956976
Singapore,2025,2025,7,2025-W07,475,2025,8,476,1,negative_binomial_climate,71.0,115.267183079453,2024.0,36.20128479657387,44.267183079453005,44.267183079453005,1959.5834977898105,1.2228069619131998
Singapore,2025,2025,8,2025-W08,476,2025,9,477,1,negative_binomial_climate,82.0,90.0784416042994,2024.0,36.20128479657387,8.0784416042994,8.0784416042994,65.26121875407546,0.22315345020748964
Singapore,2025,2025,9,2025-W09,477,2025,10,478,1,negative_binomial_climate,86.0,77.1099662555551,2024.0,36.20128479657387,-8.890033744444906,8.890033744444906,79.03269997736912,0.24557232690499065
Singapore,2025,2025,10,2025-W10,478,2025,11,479,1,negative_binomial_climate,72.0,77.2959456795947,2024.0,36.20128479657387,5.295945679594695,5.295945679594695,28.047040641217716,0.14629164985039173
Singapore,2025,2025,11,2025-W11,479,2025,12,480,1,negative_binomial_climate,100.0,78.6899018946017,2024.0,36.20128479657387,-21.310098105398296,21.310098105398296,454.12028126170003,0.5886558508944165
Singapore,2025,2025,12,2025-W12,480,2025,13,481,1,negative_binomial_climate,98.0,99.751190153615,2024.0,36.20128479657387,1.7511901536149992,1.7511901536149992,3.0666669541181246,0.04837370174720245
Singapore,2025,2025,13,2025-W13,481,2025,14,482,1,negative_binomial_climate,87.0,107.392389202598,2024.0,36.20128479657387,20.392389202597997,20.392389202597997,415.84953739023535,0.5633056759501517
Singapore,2025,2025,14,2025-W14,482,2025,15,483,1,negative_binomial_climate,92.0,99.791218140185,2024.0,36.20128479657387,7.791218140184995,7.791218140184995,60.703080107947734,0.21521938196299498
Singapore,2025,2025,15,2025-W15,483,2025,16,484,1,negative_binomial_climate,94.0,96.8998020474895,2024.0,36.20128479657387,2.8998020474895014,2.8998020474895014,8.408851914624305,0.08010218597998328
Singapore,2025,2025,16,2025-W16,484,2025,17,485,1,negative_binomial_climate,107.0,101.947656979669,2024.0,36.20128479657387,-5.052343020330994,5.052343020330994,25.526169995087315,0.1395625334493419
Singapore,2025,2025,17,2025-W17,485,2025,18,486,1,negative_binomial_climate,89.0,113.983863638567,2024.0,36.20128479657387,24.983863638567,24.983863638567,624.1934423105104,0.6901374848699154
Singapore,2025,2025,18,2025-W18,486,2025,19,487,1,negative_binomial_climate,105.0,100.789857509596,2024.0,36.20128479657387,-4.210142490403996,4.210142490403996,17.72529978950516,0.11629815113088053
Singapore,2025,2025,19,2025-W19,487,2025,20,488,1,negative_binomial_climate,103.0,110.984960251603,2024.0,36.20128479657387,7.984960251602999,7.984960251602999,63.75959021967983,0.2205711840470011
Singapore,2025,2025,20,2025-W20,488,2025,21,489,1,negative_binomial_climate,118.0,108.818991345142,2024.0,36.20128479657387,-9.181008654858005,9.181008654858005,84.29091992057758,0.25361002258480353
Singapore,2025,2025,21,2025-W21,489,2025,22,490,1,negative_binomial_climate,117.0,125.136533765733,2024.0,36.20128479657387,8.136533765733006,8.136533765733006,66.20318172091334,0.224758149094837
Singapore,2025,2025,22,2025-W22,490,2025,23,491,1,negative_binomial_climate,118.0,126.53288535078,2024.0,36.20128479657387,8.532885350780006,8.532885350780006,72.81013240955603,0.23570669932652688
Singapore,2025,2025,23,2025-W23,491,2025,24,492,1,negative_binomial_climate,125.0,127.659976027122,2024.0,36.20128479657387,2.659976027121999,2.659976027121999,7.075472464863735,0.07347739291766081
Singapore,2025,2025,24,2025-W24,492,2025,25,493,1,negative_binomial_climate,106.0,130.162527593353,2024.0,36.20128479657387,24.16252759335299,24.16252759335299,583.8277396995446,0.6674494490770051
Singapore,2025,2025,25,2025-W25,493,2025,26,494,1,negative_binomial_climate,100.0,112.884797421782,2024.0,36.20128479657387,12.884797421781997,12.884797421781997,166.01800460036,0.35592099822383727
Singapore,2025,2025,26,2025-W26,494,2025,27,495,1,negative_binomial_climate,119.0,103.468695975005,2024.0,36.20128479657387,-15.531304024994995,15.531304024994995,241.22140471682573,0.42902632081347825
Singapore,2025,2025,27,2025-W27,495,2025,28,496,1,negative_binomial_climate,112.0,116.153921984651,2024.0,36.20128479657387,4.1539219846510065,4.1539219846510065,17.255067854566956,0.1147451536041654
Singapore,2025,2025,28,2025-W28,496,2025,29,497,1,negative_binomial_climate,86.0,118.070505808026,2024.0,36.20128479657387,32.070505808026,32.070505808026,1028.5173427826294,0.8858941329911358
Singapore,2025,2025,29,2025-W29,497,2025,30,498,1,negative_binomial_climate,77.0,88.7051797865149,2024.0,36.20128479657387,11.705179786514904,11.705179786514904,137.0112338346371,0.32333603219581575
Singapore,2025,2025,30,2025-W30,498,2025,31,499,1,negative_binomial_climate,71.0,75.4597699331099,2024.0,36.20128479657387,4.4597699331098966,4.4597699331098966,19.88954785627105,0.12319369210708161
Singapore,2025,2025,31,2025-W31,499,2025,32,500,1,negative_binomial_climate,73.0,67.993558722498,2024.0,36.20128479657387,-5.006441277502006,5.006441277502006,25.064454265075916,0.13829457450570432
Singapore,2025,2025,32,2025-W32,500,2025,33,501,1,negative_binomial_climate,62.0,71.289110009069,2024.0,36.20128479657387,9.289110009069006,9.289110009069006,86.287564760586,0.2565961418570464
Singapore,2025,2025,33,2025-W33,501,2025,34,502,1,negative_binomial_climate,47.0,61.5778382745855,2024.0,36.20128479657387,14.577838274585503,14.577838274585503,212.51336875997004,0.4026884227038584
Singapore,2025,2025,34,2025-W34,502,2025,35,503,1,negative_binomial_climate,51.0,48.4565940952265,2024.0,36.20128479657387,-2.5434059047735005,2.5434059047735005,6.468913596436709,0.07025733807696823
Singapore,2025,2025,35,2025-W35,503,2025,36,504,1,negative_binomial_climate,42.0,48.0836236953191,2024.0,36.20128479657387,6.083623695319098,6.083623695319098,37.010477266247996,0.16804993882136632
Singapore,2025,2025,36,2025-W36,504,2025,37,505,1,negative_binomial_climate,49.0,42.0248947224096,2024.0,36.20128479657387,-6.975105277590401,6.975105277590401,48.65209363346947,0.19267562786198497
Singapore,2025,2025,37,2025-W37,505,2025,38,506,1,negative_binomial_climate,45.0,47.6185044547579,2024.0,36.20128479657387,2.618504454757897,2.618504454757897,6.856565579586951,0.07233181003028144
Singapore,2025,2025,38,2025-W38,506,2025,39,507,1,negative_binomial_climate,40.0,45.708657187587,2024.0,36.20128479657387,5.708657187587001,5.708657187587001,32.58876688538872,0.15769211561594285
Singapore,2025,2025,39,2025-W39,507,2025,40,508,1,negative_binomial_climate,55.0,41.5338580710724,2024.0,36.20128479657387,-13.466141928927598,13.466141928927598,181.3369784500219,0.37197966880451844
Singapore,2025,2025,40,2025-W40,508,2025,41,509,1,negative_binomial_climate,33.0,51.5522012957423,2024.0,36.20128479657387,18.5522012957423,18.5522012957423,344.1841729177423,0.5124735599853102
Singapore,2025,2025,41,2025-W41,509,2025,42,510,1,negative_binomial_climate,47.0,36.969596063735,2024.0,36.20128479657387,-10.030403936265003,10.030403936265003,100.60900312464047,0.2770731478904387
Singapore,2025,2025,42,2025-W42,510,2025,43,511,1,negative_binomial_climate,36.0,43.8893938733606,2024.0,36.20128479657387,7.8893938733606035,7.8893938733606035,62.242535689019824,0.21793132253989128
Singapore,2025,2025,43,2025-W43,511,2025,44,512,1,negative_binomial_climate,53.0,37.0506132227772,2024.0,36.20128479657387,-15.949386777222799,15.949386777222799,254.38293856944946,0.44057515822566234
Singapore,2025,2025,44,2025-W44,512,2025,45,513,1,negative_binomial_climate,55.0,51.6118667455162,2024.0,36.20128479657387,-3.3881332544837974,3.3881332544837974,11.47944695013897,0.09359151956961632
Singapore,2025,2025,45,2025-W45,513,2025,46,514,1,negative_binomial_climate,39.0,56.3327993821054,2024.0,36.20128479657387,17.3327993821054,17.3327993821054,300.4259344203133,0.47878961974702605
Singapore,2025,2025,46,2025-W46,514,2025,47,515,1,negative_binomial_climate,39.0,45.8120727185933,2024.0,36.20128479657387,6.812072718593299,6.812072718593299,46.4043347234031,0.1881721258478097
Singapore,2025,2025,47,2025-W47,515,2025,48,516,1,negative_binomial_climate,27.0,38.701406150775,2024.0,36.20128479657387,11.701406150775,11.701406150775,136.922905905395,0.3232317918142627
Singapore,2025,2025,48,2025-W48,516,2025,49,517,1,negative_binomial_climate,38.0,28.565121776174,2024.0,36.20128479657387,-9.434878223826,9.434878223826,89.01692709842607,0.2606227452103835
Singapore,2025,2025,49,2025-W49,517,2025,50,518,1,negative_binomial_climate,46.0,36.2496607496937,2024.0,36.20128479657387,-9.750339250306297,9.750339250306297,95.06911549606356,0.26933682893014554
Singapore,2025,2025,50,2025-W50,518,2025,51,519,1,negative_binomial_climate,41.0,47.4923607064509,2024.0,36.20128479657387,6.492360706450903,6.492360706450903,42.150747542667666,0.17934061575254773
Singapore,2025,2025,51,2025-W51,519,2025,52,520,1,negative_binomial_climate,32.0,48.7094773910072,2024.0,36.20128479657387,16.709477391007198,16.709477391007198,279.2066346805807,0.4615713913167137
Singapore,2025,2024,52,2024-W52,468,2025,1,469,1,negative_binomial_epidemiology,97.0,75.4853236725014,2024.0,36.20128479657387,-21.514676327498606,21.514676327498606,462.8812974770289,0.594306982428833
Singapore,2025,2025,1,2025-W01,469,2025,2,470,1,negative_binomial_epidemiology,118.0,90.2872567431763,2024.0,36.20128479657387,-27.7127432568237,27.7127432568237,767.9961388186274,0.7655182243544699
Singapore,2025,2025,2,2025-W02,470,2025,3,471,1,negative_binomial_epidemiology,99.0,115.840310302025,2024.0,36.20128479657387,16.840310302025003,16.840310302025003,283.59605106848943,0.4651854318612136
Singapore,2025,2025,3,2025-W03,471,2025,4,472,1,negative_binomial_epidemiology,118.0,112.004472437226,2024.0,36.20128479657387,-5.995527562774001,5.995527562774001,35.94635075598275,0.1656164303688311
Singapore,2025,2025,4,2025-W04,472,2025,5,473,1,negative_binomial_epidemiology,54.0,121.325760331999,2024.0,36.20128479657387,67.325760331999,67.325760331999,4532.758004281771,1.8597616275312634
Singapore,2025,2025,5,2025-W05,473,2025,6,474,1,negative_binomial_epidemiology,113.0,61.9052236243727,2024.0,36.20128479657387,-51.0947763756273,51.0947763756273,2610.6761728753613,1.4114078177817313
Singapore,2025,2025,6,2025-W06,474,2025,7,475,1,negative_binomial_epidemiology,114.0,97.8984092707731,2024.0,36.20128479657387,-16.1015907292269,16.1015907292269,259.2612240115256,0.4447795380663056
Singapore,2025,2025,7,2025-W07,475,2025,8,476,1,negative_binomial_epidemiology,71.0,115.767996939715,2024.0,36.20128479657387,44.767996939715005,44.767996939715005,2004.173549994332,1.2366411079407849
Singapore,2025,2025,8,2025-W08,476,2025,9,477,1,negative_binomial_epidemiology,82.0,89.7908036705153,2024.0,36.20128479657387,7.790803670515302,7.790803670515302,60.69662183251471,0.21520793293095034
Singapore,2025,2025,9,2025-W09,477,2025,10,478,1,negative_binomial_epidemiology,86.0,81.1241722748659,2024.0,36.20128479657387,-4.875827725134101,4.875827725134101,23.773696005186387,0.13468659337735867
Singapore,2025,2025,10,2025-W10,478,2025,11,479,1,negative_binomial_epidemiology,72.0,84.181266834063,2024.0,36.20128479657387,12.181266834062995,12.181266834062995,148.3832616826431,0.3364871413407914
Singapore,2025,2025,11,2025-W11,479,2025,12,480,1,negative_binomial_epidemiology,100.0,79.6785824056775,2024.0,36.20128479657387,-20.321417594322497,20.321417594322497,412.96001304283993,0.5613452038654091
Singapore,2025,2025,12,2025-W12,480,2025,13,481,1,negative_binomial_epidemiology,98.0,99.2619846469955,2024.0,36.20128479657387,1.2619846469955007,1.2619846469955007,1.5926052492523586,0.03486021709138169
Singapore,2025,2025,13,2025-W13,481,2025,14,482,1,negative_binomial_epidemiology,87.0,107.994039033576,2024.0,36.20128479657387,20.994039033576,20.994039033576,440.74967494331275,0.579925247171418
Singapore,2025,2025,14,2025-W14,482,2025,15,483,1,negative_binomial_epidemiology,92.0,97.5519366448764,2024.0,36.20128479657387,5.551936644876406,5.551936644876406,30.824000508721483,0.15336297250427552
Singapore,2025,2025,15,2025-W15,483,2025,16,484,1,negative_binomial_epidemiology,94.0,94.3084608265987,2024.0,36.20128479657387,0.30846082659870433,0.30846082659870433,0.09514808154595594,0.008520714895397784
Singapore,2025,2025,16,2025-W16,484,2025,17,485,1,negative_binomial_epidemiology,107.0,98.2867762745568,2024.0,36.20128479657387,-8.7132237254432,8.7132237254432,75.92026768962627,0.24068824558038415
Singapore,2025,2025,17,2025-W17,485,2025,18,486,1,negative_binomial_epidemiology,89.0,112.356118204867,2024.0,36.20128479657387,23.356118204867002,23.356118204867002,545.5082575997197,0.6451737372336975
Singapore,2025,2025,18,2025-W18,486,2025,19,487,1,negative_binomial_epidemiology,105.0,98.6377858571682,2024.0,36.20128479657387,-6.362214142831803,6.362214142831803,40.47776879924901,0.17574553440804758
Singapore,2025,2025,19,2025-W19,487,2025,20,488,1,negative_binomial_epidemiology,103.0,108.755671427192,2024.0,36.20128479657387,5.755671427191999,5.755671427191999,33.12775357779438,0.15899080542403074
Singapore,2025,2025,20,2025-W20,488,2025,21,489,1,negative_binomial_epidemiology,118.0,107.623209348272,2024.0,36.20128479657387,-10.376790651728001,10.376790651728001,107.67778422978964,0.2866415020913863
Singapore,2025,2025,21,2025-W21,489,2025,22,490,1,negative_binomial_epidemiology,117.0,123.561446306614,2024.0,36.20128479657387,6.561446306614002,6.561446306614002,43.052577634578526,0.18124899001471306
Singapore,2025,2025,22,2025-W22,490,2025,23,491,1,negative_binomial_epidemiology,118.0,124.907643645576,2024.0,36.20128479657387,6.907643645576002,6.907643645576002,47.71554073426652,0.19081211300626955
Singapore,2025,2025,23,2025-W23,491,2025,24,492,1,negative_binomial_epidemiology,125.0,125.133195966033,2024.0,36.20128479657387,0.133195966033,0.133195966033,0.017741165367464087,0.003679315990619366
Singapore,2025,2025,24,2025-W24,492,2025,25,493,1,negative_binomial_epidemiology,106.0,128.773891216161,2024.0,36.20128479657387,22.77389121616099,22.77389121616099,518.6501211255347,0.6290906895745406
Singapore,2025,2025,25,2025-W25,493,2025,26,494,1,negative_binomial_epidemiology,100.0,112.400472922661,2024.0,36.20128479657387,12.400472922660995,12.400472922660995,153.7717287056485,0.3425423432439776
Singapore,2025,2025,26,2025-W26,494,2025,27,495,1,negative_binomial_epidemiology,119.0,102.980283593195,2024.0,36.20128479657387,-16.019716406805003,16.019716406805003,256.6313137544574,0.44251789672175185
Singapore,2025,2025,27,2025-W27,495,2025,28,496,1,negative_binomial_epidemiology,112.0,115.427323700426,2024.0,36.20128479657387,3.427323700426001,3.427323700426001,11.746547747501777,0.09467409015136298
Singapore,2025,2025,28,2025-W28,496,2025,29,497,1,negative_binomial_epidemiology,86.0,117.223502146792,2024.0,36.20128479657387,31.223502146792,31.223502146792,974.9070863107247,0.8624970721963721
Singapore,2025,2025,29,2025-W29,497,2025,30,498,1,negative_binomial_epidemiology,77.0,92.8146447568893,2024.0,36.20128479657387,15.814644756889294,15.814644756889294,250.10298878660603,0.436853135068455
Singapore,2025,2025,30,2025-W30,498,2025,31,499,1,negative_binomial_epidemiology,71.0,76.3477416246237,2024.0,36.20128479657387,5.347741624623694,5.347741624623694,28.59834048373287,0.14772242628056698
Singapore,2025,2025,31,2025-W31,499,2025,32,500,1,negative_binomial_epidemiology,73.0,68.8008096472372,2024.0,36.20128479657387,-4.199190352762798,4.199190352762798,17.633199618736153,0.11599561662961239
Singapore,2025,2025,32,2025-W32,500,2025,33,501,1,negative_binomial_epidemiology,62.0,71.364575515953,2024.0,36.20128479657387,9.364575515953007,9.364575515953007,87.69527459398653,0.2586807503815246
Singapore,2025,2025,33,2025-W33,501,2025,34,502,1,negative_binomial_epidemiology,47.0,64.0813398807375,2024.0,36.20128479657387,17.081339880737502,17.081339880737502,291.77217212127346,0.47184347121166537
Singapore,2025,2025,34,2025-W34,502,2025,35,503,1,negative_binomial_epidemiology,51.0,49.1325233965443,2024.0,36.20128479657387,-1.8674766034556995,1.8674766034556995,3.4874688644544363,0.051585920608885116
Singapore,2025,2025,35,2025-W35,503,2025,36,504,1,negative_binomial_epidemiology,42.0,48.0585312834208,2024.0,36.20128479657387,6.058531283420798,6.058531283420798,36.70580131218846,0.16735680287220592
Singapore,2025,2025,36,2025-W36,504,2025,37,505,1,negative_binomial_epidemiology,49.0,42.1903368497641,2024.0,36.20128479657387,-6.809663150235899,6.809663150235899,46.3715122196807,0.1881055655483358
Singapore,2025,2025,37,2025-W37,505,2025,38,506,1,negative_binomial_epidemiology,45.0,48.1608249053941,2024.0,36.20128479657387,3.160824905394101,3.160824905394101,9.990814082559627,0.08731250625925975
Singapore,2025,2025,38,2025-W38,506,2025,39,507,1,negative_binomial_epidemiology,40.0,46.1590373554391,2024.0,36.20128479657387,6.1590373554390965,6.1590373554390965,37.93374114569422,0.17013311516562513
Singapore,2025,2025,39,2025-W39,507,2025,40,508,1,negative_binomial_epidemiology,55.0,41.9888196815903,2024.0,36.20128479657387,-13.0111803184097,13.0111803184097,169.29081327817195,0.3594121145568041
Singapore,2025,2025,40,2025-W40,508,2025,41,509,1,negative_binomial_epidemiology,33.0,51.9533454430947,2024.0,36.20128479657387,18.953345443094697,18.953345443094697,359.22930348527854,0.5235544967422942
Singapore,2025,2025,41,2025-W41,509,2025,42,510,1,negative_binomial_epidemiology,47.0,36.9104233799517,2024.0,36.20128479657387,-10.089576620048298,10.089576620048298,101.79955637182525,0.2787076944021386
Singapore,2025,2025,42,2025-W42,510,2025,43,511,1,negative_binomial_epidemiology,36.0,45.1522869591501,2024.0,36.20128479657387,9.152286959150103,9.152286959150103,83.76435658262905,0.252816633734952
Singapore,2025,2025,43,2025-W43,511,2025,44,512,1,negative_binomial_epidemiology,53.0,37.2347076563708,2024.0,36.20128479657387,-15.765292343629199,15.765292343629199,248.54444268009343,0.43548985712024346
Singapore,2025,2025,44,2025-W44,512,2025,45,513,1,negative_binomial_epidemiology,55.0,52.4171703101776,2024.0,36.20128479657387,-2.582829689822397,2.582829689822397,6.671009206628058,0.07134635426162661
Singapore,2025,2025,45,2025-W45,513,2025,46,514,1,negative_binomial_epidemiology,39.0,56.9632055977783,2024.0,36.20128479657387,17.9632055977783,17.9632055977783,322.6767553480536,0.4962035380434441
Singapore,2025,2025,46,2025-W46,514,2025,47,515,1,negative_binomial_epidemiology,39.0,44.7610405022136,2024.0,36.20128479657387,5.7610405022136035,5.7610405022136035,33.18958766814557,0.1591391171497547
Singapore,2025,2025,47,2025-W47,515,2025,48,516,1,negative_binomial_epidemiology,27.0,39.1661042538235,2024.0,36.20128479657387,12.166104253823498,12.166104253823498,148.0140927149022,0.33606830039841323
Singapore,2025,2025,48,2025-W48,516,2025,49,517,1,negative_binomial_epidemiology,38.0,27.7952034674943,2024.0,36.20128479657387,-10.2047965325057,10.2047965325057,104.13787226984036,0.2818904519507963
Singapore,2025,2025,49,2025-W49,517,2025,50,518,1,negative_binomial_epidemiology,46.0,36.3492981077475,2024.0,36.20128479657387,-9.6507018922525,9.6507018922525,93.13604701312597,0.26658451340837086
Singapore,2025,2025,50,2025-W50,518,2025,51,519,1,negative_binomial_epidemiology,41.0,46.4173365418448,2024.0,36.20128479657387,5.417336541844797,5.417336541844797,29.347535207606946,0.14964486957538864
Singapore,2025,2025,51,2025-W51,519,2025,52,520,1,negative_binomial_epidemiology,32.0,47.6874072800235,2024.0,36.20128479657387,15.6874072800235,15.6874072800235,246.0947471693343,0.4333384123844183
Singapore,2025,2024,51,2024-W51,467,2025,1,469,2,negative_binomial_climate,97.0,112.90151286065,2024.0,36.20128479657387,15.901512860650001,15.901512860650001,252.8581112574174,0.43925272127786297
Singapore,2025,2024,52,2024-W52,468,2025,2,470,2,negative_binomial_climate,118.0,80.9592930928373,2024.0,36.20128479657387,-37.0407069071627,37.0407069071627,1372.0139681823307,1.0231876331269953
Singapore,2025,2025,1,2025-W01,469,2025,3,471,2,negative_binomial_climate,99.0,99.673766701415,2024.0,36.20128479657387,0.6737667014150048,0.6737667014150048,0.4539615679356563,0.01861167925948227
Singapore,2025,2025,2,2025-W02,470,2025,4,472,2,negative_binomial_climate,118.0,131.901255926912,2024.0,36.20128479657387,13.901255926912,13.901255926912,193.24491634550603,0.3839989659214424
Singapore,2025,2025,3,2025-W03,471,2025,5,473,2,negative_binomial_climate,54.0,117.598825283993,2024.0,36.20128479657387,63.598825283992994,63.598825283992994,4044.8105775038666,1.7568112745548758
Singapore,2025,2025,4,2025-W04,472,2025,6,474,2,negative_binomial_climate,113.0,118.146821910275,2024.0,36.20128479657387,5.146821910274994,5.146821910274994,26.48977577608674,0.14217235490940627
Singapore,2025,2025,5,2025-W05,473,2025,7,475,2,negative_binomial_climate,114.0,57.075715220953,2024.0,36.20128479657387,-56.924284779047,56.924284779047,3240.374197606042,1.5724382462921418
Singapore,2025,2025,6,2025-W06,474,2025,8,476,2,negative_binomial_climate,71.0,109.091598215448,2024.0,36.20128479657387,38.091598215448,38.091598215448,1450.9698546071213,1.0522167494744008
Singapore,2025,2025,7,2025-W07,475,2025,9,477,2,negative_binomial_climate,82.0,125.961365997332,2024.0,36.20128479657387,43.961365997331995,43.961365997331995,1932.6017003513778,1.2143592760412898
Singapore,2025,2025,8,2025-W08,476,2025,10,478,2,negative_binomial_climate,86.0,90.6316802159811,2024.0,36.20128479657387,4.631680215981106,4.631680215981106,21.452461623110786,0.12794242640856363
Singapore,2025,2025,9,2025-W09,477,2025,11,479,2,negative_binomial_climate,72.0,69.1382233652634,2024.0,36.20128479657387,-2.8617766347366,2.8617766347366,8.18976550712434,0.07905179749331553
Singapore,2025,2025,10,2025-W10,478,2025,12,480,2,negative_binomial_climate,100.0,76.5998415150797,2024.0,36.20128479657387,-23.400158484920297,23.400158484920297,547.5674171193874,0.6463902763786691
Singapore,2025,2025,11,2025-W11,479,2025,13,481,2,negative_binomial_climate,98.0,82.3168683313513,2024.0,36.20128479657387,-15.683131668648699,15.683131668648699,245.9606189361717,0.4332203057647547
Singapore,2025,2025,12,2025-W12,480,2025,14,482,2,negative_binomial_climate,87.0,103.385021118787,2024.0,36.20128479657387,16.385021118786995,16.385021118786995,268.46891706309583,0.4526088289644817
Singapore,2025,2025,13,2025-W13,481,2025,15,483,2,negative_binomial_climate,92.0,117.580496390578,2024.0,36.20128479657387,25.580496390578006,25.580496390578006,654.3617955883743,0.7066184676682793
Singapore,2025,2025,14,2025-W14,482,2025,16,484,2,negative_binomial_climate,94.0,103.337167149546,2024.0,36.20128479657387,9.337167149546005,9.337167149546005,87.18269037856106,0.2579236400590314
Singapore,2025,2025,15,2025-W15,483,2025,17,485,2,negative_binomial_climate,107.0,99.8965177329743,2024.0,36.20128479657387,-7.103482267025697,7.103482267025697,50.45946031794854,0.19622182767662374
Singapore,2025,2025,16,2025-W16,484,2025,18,486,2,negative_binomial_climate,89.0,113.086733705487,2024.0,36.20128479657387,24.086733705487006,24.086733705487006,580.1707405990438,0.6653557695766257
Singapore,2025,2025,17,2025-W17,485,2025,19,487,2,negative_binomial_climate,105.0,125.104032528797,2024.0,36.20128479657387,20.104032528797006,20.104032528797006,404.17212391892815,0.5553403046816635
Singapore,2025,2025,18,2025-W18,486,2025,20,488,2,negative_binomial_climate,103.0,102.587364047758,2024.0,36.20128479657387,-0.4126359522419989,0.4126359522419989,0.17026842908266118,0.011398378664202857
Singapore,2025,2025,19,2025-W19,487,2025,21,489,2,negative_binomial_climate,118.0,118.364908250971,2024.0,36.20128479657387,0.36490825097099844,0.36490825097099844,0.1331580316267132,0.010079980669789204
Singapore,2025,2025,20,2025-W20,488,2025,22,490,2,negative_binomial_climate,117.0,112.806261608331,2024.0,36.20128479657387,-4.193738391669001,4.193738391669001,17.5874416977585,0.11584501531464708
Singapore,2025,2025,21,2025-W21,489,2025,23,491,2,negative_binomial_climate,118.0,132.386510708543,2024.0,36.20128479657387,14.386510708543,14.386510708543,206.9716903670224,0.3974033184011346
Singapore,2025,2025,22,2025-W22,490,2025,24,492,2,negative_binomial_climate,125.0,131.343145253012,2024.0,36.20128479657387,6.343145253012011,6.343145253012011,40.23549170080881,0.17521878819097417
Singapore,2025,2025,23,2025-W23,491,2025,25,493,2,negative_binomial_climate,106.0,132.824138978964,2024.0,36.20128479657387,26.824138978963987,26.824138978963987,719.5344319627751,0.7409720160402332
Singapore,2025,2025,24,2025-W24,492,2025,26,494,2,negative_binomial_climate,100.0,132.567147811653,2024.0,36.20128479657387,32.567147811653,32.567147811653,1060.6191165860548,0.8996130384503699
Singapore,2025,2025,25,2025-W25,493,2025,27,495,2,negative_binomial_climate,119.0,114.719182959944,2024.0,36.20128479657387,-4.280817040055993,4.280817040055993,18.325394530433755,0.11825041746753513
Singapore,2025,2025,26,2025-W26,494,2025,28,496,2,negative_binomial_climate,112.0,104.35942440587,2024.0,36.20128479657387,-7.640575594129999,7.640575594129999,58.37839540961498,0.21105813335257953
Singapore,2025,2025,27,2025-W27,495,2025,29,497,2,negative_binomial_climate,86.0,124.439640810817,2024.0,36.20128479657387,38.439640810817,38.439640810817,1477.6059856646275,1.061830844590769
Singapore,2025,2025,28,2025-W28,496,2025,30,498,2,negative_binomial_climate,77.0,123.734961284325,2024.0,36.20128479657387,46.734961284324996,46.734961284324996,2184.156606247356,1.2909752111546065
Singapore,2025,2025,29,2025-W29,497,2025,31,499,2,negative_binomial_climate,71.0,82.4662329976563,2024.0,36.20128479657387,11.466232997656306,11.466232997656306,131.47449915654232,0.316735526434727
Singapore,2025,2025,30,2025-W30,498,2025,32,500,2,negative_binomial_climate,73.0,70.2093964832774,2024.0,36.20128479657387,-2.790603516722598,2.790603516722598,7.787467987544531,0.07708575903877046
Singapore,2025,2025,31,2025-W31,499,2025,33,501,2,negative_binomial_climate,62.0,68.6998400494197,2024.0,36.20128479657387,6.699840049419706,6.699840049419706,44.887856687808245,0.18507188590317064
Singapore,2025,2025,32,2025-W32,500,2025,34,502,2,negative_binomial_climate,47.0,72.6523472981618,2024.0,36.20128479657387,25.6523472981618,25.6523472981618,658.042921905509,0.7086032289271005
Singapore,2025,2025,33,2025-W33,501,2025,35,503,2,negative_binomial_climate,51.0,59.8305082689272,2024.0,36.20128479657387,8.830508268927197,8.830508268927197,77.9778762875916,0.24392803511114405
Singapore,2025,2025,34,2025-W34,502,2025,36,504,2,negative_binomial_climate,42.0,45.5646057351376,2024.0,36.20128479657387,3.5646057351375973,3.5646057351375973,12.70641404697585,0.09846627696138992
Singapore,2025,2025,35,2025-W35,503,2025,37,505,2,negative_binomial_climate,49.0,47.9373702334238,2024.0,36.20128479657387,-1.062629766576201,1.062629766576201,1.1291820208137915,0.02935337164267632
Singapore,2025,2025,36,2025-W36,504,2025,38,506,2,negative_binomial_climate,45.0,42.6738555848068,2024.0,36.20128479657387,-2.3261444151931983,2.3261444151931983,5.410947840334506,0.06425585247221245
Singapore,2025,2025,37,2025-W37,505,2025,39,507,2,negative_binomial_climate,40.0,48.4949785047043,2024.0,36.20128479657387,8.4949785047043,8.4949785047043,72.16465979538809,0.2346595860461912
Singapore,2025,2025,38,2025-W38,506,2025,40,508,2,negative_binomial_climate,55.0,47.7262618281596,2024.0,36.20128479657387,-7.2737381718403995,7.2737381718403995,52.90726699248812,0.2009248625487677
Singapore,2025,2025,39,2025-W39,507,2025,41,509,2,negative_binomial_climate,33.0,41.1270240933413,2024.0,36.20128479657387,8.127024093341298,8.127024093341298,66.04852061374994,0.22449546028572023
Singapore,2025,2025,40,2025-W40,508,2025,42,510,2,negative_binomial_climate,47.0,52.7271042214578,2024.0,36.20128479657387,5.7271042214578,5.7271042214578,32.79972276343976,0.15820168410154933
Singapore,2025,2025,41,2025-W41,509,2025,43,511,2,negative_binomial_climate,36.0,37.35734919872,2024.0,36.20128479657387,1.3573491987200015,1.3573491987200015,1.84239684726583,0.03749450347818767
Singapore,2025,2025,42,2025-W42,510,2025,44,512,2,negative_binomial_climate,53.0,42.7151092802829,2024.0,36.20128479657387,-10.284890719717097,10.284890719717097,105.77897711652287,0.2841029200347737
Singapore,2025,2025,43,2025-W43,511,2025,45,513,2,negative_binomial_climate,55.0,38.6740554844833,2024.0,36.20128479657387,-16.325944515516703,16.325944515516703,266.5364643237299,0.4509769365164025
Singapore,2025,2025,44,2025-W44,512,2025,46,514,2,negative_binomial_climate,39.0,57.2492202541323,2024.0,36.20128479657387,18.249220254132297,18.249220254132297,333.03403988383246,0.5041042149934806
Singapore,2025,2025,45,2025-W45,513,2025,47,515,2,negative_binomial_climate,39.0,60.0695043359173,2024.0,36.20128479657387,21.0695043359173,21.0695043359173,443.92401296123796,0.5820098500457459
Singapore,2025,2025,46,2025-W46,514,2025,48,516,2,negative_binomial_climate,27.0,47.3199532622305,2024.0,36.20128479657387,20.3199532622305,20.3199532622305,412.9005005792319,0.561304754138273
Singapore,2025,2025,47,2025-W47,515,2025,49,517,2,negative_binomial_climate,38.0,39.1838027789851,2024.0,36.20128479657387,1.183802778985097,1.183802778985097,1.4013890195328382,0.03270057362983794
Singapore,2025,2025,48,2025-W48,516,2025,50,518,2,negative_binomial_climate,46.0,29.799606947352,2024.0,36.20128479657387,-16.200393052648,16.200393052648,262.4527350602856,0.4475087871516986
Singapore,2025,2025,49,2025-W49,517,2025,51,519,2,negative_binomial_climate,41.0,40.4592012269873,2024.0,36.20128479657387,-0.5407987730127033,0.5407987730127033,0.29246331289204536,0.014938662427359072
Singapore,2025,2025,50,2025-W50,518,2025,52,520,2,negative_binomial_climate,32.0,54.7394443828184,2024.0,36.20128479657387,22.739444382818398,22.739444382818398,517.0823308392912,0.6281391533642607
Singapore,2025,2024,51,2024-W51,467,2025,1,469,2,negative_binomial_epidemiology,97.0,106.907175729577,2024.0,36.20128479657387,9.907175729577006,9.907175729577006,98.15213093671967,0.27366917459555556
Singapore,2025,2024,52,2024-W52,468,2025,2,470,2,negative_binomial_epidemiology,118.0,72.6304032066059,2024.0,36.20128479657387,-45.369596793394095,45.369596793394095,2058.400313195156,1.253259298622681
Singapore,2025,2025,1,2025-W01,469,2025,3,471,2,negative_binomial_epidemiology,99.0,93.2736218959128,2024.0,36.20128479657387,-5.726378104087203,5.726378104087203,32.791406190969354,0.15818162632253188
Singapore,2025,2025,2,2025-W02,470,2025,4,472,2,negative_binomial_epidemiology,118.0,129.009441769837,2024.0,36.20128479657387,11.009441769836997,11.009441769836997,121.20780808343159,0.30411743206635977
Singapore,2025,2025,3,2025-W03,471,2025,5,473,2,negative_binomial_epidemiology,54.0,117.006028213081,2024.0,36.20128479657387,63.006028213080995,63.006028213080995,3969.7595911875583,1.740436246037432
Singapore,2025,2025,4,2025-W04,472,2025,6,474,2,negative_binomial_epidemiology,113.0,122.421309489354,2024.0,36.20128479657387,9.421309489354002,9.421309489354002,88.76107249419177,0.26024793159400916
Singapore,2025,2025,5,2025-W05,473,2025,7,475,2,negative_binomial_epidemiology,114.0,58.047285363521,2024.0,36.20128479657387,-55.952714636479,55.952714636479,3130.7062751912513,1.545600244601662
Singapore,2025,2025,6,2025-W06,474,2025,8,476,2,negative_binomial_epidemiology,71.0,103.513075967715,2024.0,36.20128479657387,32.513075967715,32.513075967715,1057.1001088824064,0.8981193941158704
Singapore,2025,2025,7,2025-W07,475,2025,9,477,2,negative_binomial_epidemiology,82.0,134.375012095226,2024.0,36.20128479657387,52.375012095226,52.375012095226,2743.1418919750695,1.4467721902561541
Singapore,2025,2025,8,2025-W08,476,2025,10,478,2,negative_binomial_epidemiology,86.0,90.9693884561666,2024.0,36.20128479657387,4.969388456166598,4.969388456166598,24.694821628281847,0.1372710522317403
Singapore,2025,2025,9,2025-W09,477,2025,11,479,2,negative_binomial_epidemiology,72.0,77.0335359483361,2024.0,36.20128479657387,5.033535948336095,5.033535948336095,25.336484143191747,0.13904301951218245
Singapore,2025,2025,10,2025-W10,478,2025,12,480,2,negative_binomial_epidemiology,100.0,91.4175511077943,2024.0,36.20128479657387,-8.582448892205704,8.582448892205704,73.65842898732292,0.2370758093375171
Singapore,2025,2025,11,2025-W11,479,2025,13,481,2,negative_binomial_epidemiology,98.0,84.1318730931775,2024.0,36.20128479657387,-13.868126906822496,13.868126906822496,192.3249439037341,0.3830838321002074
Singapore,2025,2025,12,2025-W12,480,2025,14,482,2,negative_binomial_epidemiology,87.0,104.478007136075,2024.0,36.20128479657387,17.478007136074993,17.478007136074993,305.4807334486884,0.48280074130764356
Singapore,2025,2025,13,2025-W13,481,2025,15,483,2,negative_binomial_epidemiology,92.0,119.513870246032,2024.0,36.20128479657387,27.513870246032,27.513870246032,757.013055915485,0.7600246897490207
Singapore,2025,2025,14,2025-W14,482,2025,16,484,2,negative_binomial_epidemiology,94.0,99.6211161713394,2024.0,36.20128479657387,5.621116171339395,5.621116171339395,31.596947011693256,0.15527394132352404
Singapore,2025,2025,15,2025-W15,483,2025,17,485,2,negative_binomial_epidemiology,107.0,95.2220070962795,2024.0,36.20128479657387,-11.777992903720502,11.777992903720502,138.7211168400905,0.3253473728875828
Singapore,2025,2025,16,2025-W16,484,2025,18,486,2,negative_binomial_epidemiology,89.0,105.360388934814,2024.0,36.20128479657387,16.360388934813997,16.360388934813997,267.66232609838426,0.45192840604271484
Singapore,2025,2025,17,2025-W17,485,2025,19,487,2,negative_binomial_epidemiology,105.0,121.165688361001,2024.0,36.20128479657387,16.165688361001003,16.165688361001003,261.32948018500326,0.44655012803664196
Singapore,2025,2025,18,2025-W18,486,2025,20,488,2,negative_binomial_epidemiology,103.0,101.500341247023,2024.0,36.20128479657387,-1.4996587529769982,1.4996587529769982,2.2489763753805256,0.041425567114649134
Singapore,2025,2025,19,2025-W19,487,2025,21,489,2,negative_binomial_epidemiology,118.0,113.413291365886,2024.0,36.20128479657387,-4.586708634114004,4.586708634114004,21.03789609425595,0.12670016160719508
Singapore,2025,2025,20,2025-W20,488,2025,22,490,2,negative_binomial_epidemiology,117.0,113.348155423691,2024.0,36.20128479657387,-3.651844576309003,3.651844576309003,13.33596880951748,0.10087610417226454
Singapore,2025,2025,21,2025-W21,489,2025,23,491,2,negative_binomial_epidemiology,118.0,131.222678670271,2024.0,36.20128479657387,13.222678670270994,13.222678670270994,174.8392312172395,0.3652544031123007
Singapore,2025,2025,22,2025-W22,490,2025,24,492,2,negative_binomial_epidemiology,125.0,130.023800014933,2024.0,36.20128479657387,5.023800014932988,5.023800014932988,25.238566590040687,0.13877408062070895
Singapore,2025,2025,23,2025-W23,491,2025,25,493,2,negative_binomial_epidemiology,106.0,128.870365796319,2024.0,36.20128479657387,22.870365796318993,22.870365796318993,523.0536316574377,0.6317556386419597
Singapore,2025,2025,24,2025-W24,492,2025,26,494,2,negative_binomial_epidemiology,100.0,132.655950362115,2024.0,36.20128479657387,32.65595036211499,32.65595036211499,1066.4110940529183,0.9020660605174319
Singapore,2025,2025,25,2025-W25,493,2025,27,495,2,negative_binomial_epidemiology,119.0,113.325751157077,2024.0,36.20128479657387,-5.6742488429230065,5.6742488429230065,32.19709993141308,0.15674164259109455
Singapore,2025,2025,26,2025-W26,494,2025,28,496,2,negative_binomial_epidemiology,112.0,102.461155676132,2024.0,36.20128479657387,-9.538844323868005,9.538844323868005,90.98955103498886,0.2634946349962356
Singapore,2025,2025,27,2025-W27,495,2025,29,497,2,negative_binomial_epidemiology,86.0,120.034765956888,2024.0,36.20128479657387,34.034765956887995,34.034765956887995,1158.365293740142,0.9401535373161419
Singapore,2025,2025,28,2025-W28,496,2025,30,498,2,negative_binomial_epidemiology,77.0,122.50810915218,2024.0,36.20128479657387,45.50810915218,45.50810915218,2070.987998606729,1.2570854710793837
Singapore,2025,2025,29,2025-W29,497,2025,31,499,2,negative_binomial_epidemiology,71.0,89.3441257529971,2024.0,36.20128479657387,18.3441257529971,18.3441257529971,336.5069496417715,0.5067258208121168
Singapore,2025,2025,30,2025-W30,498,2025,32,500,2,negative_binomial_epidemiology,73.0,72.5419628060256,2024.0,36.20128479657387,-0.45803719397440545,0.45803719397440545,0.20979807106394713,0.012652512101386926
Singapore,2025,2025,31,2025-W31,499,2025,33,501,2,negative_binomial_epidemiology,62.0,68.4890719036243,2024.0,36.20128479657387,6.489071903624307,6.489071903624307,42.10805417040639,0.17924976807006693
Singapore,2025,2025,32,2025-W32,500,2025,34,502,2,negative_binomial_epidemiology,47.0,72.7588412265367,2024.0,36.20128479657387,25.758841226536703,25.758841226536703,663.5179013339268,0.7115449457466367
Singapore,2025,2025,33,2025-W33,501,2025,35,503,2,negative_binomial_epidemiology,51.0,63.7091478242797,2024.0,36.20128479657387,12.709147824279697,12.709147824279697,161.52243841939335,0.3510689716040825
Singapore,2025,2025,34,2025-W34,502,2025,36,504,2,negative_binomial_epidemiology,42.0,46.6368691557504,2024.0,36.20128479657387,4.6368691557503965,4.6368691557503965,21.500555567549394,0.1280857621989492
Singapore,2025,2025,35,2025-W35,503,2025,37,505,2,negative_binomial_epidemiology,49.0,47.0457452880387,2024.0,36.20128479657387,-1.9542547119612976,1.9542547119612976,3.819111479222934,0.05398302084975311
Singapore,2025,2025,36,2025-W36,504,2025,38,506,2,negative_binomial_epidemiology,45.0,42.3086720947596,2024.0,36.20128479657387,-2.6913279052403993,2.6913279052403993,7.243245893525676,0.07434343616155605
Singapore,2025,2025,37,2025-W37,505,2025,39,507,2,negative_binomial_epidemiology,40.0,49.097164095769,2024.0,36.20128479657387,9.097164095769003,9.097164095769003,82.75839458534865,0.2512939567445951
Singapore,2025,2025,38,2025-W38,506,2025,40,508,2,negative_binomial_epidemiology,55.0,46.8110508023302,2024.0,36.20128479657387,-8.1889491976698,8.1889491976698,67.05888896201685,0.22620603781567472
Singapore,2025,2025,39,2025-W39,507,2025,41,509,2,negative_binomial_epidemiology,33.0,41.5847227907656,2024.0,36.20128479657387,8.584722790765603,8.584722790765603,73.69746539429038,0.23713862198553987
Singapore,2025,2025,40,2025-W40,508,2025,42,510,2,negative_binomial_epidemiology,47.0,53.639219626856,2024.0,36.20128479657387,6.639219626855997,6.639219626855997,44.079237253629884,0.18339734802683963
Singapore,2025,2025,41,2025-W41,509,2025,43,511,2,negative_binomial_epidemiology,36.0,36.6268133448249,2024.0,36.20128479657387,0.6268133448249031,0.6268133448249031,0.3928949692505829,0.017314671242945095
Singapore,2025,2025,42,2025-W42,510,2025,44,512,2,negative_binomial_epidemiology,53.0,45.51223664131,2024.0,36.20128479657387,-7.487763358690003,7.487763358690003,56.0666001157406,0.20683695069846397
Singapore,2025,2025,43,2025-W43,511,2025,45,513,2,negative_binomial_epidemiology,55.0,38.1243717268227,2024.0,36.20128479657387,-16.8756282731773,16.8756282731773,284.786829614461,0.4661610317978114
Singapore,2025,2025,44,2025-W44,512,2025,46,514,2,negative_binomial_epidemiology,39.0,56.5800339340835,2024.0,36.20128479657387,17.580033934083502,17.580033934083502,309.05759312352745,0.4856190611154026
Singapore,2025,2025,45,2025-W45,513,2025,47,515,2,negative_binomial_epidemiology,39.0,60.6400627978673,2024.0,36.20128479657387,21.6400627978673,21.6400627978673,468.2923178956404,0.5977705741514273
Singapore,2025,2025,46,2025-W46,514,2025,48,516,2,negative_binomial_epidemiology,27.0,44.4188331793183,2024.0,36.20128479657387,17.418833179318298,17.418833179318298,303.41574932892,0.4811661596321806
Singapore,2025,2025,47,2025-W47,515,2025,49,517,2,negative_binomial_epidemiology,38.0,37.8191074189881,2024.0,36.20128479657387,-0.18089258101190353,0.18089258101190353,0.03272212586514808,0.004996855278159172
Singapore,2025,2025,48,2025-W48,516,2025,50,518,2,negative_binomial_epidemiology,46.0,27.5282959751734,2024.0,36.20128479657387,-18.4717040248266,18.4717040248266,341.20384958079524,0.5102499573875561
Singapore,2025,2025,49,2025-W49,517,2025,51,519,2,negative_binomial_epidemiology,41.0,39.2025227251294,2024.0,36.20128479657387,-1.7974772748706016,1.7974772748706016,3.2309245536762443,0.049652306125906244
Singapore,2025,2025,50,2025-W50,518,2025,52,520,2,negative_binomial_epidemiology,32.0,52.3155701781574,2024.0,36.20128479657387,20.3155701781574,20.3155701781574,412.72239166363835,0.5611836787649064
Singapore,2025,2024,49,2024-W49,465,2025,1,469,4,negative_binomial_climate,97.0,126.921610623316,2024.0,36.20128479657387,29.921610623316,29.921610623316,895.3027822933368,0.8265344943267817
Singapore,2025,2024,50,2024-W50,466,2025,2,470,4,negative_binomial_climate,118.0,115.873096953021,2024.0,36.20128479657387,-2.1269030469789953,2.1269030469789953,4.523716571248534,0.058752142608493485
Singapore,2025,2024,51,2024-W51,467,2025,3,471,4,negative_binomial_climate,99.0,118.907502369467,2024.0,36.20128479657387,19.907502369466997,19.907502369466997,396.3086505903341,0.5499114874329284
Singapore,2025,2024,52,2024-W52,468,2025,4,472,4,negative_binomial_climate,118.0,86.4455383295592,2024.0,36.20128479657387,-31.5544616704408,31.5544616704408,995.6840513113177,0.8716392760023575
Singapore,2025,2025,1,2025-W01,469,2025,5,473,4,negative_binomial_climate,54.0,116.014359645643,2024.0,36.20128479657387,62.014359645643,62.014359645643,3845.780802259155,1.7130430589444743
Singapore,2025,2025,2,2025-W02,470,2025,6,474,4,negative_binomial_climate,113.0,146.090268411275,2024.0,36.20128479657387,33.09026841127499,33.09026841127499,1094.9658635302235,0.9140633708781156
Singapore,2025,2025,3,2025-W03,471,2025,7,475,4,negative_binomial_climate,114.0,128.143206159635,2024.0,36.20128479657387,14.143206159635014,14.143206159635014,200.0302804739378,0.3906824368005177
Singapore,2025,2025,4,2025-W04,472,2025,8,476,4,negative_binomial_climate,71.0,134.724775903798,2024.0,36.20128479657387,63.72477590379799,63.72477590379799,4060.847063989273,1.760290449962952
Singapore,2025,2025,5,2025-W05,473,2025,9,477,4,negative_binomial_climate,82.0,61.6483491184652,2024.0,36.20128479657387,-20.351650881534802,20.351650881534802,414.18969360387626,0.5621803479046938
Singapore,2025,2025,6,2025-W06,474,2025,10,478,4,negative_binomial_climate,86.0,113.010944176428,2024.0,36.20128479657387,27.010944176427998,27.010944176427998,729.5911053021096,0.7461321974678738
Singapore,2025,2025,7,2025-W07,475,2025,11,479,4,negative_binomial_climate,72.0,124.028643849781,2024.0,36.20128479657387,52.028643849781005,52.028643849781005,2706.979780847355,1.4372043462585906
Singapore,2025,2025,8,2025-W08,476,2025,12,480,4,negative_binomial_climate,100.0,90.1946085093433,2024.0,36.20128479657387,-9.805391490656703,9.805391490656703,96.14570228504289,0.2708575550772909
Singapore,2025,2025,9,2025-W09,477,2025,13,481,4,negative_binomial_climate,98.0,72.1373049527153,2024.0,36.20128479657387,-25.862695047284703,25.862695047284703,668.8789951088447,0.7144137340046112
Singapore,2025,2025,10,2025-W10,478,2025,14,482,4,negative_binomial_climate,87.0,84.9437676752461,2024.0,36.20128479657387,-2.056232324753907,2.056232324753907,4.228091373362856,0.05679998199811159
Singapore,2025,2025,11,2025-W11,479,2025,15,483,4,negative_binomial_climate,92.0,91.2781983644294,2024.0,36.20128479657387,-0.7218016355705998,0.7218016355705998,0.520997601112393,0.019938564048945354
Singapore,2025,2025,12,2025-W12,480,2025,16,484,4,negative_binomial_climate,94.0,114.475856168518,2024.0,36.20128479657387,20.475856168518007,20.475856168518007,419.26068583383693,0.5656113114100266
Singapore,2025,2025,13,2025-W13,481,2025,17,485,4,negative_binomial_climate,107.0,130.244945373011,2024.0,36.20128479657387,23.244945373011006,23.244945373011006,540.3274853942658,0.6421027735239643
Singapore,2025,2025,14,2025-W14,482,2025,18,486,4,negative_binomial_climate,89.0,115.569107739436,2024.0,36.20128479657387,26.569107739436006,26.569107739436006,705.9174860697583,0.7339272042065903
Singapore,2025,2025,15,2025-W15,483,2025,19,487,4,negative_binomial_climate,105.0,105.404170513314,2024.0,36.20128479657387,0.4041705133139999,0.4041705133139999,0.16335380383250217,0.011164535059602387
Singapore,2025,2025,16,2025-W16,484,2025,20,488,4,negative_binomial_climate,103.0,120.791079848414,2024.0,36.20128479657387,17.791079848414,17.791079848414,316.5225221726427,0.491448851840136
Singapore,2025,2025,17,2025-W17,485,2025,21,489,4,negative_binomial_climate,118.0,141.307403079243,2024.0,36.20128479657387,23.307403079242988,23.307403079242988,543.2350382983055,0.6438280632915223
Singapore,2025,2025,18,2025-W18,486,2025,22,490,4,negative_binomial_climate,117.0,106.054965741853,2024.0,36.20128479657387,-10.945034258147004,10.945034258147004,119.79377491201154,0.30233828218115766
Singapore,2025,2025,19,2025-W19,487,2025,23,491,4,negative_binomial_climate,118.0,130.689573462636,2024.0,36.20128479657387,12.689573462635991,12.689573462635991,161.02527466363557,0.3505282625725191
Singapore,2025,2025,20,2025-W20,488,2025,24,492,4,negative_binomial_climate,125.0,120.096378329654,2024.0,36.20128479657387,-4.9036216703459985,4.9036216703459985,24.04550548588688,0.13545435467003322
Singapore,2025,2025,21,2025-W21,489,2025,25,493,4,negative_binomial_climate,106.0,144.993626838922,2024.0,36.20128479657387,38.99362683892201,38.99362683892201,1520.5029340530991,1.0771337829040921
Singapore,2025,2025,22,2025-W22,490,2025,26,494,4,negative_binomial_climate,100.0,142.199925691964,2024.0,36.20128479657387,42.19992569196401,42.19992569196401,1780.8337284072843,1.1657024309799595
Singapore,2025,2025,23,2025-W23,491,2025,27,495,4,negative_binomial_climate,119.0,148.323793210734,2024.0,36.20128479657387,29.32379321073401,29.32379321073401,859.88484826589,0.8100207872597175
Singapore,2025,2025,24,2025-W24,492,2025,28,496,4,negative_binomial_climate,112.0,146.204868298792,2024.0,36.20128479657387,34.20486829879201,34.20486829879201,1169.9730153377063,0.9448523302694823
Singapore,2025,2025,25,2025-W25,493,2025,29,497,4,negative_binomial_climate,86.0,129.250915910238,2024.0,36.20128479657387,43.25091591023801,43.25091591023801,1870.6417270744791,1.1947342795505236
Singapore,2025,2025,26,2025-W26,494,2025,30,498,4,negative_binomial_climate,77.0,117.65243310831,2024.0,36.20128479657387,40.65243310831001,40.65243310831001,1652.6203176256197,1.1229555342233986
Singapore,2025,2025,27,2025-W27,495,2025,31,499,4,negative_binomial_climate,71.0,133.898161357221,2024.0,36.20128479657387,62.898161357221,62.898161357221,3956.178702119009,1.737456604390288
Singapore,2025,2025,28,2025-W28,496,2025,32,500,4,negative_binomial_climate,73.0,128.16342375254,2024.0,36.20128479657387,55.16342375254001,55.16342375254001,3043.0033201022957,1.5237974028413692
Singapore,2025,2025,29,2025-W29,497,2025,33,501,4,negative_binomial_climate,62.0,88.0178533772355,2024.0,36.20128479657387,26.017853377235497,26.017853377235497,676.9286943593246,0.7186997235992534
Singapore,2025,2025,30,2025-W30,498,2025,34,502,4,negative_binomial_climate,47.0,71.0803709003853,2024.0,36.20128479657387,24.080370900385304,24.080370900385304,579.8642627001234,0.6651800077179663
Singapore,2025,2025,31,2025-W31,499,2025,35,503,4,negative_binomial_climate,51.0,72.3603416566806,2024.0,36.20128479657387,21.360341656680603,21.360341656680603,456.26419569012467,0.5900437450413961
Singapore,2025,2025,32,2025-W32,500,2025,36,504,4,negative_binomial_climate,42.0,75.7576698226471,2024.0,36.20128479657387,33.7576698226471,33.7576698226471,1139.580271854859,0.9324992196365904
Singapore,2025,2025,33,2025-W33,501,2025,37,505,4,negative_binomial_climate,49.0,63.2862556179108,2024.0,36.20128479657387,14.286255617910797,14.286255617910797,204.09709958028782,0.39463393904911526
Singapore,2025,2025,34,2025-W34,502,2025,38,506,4,negative_binomial_climate,45.0,47.9165085193873,2024.0,36.20128479657387,2.9165085193872997,2.9165085193872997,8.506021943658698,0.08056367434957229
Singapore,2025,2025,35,2025-W35,503,2025,39,507,4,negative_binomial_climate,40.0,49.8758188715539,2024.0,36.20128479657387,9.875818871553903,9.875818871553903,97.53179838374021,0.27280299379011436
Singapore,2025,2025,36,2025-W36,504,2025,40,508,4,negative_binomial_climate,55.0,40.6898543906708,2024.0,36.20128479657387,-14.310145609329197,14.310145609329197,204.7802673602037,0.39529386014176837
Singapore,2025,2025,37,2025-W37,505,2025,41,509,4,negative_binomial_climate,33.0,49.631896714959,2024.0,36.20128479657387,16.631896714958998,16.631896714958998,276.6199883370639,0.45942835477853144
Singapore,2025,2025,38,2025-W38,506,2025,42,510,4,negative_binomial_climate,47.0,49.0437412713328,2024.0,36.20128479657387,2.0437412713327987,2.0437412713327987,4.1768783841490045,0.05645493751995842
Singapore,2025,2025,39,2025-W39,507,2025,43,511,4,negative_binomial_climate,36.0,42.126671751414,2024.0,36.20128479657387,6.126671751414001,6.126671751414001,37.53610674957431,0.16923906943749786
Singapore,2025,2025,40,2025-W40,508,2025,44,512,4,negative_binomial_climate,53.0,55.2019616172134,2024.0,36.20128479657387,2.2019616172133993,2.2019616172133993,4.848634963681049,0.060825510188019495
Singapore,2025,2025,41,2025-W41,509,2025,45,513,4,negative_binomial_climate,55.0,36.8304131217622,2024.0,36.20128479657387,-18.1695868782378,18.1695868782378,330.13388732583127,0.5019044760521149
Singapore,2025,2025,42,2025-W42,510,2025,46,514,4,negative_binomial_climate,39.0,51.3061619358964,2024.0,36.20128479657387,12.306161935896398,12.306161935896398,151.44162159250538,0.3399371598286773
Singapore,2025,2025,43,2025-W43,511,2025,47,515,4,negative_binomial_climate,39.0,42.1903887420348,2024.0,36.20128479657387,3.1903887420347985,3.1903887420347985,10.178580325302384,0.08812915784515858
Singapore,2025,2025,44,2025-W44,512,2025,48,516,4,negative_binomial_climate,27.0,67.891271246478,2024.0,36.20128479657387,40.891271246478,40.891271246478,1672.0960641530382,1.1295530386907149
Singapore,2025,2025,45,2025-W45,513,2025,49,517,4,negative_binomial_climate,38.0,67.8490751920994,2024.0,36.20128479657387,29.849075192099406,29.849075192099406,890.9672898236041,0.8245308242464464
Singapore,2025,2025,46,2025-W46,514,2025,50,518,4,negative_binomial_climate,46.0,51.6715700636636,2024.0,36.20128479657387,5.6715700636636015,5.6715700636636015,32.166706987045146,0.15666764579030534
Singapore,2025,2025,47,2025-W47,515,2025,51,519,4,negative_binomial_climate,41.0,49.7483620810474,2024.0,36.20128479657387,8.748362081047397,8.748362081047397,76.53383910110793,0.24165888393760407
Singapore,2025,2025,48,2025-W48,516,2025,52,520,4,negative_binomial_climate,32.0,34.7923374914598,2024.0,36.20128479657387,2.792337491459797,2.792337491459797,7.797148666211993,0.07713365719340622
Singapore,2025,2024,49,2024-W49,465,2025,1,469,4,negative_binomial_epidemiology,97.0,119.337789633016,2024.0,36.20128479657387,22.337789633016,22.337789633016,498.9768456888771,0.6170441120678146
Singapore,2025,2024,50,2024-W50,466,2025,2,470,4,negative_binomial_epidemiology,118.0,113.815001824409,2024.0,36.20128479657387,-4.184998175591005,4.184998175591005,17.514209729700042,0.11560358145043177
Singapore,2025,2024,51,2024-W51,467,2025,3,471,4,negative_binomial_epidemiology,99.0,115.320570558584,2024.0,36.20128479657387,16.320570558583995,16.320570558583995,266.3610233577187,0.450828489936042
Singapore,2025,2024,52,2024-W52,468,2025,4,472,4,negative_binomial_epidemiology,118.0,75.4339031256743,2024.0,36.20128479657387,-42.566096874325694,42.566096874325694,1811.8726031144797,1.1758172980190524
Singapore,2025,2025,1,2025-W01,469,2025,5,473,4,negative_binomial_epidemiology,54.0,104.048536548427,2024.0,36.20128479657387,50.048536548426995,50.048536548426995,2504.856010639233,1.3825071908266537
Singapore,2025,2025,2,2025-W02,470,2025,6,474,4,negative_binomial_epidemiology,113.0,141.266605962353,2024.0,36.20128479657387,28.266605962352997,28.266605962352997,799.0010126309301,0.7808177560877115
Singapore,2025,2025,3,2025-W03,471,2025,7,475,4,negative_binomial_epidemiology,114.0,128.080084896256,2024.0,36.20128479657387,14.080084896256011,14.080084896256011,198.24879068577664,0.3889388173755801
Singapore,2025,2025,4,2025-W04,472,2025,8,476,4,negative_binomial_epidemiology,71.0,136.661144827692,2024.0,36.20128479657387,65.661144827692,65.661144827692,4311.385940083143,1.8137794058045762
Singapore,2025,2025,5,2025-W05,473,2025,9,477,4,negative_binomial_epidemiology,82.0,61.0384792798457,2024.0,36.20128479657387,-20.961520720154297,20.961520720154297,439.3853509014579,0.5790269831013876
Singapore,2025,2025,6,2025-W06,474,2025,10,478,4,negative_binomial_epidemiology,86.0,124.261519718845,2024.0,36.20128479657387,38.261519718844994,38.261519718844994,1463.9438911955642,1.0569105470661666
Singapore,2025,2025,7,2025-W07,475,2025,11,479,4,negative_binomial_epidemiology,72.0,147.712250217212,2024.0,36.20128479657387,75.71225021721199,75.71225021721199,5732.344832953717,2.0914243967489647
Singapore,2025,2025,8,2025-W08,476,2025,12,480,4,negative_binomial_epidemiology,100.0,100.34222386786,2024.0,36.20128479657387,0.3422238678599996,0.3422238678599996,0.11711717573305845,0.009453362492051332
Singapore,2025,2025,9,2025-W09,477,2025,13,481,4,negative_binomial_epidemiology,98.0,86.6414961288809,2024.0,36.20128479657387,-11.358503871119098,11.358503871119098,129.01561019022753,0.31375968932997866
Singapore,2025,2025,10,2025-W10,478,2025,14,482,4,negative_binomial_epidemiology,87.0,103.485848749847,2024.0,36.20128479657387,16.485848749846994,16.485848749846994,271.7832090028317,0.4553940237891013
Singapore,2025,2025,11,2025-W11,479,2025,15,483,4,negative_binomial_epidemiology,92.0,95.022451632323,2024.0,36.20128479657387,3.0224516323229977,3.0224516323229977,9.135213869731954,0.0834901758130155
Singapore,2025,2025,12,2025-W12,480,2025,16,484,4,negative_binomial_epidemiology,94.0,121.877240809402,2024.0,36.20128479657387,27.877240809401997,27.877240809401997,777.1405551453881,0.770062194368315
Singapore,2025,2025,13,2025-W13,481,2025,17,485,4,negative_binomial_epidemiology,107.0,132.701176463547,2024.0,36.20128479657387,25.701176463547,25.701176463547,660.5504716103823,0.7099520530271176
Singapore,2025,2025,14,2025-W14,482,2025,18,486,4,negative_binomial_epidemiology,89.0,113.083197818725,2024.0,36.20128479657387,24.083197818724997,24.083197818724997,580.0004171758404,0.6652580966133074
Singapore,2025,2025,15,2025-W15,483,2025,19,487,4,negative_binomial_epidemiology,105.0,108.605077115885,2024.0,36.20128479657387,3.6050771158849955,3.6050771158849955,12.996581011477677,0.09958423122668242
Singapore,2025,2025,16,2025-W16,484,2025,20,488,4,negative_binomial_epidemiology,103.0,118.783892327437,2024.0,36.20128479657387,15.783892327437002,15.783892327437002,249.13125700412465,0.4360036505922797
Singapore,2025,2025,17,2025-W17,485,2025,21,489,4,negative_binomial_epidemiology,118.0,137.384584335361,2024.0,36.20128479657387,19.384584335361012,19.384584335361012,375.7621098547235,0.5354667505390744
Singapore,2025,2025,18,2025-W18,486,2025,22,490,4,negative_binomial_epidemiology,117.0,111.336008023716,2024.0,36.20128479657387,-5.663991976283995,5.663991976283995,32.080805107409475,0.1564583137894609
Singapore,2025,2025,19,2025-W19,487,2025,23,491,4,negative_binomial_epidemiology,118.0,126.774826511962,2024.0,36.20128479657387,8.774826511962004,8.774826511962004,76.99758031503127,0.24238991961944023
Singapore,2025,2025,20,2025-W20,488,2025,24,492,4,negative_binomial_epidemiology,125.0,123.705193626821,2024.0,36.20128479657387,-1.294806373179,1.294806373179,1.676523544024956,0.03576686243195274
Singapore,2025,2025,21,2025-W21,489,2025,25,493,4,negative_binomial_epidemiology,106.0,145.754029775342,2024.0,36.20128479657387,39.75402977534199,39.75402977534199,1580.3828833787775,1.098138643386059
Singapore,2025,2025,22,2025-W22,490,2025,26,494,4,negative_binomial_epidemiology,100.0,139.925581047879,2024.0,36.20128479657387,39.92558104787901,39.92558104787901,1594.0520220107553,1.1028774606269667
Singapore,2025,2025,23,2025-W23,491,2025,27,495,4,negative_binomial_epidemiology,119.0,138.994958140513,2024.0,36.20128479657387,19.994958140513006,19.994958140513006,399.7983510408673,0.5523273069690983
Singapore,2025,2025,24,2025-W24,492,2025,28,496,4,negative_binomial_epidemiology,112.0,141.634335604502,2024.0,36.20128479657387,29.634335604502013,29.634335604502013,878.1938467202557,0.8185990019698592
Singapore,2025,2025,25,2025-W25,493,2025,29,497,4,negative_binomial_epidemiology,86.0,118.722549763246,2024.0,36.20128479657387,32.72254976324599,32.72254976324599,1070.7652630081104,0.903905757685785
Singapore,2025,2025,26,2025-W26,494,2025,30,498,4,negative_binomial_epidemiology,77.0,106.862546273339,2024.0,36.20128479657387,29.862546273339007,29.862546273339007,891.7716699273134,0.8249029403554548
Singapore,2025,2025,27,2025-W27,495,2025,31,499,4,negative_binomial_epidemiology,71.0,125.676857136092,2024.0,36.20128479657387,54.676857136091996,54.676857136091996,2989.5587062806144,1.5103568131169387
Singapore,2025,2025,28,2025-W28,496,2025,32,500,4,negative_binomial_epidemiology,73.0,125.241584101625,2024.0,36.20128479657387,52.241584101624994,52.241584101624994,2729.183109447157,1.443086464891688
Singapore,2025,2025,29,2025-W29,497,2025,33,501,4,negative_binomial_epidemiology,62.0,90.0319154060485,2024.0,36.20128479657387,28.031915406048498,28.031915406048498,785.7882813318591,0.7743348216387466
Singapore,2025,2025,30,2025-W30,498,2025,34,502,4,negative_binomial_epidemiology,47.0,73.2958086086885,2024.0,36.20128479657387,26.295808608688503,26.295808608688503,691.4695503847764,0.7263777724037342
Singapore,2025,2025,31,2025-W31,499,2025,35,503,4,negative_binomial_epidemiology,51.0,69.0875630877386,2024.0,36.20128479657387,18.0875630877386,18.0875630877386,327.159938452924,0.4996387059016874
Singapore,2025,2025,32,2025-W32,500,2025,36,504,4,negative_binomial_epidemiology,42.0,74.1719923757193,2024.0,36.20128479657387,32.1719923757193,32.1719923757193,1035.0370934233406,0.8886975298391644
Singapore,2025,2025,33,2025-W33,501,2025,37,505,4,negative_binomial_epidemiology,49.0,63.5238756762835,2024.0,36.20128479657387,14.523875676283502,14.523875676283502,210.94296466013955,0.4011977960975036
Singapore,2025,2025,34,2025-W34,502,2025,38,506,4,negative_binomial_epidemiology,45.0,46.2972430388476,2024.0,36.20128479657387,1.297243038847597,1.297243038847597,1.6828395018385482,0.03583417124936874
Singapore,2025,2025,35,2025-W35,503,2025,39,507,4,negative_binomial_epidemiology,40.0,48.1953329979749,2024.0,36.20128479657387,8.195332997974901,8.195332997974901,67.16348294769628,0.2263823796317449
Singapore,2025,2025,36,2025-W36,504,2025,40,508,4,negative_binomial_epidemiology,55.0,42.7123013506433,2024.0,36.20128479657387,-12.287698649356699,12.287698649356699,150.98753809740245,0.33942714239025074
Singapore,2025,2025,37,2025-W37,505,2025,41,509,4,negative_binomial_epidemiology,33.0,51.3689422463664,2024.0,36.20128479657387,18.3689422463664,18.3689422463664,337.41803925034435,0.5074113349729747
Singapore,2025,2025,38,2025-W38,506,2025,42,510,4,negative_binomial_epidemiology,47.0,47.7515435482914,2024.0,36.20128479657387,0.7515435482914015,0.7515435482914015,0.5648177049784301,0.02076013468899116
Singapore,2025,2025,39,2025-W39,507,2025,43,511,4,negative_binomial_epidemiology,36.0,43.2324002883155,2024.0,36.20128479657387,7.232400288315503,7.232400288315503,52.30761393042617,0.19978297259217676
Singapore,2025,2025,40,2025-W40,508,2025,44,512,4,negative_binomial_epidemiology,53.0,57.6396637825726,2024.0,36.20128479657387,4.6396637825725975,4.6396637825725975,21.52648001531586,0.12816295909507885
Singapore,2025,2025,41,2025-W41,509,2025,45,513,4,negative_binomial_epidemiology,55.0,37.3874642502088,2024.0,36.20128479657387,-17.6125357497912,17.6125357497912,310.20141553767303,0.4865168694636514
Singapore,2025,2025,42,2025-W42,510,2025,46,514,4,negative_binomial_epidemiology,39.0,50.1728845970125,2024.0,36.20128479657387,11.172884597012498,11.172884597012498,124.83335021815913,0.30863226705340335
Singapore,2025,2025,43,2025-W43,511,2025,47,515,4,negative_binomial_epidemiology,39.0,39.3997392134914,2024.0,36.20128479657387,0.39973921349140085,0.39973921349140085,0.15979143880272376,0.011042127806724488
Singapore,2025,2025,44,2025-W44,512,2025,48,516,4,negative_binomial_epidemiology,27.0,63.406606237747,2024.0,36.20128479657387,36.406606237747,36.406606237747,1325.4409777503588,1.0056716617193806
Singapore,2025,2025,45,2025-W45,513,2025,49,517,4,negative_binomial_epidemiology,38.0,64.8098005570301,2024.0,36.20128479657387,26.8098005570301,26.8098005570301,718.7654059077315,0.7405759410938755
Singapore,2025,2025,46,2025-W46,514,2025,50,518,4,negative_binomial_epidemiology,46.0,47.7986471251244,2024.0,36.20128479657387,1.798647125124397,1.798647125124397,3.235131480718258,0.04968462128434245
Singapore,2025,2025,47,2025-W47,515,2025,51,519,4,negative_binomial_epidemiology,41.0,41.329352307449,2024.0,36.20128479657387,0.3293523074489997,0.3293523074489997,0.10847294242198041,0.009097807144131246
Singapore,2025,2025,48,2025-W48,516,2025,52,520,4,negative_binomial_epidemiology,32.0,29.6878948885884,2024.0,36.20128479657387,-2.3121051114116007,2.3121051114116007,5.34583004621565,0.06386804016498389
Sri Lanka,2024,2024,9,2024-W09,425,2024,10,426,1,negative_binomial_climate,1136.0,1381.13733411951,2023.0,209.19323671497585,245.1373341195099,245.1373341195099,60092.312579220226,1.1718224640957566
Sri Lanka,2024,2024,10,2024-W10,426,2024,11,427,1,negative_binomial_climate,975.0,1137.52063813266,2023.0,209.19323671497585,162.52063813266,162.52063813266,26412.95781904702,0.7768924114601903
Sri Lanka,2024,2024,11,2024-W11,427,2024,12,428,1,negative_binomial_climate,1004.0,1006.15251451121,2023.0,209.19323671497585,2.152514511210029,2.152514511210029,4.63331872096975,0.010289598961283883
Sri Lanka,2024,2024,12,2024-W12,428,2024,13,429,1,negative_binomial_climate,747.0,958.431946052309,2023.0,209.19323671497585,211.43194605230894,211.43194605230894,44703.46781146648,1.0107016334394372
Sri Lanka,2024,2024,13,2024-W13,429,2024,14,430,1,negative_binomial_climate,664.0,756.10487575139,2023.0,209.19323671497585,92.10487575138995,92.10487575138995,8483.308137178981,0.44028610674867147
Sri Lanka,2024,2024,14,2024-W14,430,2024,15,431,1,negative_binomial_climate,614.0,619.202132263789,2023.0,209.19323671497585,5.2021322637890535,5.2021322637890535,27.06218008995502,0.024867592975182644
Sri Lanka,2024,2024,15,2024-W15,431,2024,16,432,1,negative_binomial_climate,427.0,585.079196462305,2023.0,209.19323671497585,158.07919646230505,158.07919646230505,24989.032354168037,0.7556611243492862
Sri Lanka,2024,2024,16,2024-W16,432,2024,17,433,1,negative_binomial_climate,576.0,563.830922467847,2023.0,209.19323671497585,-12.169077532152983,12.169077532152983,148.08644798355053,0.058171467315328435
Sri Lanka,2024,2024,17,2024-W17,433,2024,18,434,1,negative_binomial_climate,537.0,560.465117243778,2023.0,209.19323671497585,23.465117243777968,23.465117243777968,550.6117272642462,0.11216957876964735
Sri Lanka,2024,2024,18,2024-W18,434,2024,19,435,1,negative_binomial_climate,571.0,571.368244280636,2023.0,209.19323671497585,0.36824428063596315,0.36824428063596315,0.135603850221098,0.0017603068168866908
Sri Lanka,2024,2024,19,2024-W19,435,2024,20,436,1,negative_binomial_climate,589.0,671.187440556521,2023.0,209.19323671497585,82.18744055652098,82.18744055652098,6754.77538523167,0.39287809609495516
Sri Lanka,2024,2024,20,2024-W20,436,2024,21,437,1,negative_binomial_climate,663.0,647.943678421644,2023.0,209.19323671497585,-15.056321578356005,15.056321578356005,226.69281947086867,0.07197327129112747
Sri Lanka,2024,2024,21,2024-W21,437,2024,22,438,1,negative_binomial_climate,493.0,739.272970354228,2023.0,209.19323671497585,246.27297035422805,246.27297035422805,60650.37592709449,1.1772511110852644
Sri Lanka,2024,2024,22,2024-W22,438,2024,23,439,1,negative_binomial_climate,648.0,640.761476837236,2023.0,209.19323671497585,-7.238523162763954,7.238523162763954,52.396217577870274,0.034602089801910686
Sri Lanka,2024,2024,23,2024-W23,439,2024,24,440,1,negative_binomial_climate,640.0,756.371186092873,2023.0,209.19323671497585,116.37118609287302,116.37118609287302,13542.252952662082,0.5562856042589361
Sri Lanka,2024,2024,24,2024-W24,440,2024,25,441,1,negative_binomial_climate,677.0,802.059030234818,2023.0,209.19323671497585,125.05903023481801,125.05903023481801,15639.761043273125,0.5978158385933383
Sri Lanka,2024,2024,25,2024-W25,441,2024,26,442,1,negative_binomial_climate,683.0,809.888241977429,2023.0,209.19323671497585,126.88824197742895,126.88824197742895,16100.625952122562,0.6065599632664663
Sri Lanka,2024,2024,26,2024-W26,442,2024,27,443,1,negative_binomial_climate,875.0,814.100261106547,2023.0,209.19323671497585,-60.89973889345299,60.89973889345299,3708.778197290751,0.2911171501037981
Sri Lanka,2024,2024,27,2024-W27,443,2024,28,444,1,negative_binomial_climate,935.0,880.905302049642,2023.0,209.19323671497585,-54.094697950357954,54.094697950357954,2926.236346340461,0.25858722203367196
Sri Lanka,2024,2024,28,2024-W28,444,2024,29,445,1,negative_binomial_climate,989.0,961.656871974197,2023.0,209.19323671497585,-27.343128025803026,27.343128025803026,747.6466502354549,0.13070751452188592
Sri Lanka,2024,2024,29,2024-W29,445,2024,30,446,1,negative_binomial_climate,992.0,1051.58442776553,2023.0,209.19323671497585,59.58442776553011,59.58442776553011,3550.304032145675,0.28482960874453805
Sri Lanka,2024,2024,30,2024-W30,446,2024,31,447,1,negative_binomial_climate,1031.0,1027.72555990721,2023.0,209.19323671497585,-3.2744400927899733,3.2744400927899733,10.721957921270409,0.015652705336986455
Sri Lanka,2024,2024,31,2024-W31,447,2024,32,448,1,negative_binomial_climate,1004.0,1054.71286609249,2023.0,209.19323671497585,50.71286609249,50.71286609249,2571.7947873148223,0.24242115514272522
Sri Lanka,2024,2024,32,2024-W32,448,2024,33,449,1,negative_binomial_climate,960.0,1068.25859850405,2023.0,209.19323671497585,108.25859850405004,108.25859850405004,11719.924150061106,0.5175052511451483
Sri Lanka,2024,2024,33,2024-W33,449,2024,34,450,1,negative_binomial_climate,911.0,938.636319982326,2023.0,209.19323671497585,27.636319982325972,27.636319982325972,763.7661821655098,0.13210905102051765
Sri Lanka,2024,2024,34,2024-W34,450,2024,35,451,1,negative_binomial_climate,857.0,947.674415972544,2023.0,209.19323671497585,90.67441597254401,90.67441597254401,8221.849711961944,0.4334481238324506
Sri Lanka,2024,2024,35,2024-W35,451,2024,36,452,1,negative_binomial_climate,854.0,909.119311817009,2023.0,209.19323671497585,55.11931181700902,55.11931181700902,3038.1385351806703,0.26348515220933577
Sri Lanka,2024,2024,36,2024-W36,452,2024,37,453,1,negative_binomial_climate,733.0,954.344862166767,2023.0,209.19323671497585,221.34486216676703,221.34486216676703,48993.5480076251,1.0580880416719574
Sri Lanka,2024,2024,37,2024-W37,453,2024,38,454,1,negative_binomial_climate,694.0,866.627142302779,2023.0,209.19323671497585,172.62714230277902,172.62714230277902,29800.13025962392,0.8252042227253367
Sri Lanka,2024,2024,38,2024-W38,454,2024,39,455,1,negative_binomial_climate,671.0,713.299700606563,2023.0,209.19323671497585,42.299700606562965,42.299700606562965,1789.2646714048633,0.20220395874554958
Sri Lanka,2024,2024,39,2024-W39,455,2024,40,456,1,negative_binomial_climate,657.0,733.800191019448,2023.0,209.19323671497585,76.800191019448,76.800191019448,5898.2693406237,0.367125592707797
Sri Lanka,2024,2024,40,2024-W40,456,2024,41,457,1,negative_binomial_climate,686.0,684.398439700631,2023.0,209.19323671497585,-1.6015602993689981,1.6015602993689981,2.564995392514915,0.007655889475772639
Sri Lanka,2024,2024,41,2024-W41,457,2024,42,458,1,negative_binomial_climate,707.0,679.19655239051,2023.0,209.19323671497585,-27.803447609490036,27.803447609490036,773.0316989736572,0.13290796608005073
Sri Lanka,2024,2024,42,2024-W42,458,2024,43,459,1,negative_binomial_climate,668.0,693.961570403462,2023.0,209.19323671497585,25.96157040346202,25.96157040346202,674.003137813915,0.12410329708141786
Sri Lanka,2024,2024,43,2024-W43,459,2024,44,460,1,negative_binomial_climate,672.0,763.54307426766,2023.0,209.19323671497585,91.54307426766002,91.54307426766002,8380.134446374317,0.43760054438273616
Sri Lanka,2024,2024,44,2024-W44,460,2024,45,461,1,negative_binomial_climate,669.0,768.321186054879,2023.0,209.19323671497585,99.32118605487904,99.32118605487904,9864.697999347898,0.4747820131020936
Sri Lanka,2024,2024,45,2024-W45,461,2024,46,462,1,negative_binomial_climate,696.0,785.697951477192,2023.0,209.19323671497585,89.69795147719196,89.69795147719196,8045.722499204684,0.4287803606165563
Sri Lanka,2024,2024,46,2024-W46,462,2024,47,463,1,negative_binomial_climate,626.0,795.522132001687,2023.0,209.19323671497585,169.52213200168705,169.52213200168705,28737.75323839741,0.8103614374142489
Sri Lanka,2024,2024,47,2024-W47,463,2024,48,464,1,negative_binomial_climate,913.0,755.240716215662,2023.0,209.19323671497585,-157.75928378433798,157.75928378433798,24887.991620147284,0.7541318556071857
Sri Lanka,2024,2024,48,2024-W48,464,2024,49,465,1,negative_binomial_climate,832.0,930.393970447149,2023.0,209.19323671497585,98.39397044714894,98.39397044714894,9681.373420354419,0.4703496728300541
Sri Lanka,2024,2024,49,2024-W49,465,2024,50,466,1,negative_binomial_climate,736.0,998.936841679805,2023.0,209.19323671497585,262.93684167980496,262.93684167980496,69135.78271255082,1.2569089030256477
Sri Lanka,2024,2024,50,2024-W50,466,2024,51,467,1,negative_binomial_climate,915.0,943.21985158698,2023.0,209.19323671497585,28.219851586979985,28.219851586979985,796.3600235911767,0.13489848921563996
Sri Lanka,2024,2024,9,2024-W09,425,2024,10,426,1,negative_binomial_epidemiology,1136.0,1347.4535039285,2023.0,209.19323671497585,211.4535039284999,211.4535039284999,44712.58432364013,1.0108046858924205
Sri Lanka,2024,2024,10,2024-W10,426,2024,11,427,1,negative_binomial_epidemiology,975.0,1134.00365238562,2023.0,209.19323671497585,159.00365238561994,159.00365238561994,25282.16147196706,0.7600802725867336
Sri Lanka,2024,2024,11,2024-W11,427,2024,12,428,1,negative_binomial_epidemiology,1004.0,976.954005652355,2023.0,209.19323671497585,-27.045994347644978,27.045994347644978,731.4858102528441,0.12928713553246912
Sri Lanka,2024,2024,12,2024-W12,428,2024,13,429,1,negative_binomial_epidemiology,747.0,945.171750306167,2023.0,209.19323671497585,198.17175030616704,198.17175030616704,39272.04261940982,0.9473143272608497
Sri Lanka,2024,2024,13,2024-W13,429,2024,14,430,1,negative_binomial_epidemiology,664.0,804.634962349912,2023.0,209.19323671497585,140.63496234991203,140.63496234991203,19778.192635161173,0.6722729881632171
Sri Lanka,2024,2024,14,2024-W14,430,2024,15,431,1,negative_binomial_epidemiology,614.0,680.628996657308,2023.0,209.19323671497585,66.628996657308,66.628996657308,4439.42319555956,0.31850454490595925
Sri Lanka,2024,2024,15,2024-W15,431,2024,16,432,1,negative_binomial_epidemiology,427.0,621.13675707507,2023.0,209.19323671497585,194.13675707507002,194.13675707507002,37689.08044762475,0.9280259731321039
Sri Lanka,2024,2024,16,2024-W16,432,2024,17,433,1,negative_binomial_epidemiology,576.0,491.36020884197,2023.0,209.19323671497585,-84.63979115803,84.63979115803,7163.894247274932,0.4046009923033556
Sri Lanka,2024,2024,17,2024-W17,433,2024,18,434,1,negative_binomial_epidemiology,537.0,524.453078404683,2023.0,209.19323671497585,-12.54692159531703,12.54692159531703,157.42524151903285,0.05997766367758874
Sri Lanka,2024,2024,18,2024-W18,434,2024,19,435,1,negative_binomial_epidemiology,571.0,564.632816262907,2023.0,209.19323671497585,-6.367183737093001,6.367183737093001,40.54102874190159,0.03043685272563682
Sri Lanka,2024,2024,19,2024-W19,435,2024,20,436,1,negative_binomial_epidemiology,589.0,591.262037815879,2023.0,209.19323671497585,2.2620378158790118,2.2620378158790118,5.11681508046669,0.010813149848439032
Sri Lanka,2024,2024,20,2024-W20,436,2024,21,437,1,negative_binomial_epidemiology,663.0,611.22217483584,2023.0,209.19323671497585,-51.77782516416005,51.77782516416005,2680.9431787303256,0.2475119462619479
Sri Lanka,2024,2024,21,2024-W21,437,2024,22,438,1,negative_binomial_epidemiology,493.0,678.869136144065,2023.0,209.19323671497585,185.869136144065,185.869136144065,34547.335770940976,0.8885045188975695
Sri Lanka,2024,2024,22,2024-W22,438,2024,23,439,1,negative_binomial_epidemiology,648.0,589.563884651298,2023.0,209.19323671497585,-58.43611534870195,58.43611534870195,3414.779577046799,0.27934036619128705
Sri Lanka,2024,2024,23,2024-W23,439,2024,24,440,1,negative_binomial_epidemiology,640.0,631.053979256894,2023.0,209.19323671497585,-8.946020743106033,8.946020743106033,80.0312871360834,0.042764388005979925
Sri Lanka,2024,2024,24,2024-W24,440,2024,25,441,1,negative_binomial_epidemiology,677.0,686.189908464022,2023.0,209.19323671497585,9.189908464021983,9.189908464021983,84.45441757710287,0.043930236982485056
Sri Lanka,2024,2024,25,2024-W25,441,2024,26,442,1,negative_binomial_epidemiology,683.0,721.73162440704,2023.0,209.19323671497585,38.731624407040044,38.731624407040044,1500.13872920802,0.1851475937523333
Sri Lanka,2024,2024,26,2024-W26,442,2024,27,443,1,negative_binomial_epidemiology,875.0,729.717103309849,2023.0,209.19323671497585,-145.282896690151,145.282896690151,21107.12007068109,0.6944913658374998
Sri Lanka,2024,2024,27,2024-W27,443,2024,28,444,1,negative_binomial_epidemiology,935.0,861.493780229524,2023.0,209.19323671497585,-73.50621977047604,73.50621977047604,5403.164344945522,0.35137952318519594
Sri Lanka,2024,2024,28,2024-W28,444,2024,29,445,1,negative_binomial_epidemiology,989.0,982.952162493309,2023.0,209.19323671497585,-6.047837506691053,6.047837506691053,36.57633850733905,0.02891029175542221
Sri Lanka,2024,2024,29,2024-W29,445,2024,30,446,1,negative_binomial_epidemiology,992.0,1049.89522686049,2023.0,209.19323671497585,57.895226860490084,57.895226860490084,3351.8572932276124,0.2767547735750744
Sri Lanka,2024,2024,30,2024-W30,446,2024,31,447,1,negative_binomial_epidemiology,1031.0,1061.87355825436,2023.0,209.19323671497585,30.873558254359978,30.873558254359978,953.1765992853591,0.1475839216371271
Sri Lanka,2024,2024,31,2024-W31,447,2024,32,448,1,negative_binomial_epidemiology,1004.0,1085.21571578516,2023.0,209.19323671497585,81.21571578516,81.21571578516,6595.992490495887,0.3882329900359818
Sri Lanka,2024,2024,32,2024-W32,448,2024,33,449,1,negative_binomial_epidemiology,960.0,1076.6685580897,2023.0,209.19323671497585,116.6685580896999,116.6685580896999,13611.55244672968,0.557707122475761
Sri Lanka,2024,2024,33,2024-W33,449,2024,34,450,1,negative_binomial_epidemiology,911.0,1033.11669711693,2023.0,209.19323671497585,122.11669711693003,122.11669711693003,14912.487714748026,0.5837506940213038
Sri Lanka,2024,2024,34,2024-W34,450,2024,35,451,1,negative_binomial_epidemiology,857.0,976.429959731893,2023.0,209.19323671497585,119.42995973189295,119.42995973189295,14263.515281561571,0.570907365875386
Sri Lanka,2024,2024,35,2024-W35,451,2024,36,452,1,negative_binomial_epidemiology,854.0,919.026930719106,2023.0,209.19323671497585,65.02693071910596,65.02693071910596,4228.501718747407,0.3108462383404137
Sri Lanka,2024,2024,36,2024-W36,452,2024,37,453,1,negative_binomial_epidemiology,733.0,896.829299170606,2023.0,209.19323671497585,163.82929917060596,163.82929917060596,26840.03926673191,0.7831481635987214
Sri Lanka,2024,2024,37,2024-W37,453,2024,38,454,1,negative_binomial_epidemiology,694.0,814.63458461038,2023.0,209.19323671497585,120.63458461037999,120.63458461037999,14552.703004118928,0.5766657971583645
Sri Lanka,2024,2024,38,2024-W38,454,2024,39,455,1,negative_binomial_epidemiology,671.0,746.707380071291,2023.0,209.19323671497585,75.70738007129103,75.70738007129103,5731.607397258914,0.36190166211941993
Sri Lanka,2024,2024,39,2024-W39,455,2024,40,456,1,negative_binomial_epidemiology,657.0,715.779696561928,2023.0,209.19323671497585,58.77969656192795,58.77969656192795,3455.0527279123244,0.2809827769050432
Sri Lanka,2024,2024,40,2024-W40,456,2024,41,457,1,negative_binomial_epidemiology,686.0,704.634726764273,2023.0,209.19323671497585,18.634726764272955,18.634726764272955,347.2530415791108,0.08907901162054596
Sri Lanka,2024,2024,41,2024-W41,457,2024,42,458,1,negative_binomial_epidemiology,707.0,721.670350297391,2023.0,209.19323671497585,14.670350297390996,14.670350297390996,215.2191778481601,0.07012822463939995
Sri Lanka,2024,2024,42,2024-W42,458,2024,43,459,1,negative_binomial_epidemiology,668.0,751.232573916003,2023.0,209.19323671497585,83.23257391600305,83.23257391600305,6927.6613606829105,0.3978741149715408
Sri Lanka,2024,2024,43,2024-W43,459,2024,44,460,1,negative_binomial_epidemiology,672.0,736.74773087843,2023.0,209.19323671497585,64.74773087843005,64.74773087843005,4192.268653905604,0.30951158792312355
Sri Lanka,2024,2024,44,2024-W44,460,2024,45,461,1,negative_binomial_epidemiology,669.0,724.887754363656,2023.0,209.19323671497585,55.88775436365597,55.88775436365597,3123.441087812347,0.2671585144973047
Sri Lanka,2024,2024,45,2024-W45,461,2024,46,462,1,negative_binomial_epidemiology,696.0,724.214690426377,2023.0,209.19323671497585,28.214690426377047,28.214690426377047,796.0687558562926,0.13487381747823587
Sri Lanka,2024,2024,46,2024-W46,462,2024,47,463,1,negative_binomial_epidemiology,626.0,743.316189738034,2023.0,209.19323671497585,117.31618973803404,117.31618973803404,13763.088374650404,0.5608029761395987
Sri Lanka,2024,2024,47,2024-W47,463,2024,48,464,1,negative_binomial_epidemiology,913.0,703.69381075376,2023.0,209.19323671497585,-209.30618924624002,209.30618924624002,43809.08085678284,1.0005399435136522
Sri Lanka,2024,2024,48,2024-W48,464,2024,49,465,1,negative_binomial_epidemiology,832.0,858.308149504702,2023.0,209.19323671497585,26.308149504701987,26.308149504701987,692.1187303617514,0.12576003850710832
Sri Lanka,2024,2024,49,2024-W49,465,2024,50,466,1,negative_binomial_epidemiology,736.0,925.761960314871,2023.0,209.19323671497585,189.76196031487098,189.76196031487098,36009.601582542666,0.907113266636914
Sri Lanka,2024,2024,50,2024-W50,466,2024,51,467,1,negative_binomial_epidemiology,915.0,836.679917352346,2023.0,209.19323671497585,-78.32008264765398,78.32008264765398,6134.035345935349,0.3743910839448623
Sri Lanka,2024,2023,51,2023-W51,415,2024,1,417,2,negative_binomial_climate,2760.0,4209.00012976717,2023.0,209.19323671497585,1449.0001297671697,1449.0001297671697,2099601.3760652747,6.926610785899455
Sri Lanka,2024,2024,9,2024-W09,425,2024,11,427,2,negative_binomial_climate,975.0,1341.73946929215,2023.0,209.19323671497585,366.73946929215003,366.73946929215003,134497.83833668786,1.7531134134696222
Sri Lanka,2024,2024,10,2024-W10,426,2024,12,428,2,negative_binomial_climate,1004.0,1129.39408110256,2023.0,209.19323671497585,125.39408110256,125.39408110256,15723.675575555393,0.5994174719587538
Sri Lanka,2024,2024,11,2024-W11,427,2024,13,429,2,negative_binomial_climate,747.0,1005.12873902137,2023.0,209.19323671497585,258.12873902137005,258.12873902137005,66630.44590876257,1.2339248776626006
Sri Lanka,2024,2024,12,2024-W12,428,2024,14,430,2,negative_binomial_climate,664.0,1004.15676361909,2023.0,209.19323671497585,340.15676361909004,340.15676361909004,115706.6238358135,1.6260409225492838
Sri Lanka,2024,2024,13,2024-W13,429,2024,15,431,2,negative_binomial_climate,614.0,726.539339717738,2023.0,209.19323671497585,112.53933971773802,112.53933971773802,12665.102984104446,0.53796834680211
Sri Lanka,2024,2024,14,2024-W14,430,2024,16,432,2,negative_binomial_climate,427.0,597.726241769628,2023.0,209.19323671497585,170.72624176962802,170.72624176962802,29147.44962878148,0.8161174063301156
Sri Lanka,2024,2024,15,2024-W15,431,2024,17,433,2,negative_binomial_climate,576.0,590.927903337364,2023.0,209.19323671497585,14.927903337364,14.927903337364,222.84229804968325,0.07135939752059553
Sri Lanka,2024,2024,16,2024-W16,432,2024,18,434,2,negative_binomial_climate,537.0,621.055398745678,2023.0,209.19323671497585,84.05539874567796,84.05539874567796,7065.31005829492,0.40180743921565104
Sri Lanka,2024,2024,17,2024-W17,433,2024,19,435,2,negative_binomial_climate,571.0,633.368705238,2023.0,209.19323671497585,62.36870523799996,62.36870523799996,3889.855393064524,0.29813920477255595
Sri Lanka,2024,2024,18,2024-W18,434,2024,20,436,2,negative_binomial_climate,589.0,621.383337489457,2023.0,209.19323671497585,32.38333748945695,32.38333748945695,1048.680546956068,0.15480107291221365
Sri Lanka,2024,2024,19,2024-W19,435,2024,21,437,2,negative_binomial_climate,663.0,766.628600991291,2023.0,209.19323671497585,103.62860099129102,103.62860099129102,10738.886943412203,0.4953726163359869
Sri Lanka,2024,2024,20,2024-W20,436,2024,22,438,2,negative_binomial_climate,493.0,739.722444933447,2023.0,209.19323671497585,246.72244493344704,246.72244493344704,60871.9648339378,1.1793997206018876
Sri Lanka,2024,2024,21,2024-W21,437,2024,23,439,2,negative_binomial_climate,648.0,840.737236449803,2023.0,209.19323671497585,192.73723644980305,192.73723644980305,37147.64231430729,0.9213358877008343
Sri Lanka,2024,2024,22,2024-W22,438,2024,24,440,2,negative_binomial_climate,640.0,699.413777051691,2023.0,209.19323671497585,59.413777051691,59.413777051691,3529.996903548044,0.2840138523820529
Sri Lanka,2024,2024,23,2024-W23,439,2024,25,441,2,negative_binomial_climate,677.0,885.648408435697,2023.0,209.19323671497585,208.64840843569698,208.64840843569698,43534.158342749426,0.9973955741216376
Sri Lanka,2024,2024,24,2024-W24,440,2024,26,442,2,negative_binomial_climate,683.0,910.71051204635,2023.0,209.19323671497585,227.71051204635,227.71051204635,51852.07729641091,1.0885175621456815
Sri Lanka,2024,2024,25,2024-W25,441,2024,27,443,2,negative_binomial_climate,875.0,876.235775149345,2023.0,209.19323671497585,1.235775149345045,1.235775149345045,1.5271402197387685,0.005907337965370166
Sri Lanka,2024,2024,26,2024-W26,442,2024,28,444,2,negative_binomial_climate,935.0,896.786804845705,2023.0,209.19323671497585,-38.21319515429502,38.21319515429502,1460.2482839002366,0.18266936232914738
Sri Lanka,2024,2024,27,2024-W27,443,2024,29,445,2,negative_binomial_climate,989.0,907.050255072286,2023.0,209.19323671497585,-81.94974492771405,81.94974492771405,6715.760693717395,0.39174184698604736
Sri Lanka,2024,2024,28,2024-W28,444,2024,30,446,2,negative_binomial_climate,992.0,964.462876421313,2023.0,209.19323671497585,-27.537123578686987,27.537123578686987,758.2931749878788,0.13163486550096312
Sri Lanka,2024,2024,29,2024-W29,445,2024,31,447,2,negative_binomial_climate,1031.0,1064.80573596524,2023.0,209.19323671497585,33.805735965240046,33.805735965240046,1142.8277841515244,0.16160052062916402
Sri Lanka,2024,2024,30,2024-W30,446,2024,32,448,2,negative_binomial_climate,1004.0,1013.77712816031,2023.0,209.19323671497585,9.777128160309985,9.777128160309985,95.59223506312651,0.04673730524869332
Sri Lanka,2024,2024,31,2024-W31,447,2024,33,449,2,negative_binomial_climate,960.0,1041.66213817126,2023.0,209.19323671497585,81.66213817126004,81.66213817126004,6668.704810701966,0.3903670092476463
Sri Lanka,2024,2024,32,2024-W32,448,2024,34,450,2,negative_binomial_climate,911.0,1065.28966496505,2023.0,209.19323671497585,154.28966496504995,154.28966496504995,23805.300715027362,0.7375461434026589
Sri Lanka,2024,2024,33,2024-W33,449,2024,35,451,2,negative_binomial_climate,857.0,883.939258716369,2023.0,209.19323671497585,26.939258716368954,26.939258716368954,725.7236601874607,0.12877691047475634
Sri Lanka,2024,2024,34,2024-W34,450,2024,36,452,2,negative_binomial_climate,854.0,948.359378085502,2023.0,209.19323671497585,94.35937808550204,94.35937808550204,8903.692232682723,0.45106323496522
Sri Lanka,2024,2024,35,2024-W35,451,2024,37,453,2,negative_binomial_climate,733.0,913.093132065424,2023.0,209.19323671497585,180.09313206542402,180.09313206542402,32433.536217134257,0.8608936641235658
Sri Lanka,2024,2024,36,2024-W36,452,2024,38,454,2,negative_binomial_climate,694.0,1013.65495300162,2023.0,209.19323671497585,319.65495300162,319.65495300162,102179.2889784679,1.5280367473693588
Sri Lanka,2024,2024,37,2024-W37,453,2024,39,455,2,negative_binomial_climate,671.0,895.332466348792,2023.0,209.19323671497585,224.33246634879197,224.33246634879197,50325.05545813188,1.0723695941204983
Sri Lanka,2024,2024,38,2024-W38,454,2024,40,456,2,negative_binomial_climate,657.0,689.456654189154,2023.0,209.19323671497585,32.45665418915405,32.45665418915405,1053.4344011543312,0.15515154647841692
Sri Lanka,2024,2024,39,2024-W39,455,2024,41,457,2,negative_binomial_climate,686.0,769.746588937323,2023.0,209.19323671497585,83.74658893732305,83.74658893732305,7013.49115863696,0.4003312451799153
Sri Lanka,2024,2024,40,2024-W40,456,2024,42,458,2,negative_binomial_climate,707.0,698.41240305649,2023.0,209.19323671497585,-8.587596943509993,8.587596943509993,73.74682126418217,0.04105102573277991
Sri Lanka,2024,2024,41,2024-W41,457,2024,43,459,2,negative_binomial_climate,668.0,701.490730616525,2023.0,209.19323671497585,33.49073061652496,33.49073061652496,1121.6290372286421,0.16009471024226188
Sri Lanka,2024,2024,42,2024-W42,458,2024,44,460,2,negative_binomial_climate,672.0,712.694213143627,2023.0,209.19323671497585,40.69421314362705,40.69421314362705,1656.0189833789489,0.19452929637047778
Sri Lanka,2024,2024,43,2024-W43,459,2024,45,461,2,negative_binomial_climate,669.0,832.26614915283,2023.0,209.19323671497585,163.26614915283005,163.26614915283005,26655.83545919415,0.7804561548769328
Sri Lanka,2024,2024,44,2024-W44,460,2024,46,462,2,negative_binomial_climate,696.0,845.171094978764,2023.0,209.19323671497585,149.17109497876402,149.17109497876402,22252.015577163435,0.713078000614372
Sri Lanka,2024,2024,45,2024-W45,461,2024,47,463,2,negative_binomial_climate,626.0,859.368546021281,2023.0,209.19323671497585,233.36854602128096,233.36854602128096,54460.87827208673,1.1155644880586832
Sri Lanka,2024,2024,46,2024-W46,462,2024,48,464,2,negative_binomial_climate,913.0,865.200495686867,2023.0,209.19323671497585,-47.79950431313296,47.79950431313296,2284.792612581216,0.22849450136984786
Sri Lanka,2024,2024,47,2024-W47,463,2024,49,465,2,negative_binomial_climate,832.0,819.552995145299,2023.0,209.19323671497585,-12.44700485470105,12.44700485470105,154.92792985295148,0.059500034753322335
Sri Lanka,2024,2024,48,2024-W48,464,2024,50,466,2,negative_binomial_climate,736.0,1069.96502056473,2023.0,209.19323671497585,333.9650205647299,333.9650205647299,111532.63496080047,1.5964427235272172
Sri Lanka,2024,2024,49,2024-W49,465,2024,51,467,2,negative_binomial_climate,915.0,1100.52468288685,2023.0,209.19323671497585,185.5246828868501,185.5246828868501,34419.40796026628,0.8868579395787352
Sri Lanka,2024,2023,51,2023-W51,415,2024,1,417,2,negative_binomial_epidemiology,2760.0,3662.1948821392,2023.0,209.19323671497585,902.1948821392002,902.1948821392002,813955.6053581653,4.31273446649919
Sri Lanka,2024,2024,9,2024-W09,425,2024,11,427,2,negative_binomial_epidemiology,975.0,1278.52058806833,2023.0,209.19323671497585,303.52058806832997,303.52058806832997,92124.74738134485,1.450910138561862
Sri Lanka,2024,2024,10,2024-W10,426,2024,12,428,2,negative_binomial_epidemiology,1004.0,1126.40074594965,2023.0,209.19323671497585,122.40074594964995,122.40074594964995,14981.942609030748,0.58510852392623
Sri Lanka,2024,2024,11,2024-W11,427,2024,13,429,2,negative_binomial_epidemiology,747.0,947.70941419378,2023.0,209.19323671497585,200.70941419378005,200.70941419378005,40284.26894601036,0.9594450439487442
Sri Lanka,2024,2024,12,2024-W12,428,2024,14,430,2,negative_binomial_epidemiology,664.0,961.561589984627,2023.0,209.19323671497585,297.56158998462695,297.56158998462695,88542.89983417925,1.422424523169706
Sri Lanka,2024,2024,13,2024-W13,429,2024,15,431,2,negative_binomial_epidemiology,614.0,797.88694438287,2023.0,209.19323671497585,183.88694438286996,183.88694438286996,33814.40831446871,0.8790291085433822
Sri Lanka,2024,2024,14,2024-W14,430,2024,16,432,2,negative_binomial_epidemiology,427.0,681.635342772263,2023.0,209.19323671497585,254.63534277226302,254.63534277226302,64839.15778874788,1.2172255029410997
Sri Lanka,2024,2024,15,2024-W15,431,2024,17,433,2,negative_binomial_epidemiology,576.0,641.127820660515,2023.0,209.19323671497585,65.127820660515,65.127820660515,4241.6330239882045,0.3113285194265202
Sri Lanka,2024,2024,16,2024-W16,432,2024,18,434,2,negative_binomial_epidemiology,537.0,485.680341012177,2023.0,209.19323671497585,-51.319658987823004,51.319658987823004,2633.7073986264427,0.245321788570754
Sri Lanka,2024,2024,17,2024-W17,433,2024,19,435,2,negative_binomial_epidemiology,571.0,556.214553641993,2023.0,209.19323671497585,-14.785446358006993,14.785446358006993,218.60942400550226,0.07067841480053223
Sri Lanka,2024,2024,18,2024-W18,434,2024,20,436,2,negative_binomial_epidemiology,589.0,601.353737712298,2023.0,209.19323671497585,12.35373771229797,12.35373771229797,152.6148354642531,0.05905419269902039
Sri Lanka,2024,2024,19,2024-W19,435,2024,21,437,2,negative_binomial_epidemiology,663.0,609.728044232332,2023.0,209.19323671497585,-53.27195576766803,53.27195576766803,2837.9012713123793,0.2546542928644039
Sri Lanka,2024,2024,20,2024-W20,436,2024,22,438,2,negative_binomial_epidemiology,493.0,662.116271858115,2023.0,209.19323671497585,169.11627185811506,169.11627185811506,28600.313407187878,0.8084213166438772
Sri Lanka,2024,2024,21,2024-W21,437,2024,23,439,2,negative_binomial_epidemiology,648.0,710.91947181785,2023.0,209.19323671497585,62.91947181784997,62.91947181784997,3958.8599338372164,0.30077201732662734
Sri Lanka,2024,2024,22,2024-W22,438,2024,24,440,2,negative_binomial_epidemiology,640.0,601.169024023292,2023.0,209.19323671497585,-38.83097597670803,38.83097597670803,1507.8446953036764,0.18562252100728732
Sri Lanka,2024,2024,23,2024-W23,439,2024,25,441,2,negative_binomial_epidemiology,677.0,661.789650771683,2023.0,209.19323671497585,-15.210349228317,15.210349228317,231.35472364736356,0.07270956493225918
Sri Lanka,2024,2024,24,2024-W24,440,2024,26,442,2,negative_binomial_epidemiology,683.0,729.654763396948,2023.0,209.19323671497585,46.654763396948056,46.654763396948056,2176.666947625204,0.2230223315513532
Sri Lanka,2024,2024,25,2024-W25,441,2024,27,443,2,negative_binomial_epidemiology,875.0,734.201071902262,2023.0,209.19323671497585,-140.79892809773798,140.79892809773798,19824.338153471992,0.6730567885881292
Sri Lanka,2024,2024,26,2024-W26,442,2024,28,444,2,negative_binomial_epidemiology,935.0,776.516746720745,2023.0,209.19323671497585,-158.483253279255,158.483253279255,25116.94156997649,0.7575926247328311
Sri Lanka,2024,2024,27,2024-W27,443,2024,29,445,2,negative_binomial_epidemiology,989.0,907.029925431165,2023.0,209.19323671497585,-81.970074568835,81.970074568835,6719.093124820371,0.39183902814467464
Sri Lanka,2024,2024,28,2024-W28,444,2024,30,446,2,negative_binomial_epidemiology,992.0,1030.62946884315,2023.0,209.19323671497585,38.62946884315011,38.62946884315011,1492.2358631039049,0.18465926264997973
Sri Lanka,2024,2024,29,2024-W29,445,2024,31,447,2,negative_binomial_epidemiology,1031.0,1075.81426474872,2023.0,209.19323671497585,44.81426474872001,44.81426474872001,2008.3183249683686,0.2142242524302021
Sri Lanka,2024,2024,30,2024-W30,446,2024,32,448,2,negative_binomial_epidemiology,1004.0,1100.54898700698,2023.0,209.19323671497585,96.54898700698004,96.54898700698004,9321.706892074,0.46153015519582635
Sri Lanka,2024,2024,31,2024-W31,447,2024,33,449,2,negative_binomial_epidemiology,960.0,1103.04825201042,2023.0,209.19323671497585,143.0482520104199,143.0482520104199,20462.8024032366,0.6838091625558719
Sri Lanka,2024,2024,32,2024-W32,448,2024,34,450,2,negative_binomial_epidemiology,911.0,1090.95306831275,2023.0,209.19323671497585,179.95306831275002,179.95306831275002,32383.106795173277,0.8602241216714605
Sri Lanka,2024,2024,33,2024-W33,449,2024,35,451,2,negative_binomial_epidemiology,857.0,1040.80398073107,2023.0,209.19323671497585,183.80398073106994,183.80398073106994,33783.90333258753,0.8786325199485365
Sri Lanka,2024,2024,34,2024-W34,450,2024,36,452,2,negative_binomial_epidemiology,854.0,991.004026534801,2023.0,209.19323671497585,137.00402653480103,137.00402653480103,18770.103286748465,0.6549161372815697
Sri Lanka,2024,2024,35,2024-W35,451,2024,37,453,2,negative_binomial_epidemiology,733.0,930.368911395958,2023.0,209.19323671497585,197.36891139595798,197.36891139595798,38954.48718562551,0.943476541093303
Sri Lanka,2024,2024,36,2024-W36,452,2024,38,454,2,negative_binomial_epidemiology,694.0,915.80926990004,2023.0,209.19323671497585,221.80926990004002,221.80926990004002,49199.3522135888,1.0603080356859405
Sri Lanka,2024,2024,37,2024-W37,453,2024,39,455,2,negative_binomial_epidemiology,671.0,826.057832146074,2023.0,209.19323671497585,155.05783214607402,155.05783214607402,24042.931309840067,0.741218189368804
Sri Lanka,2024,2024,38,2024-W38,454,2024,40,456,2,negative_binomial_epidemiology,657.0,761.800397947074,2023.0,209.19323671497585,104.80039794707398,104.80039794707398,10983.123409865068,0.5009741213090159
Sri Lanka,2024,2024,39,2024-W39,455,2024,41,457,2,negative_binomial_epidemiology,686.0,742.157574910215,2023.0,209.19323671497585,56.157574910214976,56.157574910214976,3153.6732197964066,0.2684483293631965
Sri Lanka,2024,2024,40,2024-W40,456,2024,42,458,2,negative_binomial_epidemiology,707.0,726.220668236781,2023.0,209.19323671497585,19.220668236780966,19.220668236780966,369.4340874684007,0.09187996963290442
Sri Lanka,2024,2024,41,2024-W41,457,2024,43,459,2,negative_binomial_epidemiology,668.0,756.78678344589,2023.0,209.19323671497585,88.78678344589002,88.78678344589002,7883.092914667371,0.4244247320809005
Sri Lanka,2024,2024,42,2024-W42,458,2024,44,460,2,negative_binomial_epidemiology,672.0,789.605219122166,2023.0,209.19323671497585,117.60521912216598,117.60521912216598,13830.987564772673,0.5621846144213647
Sri Lanka,2024,2024,43,2024-W43,459,2024,45,461,2,negative_binomial_epidemiology,669.0,766.346545437866,2023.0,209.19323671497585,97.34654543786598,97.34654543786598,9476.349908686507,0.46534269925035815
Sri Lanka,2024,2024,44,2024-W44,460,2024,46,462,2,negative_binomial_epidemiology,696.0,756.643499437112,2023.0,209.19323671497585,60.64349943711204,60.64349943711204,3677.6340239790084,0.28989225650606637
Sri Lanka,2024,2024,45,2024-W45,461,2024,47,463,2,negative_binomial_epidemiology,626.0,756.477725688969,2023.0,209.19323671497585,130.47772568896903,130.47772568896903,17024.436900965848,0.6237186619314271
Sri Lanka,2024,2024,46,2024-W46,462,2024,48,464,2,negative_binomial_epidemiology,913.0,774.254123899636,2023.0,209.19323671497585,-138.74587610036394,138.74587610036394,19250.418134857544,0.6632426472247959
Sri Lanka,2024,2024,47,2024-W47,463,2024,49,465,2,negative_binomial_epidemiology,832.0,729.325604176077,2023.0,209.19323671497585,-102.67439582392296,102.67439582392296,10542.03155780761,0.49081125870152303
Sri Lanka,2024,2024,48,2024-W48,464,2024,50,466,2,negative_binomial_epidemiology,736.0,922.003126768161,2023.0,209.19323671497585,186.003126768161,186.003126768161,34597.16316753257,0.8891450301597886
Sri Lanka,2024,2024,49,2024-W49,465,2024,51,467,2,negative_binomial_epidemiology,915.0,973.757590253256,2023.0,209.19323671497585,58.75759025325601,58.75759025325601,3452.454412369526,0.2808771027971271
Sri Lanka,2024,2023,49,2023-W49,413,2024,1,417,4,negative_binomial_climate,2760.0,3503.98673055972,2023.0,209.19323671497585,743.98673055972,743.98673055972,553516.2552489414,3.556456901966654
Sri Lanka,2024,2023,50,2023-W50,414,2024,2,418,4,negative_binomial_climate,2656.0,3666.37965310663,2023.0,209.19323671497585,1010.37965310663,1010.37965310663,1020867.043411874,4.829886802140092
Sri Lanka,2024,2023,51,2023-W51,415,2024,3,419,4,negative_binomial_climate,2913.0,4326.43523523108,2023.0,209.19323671497585,1413.4352352310798,1413.4352352310798,1997799.1641927378,6.7566010136210775
Sri Lanka,2024,2024,9,2024-W09,425,2024,13,429,4,negative_binomial_climate,747.0,1449.51343060375,2023.0,209.19323671497585,702.5134306037501,702.5134306037501,493525.12017864996,3.3582033608520487
Sri Lanka,2024,2024,10,2024-W10,426,2024,14,430,4,negative_binomial_climate,664.0,1226.6462027829,2023.0,209.19323671497585,562.6462027829,562.6462027829,316570.7495060162,2.6896003504620993
Sri Lanka,2024,2024,11,2024-W11,427,2024,15,431,4,negative_binomial_climate,614.0,1183.25094775773,2023.0,209.19323671497585,569.25094775773,569.25094775773,324046.6415230739,2.721172809871143
Sri Lanka,2024,2024,12,2024-W12,428,2024,16,432,4,negative_binomial_climate,427.0,1189.21401001857,2023.0,209.19323671497585,762.21401001857,762.21401001857,580970.1970685887,3.643588205755813
Sri Lanka,2024,2024,13,2024-W13,429,2024,17,433,4,negative_binomial_climate,576.0,819.112539863488,2023.0,209.19323671497585,243.112539863488,243.112539863488,59103.70703887604,1.1621434023449186
Sri Lanka,2024,2024,14,2024-W14,430,2024,18,434,4,negative_binomial_climate,537.0,688.8003217483,2023.0,209.19323671497585,151.8003217483,151.8003217483,23043.337682887402,0.7256464125325751
Sri Lanka,2024,2024,15,2024-W15,431,2024,19,435,4,negative_binomial_climate,571.0,701.285824731165,2023.0,209.19323671497585,130.285824731165,130.285824731165,16974.396125879848,0.6228013236808341
Sri Lanka,2024,2024,16,2024-W16,432,2024,20,436,4,negative_binomial_climate,589.0,810.816364306704,2023.0,209.19323671497585,221.81636430670403,221.81636430670403,49202.49947424444,1.0603419488600727
Sri Lanka,2024,2024,17,2024-W17,433,2024,21,437,4,negative_binomial_climate,663.0,822.291221044094,2023.0,209.19323671497585,159.29122104409396,159.29122104409396,25373.693101718403,0.7614549282065318
Sri Lanka,2024,2024,18,2024-W18,434,2024,22,438,4,negative_binomial_climate,493.0,786.641831592087,2023.0,209.19323671497585,293.641831592087,293.641831592087,86225.52526075557,1.4036870225980187
Sri Lanka,2024,2024,19,2024-W19,435,2024,23,439,4,negative_binomial_climate,648.0,962.603786752232,2023.0,209.19323671497585,314.60378675223205,314.60378675223205,98975.5426388439,1.5038908125929389
Sri Lanka,2024,2024,20,2024-W20,436,2024,24,440,4,negative_binomial_climate,640.0,945.408515534112,2023.0,209.19323671497585,305.408515534112,305.408515534112,93274.36136074993,1.4599349402018609
Sri Lanka,2024,2024,21,2024-W21,437,2024,25,441,4,negative_binomial_climate,677.0,1093.12959740893,2023.0,209.19323671497585,416.12959740893007,416.12959740893007,173163.84183971822,1.989211524920872
Sri Lanka,2024,2024,22,2024-W22,438,2024,26,442,4,negative_binomial_climate,683.0,907.604377687408,2023.0,209.19323671497585,224.60437768740803,224.60437768740803,50447.12647634783,1.0736694035354009
Sri Lanka,2024,2024,23,2024-W23,439,2024,27,443,4,negative_binomial_climate,875.0,1040.53932061825,2023.0,209.19323671497585,165.53932061825003,165.53932061825003,27403.26667075178,0.7913225265680843
Sri Lanka,2024,2024,24,2024-W24,440,2024,28,444,4,negative_binomial_climate,935.0,967.840610878764,2023.0,209.19323671497585,32.84061087876398,32.84061087876398,1078.5057228903913,0.1569869628410074
Sri Lanka,2024,2024,25,2024-W25,441,2024,29,445,4,negative_binomial_climate,989.0,965.652016730572,2023.0,209.19323671497585,-23.347983269428028,23.347983269428028,545.1283227494911,0.11160964683212714
Sri Lanka,2024,2024,26,2024-W26,442,2024,30,446,4,negative_binomial_climate,992.0,966.320805935513,2023.0,209.19323671497585,-25.67919406448698,25.67919406448698,659.4210078015833,0.1227534621469368
Sri Lanka,2024,2024,27,2024-W27,443,2024,31,447,4,negative_binomial_climate,1031.0,918.781582461742,2023.0,209.19323671497585,-112.218417538258,112.218417538258,12592.97323479081,0.5364342523709537
Sri Lanka,2024,2024,28,2024-W28,444,2024,32,448,4,negative_binomial_climate,1004.0,952.815318359582,2023.0,209.19323671497585,-51.184681640418034,51.184681640418034,2619.871634630947,0.24467656050542763
Sri Lanka,2024,2024,29,2024-W29,445,2024,33,449,4,negative_binomial_climate,960.0,1051.894423683,2023.0,209.19323671497585,91.89442368300001,91.89442368300001,8444.585104030713,0.4392800891943053
Sri Lanka,2024,2024,30,2024-W30,446,2024,34,450,4,negative_binomial_climate,911.0,991.250942927703,2023.0,209.19323671497585,80.25094292770302,80.25094292770302,6440.213840785448,0.3836211159973795
Sri Lanka,2024,2024,31,2024-W31,447,2024,35,451,4,negative_binomial_climate,857.0,1039.81652885644,2023.0,209.19323671497585,182.81652885644007,182.81652885644007,33421.883223117584,0.873912234101173
Sri Lanka,2024,2024,32,2024-W32,448,2024,36,452,4,negative_binomial_climate,854.0,1068.94581524535,2023.0,209.19323671497585,214.9458152453501,214.9458152453501,46201.70349148818,1.0274988743455988
Sri Lanka,2024,2024,33,2024-W33,449,2024,37,453,4,negative_binomial_climate,733.0,899.12049411645,2023.0,209.19323671497585,166.12049411645,166.12049411645,27596.0185654935,0.7941006923793998
Sri Lanka,2024,2024,34,2024-W34,450,2024,38,454,4,negative_binomial_climate,694.0,1004.2948166484,2023.0,209.19323671497585,310.2948166484,310.2948166484,96282.87323886418,1.483292775240025
Sri Lanka,2024,2024,35,2024-W35,451,2024,39,455,4,negative_binomial_climate,671.0,973.801376187288,2023.0,209.19323671497585,302.80137618728804,302.80137618728804,91688.67342091553,1.4474721121116
Sri Lanka,2024,2024,36,2024-W36,452,2024,40,456,4,negative_binomial_climate,657.0,1108.44479082813,2023.0,209.19323671497585,451.44479082812995,451.44479082812995,203802.399165854,2.1580276586246425
Sri Lanka,2024,2024,37,2024-W37,453,2024,41,457,4,negative_binomial_climate,686.0,947.393028357786,2023.0,209.19323671497585,261.39302835778597,261.39302835778597,68326.3152740543,1.2495290596508717
Sri Lanka,2024,2024,38,2024-W38,454,2024,42,458,4,negative_binomial_climate,707.0,729.094676663986,2023.0,209.19323671497585,22.09467666398598,22.09467666398598,488.1747368860866,0.1056185037859986
Sri Lanka,2024,2024,39,2024-W39,455,2024,43,459,4,negative_binomial_climate,668.0,869.086468784487,2023.0,209.19323671497585,201.086468784487,201.086468784487,40435.76792821447,0.961247466420082
Sri Lanka,2024,2024,40,2024-W40,456,2024,44,460,4,negative_binomial_climate,672.0,817.590766026058,2023.0,209.19323671497585,145.59076602605796,145.59076602605796,21196.671152054354,0.6959630641616977
Sri Lanka,2024,2024,41,2024-W41,457,2024,45,461,4,negative_binomial_climate,669.0,841.475202535103,2023.0,209.19323671497585,172.475202535103,172.475202535103,29747.695489524798,0.8244779097237216
Sri Lanka,2024,2024,42,2024-W42,458,2024,46,462,4,negative_binomial_climate,696.0,851.498382462157,2023.0,209.19323671497585,155.498382462157,155.498382462157,24179.746948347256,0.7433241385046416
Sri Lanka,2024,2024,43,2024-W43,459,2024,47,463,4,negative_binomial_climate,626.0,1033.57433586784,2023.0,209.19323671497585,407.5743358678401,407.5743358678401,166116.8392581109,1.9483150711184651
Sri Lanka,2024,2024,44,2024-W44,460,2024,48,464,4,negative_binomial_climate,913.0,1009.12234756056,2023.0,209.19323671497585,96.12234756056,96.12234756056,9239.505700553096,0.4594907037626936
Sri Lanka,2024,2024,45,2024-W45,461,2024,49,465,4,negative_binomial_climate,832.0,987.675981972647,2023.0,209.19323671497585,155.67598197264704,155.67598197264704,24235.011363147925,0.7441731119861889
Sri Lanka,2024,2024,46,2024-W46,462,2024,50,466,4,negative_binomial_climate,736.0,1035.86227716193,2023.0,209.19323671497585,299.86227716193,299.86227716193,89917.38526473814,1.433422427372688
Sri Lanka,2024,2024,47,2024-W47,463,2024,51,467,4,negative_binomial_climate,915.0,1004.69655538023,2023.0,209.19323671497585,89.69655538023005,89.69655538023005,8045.472047078677,0.4287736868971577
Sri Lanka,2024,2023,49,2023-W49,413,2024,1,417,4,negative_binomial_epidemiology,2760.0,2681.91906880885,2023.0,209.19323671497585,-78.08093119114983,78.08093119114983,6096.631815677074,0.3732478755875578
Sri Lanka,2024,2023,50,2023-W50,414,2024,2,418,4,negative_binomial_epidemiology,2656.0,2707.23506272153,2023.0,209.19323671497585,51.235062721530085,51.235062721530085,2625.0316520791216,0.24491739563902565
Sri Lanka,2024,2023,51,2023-W51,415,2024,3,419,4,negative_binomial_epidemiology,2913.0,3492.34267787988,2023.0,209.19323671497585,579.3426778798798,579.3426778798798,335637.9384130302,2.7694139972088565
Sri Lanka,2024,2024,9,2024-W09,425,2024,13,429,4,negative_binomial_epidemiology,747.0,1315.45964148553,2023.0,209.19323671497585,568.45964148553,568.45964148553,323146.3639978573,2.7173901528186204
Sri Lanka,2024,2024,10,2024-W10,426,2024,14,430,4,negative_binomial_epidemiology,664.0,1158.12335810181,2023.0,209.19323671497585,494.12335810181,494.12335810181,244157.89302180958,2.3620427020547
Sri Lanka,2024,2024,11,2024-W11,427,2024,15,431,4,negative_binomial_epidemiology,614.0,1016.64854064677,2023.0,209.19323671497585,402.64854064677,402.64854064677,162125.8472849736,1.924768443615486
Sri Lanka,2024,2024,12,2024-W12,428,2024,16,432,4,negative_binomial_epidemiology,427.0,1016.41733681705,2023.0,209.19323671497585,589.41733681705,589.41733681705,347412.79694050376,2.817573579685688
Sri Lanka,2024,2024,13,2024-W13,429,2024,17,433,4,negative_binomial_epidemiology,576.0,877.389596808517,2023.0,209.19323671497585,301.389596808517,301.389596808517,90835.68906440045,1.440723426537723
Sri Lanka,2024,2024,14,2024-W14,430,2024,18,434,4,negative_binomial_epidemiology,537.0,743.044688336307,2023.0,209.19323671497585,206.044688336307,206.044688336307,42454.41359160588,0.9849490909547963
Sri Lanka,2024,2024,15,2024-W15,431,2024,19,435,4,negative_binomial_epidemiology,571.0,720.468609994125,2023.0,209.19323671497585,149.46860999412502,149.46860999412502,22340.86537357585,0.7145002024982998
Sri Lanka,2024,2024,16,2024-W16,432,2024,20,436,4,negative_binomial_epidemiology,589.0,559.925581174075,2023.0,209.19323671497585,-29.074418825925022,29.074418825925022,845.3218300653034,0.1389835507231942
Sri Lanka,2024,2024,17,2024-W17,433,2024,21,437,4,negative_binomial_epidemiology,663.0,625.017980696042,2023.0,209.19323671497585,-37.982019303958054,37.982019303958054,1442.6337904062423,0.18156427951687681
Sri Lanka,2024,2024,18,2024-W18,434,2024,22,438,4,negative_binomial_epidemiology,493.0,679.334105486789,2023.0,209.19323671497585,186.33410548678899,186.33410548678899,34720.3988675618,0.8907271975559503
Sri Lanka,2024,2024,19,2024-W19,435,2024,23,439,4,negative_binomial_epidemiology,648.0,680.873885245516,2023.0,209.19323671497585,32.87388524551602,32.87388524551602,1080.692331135356,0.15714602327371813
Sri Lanka,2024,2024,20,2024-W20,436,2024,24,440,4,negative_binomial_epidemiology,640.0,731.037433387947,2023.0,209.19323671497585,91.03743338794698,91.03743338794698,8287.814277864883,0.4351834448261096
Sri Lanka,2024,2024,21,2024-W21,437,2024,25,441,4,negative_binomial_epidemiology,677.0,792.708105817813,2023.0,209.19323671497585,115.70810581781302,115.70810581781302,13388.365751946216,0.5531159019995681
Sri Lanka,2024,2024,22,2024-W22,438,2024,26,442,4,negative_binomial_epidemiology,683.0,674.522828516738,2023.0,209.19323671497585,-8.477171483262055,8.477171483262055,71.86243635663138,0.04052316229903806
Sri Lanka,2024,2024,23,2024-W23,439,2024,27,443,4,negative_binomial_epidemiology,875.0,733.107523958923,2023.0,209.19323671497585,-141.89247604107697,141.89247604107697,20133.474757067605,0.6782842422119237
Sri Lanka,2024,2024,24,2024-W24,440,2024,28,444,4,negative_binomial_epidemiology,935.0,786.587415462598,2023.0,209.19323671497585,-148.41258453740204,148.41258453740204,22026.295249071507,0.7094521164640376
Sri Lanka,2024,2024,25,2024-W25,441,2024,29,445,4,negative_binomial_epidemiology,989.0,807.307040165985,2023.0,209.19323671497585,-181.69295983401503,181.69295983401503,33012.331653245,0.868541271635709
Sri Lanka,2024,2024,26,2024-W26,442,2024,30,446,4,negative_binomial_epidemiology,992.0,823.218600287064,2023.0,209.19323671497585,-168.78139971293604,168.78139971293604,28487.160889057886,0.8068205376204364
Sri Lanka,2024,2024,27,2024-W27,443,2024,31,447,4,negative_binomial_epidemiology,1031.0,972.673763784314,2023.0,209.19323671497585,-58.32623621568598,58.32623621568598,3401.949831087999,0.27881511434882106
Sri Lanka,2024,2024,28,2024-W28,444,2024,32,448,4,negative_binomial_epidemiology,1004.0,1093.64152085859,2023.0,209.19323671497585,89.64152085858996,89.64152085858996,8035.602261841018,0.4285106070648251
Sri Lanka,2024,2024,29,2024-W29,445,2024,33,449,4,negative_binomial_epidemiology,960.0,1142.24752440458,2023.0,209.19323671497585,182.24752440457996,182.24752440457996,33214.16015159797,0.8711922396080652
Sri Lanka,2024,2024,30,2024-W30,446,2024,34,450,4,negative_binomial_epidemiology,911.0,1126.73553392264,2023.0,209.19323671497585,215.7355339226399,215.7355339226399,46541.82059688651,1.0312739422669666
Sri Lanka,2024,2024,31,2024-W31,447,2024,35,451,4,negative_binomial_epidemiology,857.0,1163.51132310082,2023.0,209.19323671497585,306.51132310081994,306.51132310081994,93949.19118901523,1.465206657318655
Sri Lanka,2024,2024,32,2024-W32,448,2024,36,452,4,negative_binomial_epidemiology,854.0,1144.25125004622,2023.0,209.19323671497585,290.2512500462201,290.2512500462201,84245.78815339338,1.3874791298424487
Sri Lanka,2024,2024,33,2024-W33,449,2024,37,453,4,negative_binomial_epidemiology,733.0,1091.37076064881,2023.0,209.19323671497585,358.3707606488099,358.3707606488099,128429.60208800659,1.713108732750702
Sri Lanka,2024,2024,34,2024-W34,450,2024,38,454,4,negative_binomial_epidemiology,694.0,1032.72476870114,2023.0,209.19323671497585,338.72476870113996,338.72476870113996,114734.46893164077,1.6191956012547855
Sri Lanka,2024,2024,35,2024-W35,451,2024,39,455,4,negative_binomial_epidemiology,671.0,992.15211128866,2023.0,209.19323671497585,321.15211128865997,321.15211128865997,103138.67858516384,1.535193567114348
Sri Lanka,2024,2024,36,2024-W36,452,2024,40,456,4,negative_binomial_epidemiology,657.0,980.536060787487,2023.0,209.19323671497585,323.53606078748703,323.53606078748703,104675.5826298845,1.546589487633878
Sri Lanka,2024,2024,37,2024-W37,453,2024,41,457,4,negative_binomial_epidemiology,686.0,896.320314025194,2023.0,209.19323671497585,210.32031402519397,210.32031402519397,44234.6344916562,1.0053877330257754
Sri Lanka,2024,2024,38,2024-W38,454,2024,42,458,4,negative_binomial_epidemiology,707.0,830.951070579993,2023.0,209.19323671497585,123.95107057999303,123.95107057999303,15363.867897926413,0.5925194931080654
Sri Lanka,2024,2024,39,2024-W39,455,2024,43,459,4,negative_binomial_epidemiology,668.0,818.949445798705,2023.0,209.19323671497585,150.94944579870503,150.94944579870503,22785.73518693619,0.7215789963820507
Sri Lanka,2024,2024,40,2024-W40,456,2024,44,460,4,negative_binomial_epidemiology,672.0,809.061957957579,2023.0,209.19323671497585,137.061957957579,137.061957957579,18785.980319165155,0.6551930650813766
Sri Lanka,2024,2024,41,2024-W41,457,2024,45,461,4,negative_binomial_epidemiology,669.0,834.94770374313,2023.0,209.19323671497585,165.94770374312998,165.94770374312998,27538.640377617634,0.7932747078684595
Sri Lanka,2024,2024,42,2024-W42,458,2024,46,462,4,negative_binomial_epidemiology,696.0,870.073712184323,2023.0,209.19323671497585,174.07371218432297,174.07371218432297,30301.657273630513,0.8321192162703475
Sri Lanka,2024,2024,43,2024-W43,459,2024,47,463,4,negative_binomial_epidemiology,626.0,846.50571509569,2023.0,209.19323671497585,220.50571509569,220.50571509569,48622.77038986161,1.05407669271893
Sri Lanka,2024,2024,44,2024-W44,460,2024,48,464,4,negative_binomial_epidemiology,913.0,840.316743570271,2023.0,209.19323671497585,-72.683256429729,72.683256429729,5282.855765229742,0.34744553682086465
Sri Lanka,2024,2024,45,2024-W45,461,2024,49,465,4,negative_binomial_epidemiology,832.0,838.353754443814,2023.0,209.19323671497585,6.353754443813955,6.353754443813955,40.37019553228558,0.030372657087718833
Sri Lanka,2024,2024,46,2024-W46,462,2024,50,466,4,negative_binomial_epidemiology,736.0,855.3626457606,2023.0,209.19323671497585,119.3626457606,119.3626457606,14247.441202970482,0.5705855869672817
Sri Lanka,2024,2024,47,2024-W47,463,2024,51,467,4,negative_binomial_epidemiology,915.0,803.9634951614,2023.0,209.19323671497585,-111.03650483859997,111.03650483859997,12329.105406772434,0.530784391418382
Brazil,2023,2022,52,2022-W52,364,2023,1,365,1,xgboost_climate,28533.0,9697.834,2022.0,8069.193548387097,-18835.165999999997,18835.165999999997,354763478.2475559,2.3342067440884287
Brazil,2023,2023,1,2023-W01,365,2023,2,366,1,xgboost_climate,30645.0,18733.523,2022.0,8069.193548387097,-11911.476999999999,11911.476999999999,141883284.32152897,1.476166971156729
Brazil,2023,2023,2,2023-W02,366,2023,3,367,1,xgboost_climate,36999.0,26355.371,2022.0,8069.193548387097,-10643.629,10643.629,113286838.28964102,1.3190449499290413
Brazil,2023,2023,3,2023-W03,367,2023,4,368,1,xgboost_climate,42470.0,35925.97,2022.0,8069.193548387097,-6544.029999999999,6544.029999999999,42824328.640899986,0.8109893461792159
Brazil,2023,2023,4,2023-W04,368,2023,5,369,1,xgboost_climate,52668.0,40797.777,2022.0,8069.193548387097,-11870.222999999998,11870.222999999998,140902194.06972897,1.4710544404245536
Brazil,2023,2023,5,2023-W05,369,2023,6,370,1,xgboost_climate,64987.0,51418.934,2022.0,8069.193548387097,-13568.065999999999,13568.065999999999,184092414.98035598,1.6814649343380839
Brazil,2023,2023,6,2023-W06,370,2023,7,371,1,xgboost_climate,66762.0,69670.02,2022.0,8069.193548387097,2908.020000000004,2908.020000000004,8456580.320400024,0.36038545643526804
Brazil,2023,2023,7,2023-W07,371,2023,8,372,1,xgboost_climate,77027.0,68519.92,2022.0,8069.193548387097,-8507.080000000002,8507.080000000002,72370410.12640002,1.0542664454616324
Brazil,2023,2023,8,2023-W08,372,2023,9,373,1,xgboost_climate,98392.0,86482.11,2022.0,8069.193548387097,-11909.89,11909.89,141845479.8121,1.4759702972276079
Brazil,2023,2023,9,2023-W09,373,2023,10,374,1,xgboost_climate,115216.0,114812.56,2022.0,8069.193548387097,-403.4400000000023,403.4400000000023,162763.83360000188,0.04999756141437995
Brazil,2023,2023,10,2023-W10,374,2023,11,375,1,xgboost_climate,131868.0,126616.16,2022.0,8069.193548387097,-5251.8399999999965,5251.8399999999965,27581823.385599963,0.6508506666133639
Brazil,2023,2023,11,2023-W11,375,2023,12,376,1,xgboost_climate,160054.0,132748.33,2022.0,8069.193548387097,-27305.670000000013,27305.670000000013,745599614.1489007,3.3839403945711504
Brazil,2023,2023,12,2023-W12,376,2023,13,377,1,xgboost_climate,171176.0,144547.11,2022.0,8069.193548387097,-26628.890000000014,26628.890000000014,709097782.6321007,3.300068320374185
Brazil,2023,2023,13,2023-W13,377,2023,14,378,1,xgboost_climate,161477.0,143305.88,2022.0,8069.193548387097,-18171.119999999995,18171.119999999995,330189602.05439985,2.2519127705930555
Brazil,2023,2023,14,2023-W14,378,2023,15,379,1,xgboost_climate,186718.0,143353.45,2022.0,8069.193548387097,-43364.54999999999,43364.54999999999,1880484196.702499,5.374087229406943
Brazil,2023,2023,15,2023-W15,379,2023,16,380,1,xgboost_climate,165002.0,140761.56,2022.0,8069.193548387097,-24240.440000000002,24240.440000000002,587598931.3936001,3.0040721981250877
Brazil,2023,2023,16,2023-W16,380,2023,17,381,1,xgboost_climate,148400.0,133233.72,2022.0,8069.193548387097,-15166.279999999999,15166.279999999999,230016049.03839996,1.8795285934158188
Brazil,2023,2023,17,2023-W17,381,2023,18,382,1,xgboost_climate,158352.0,125700.33,2022.0,8069.193548387097,-32651.67,32651.67,1066131553.7888999,4.046460133122789
Brazil,2023,2023,18,2023-W18,382,2023,19,383,1,xgboost_climate,144376.0,107386.28,2022.0,8069.193548387097,-36989.72,36989.72,1368239385.6784,4.584066521417578
Brazil,2023,2023,19,2023-W19,383,2023,20,384,1,xgboost_climate,121825.0,97612.445,2022.0,8069.193548387097,-24212.554999999993,24212.554999999993,586247819.6280247,3.0006164624517773
Brazil,2023,2023,20,2023-W20,384,2023,21,385,1,xgboost_climate,90703.0,83309.58,2022.0,8069.193548387097,-7393.419999999998,7393.419999999998,54662659.29639997,0.9162526534609924
Brazil,2023,2023,21,2023-W21,385,2023,22,386,1,xgboost_climate,72095.0,63667.2,2022.0,8069.193548387097,-8427.800000000003,8427.800000000003,71027812.84000005,1.0444414239740953
Brazil,2023,2023,22,2023-W22,386,2023,23,387,1,xgboost_climate,55721.0,57710.46,2022.0,8069.193548387097,1989.4599999999991,1989.4599999999991,3957951.0915999967,0.24655004097623368
Brazil,2023,2023,23,2023-W23,387,2023,24,388,1,xgboost_climate,48059.0,43627.46,2022.0,8069.193548387097,-4431.540000000001,4431.540000000001,19638546.771600008,0.549192428391533
Brazil,2023,2023,24,2023-W24,388,2023,25,389,1,xgboost_climate,39160.0,39760.008,2022.0,8069.193548387097,600.0080000000016,600.0080000000016,360009.600064002,0.0743578644386258
Brazil,2023,2023,25,2023-W25,389,2023,26,390,1,xgboost_climate,33459.0,31772.787,2022.0,8069.193548387097,-1686.2129999999997,1686.2129999999997,2843314.2813689993,0.20896920985828216
Brazil,2023,2023,26,2023-W26,390,2023,27,391,1,xgboost_climate,27767.0,27104.316,2022.0,8069.193548387097,-662.6840000000011,662.6840000000011,439150.08385600144,0.08212518339363183
Brazil,2023,2023,27,2023-W27,391,2023,28,392,1,xgboost_climate,24236.0,23887.693,2022.0,8069.193548387097,-348.3070000000007,348.3070000000007,121317.76624900049,0.043165032281276945
Brazil,2023,2023,28,2023-W28,392,2023,29,393,1,xgboost_climate,20558.0,22287.062,2022.0,8069.193548387097,1729.0620000000017,1729.0620000000017,2989655.399844006,0.2142794059445524
Brazil,2023,2023,29,2023-W29,393,2023,30,394,1,xgboost_climate,18393.0,18370.219,2022.0,8069.193548387097,-22.78099999999904,22.78099999999904,518.9739609999563,0.0028232065402065613
Brazil,2023,2023,30,2023-W30,394,2023,31,395,1,xgboost_climate,19179.0,16349.52,2022.0,8069.193548387097,-2829.4799999999996,2829.4799999999996,8005957.070399998,0.3506521417577804
Brazil,2023,2023,31,2023-W31,395,2023,32,396,1,xgboost_climate,17728.0,17183.635,2022.0,8069.193548387097,-544.3650000000016,544.3650000000016,296333.25322500174,0.06746213196346139
Brazil,2023,2023,32,2023-W32,396,2023,33,397,1,xgboost_climate,17804.0,15821.081,2022.0,8069.193548387097,-1982.9189999999999,1982.9189999999999,3931967.7605609996,0.24573942713226327
Brazil,2023,2023,33,2023-W33,397,2023,34,398,1,xgboost_climate,17132.0,16565.273,2022.0,8069.193548387097,-566.726999999999,566.726999999999,321179.4925289988,0.07023341262067988
Brazil,2023,2023,34,2023-W34,398,2023,35,399,1,xgboost_climate,15933.0,15404.647,2022.0,8069.193548387097,-528.3529999999992,528.3529999999992,279156.8926089991,0.0654777948789701
Brazil,2023,2023,35,2023-W35,399,2023,36,400,1,xgboost_climate,14827.0,15369.236,2022.0,8069.193548387097,542.2360000000008,542.2360000000008,294019.87969600083,0.06719828899238452
Brazil,2023,2023,36,2023-W36,400,2023,37,401,1,xgboost_climate,17637.0,14269.387,2022.0,8069.193548387097,-3367.6129999999994,3367.6129999999994,11340817.317768997,0.41734195366687316
Brazil,2023,2023,37,2023-W37,401,2023,38,402,1,xgboost_climate,18790.0,14973.689,2022.0,8069.193548387097,-3816.3109999999997,3816.3109999999997,14564229.648720998,0.4729482540126726
Brazil,2023,2023,38,2023-W38,402,2023,39,403,1,xgboost_climate,17681.0,16196.971,2022.0,8069.193548387097,-1484.0290000000005,1484.0290000000005,2202342.072841001,0.18391292650262853
Brazil,2023,2023,39,2023-W39,403,2023,40,404,1,xgboost_climate,19313.0,15508.575,2022.0,8069.193548387097,-3804.4249999999993,3804.4249999999993,14473649.580624994,0.47147524435827215
Brazil,2023,2023,40,2023-W40,404,2023,41,405,1,xgboost_climate,17341.0,17816.955,2022.0,8069.193548387097,475.95500000000175,475.95500000000175,226533.16202500166,0.058984209158688176
Brazil,2023,2023,41,2023-W41,405,2023,42,406,1,xgboost_climate,21013.0,16797.004,2022.0,8069.193548387097,-4215.995999999999,4215.995999999999,17774622.272015993,0.5224804653301085
Brazil,2023,2023,42,2023-W42,406,2023,43,407,1,xgboost_climate,19662.0,17173.184,2022.0,8069.193548387097,-2488.815999999999,2488.815999999999,6194205.081855995,0.3084342921105757
Brazil,2023,2023,43,2023-W43,407,2023,44,408,1,xgboost_climate,18785.0,19495.77,2022.0,8069.193548387097,710.7700000000004,710.7700000000004,505193.9929000006,0.0880843910531892
Brazil,2023,2023,44,2023-W44,408,2023,45,409,1,xgboost_climate,24393.0,17794.963,2022.0,8069.193548387097,-6598.037,6598.037,43534092.253369,0.8176823322472966
Brazil,2023,2023,45,2023-W45,409,2023,46,410,1,xgboost_climate,22124.0,21533.555,2022.0,8069.193548387097,-590.4449999999997,590.4449999999997,348625.2980249997,0.07317273981090963
Brazil,2023,2023,46,2023-W46,410,2023,47,411,1,xgboost_climate,27767.0,20875.725,2022.0,8069.193548387097,-6891.2750000000015,6891.2750000000015,47489671.12562502,0.8540227667952589
Brazil,2023,2023,47,2023-W47,411,2023,48,412,1,xgboost_climate,30045.0,25104.332,2022.0,8069.193548387097,-4940.6680000000015,4940.6680000000015,24410200.286224015,0.6122877051310242
Brazil,2023,2023,48,2023-W48,412,2023,49,413,1,xgboost_climate,33247.0,31795.066,2022.0,8069.193548387097,-1451.934000000001,1451.934000000001,2108112.340356003,0.17993545343700668
Brazil,2023,2023,49,2023-W49,413,2023,50,414,1,xgboost_climate,40789.0,30118.906,2022.0,8069.193548387097,-10670.094000000001,10670.094000000001,113850905.96883602,1.322324707669552
Brazil,2023,2023,50,2023-W50,414,2023,51,415,1,xgboost_climate,38305.0,32340.535,2022.0,8069.193548387097,-5964.465,5964.465,35574842.736225,0.7391649443322873
Brazil,2023,2023,51,2023-W51,415,2023,52,416,1,xgboost_climate,2146.0,38284.914,2022.0,8069.193548387097,36138.914,36138.914,1306021105.0993958,4.478627731915489
Brazil,2023,2022,52,2022-W52,364,2023,1,365,1,xgboost_epidemiology,28533.0,12405.595,2022.0,8069.193548387097,-16127.405,16127.405,260093192.034025,1.998639009374563
Brazil,2023,2023,1,2023-W01,365,2023,2,366,1,xgboost_epidemiology,30645.0,23233.895,2022.0,8069.193548387097,-7411.105,7411.105,54924477.32102499,0.9184443222930699
Brazil,2023,2023,2,2023-W02,366,2023,3,367,1,xgboost_epidemiology,36999.0,27099.225,2022.0,8069.193548387097,-9899.775000000001,9899.775000000001,98005545.05062503,1.2268605208978793
Brazil,2023,2023,3,2023-W03,367,2023,4,368,1,xgboost_epidemiology,42470.0,38208.062,2022.0,8069.193548387097,-4261.938000000002,4261.938000000002,18164115.515844017,0.5281739710967641
Brazil,2023,2023,4,2023-W04,368,2023,5,369,1,xgboost_epidemiology,52668.0,43314.62,2022.0,8069.193548387097,-9353.379999999997,9353.379999999997,87485717.42439996,1.1591468148473882
Brazil,2023,2023,5,2023-W05,369,2023,6,370,1,xgboost_epidemiology,64987.0,50310.492,2022.0,8069.193548387097,-14676.508000000002,14676.508000000002,215399887.07406405,1.8188320693997484
Brazil,2023,2023,6,2023-W06,370,2023,7,371,1,xgboost_epidemiology,66762.0,62918.18,2022.0,8069.193548387097,-3843.8199999999997,3843.8199999999997,14774952.192399997,0.4763573927122269
Brazil,2023,2023,7,2023-W07,371,2023,8,372,1,xgboost_epidemiology,77027.0,73929.82,2022.0,8069.193548387097,-3097.179999999993,3097.179999999993,9592523.952399956,0.3838276999340374
Brazil,2023,2023,8,2023-W08,372,2023,9,373,1,xgboost_epidemiology,98392.0,90718.39,2022.0,8069.193548387097,-7673.610000000001,7673.610000000001,58884290.432100005,0.9509760738771513
Brazil,2023,2023,9,2023-W09,373,2023,10,374,1,xgboost_epidemiology,115216.0,110653.2,2022.0,8069.193548387097,-4562.800000000003,4562.800000000003,20819143.840000026,0.5654592336444866
Brazil,2023,2023,10,2023-W10,374,2023,11,375,1,xgboost_epidemiology,131868.0,125248.0,2022.0,8069.193548387097,-6620.0,6620.0,43824400.0,0.8204041655839613
Brazil,2023,2023,11,2023-W11,375,2023,12,376,1,xgboost_epidemiology,160054.0,135294.95,2022.0,8069.193548387097,-24759.04999999999,24759.04999999999,613010556.9024994,3.068342561314436
Brazil,2023,2023,12,2023-W12,376,2023,13,377,1,xgboost_epidemiology,171176.0,144264.23,2022.0,8069.193548387097,-26911.76999999999,26911.76999999999,724243364.5328994,3.335125107437685
Brazil,2023,2023,13,2023-W13,377,2023,14,378,1,xgboost_epidemiology,161477.0,143144.7,2022.0,8069.193548387097,-18332.29999999999,18332.29999999999,336073223.28999954,2.2718875052469554
Brazil,2023,2023,14,2023-W14,378,2023,15,379,1,xgboost_epidemiology,186718.0,137857.67,2022.0,8069.193548387097,-48860.32999999999,48860.32999999999,2387331847.7088985,6.055168922025224
Brazil,2023,2023,15,2023-W15,379,2023,16,380,1,xgboost_epidemiology,165002.0,131122.58,2022.0,8069.193548387097,-33879.42000000001,33879.42000000001,1147815099.5364008,4.198612884526976
Brazil,2023,2023,16,2023-W16,380,2023,17,381,1,xgboost_epidemiology,148400.0,130396.06,2022.0,8069.193548387097,-18003.940000000002,18003.940000000002,324141855.5236001,2.231194467209019
Brazil,2023,2023,17,2023-W17,381,2023,18,382,1,xgboost_epidemiology,158352.0,125301.164,2022.0,8069.193548387097,-33050.835999999996,33050.835999999996,1092357760.2988956,4.095928025745067
Brazil,2023,2023,18,2023-W18,382,2023,19,383,1,xgboost_epidemiology,144376.0,98149.84,2022.0,8069.193548387097,-46226.16,46226.16,2136857868.3456004,5.728721181714606
Brazil,2023,2023,19,2023-W19,383,2023,20,384,1,xgboost_epidemiology,121825.0,90737.69,2022.0,8069.193548387097,-31087.309999999998,31087.309999999998,966420843.0360999,3.852591936676727
Brazil,2023,2023,20,2023-W20,384,2023,21,385,1,xgboost_epidemiology,90703.0,81989.734,2022.0,8069.193548387097,-8713.266000000003,8713.266000000003,75921004.38675606,1.0798186891602874
Brazil,2023,2023,21,2023-W21,385,2023,22,386,1,xgboost_epidemiology,72095.0,67490.03,2022.0,8069.193548387097,-4604.970000000001,4604.970000000001,21205748.70090001,0.5706852825361292
Brazil,2023,2023,22,2023-W22,386,2023,23,387,1,xgboost_epidemiology,55721.0,60352.293,2022.0,8069.193548387097,4631.292999999998,4631.292999999998,21448874.85184898,0.5739474424833594
Brazil,2023,2023,23,2023-W23,387,2023,24,388,1,xgboost_epidemiology,48059.0,45911.31,2022.0,8069.193548387097,-2147.6900000000023,2147.6900000000023,4612572.33610001,0.26615918767115104
Brazil,2023,2023,24,2023-W24,388,2023,25,389,1,xgboost_epidemiology,39160.0,43074.496,2022.0,8069.193548387097,3914.495999999999,3914.495999999999,15323278.934015993,0.48511613664074826
Brazil,2023,2023,25,2023-W25,389,2023,26,390,1,xgboost_epidemiology,33459.0,33226.68,2022.0,8069.193548387097,-232.3199999999997,232.3199999999997,53972.58239999987,0.02879098123088605
Brazil,2023,2023,26,2023-W26,390,2023,27,391,1,xgboost_epidemiology,27767.0,27913.014,2022.0,8069.193548387097,146.0139999999992,146.0139999999992,21320.08819599977,0.018095240760358896
Brazil,2023,2023,27,2023-W27,391,2023,28,392,1,xgboost_epidemiology,24236.0,23265.582,2022.0,8069.193548387097,-970.4180000000015,970.4180000000015,941711.0947240029,0.1202620799936039
Brazil,2023,2023,28,2023-W28,392,2023,29,393,1,xgboost_epidemiology,20558.0,20569.926,2022.0,8069.193548387097,11.925999999999476,11.925999999999476,142.2294759999875,0.0014779667792679597
Brazil,2023,2023,29,2023-W29,393,2023,30,394,1,xgboost_epidemiology,18393.0,18047.51,2022.0,8069.193548387097,-345.4900000000016,345.4900000000016,119363.3401000011,0.04281592676247796
Brazil,2023,2023,30,2023-W30,394,2023,31,395,1,xgboost_epidemiology,19179.0,16673.531,2022.0,8069.193548387097,-2505.469000000001,2505.469000000001,6277374.909961005,0.3104980671210699
Brazil,2023,2023,31,2023-W31,395,2023,32,396,1,xgboost_epidemiology,17728.0,16304.61,2022.0,8069.193548387097,-1423.3899999999994,1423.3899999999994,2026039.0920999984,0.17639804913150367
Brazil,2023,2023,32,2023-W32,396,2023,33,397,1,xgboost_epidemiology,17804.0,15629.785,2022.0,8069.193548387097,-2174.215,2174.215,4727210.8662250005,0.26944638109896263
Brazil,2023,2023,33,2023-W33,397,2023,34,398,1,xgboost_epidemiology,17132.0,16001.451,2022.0,8069.193548387097,-1130.549000000001,1130.549000000001,1278141.041401002,0.14010681404785236
Brazil,2023,2023,34,2023-W34,398,2023,35,399,1,xgboost_epidemiology,15933.0,15486.581,2022.0,8069.193548387097,-446.41899999999987,446.41899999999987,199289.9235609999,0.05532386815646923
Brazil,2023,2023,35,2023-W35,399,2023,36,400,1,xgboost_epidemiology,14827.0,15295.303,2022.0,8069.193548387097,468.3029999999999,468.3029999999999,219307.6998089999,0.0580359111715205
Brazil,2023,2023,36,2023-W36,400,2023,37,401,1,xgboost_epidemiology,17637.0,13937.856,2022.0,8069.193548387097,-3699.1440000000002,3699.1440000000002,13683666.332736002,0.4584279677786884
Brazil,2023,2023,37,2023-W37,401,2023,38,402,1,xgboost_epidemiology,18790.0,15544.722,2022.0,8069.193548387097,-3245.2780000000002,3245.2780000000002,10531829.297284001,0.40218120689999803
Brazil,2023,2023,38,2023-W38,402,2023,39,403,1,xgboost_epidemiology,17681.0,17165.389,2022.0,8069.193548387097,-515.6110000000008,515.6110000000008,265854.7033210008,0.06389870275240371
Brazil,2023,2023,39,2023-W39,403,2023,40,404,1,xgboost_epidemiology,19313.0,16555.227,2022.0,8069.193548387097,-2757.773000000001,2757.773000000001,7605311.919529006,0.3417656279357974
Brazil,2023,2023,40,2023-W40,404,2023,41,405,1,xgboost_epidemiology,17341.0,18970.402,2022.0,8069.193548387097,1629.4019999999982,1629.4019999999982,2654950.877603994,0.20192872933698433
Brazil,2023,2023,41,2023-W41,405,2023,42,406,1,xgboost_epidemiology,21013.0,17583.643,2022.0,8069.193548387097,-3429.357,3429.357,11760489.433449,0.42499377161246477
Brazil,2023,2023,42,2023-W42,406,2023,43,407,1,xgboost_epidemiology,19662.0,18959.947,2022.0,8069.193548387097,-702.0529999999999,702.0529999999999,492878.41480899986,0.08700410961642246
Brazil,2023,2023,43,2023-W43,407,2023,44,408,1,xgboost_epidemiology,18785.0,20010.346,2022.0,8069.193548387097,1225.3460000000014,1225.3460000000014,1501472.8197160033,0.15185482819964438
Brazil,2023,2023,44,2023-W44,408,2023,45,409,1,xgboost_epidemiology,24393.0,18241.984,2022.0,8069.193548387097,-6151.016,6151.016,37834997.832256,0.7622838593615703
Brazil,2023,2023,45,2023-W45,409,2023,46,410,1,xgboost_epidemiology,22124.0,23604.9,2022.0,8069.193548387097,1480.9000000000015,1480.9000000000015,2193064.8100000042,0.18352515540986247
Brazil,2023,2023,46,2023-W46,410,2023,47,411,1,xgboost_epidemiology,27767.0,23466.834,2022.0,8069.193548387097,-4300.166000000001,4300.166000000001,18491427.62755601,0.5329114953327072
Brazil,2023,2023,47,2023-W47,411,2023,48,412,1,xgboost_epidemiology,30045.0,25972.105,2022.0,8069.193548387097,-4072.8950000000004,4072.8950000000004,16588473.681025004,0.5047462271882309
Brazil,2023,2023,48,2023-W48,412,2023,49,413,1,xgboost_epidemiology,33247.0,31263.895,2022.0,8069.193548387097,-1983.1049999999996,1983.1049999999996,3932705.441024998,0.24576247776289747
Brazil,2023,2023,49,2023-W49,413,2023,50,414,1,xgboost_epidemiology,40789.0,30702.775,2022.0,8069.193548387097,-10086.224999999999,10086.224999999999,101731934.75062497,1.2499669191868714
Brazil,2023,2023,50,2023-W50,414,2023,51,415,1,xgboost_epidemiology,38305.0,29315.445,2022.0,8069.193548387097,-8989.555,8989.555,80812099.09802501,1.1140586659737353
Brazil,2023,2023,51,2023-W51,415,2023,52,416,1,xgboost_epidemiology,2146.0,25881.68,2022.0,8069.193548387097,23735.68,23735.68,563382505.0624,2.9415182394211357
Brazil,2023,2022,51,2022-W51,363,2023,1,365,2,xgboost_climate,28533.0,10623.732,2022.0,8069.193548387097,-17909.268,17909.268,320741880.295824,2.219461944072438
Brazil,2023,2022,52,2022-W52,364,2023,2,366,2,xgboost_climate,30645.0,10678.253,2022.0,8069.193548387097,-19966.747,19966.747,398670985.76200897,2.4744414519578646
Brazil,2023,2023,1,2023-W01,365,2023,3,367,2,xgboost_climate,36999.0,20966.27,2022.0,8069.193548387097,-16032.73,16032.73,257048431.25289997,1.9869061144536169
Brazil,2023,2023,2,2023-W02,366,2023,4,368,2,xgboost_climate,42470.0,25041.824,2022.0,8069.193548387097,-17428.176,17428.176,303741318.68697596,2.1598411161526316
Brazil,2023,2023,3,2023-W03,367,2023,5,369,2,xgboost_climate,52668.0,35806.56,2022.0,8069.193548387097,-16861.440000000002,16861.440000000002,284308158.87360007,2.0896065881788566
Brazil,2023,2023,4,2023-W04,368,2023,6,370,2,xgboost_climate,64987.0,39930.59,2022.0,8069.193548387097,-25056.410000000003,25056.410000000003,627823682.0881002,3.105193827580004
Brazil,2023,2023,5,2023-W05,369,2023,7,371,2,xgboost_climate,66762.0,58420.266,2022.0,8069.193548387097,-8341.733999999997,8341.733999999997,69584526.12675595,1.033775426252773
Brazil,2023,2023,6,2023-W06,370,2023,8,372,2,xgboost_climate,77027.0,88598.29,2022.0,8069.193548387097,11571.289999999994,11571.289999999994,133894752.26409985,1.4340082352235695
Brazil,2023,2023,7,2023-W07,371,2023,9,373,2,xgboost_climate,98392.0,87635.58,2022.0,8069.193548387097,-10756.419999999998,10756.419999999998,115700571.21639997,1.3330229267025124
Brazil,2023,2023,8,2023-W08,372,2023,10,374,2,xgboost_climate,115216.0,108647.16,2022.0,8069.193548387097,-6568.8399999999965,6568.8399999999965,43149658.94559995,0.8140640028783301
Brazil,2023,2023,9,2023-W09,373,2023,11,375,2,xgboost_climate,131868.0,120572.65,2022.0,8069.193548387097,-11295.350000000006,11295.350000000006,127584931.62250014,1.3998115093245924
Brazil,2023,2023,10,2023-W10,374,2023,12,376,2,xgboost_climate,160054.0,134757.72,2022.0,8069.193548387097,-25296.28,25296.28,639901781.8383999,3.134920466129645
Brazil,2023,2023,11,2023-W11,375,2023,13,377,2,xgboost_climate,171176.0,135382.72,2022.0,8069.193548387097,-35793.28,35793.28,1281158893.1583998,4.435793959503488
Brazil,2023,2023,12,2023-W12,376,2023,14,378,2,xgboost_climate,161477.0,133994.56,2022.0,8069.193548387097,-27482.440000000002,27482.440000000002,755284508.3536001,3.405847168642188
Brazil,2023,2023,13,2023-W13,377,2023,15,379,2,xgboost_climate,186718.0,129900.695,2022.0,8069.193548387097,-56817.30499999999,56817.30499999999,3228206147.463024,7.0412618881048985
Brazil,2023,2023,14,2023-W14,378,2023,16,380,2,xgboost_climate,165002.0,134068.06,2022.0,8069.193548387097,-30933.940000000002,30933.940000000002,956908643.9236002,3.8335850806532217
Brazil,2023,2023,15,2023-W15,379,2023,17,381,2,xgboost_climate,148400.0,133233.84,2022.0,8069.193548387097,-15166.160000000003,15166.160000000003,230012409.1456001,1.8795137220412166
Brazil,2023,2023,16,2023-W16,380,2023,18,382,2,xgboost_climate,158352.0,123610.91,2022.0,8069.193548387097,-34741.09,34741.09,1206943334.3880997,4.305398029143097
Brazil,2023,2023,17,2023-W17,381,2023,19,383,2,xgboost_climate,144376.0,110494.7,2022.0,8069.193548387097,-33881.3,33881.3,1147942489.6900003,4.198845869395751
Brazil,2023,2023,18,2023-W18,382,2023,20,384,2,xgboost_climate,121825.0,76614.19,2022.0,8069.193548387097,-45210.81,45210.81,2044017340.8560998,5.6028907633572524
Brazil,2023,2023,19,2023-W19,383,2023,21,385,2,xgboost_climate,90703.0,62140.45,2022.0,8069.193548387097,-28562.550000000003,28562.550000000003,815819262.5025002,3.5397031721601477
Brazil,2023,2023,20,2023-W20,384,2023,22,386,2,xgboost_climate,72095.0,53526.453,2022.0,8069.193548387097,-18568.547,18568.547,344790937.69120896,2.301165152211717
Brazil,2023,2023,21,2023-W21,385,2023,23,387,2,xgboost_climate,55721.0,50258.793,2022.0,8069.193548387097,-5462.207000000002,5462.207000000002,29835705.310849022,0.6769210537888027
Brazil,2023,2023,22,2023-W22,386,2023,24,388,2,xgboost_climate,48059.0,43148.918,2022.0,8069.193548387097,-4910.082000000002,4910.082000000002,24108905.24672402,0.6084972396010316
Brazil,2023,2023,23,2023-W23,387,2023,25,389,2,xgboost_climate,39160.0,37069.95,2022.0,8069.193548387097,-2090.050000000003,2090.050000000003,4368309.0025000125,0.2590159707369729
Brazil,2023,2023,24,2023-W24,388,2023,26,390,2,xgboost_climate,33459.0,32629.867,2022.0,8069.193548387097,-829.1330000000016,829.1330000000016,687461.5316890028,0.10275289532071419
Brazil,2023,2023,25,2023-W25,389,2023,27,391,2,xgboost_climate,27767.0,27723.771,2022.0,8069.193548387097,-43.22899999999936,43.22899999999936,1868.7464409999448,0.0053572887725118635
Brazil,2023,2023,26,2023-W26,390,2023,28,392,2,xgboost_climate,24236.0,24227.396,2022.0,8069.193548387097,-8.60399999999936,8.60399999999936,74.02881599998898,0.0010662775590156916
Brazil,2023,2023,27,2023-W27,391,2023,29,393,2,xgboost_climate,20558.0,21077.984,2022.0,8069.193548387097,519.9840000000004,519.9840000000004,270383.3602560004,0.0644406404285515
Brazil,2023,2023,28,2023-W28,392,2023,30,394,2,xgboost_climate,18393.0,19974.69,2022.0,8069.193548387097,1581.6899999999987,1581.6899999999987,2501743.2560999957,0.1960158707949388
Brazil,2023,2023,29,2023-W29,393,2023,31,395,2,xgboost_climate,19179.0,16747.592,2022.0,8069.193548387097,-2431.4079999999994,2431.4079999999994,5911744.862463998,0.30131982650062955
Brazil,2023,2023,30,2023-W30,394,2023,32,396,2,xgboost_climate,17728.0,15489.802,2022.0,8069.193548387097,-2238.1980000000003,2238.1980000000003,5009530.287204001,0.2773756741090168
Brazil,2023,2023,31,2023-W31,395,2023,33,397,2,xgboost_climate,17804.0,15815.394,2022.0,8069.193548387097,-1988.6059999999998,1988.6059999999998,3954553.823235999,0.246444206360311
Brazil,2023,2023,32,2023-W32,396,2023,34,398,2,xgboost_climate,17132.0,16012.076,2022.0,8069.193548387097,-1119.924000000001,1119.924000000001,1254229.765776002,0.13879007775490226
Brazil,2023,2023,33,2023-W33,397,2023,35,399,2,xgboost_climate,15933.0,15358.745,2022.0,8069.193548387097,-574.2549999999992,574.2549999999992,329768.8050249991,0.07116634352075786
Brazil,2023,2023,34,2023-W34,398,2023,36,400,2,xgboost_climate,14827.0,15969.19,2022.0,8069.193548387097,1142.1900000000005,1142.1900000000005,1304597.9961000013,0.14154946131243884
Brazil,2023,2023,35,2023-W35,399,2023,37,401,2,xgboost_climate,17637.0,14311.706,2022.0,8069.193548387097,-3325.294,3325.294,11057580.186436,0.41209743948509864
Brazil,2023,2023,36,2023-W36,400,2023,38,402,2,xgboost_climate,18790.0,14061.134,2022.0,8069.193548387097,-4728.866,4728.866,22362173.645956,0.5860394811009615
Brazil,2023,2023,37,2023-W37,401,2023,39,403,2,xgboost_climate,17681.0,14719.514,2022.0,8069.193548387097,-2961.486000000001,2961.486000000001,8770399.328196004,0.36701139738951416
Brazil,2023,2023,38,2023-W38,402,2023,40,404,2,xgboost_climate,19313.0,14814.155,2022.0,8069.193548387097,-4498.844999999999,4498.844999999999,20239606.334024996,0.5575334106218393
Brazil,2023,2023,39,2023-W39,403,2023,41,405,2,xgboost_climate,17341.0,14795.065,2022.0,8069.193548387097,-2545.9349999999995,2545.9349999999995,6481785.0242249975,0.3155129424933538
Brazil,2023,2023,40,2023-W40,404,2023,42,406,2,xgboost_climate,21013.0,16914.469,2022.0,8069.193548387097,-4098.530999999999,4098.530999999999,16797956.35796099,0.5079232485158607
Brazil,2023,2023,41,2023-W41,405,2023,43,407,2,xgboost_climate,19662.0,15814.896,2022.0,8069.193548387097,-3847.1039999999994,3847.1039999999994,14800209.186815996,0.4767643726638549
Brazil,2023,2023,42,2023-W42,406,2023,44,408,2,xgboost_climate,18785.0,16251.128,2022.0,8069.193548387097,-2533.8719999999994,2533.8719999999994,6420507.312383997,0.3140179975614143
Brazil,2023,2023,43,2023-W43,407,2023,45,409,2,xgboost_climate,24393.0,17626.307,2022.0,8069.193548387097,-6766.692999999999,6766.692999999999,45788134.156248994,0.8385835535389473
Brazil,2023,2023,44,2023-W44,408,2023,46,410,2,xgboost_climate,22124.0,15763.621,2022.0,8069.193548387097,-6360.379000000001,6360.379000000001,40454421.02364101,0.7882298227028325
Brazil,2023,2023,45,2023-W45,409,2023,47,411,2,xgboost_climate,27767.0,21171.77,2022.0,8069.193548387097,-6595.23,6595.23,43497058.7529,0.8173344660097144
Brazil,2023,2023,46,2023-W46,410,2023,48,412,2,xgboost_climate,30045.0,20194.184,2022.0,8069.193548387097,-9850.815999999999,9850.815999999999,97038575.86585598,1.2207931239880867
Brazil,2023,2023,47,2023-W47,411,2023,49,413,2,xgboost_climate,33247.0,22030.97,2022.0,8069.193548387097,-11216.029999999999,11216.029999999999,125799328.96089998,1.3899815307121868
Brazil,2023,2023,48,2023-W48,412,2023,50,414,2,xgboost_climate,40789.0,28834.855,2022.0,8069.193548387097,-11954.145,11954.145,142901582.681025,1.4814547362529733
Brazil,2023,2023,49,2023-W49,413,2023,51,415,2,xgboost_climate,38305.0,24182.082,2022.0,8069.193548387097,-14122.918000000001,14122.918000000001,199456812.83472404,1.7502267005137022
Brazil,2023,2023,50,2023-W50,414,2023,52,416,2,xgboost_climate,2146.0,31447.506,2022.0,8069.193548387097,29301.506,29301.506,858578253.868036,3.6312806012512744
Brazil,2023,2022,51,2022-W51,363,2023,1,365,2,xgboost_epidemiology,28533.0,12527.334,2022.0,8069.193548387097,-16005.666,16005.666,256181344.10355598,1.9835521237682143
Brazil,2023,2022,52,2022-W52,364,2023,2,366,2,xgboost_epidemiology,30645.0,14582.256,2022.0,8069.193548387097,-16062.744,16062.744,258011744.809536,1.9906256930980033
Brazil,2023,2023,1,2023-W01,365,2023,3,367,2,xgboost_epidemiology,36999.0,28167.303,2022.0,8069.193548387097,-8831.697,8831.697,77998871.899809,1.0944956205400869
Brazil,2023,2023,2,2023-W02,366,2023,4,368,2,xgboost_epidemiology,42470.0,26777.164,2022.0,8069.193548387097,-15692.836,15692.836,246265101.72289598,1.9447836894601132
Brazil,2023,2023,3,2023-W03,367,2023,5,369,2,xgboost_epidemiology,52668.0,40739.457,2022.0,8069.193548387097,-11928.542999999998,11928.542999999998,142290138.10284895,1.4782819284814805
Brazil,2023,2023,4,2023-W04,368,2023,6,370,2,xgboost_epidemiology,64987.0,45274.137,2022.0,8069.193548387097,-19712.862999999998,19712.862999999998,388596967.6567689,2.4429780847108673
Brazil,2023,2023,5,2023-W05,369,2023,7,371,2,xgboost_epidemiology,66762.0,61705.684,2022.0,8069.193548387097,-5056.315999999999,5056.315999999999,25566331.49185599,0.6266197445481619
Brazil,2023,2023,6,2023-W06,370,2023,8,372,2,xgboost_epidemiology,77027.0,79290.836,2022.0,8069.193548387097,2263.8359999999957,2263.8359999999957,5124953.43489598,0.2805529432928896
Brazil,2023,2023,7,2023-W07,371,2023,9,373,2,xgboost_epidemiology,98392.0,90489.06,2022.0,8069.193548387097,-7902.940000000002,7902.940000000002,62456460.64360004,0.9793965100241863
Brazil,2023,2023,8,2023-W08,372,2023,10,374,2,xgboost_epidemiology,115216.0,100626.445,2022.0,8069.193548387097,-14589.554999999993,14589.554999999993,212855115.0980248,1.8080561474344872
Brazil,2023,2023,9,2023-W09,373,2023,11,375,2,xgboost_epidemiology,131868.0,114491.09,2022.0,8069.193548387097,-17376.910000000003,17376.910000000003,301957001.14810014,2.153487817066102
Brazil,2023,2023,10,2023-W10,374,2023,12,376,2,xgboost_epidemiology,160054.0,131633.27,2022.0,8069.193548387097,-28420.73000000001,28420.73000000001,807737893.7329006,3.522127685942155
Brazil,2023,2023,11,2023-W11,375,2023,13,377,2,xgboost_epidemiology,171176.0,134461.3,2022.0,8069.193548387097,-36714.70000000001,36714.70000000001,1347969196.0900009,4.549983809390555
Brazil,2023,2023,12,2023-W12,376,2023,14,378,2,xgboost_epidemiology,161477.0,134461.3,2022.0,8069.193548387097,-27015.70000000001,27015.70000000001,729848046.4900006,3.348004957124869
Brazil,2023,2023,13,2023-W13,377,2023,15,379,2,xgboost_epidemiology,186718.0,131923.95,2022.0,8069.193548387097,-54794.04999999999,54794.04999999999,3002387915.4024987,6.79052369625617
Brazil,2023,2023,14,2023-W14,378,2023,16,380,2,xgboost_epidemiology,165002.0,122502.125,2022.0,8069.193548387097,-42499.875,42499.875,1806239375.015625,5.266929680785145
Brazil,2023,2023,15,2023-W15,379,2023,17,381,2,xgboost_epidemiology,148400.0,118142.48,2022.0,8069.193548387097,-30257.520000000004,30257.520000000004,915517516.5504003,3.749757620580064
Brazil,2023,2023,16,2023-W16,380,2023,18,382,2,xgboost_epidemiology,158352.0,114948.96,2022.0,8069.193548387097,-43403.03999999999,43403.03999999999,1883823881.2415996,5.378857222810769
Brazil,2023,2023,17,2023-W17,381,2023,19,383,2,xgboost_epidemiology,144376.0,105987.61,2022.0,8069.193548387097,-38388.39,38388.39,1473668486.7921,4.757401067380919
Brazil,2023,2023,18,2023-W18,382,2023,20,384,2,xgboost_epidemiology,121825.0,66405.23,2022.0,8069.193548387097,-55419.770000000004,55419.770000000004,3071350906.8529005,6.868068000559676
Brazil,2023,2023,19,2023-W19,383,2023,21,385,2,xgboost_epidemiology,90703.0,54779.1,2022.0,8069.193548387097,-35923.9,35923.9,1290526591.21,4.45198145075856
Brazil,2023,2023,20,2023-W20,384,2023,22,386,2,xgboost_epidemiology,72095.0,53692.566,2022.0,8069.193548387097,-18402.434,18402.434,338649577.12435603,2.280579080133523
Brazil,2023,2023,21,2023-W21,385,2023,23,387,2,xgboost_epidemiology,55721.0,48384.656,2022.0,8069.193548387097,-7336.343999999997,7336.343999999997,53821943.28633596,0.9091793319874469
Brazil,2023,2023,22,2023-W22,386,2023,24,388,2,xgboost_epidemiology,48059.0,41850.46,2022.0,8069.193548387097,-6208.540000000001,6208.540000000001,38545968.93160001,0.7694127006336327
Brazil,2023,2023,23,2023-W23,387,2023,25,389,2,xgboost_epidemiology,39160.0,37389.11,2022.0,8069.193548387097,-1770.8899999999994,1770.8899999999994,3136051.392099998,0.21946307141857715
Brazil,2023,2023,24,2023-W24,388,2023,26,390,2,xgboost_epidemiology,33459.0,32266.258,2022.0,8069.193548387097,-1192.7419999999984,1192.7419999999984,1422633.478563996,0.14781427572008216
Brazil,2023,2023,25,2023-W25,389,2023,27,391,2,xgboost_epidemiology,27767.0,27380.078,2022.0,8069.193548387097,-386.92199999999866,386.92199999999866,149708.63408399897,0.04795051670031365
Brazil,2023,2023,26,2023-W26,390,2023,28,392,2,xgboost_epidemiology,24236.0,24413.395,2022.0,8069.193548387097,177.39500000000044,177.39500000000044,31468.986025000155,0.02198422914709474
Brazil,2023,2023,27,2023-W27,391,2023,29,393,2,xgboost_epidemiology,20558.0,20554.963,2022.0,8069.193548387097,-3.037000000000262,3.037000000000262,9.223369000001592,0.0003763697055708014
Brazil,2023,2023,28,2023-W28,392,2023,30,394,2,xgboost_epidemiology,18393.0,18096.045,2022.0,8069.193548387097,-296.95500000000175,296.95500000000175,88182.27202500103,0.03680107537628197
Brazil,2023,2023,29,2023-W29,393,2023,31,395,2,xgboost_epidemiology,19179.0,16277.514,2022.0,8069.193548387097,-2901.486000000001,2901.486000000001,8418621.008196004,0.359575710088149
Brazil,2023,2023,30,2023-W30,394,2023,32,396,2,xgboost_epidemiology,17728.0,14900.606,2022.0,8069.193548387097,-2827.3940000000002,2827.3940000000002,7994156.831236001,0.3503936276959364
Brazil,2023,2023,31,2023-W31,395,2023,33,397,2,xgboost_epidemiology,17804.0,15288.74,2022.0,8069.193548387097,-2515.26,2515.26,6326532.867600001,0.3117114473605309
Brazil,2023,2023,32,2023-W32,396,2023,34,398,2,xgboost_epidemiology,17132.0,14513.1045,2022.0,8069.193548387097,-2618.8955000000005,2618.8955000000005,6858613.639920252,0.32455480021587485
Brazil,2023,2023,33,2023-W33,397,2023,35,399,2,xgboost_epidemiology,15933.0,14702.368,2022.0,8069.193548387097,-1230.6319999999996,1230.6319999999996,1514455.119423999,0.15250991225089444
Brazil,2023,2023,34,2023-W34,398,2023,36,400,2,xgboost_epidemiology,14827.0,14757.635,2022.0,8069.193548387097,-69.36499999999978,69.36499999999978,4811.5032249999695,0.008596274160986602
Brazil,2023,2023,35,2023-W35,399,2023,37,401,2,xgboost_epidemiology,17637.0,14470.742,2022.0,8069.193548387097,-3166.258,3166.258,10025189.722563999,0.3923884067241
Brazil,2023,2023,36,2023-W36,400,2023,38,402,2,xgboost_epidemiology,18790.0,13684.115,2022.0,8069.193548387097,-5105.885,5105.885,26070061.633225,0.6327627376121849
Brazil,2023,2023,37,2023-W37,401,2023,39,403,2,xgboost_epidemiology,17681.0,15141.51,2022.0,8069.193548387097,-2539.49,2539.49,6449009.460099999,0.31471422574906555
Brazil,2023,2023,38,2023-W38,402,2023,40,404,2,xgboost_epidemiology,19313.0,16424.193,2022.0,8069.193548387097,-2888.8070000000007,2888.8070000000007,8345205.883249004,0.3580044254332488
Brazil,2023,2023,39,2023-W39,403,2023,41,405,2,xgboost_epidemiology,17341.0,16756.586,2022.0,8069.193548387097,-584.4140000000007,584.4140000000007,341539.7233960008,0.07242532930900086
Brazil,2023,2023,40,2023-W40,404,2023,42,406,2,xgboost_epidemiology,21013.0,19433.543,2022.0,8069.193548387097,-1579.4569999999985,1579.4569999999985,2494684.4148489954,0.19573913929920628
Brazil,2023,2023,41,2023-W41,405,2023,43,407,2,xgboost_epidemiology,19662.0,17066.107,2022.0,8069.193548387097,-2595.893,2595.893,6738660.467449,0.3217041435967139
Brazil,2023,2023,42,2023-W42,406,2023,44,408,2,xgboost_epidemiology,18785.0,19775.094,2022.0,8069.193548387097,990.094000000001,990.094000000001,980286.1288360019,0.12270048971596487
Brazil,2023,2023,43,2023-W43,407,2023,45,409,2,xgboost_epidemiology,24393.0,20289.725,2022.0,8069.193548387097,-4103.2750000000015,4103.2750000000015,16836865.725625012,0.5085111635251556
Brazil,2023,2023,44,2023-W44,408,2023,46,410,2,xgboost_epidemiology,22124.0,18205.016,2022.0,8069.193548387097,-3918.9840000000004,3918.9840000000004,15358435.592256002,0.48567232605089056
Brazil,2023,2023,45,2023-W45,409,2023,47,411,2,xgboost_epidemiology,27767.0,25874.893,2022.0,8069.193548387097,-1892.107,1892.107,3580068.8994489997,0.23448526654540366
Brazil,2023,2023,46,2023-W46,410,2023,48,412,2,xgboost_epidemiology,30045.0,22073.727,2022.0,8069.193548387097,-7971.273000000001,7971.273000000001,63541193.240529016,0.9878648903635893
Brazil,2023,2023,47,2023-W47,411,2023,49,413,2,xgboost_epidemiology,33247.0,28370.691,2022.0,8069.193548387097,-4876.309000000001,4876.309000000001,23778389.46348101,0.6043118151472148
Brazil,2023,2023,48,2023-W48,412,2023,50,414,2,xgboost_epidemiology,40789.0,32369.418,2022.0,8069.193548387097,-8419.581999999999,8419.581999999999,70889361.05472398,1.0434229826700512
Brazil,2023,2023,49,2023-W49,413,2023,51,415,2,xgboost_epidemiology,38305.0,30018.68,2022.0,8069.193548387097,-8286.32,8286.32,68663099.1424,1.0269080733174758
Brazil,2023,2023,50,2023-W50,414,2023,52,416,2,xgboost_epidemiology,2146.0,32662.246,2022.0,8069.193548387097,30516.246,30516.246,931241269.932516,3.7818210477922807
Brazil,2023,2022,49,2022-W49,361,2023,1,365,4,xgboost_climate,28533.0,15393.677,2022.0,8069.193548387097,-13139.323,13139.323,172641808.89832902,1.628331619660597
Brazil,2023,2022,50,2022-W50,362,2023,2,366,4,xgboost_climate,30645.0,17570.014,2022.0,8069.193548387097,-13074.986,13074.986,170955258.90019602,1.6203584560954647
Brazil,2023,2022,51,2022-W51,363,2023,3,367,4,xgboost_climate,36999.0,12817.392,2022.0,8069.193548387097,-24181.608,24181.608,584750165.465664,2.9967812588698557
Brazil,2023,2022,52,2022-W52,364,2023,4,368,4,xgboost_climate,42470.0,14534.673,2022.0,8069.193548387097,-27935.326999999997,27935.326999999997,780382494.5969288,3.461972603889744
Brazil,2023,2023,1,2023-W01,365,2023,5,369,4,xgboost_climate,52668.0,26518.777,2022.0,8069.193548387097,-26149.223,26149.223,683781863.5037291,3.2406240900277843
Brazil,2023,2023,2,2023-W02,366,2023,6,370,4,xgboost_climate,64987.0,37818.055,2022.0,8069.193548387097,-27168.945,27168.945,738151572.413025,3.3669963221331627
Brazil,2023,2023,3,2023-W03,367,2023,7,371,4,xgboost_climate,66762.0,42251.05,2022.0,8069.193548387097,-24510.949999999997,24510.949999999997,600786669.9024999,3.037595994323292
Brazil,2023,2023,4,2023-W04,368,2023,8,372,4,xgboost_climate,77027.0,40465.65,2022.0,8069.193548387097,-36561.35,36561.35,1336732313.8225,4.530979431929481
Brazil,2023,2023,5,2023-W05,369,2023,9,373,4,xgboost_climate,98392.0,72183.95,2022.0,8069.193548387097,-26208.050000000003,26208.050000000003,686861884.8025001,3.2479144096424077
Brazil,2023,2023,6,2023-W06,370,2023,10,374,4,xgboost_climate,115216.0,113025.97,2022.0,8069.193548387097,-2190.029999999999,2190.029999999999,4796231.400899995,0.2714063043434806
Brazil,2023,2023,7,2023-W07,371,2023,11,375,4,xgboost_climate,131868.0,102491.92,2022.0,8069.193548387097,-29376.08,29376.08,862954076.1664001,3.640522416998141
Brazil,2023,2023,8,2023-W08,372,2023,12,376,4,xgboost_climate,160054.0,107587.41,2022.0,8069.193548387097,-52466.59,52466.59,2752743066.2281,6.502085950148913
Brazil,2023,2023,9,2023-W09,373,2023,13,377,4,xgboost_climate,171176.0,137766.47,2022.0,8069.193548387097,-33409.53,33409.53,1116196694.8209,4.140380299426333
Brazil,2023,2023,10,2023-W10,374,2023,14,378,4,xgboost_climate,161477.0,125050.59,2022.0,8069.193548387097,-36426.41,36426.41,1326883345.4881003,4.514256571188711
Brazil,2023,2023,11,2023-W11,375,2023,15,379,4,xgboost_climate,186718.0,128033.69,2022.0,8069.193548387097,-58684.31,58684.31,3443848240.1761,7.272636310939655
Brazil,2023,2023,12,2023-W12,376,2023,16,380,4,xgboost_climate,165002.0,125934.305,2022.0,8069.193548387097,-39067.69500000001,39067.69500000001,1526284792.6130254,4.8415860600851515
Brazil,2023,2023,13,2023-W13,377,2023,17,381,4,xgboost_climate,148400.0,114090.2,2022.0,8069.193548387097,-34309.8,34309.8,1177162376.0400002,4.251949069539667
Brazil,2023,2023,14,2023-W14,378,2023,18,382,4,xgboost_climate,158352.0,124353.92,2022.0,8069.193548387097,-33998.08,33998.08,1155869443.6864002,4.213318195446641
Brazil,2023,2023,15,2023-W15,379,2023,19,383,4,xgboost_climate,144376.0,121134.75,2022.0,8069.193548387097,-23241.25,23241.25,540155701.5625,2.8802444582142357
Brazil,2023,2023,16,2023-W16,380,2023,20,384,4,xgboost_climate,121825.0,103823.87,2022.0,8069.193548387097,-18001.130000000005,18001.130000000005,324040681.2769002,2.230846229187072
Brazil,2023,2023,17,2023-W17,381,2023,21,385,4,xgboost_climate,90703.0,68865.88,2022.0,8069.193548387097,-21837.119999999995,21837.119999999995,476859809.8943998,2.7062332647064697
Brazil,2023,2023,18,2023-W18,382,2023,22,386,4,xgboost_climate,72095.0,54638.49,2022.0,8069.193548387097,-17456.510000000002,17456.510000000002,304729741.3801001,2.16335249555258
Brazil,2023,2023,19,2023-W19,383,2023,23,387,4,xgboost_climate,55721.0,46660.3,2022.0,8069.193548387097,-9060.699999999997,9060.699999999997,82096284.48999995,1.1228755321913286
Brazil,2023,2023,20,2023-W20,384,2023,24,388,4,xgboost_climate,48059.0,43432.055,2022.0,8069.193548387097,-4626.945,4626.945,21408620.033024997,0.573408603010254
Brazil,2023,2023,21,2023-W21,385,2023,25,389,4,xgboost_climate,39160.0,38122.67,2022.0,8069.193548387097,-1037.3300000000017,1037.3300000000017,1076053.5289000035,0.1285543584720864
Brazil,2023,2023,22,2023-W22,386,2023,26,390,4,xgboost_climate,33459.0,32623.178,2022.0,8069.193548387097,-835.8220000000001,835.8220000000001,698598.4156840002,0.10358185052669454
Brazil,2023,2023,23,2023-W23,387,2023,27,391,4,xgboost_climate,27767.0,25207.496,2022.0,8069.193548387097,-2559.504000000001,2559.504000000001,6551060.726016005,0.3171945231765577
Brazil,2023,2023,24,2023-W24,388,2023,28,392,4,xgboost_climate,24236.0,22787.469,2022.0,8069.193548387097,-1448.530999999999,1448.530999999999,2098242.0579609973,0.17951372603889731
Brazil,2023,2023,25,2023-W25,389,2023,29,393,4,xgboost_climate,20558.0,21547.916,2022.0,8069.193548387097,989.9160000000011,989.9160000000011,979933.6870560021,0.12267843051030417
Brazil,2023,2023,26,2023-W26,390,2023,30,394,4,xgboost_climate,18393.0,21081.965,2022.0,8069.193548387097,2688.965,2688.965,7230532.771225001,0.33323838173859166
Brazil,2023,2023,27,2023-W27,391,2023,31,395,4,xgboost_climate,19179.0,17530.729,2022.0,8069.193548387097,-1648.2710000000006,1648.2710000000006,2716797.289441002,0.2042671290651423
Brazil,2023,2023,28,2023-W28,392,2023,32,396,4,xgboost_climate,17728.0,17883.81,2022.0,8069.193548387097,155.8100000000013,155.8100000000013,24276.75610000041,0.019309240640428715
Brazil,2023,2023,29,2023-W29,393,2023,33,397,4,xgboost_climate,17804.0,14676.912,2022.0,8069.193548387097,-3127.0879999999997,3127.0879999999997,9778679.359743997,0.3875341421975254
Brazil,2023,2023,30,2023-W30,394,2023,34,398,4,xgboost_climate,17132.0,12693.185,2022.0,8069.193548387097,-4438.8150000000005,4438.8150000000005,19703078.604225006,0.5500940054768235
Brazil,2023,2023,31,2023-W31,395,2023,35,399,4,xgboost_climate,15933.0,13674.383,2022.0,8069.193548387097,-2258.617,2258.617,5101350.752689001,0.2799061624257931
Brazil,2023,2023,32,2023-W32,396,2023,36,400,4,xgboost_climate,14827.0,13935.478,2022.0,8069.193548387097,-891.5220000000008,891.5220000000008,794811.4764840015,0.11048464690479533
Brazil,2023,2023,33,2023-W33,397,2023,37,401,4,xgboost_climate,17637.0,13215.97,2022.0,8069.193548387097,-4421.030000000001,4421.030000000001,19545506.260900006,0.5478899438325772
Brazil,2023,2023,34,2023-W34,398,2023,38,402,4,xgboost_climate,18790.0,13669.232,2022.0,8069.193548387097,-5120.768,5120.768,26222264.909824,0.6346071598472885
Brazil,2023,2023,35,2023-W35,399,2023,39,403,4,xgboost_climate,17681.0,12910.033,2022.0,8069.193548387097,-4770.967000000001,4770.967000000001,22762126.115089007,0.5912569789522077
Brazil,2023,2023,36,2023-W36,400,2023,40,404,4,xgboost_climate,19313.0,12802.193,2022.0,8069.193548387097,-6510.807000000001,6510.807000000001,42390607.79124901,0.8068720821923285
Brazil,2023,2023,37,2023-W37,401,2023,41,405,4,xgboost_climate,17341.0,12811.587,2022.0,8069.193548387097,-4529.4130000000005,4529.4130000000005,20515582.124569003,0.5613216454456416
Brazil,2023,2023,38,2023-W38,402,2023,42,406,4,xgboost_climate,21013.0,12813.97,2022.0,8069.193548387097,-8199.03,8199.03,67224092.94090001,1.0160903875752065
Brazil,2023,2023,39,2023-W39,403,2023,43,407,4,xgboost_climate,19662.0,12708.727,2022.0,8069.193548387097,-6953.272999999999,6953.272999999999,48348005.41252899,0.8617060624837594
Brazil,2023,2023,40,2023-W40,404,2023,44,408,4,xgboost_climate,18785.0,14135.559,2022.0,8069.193548387097,-4649.441000000001,4649.441000000001,21617301.612481005,0.5761964900357793
Brazil,2023,2023,41,2023-W41,405,2023,45,409,4,xgboost_climate,24393.0,13153.686,2022.0,8069.193548387097,-11239.314,11239.314,126322179.19059601,1.3928670730976034
Brazil,2023,2023,42,2023-W42,406,2023,46,410,4,xgboost_climate,22124.0,13781.574,2022.0,8069.193548387097,-8342.426,8342.426,69596071.56547599,1.0338611845129824
Brazil,2023,2023,43,2023-W43,407,2023,47,411,4,xgboost_climate,27767.0,16485.523,2022.0,8069.193548387097,-11281.476999999999,11281.476999999999,127271723.30152898,1.3980922544923944
Brazil,2023,2023,44,2023-W44,408,2023,48,412,4,xgboost_climate,30045.0,15034.32,2022.0,8069.193548387097,-15010.68,15010.68,225320514.0624,1.8602453776809451
Brazil,2023,2023,45,2023-W45,409,2023,49,413,4,xgboost_climate,33247.0,17748.031,2022.0,8069.193548387097,-15498.969000000001,15498.969000000001,240218040.06296104,1.9207581162925504
Brazil,2023,2023,46,2023-W46,410,2023,50,414,4,xgboost_climate,40789.0,16746.729,2022.0,8069.193548387097,-24042.271,24042.271,578030794.8374411,2.979513486178017
Brazil,2023,2023,47,2023-W47,411,2023,51,415,4,xgboost_climate,38305.0,15924.203,2022.0,8069.193548387097,-22380.797,22380.797,500900074.35520893,2.773610134122209
Brazil,2023,2023,48,2023-W48,412,2023,52,416,4,xgboost_climate,2146.0,16341.615,2022.0,8069.193548387097,14195.615,14195.615,201515485.228225,1.7592359031761577
Brazil,2023,2022,49,2022-W49,361,2023,1,365,4,xgboost_epidemiology,28533.0,11991.851,2022.0,8069.193548387097,-16541.148999999998,16541.148999999998,273609610.24020094,2.04991352615483
Brazil,2023,2022,50,2022-W50,362,2023,2,366,4,xgboost_epidemiology,30645.0,14243.186,2022.0,8069.193548387097,-16401.814,16401.814,269019502.49059594,2.0326460013192347
Brazil,2023,2022,51,2022-W51,363,2023,3,367,4,xgboost_epidemiology,36999.0,15654.49,2022.0,8069.193548387097,-21344.510000000002,21344.510000000002,455588107.14010006,2.645185032681045
Brazil,2023,2022,52,2022-W52,364,2023,4,368,4,xgboost_epidemiology,42470.0,16026.942,2022.0,8069.193548387097,-26443.058,26443.058,699235316.3913641,3.277038509664395
Brazil,2023,2023,1,2023-W01,365,2023,5,369,4,xgboost_epidemiology,52668.0,30598.303,2022.0,8069.193548387097,-22069.697,22069.697,487071525.671809,2.7350560954646306
Brazil,2023,2023,2,2023-W02,366,2023,6,370,4,xgboost_epidemiology,64987.0,38219.906,2022.0,8069.193548387097,-26767.093999999997,26767.093999999997,716477321.2048359,3.3171956825041473
Brazil,2023,2023,3,2023-W03,367,2023,7,371,4,xgboost_epidemiology,66762.0,44629.21,2022.0,8069.193548387097,-22132.79,22132.79,489860393.18410003,2.7428750924463814
Brazil,2023,2023,4,2023-W04,368,2023,8,372,4,xgboost_epidemiology,77027.0,47740.562,2022.0,8069.193548387097,-29286.438000000002,29286.438000000002,857695450.7278441,3.6294132523136584
Brazil,2023,2023,5,2023-W05,369,2023,9,373,4,xgboost_epidemiology,98392.0,82354.93,2022.0,8069.193548387097,-16037.070000000007,16037.070000000007,257187614.18490022,1.98744396250175
Brazil,2023,2023,6,2023-W06,370,2023,10,374,4,xgboost_epidemiology,115216.0,108843.89,2022.0,8069.193548387097,-6372.110000000001,6372.110000000001,40603785.85210001,0.7896836234983711
Brazil,2023,2023,7,2023-W07,371,2023,11,375,4,xgboost_epidemiology,131868.0,118673.67,2022.0,8069.193548387097,-13194.330000000002,13194.330000000002,174090344.14890003,1.635148533850367
Brazil,2023,2023,8,2023-W08,372,2023,12,376,4,xgboost_epidemiology,160054.0,118576.375,2022.0,8069.193548387097,-41477.625,41477.625,1720393375.640625,5.140244158388135
Brazil,2023,2023,9,2023-W09,373,2023,13,377,4,xgboost_epidemiology,171176.0,134049.02,2022.0,8069.193548387097,-37126.98000000001,37126.98000000001,1378412643.9204009,4.601076895400669
Brazil,2023,2023,10,2023-W10,374,2023,14,378,4,xgboost_epidemiology,161477.0,135673.4,2022.0,8069.193548387097,-25803.600000000006,25803.600000000006,665825772.9600003,3.197791680825122
Brazil,2023,2023,11,2023-W11,375,2023,15,379,4,xgboost_epidemiology,186718.0,134146.98,2022.0,8069.193548387097,-52571.01999999999,52571.01999999999,2763712143.840399,6.5150277638969385
Brazil,2023,2023,12,2023-W12,376,2023,16,380,4,xgboost_epidemiology,165002.0,128440.94,2022.0,8069.193548387097,-36561.06,36561.06,1336711108.3235998,4.530943492774191
Brazil,2023,2023,13,2023-W13,377,2023,17,381,4,xgboost_epidemiology,148400.0,122634.21,2022.0,8069.193548387097,-25765.789999999994,25765.789999999994,663875934.3240997,3.1931059585440438
Brazil,2023,2023,14,2023-W14,378,2023,18,382,4,xgboost_epidemiology,158352.0,109039.53,2022.0,8069.193548387097,-49312.47,49312.47,2431719697.5009003,6.11120178296588
Brazil,2023,2023,15,2023-W15,379,2023,19,383,4,xgboost_epidemiology,144376.0,94467.01,2022.0,8069.193548387097,-49908.990000000005,49908.990000000005,2490907282.8201003,6.185127386116053
Brazil,2023,2023,16,2023-W16,380,2023,20,384,4,xgboost_epidemiology,121825.0,86564.625,2022.0,8069.193548387097,-35260.375,35260.375,1243294045.140625,4.369752043814588
Brazil,2023,2023,17,2023-W17,381,2023,21,385,4,xgboost_epidemiology,90703.0,65170.83,2022.0,8069.193548387097,-25532.17,25532.17,651891704.9088999,3.164153870754962
Brazil,2023,2023,18,2023-W18,382,2023,22,386,4,xgboost_epidemiology,72095.0,42131.625,2022.0,8069.193548387097,-29963.375,29963.375,897803841.390625,3.713304783225729
Brazil,2023,2023,19,2023-W19,383,2023,23,387,4,xgboost_epidemiology,55721.0,35829.785,2022.0,8069.193548387097,-19891.214999999997,19891.214999999997,395660434.1762249,2.4650809130704188
Brazil,2023,2023,20,2023-W20,384,2023,24,388,4,xgboost_epidemiology,48059.0,36791.984,2022.0,8069.193548387097,-11267.016000000003,11267.016000000003,126945649.54425608,1.3963001299246443
Brazil,2023,2023,21,2023-W21,385,2023,25,389,4,xgboost_epidemiology,39160.0,37566.965,2022.0,8069.193548387097,-1593.0350000000035,1593.0350000000035,2537760.511225011,0.19742183533550584
Brazil,2023,2023,22,2023-W22,386,2023,26,390,4,xgboost_epidemiology,33459.0,30709.717,2022.0,8069.193548387097,-2749.2829999999994,2749.2829999999994,7558557.014088997,0.340713478182654
Brazil,2023,2023,23,2023-W23,387,2023,27,391,4,xgboost_epidemiology,27767.0,26406.344,2022.0,8069.193548387097,-1360.655999999999,1360.655999999999,1851384.7503359974,0.16862354234543953
Brazil,2023,2023,24,2023-W24,388,2023,28,392,4,xgboost_epidemiology,24236.0,22608.316,2022.0,8069.193548387097,-1627.684000000001,1627.684000000001,2649355.2038560035,0.20171582082392225
Brazil,2023,2023,25,2023-W25,389,2023,29,393,4,xgboost_epidemiology,20558.0,18769.56,2022.0,8069.193548387097,-1788.4399999999987,1788.4399999999987,3198517.633599995,0.2216380099542264
Brazil,2023,2023,26,2023-W26,390,2023,30,394,4,xgboost_epidemiology,18393.0,18213.664,2022.0,8069.193548387097,-179.33599999999933,179.33599999999933,32161.40089599976,0.022224773631293767
Brazil,2023,2023,27,2023-W27,391,2023,31,395,4,xgboost_epidemiology,19179.0,15500.855,2022.0,8069.193548387097,-3678.1450000000004,3678.1450000000004,13528750.641025003,0.4558256011513323
Brazil,2023,2023,28,2023-W28,392,2023,32,396,4,xgboost_epidemiology,17728.0,15330.573,2022.0,8069.193548387097,-2397.4269999999997,2397.4269999999997,5747656.220328999,0.2971086249975014
Brazil,2023,2023,29,2023-W29,393,2023,33,397,4,xgboost_epidemiology,17804.0,14102.54,2022.0,8069.193548387097,-3701.459999999999,3701.459999999999,13700806.131599994,0.45871498530852095
Brazil,2023,2023,30,2023-W30,394,2023,34,398,4,xgboost_epidemiology,17132.0,12099.383,2022.0,8069.193548387097,-5032.617,5032.617,25327233.868689,0.6236827719922445
Brazil,2023,2023,31,2023-W31,395,2023,35,399,4,xgboost_epidemiology,15933.0,12245.778,2022.0,8069.193548387097,-3687.2219999999998,3687.2219999999998,13595606.077283999,0.4569504967119071
Brazil,2023,2023,32,2023-W32,396,2023,36,400,4,xgboost_epidemiology,14827.0,12497.464,2022.0,8069.193548387097,-2329.536,2329.536,5426737.975296,0.28869502088788507
Brazil,2023,2023,33,2023-W33,397,2023,37,401,4,xgboost_epidemiology,17637.0,13416.196,2022.0,8069.193548387097,-4220.804,4220.804,17815186.406416,0.5230763117391913
Brazil,2023,2023,34,2023-W34,398,2023,38,402,4,xgboost_epidemiology,18790.0,13496.885,2022.0,8069.193548387097,-5293.115,5293.115,28017066.403224997,0.655965799836095
Brazil,2023,2023,35,2023-W35,399,2023,39,403,4,xgboost_epidemiology,17681.0,12198.638,2022.0,8069.193548387097,-5482.361999999999,5482.361999999999,30056293.09904399,0.6794188250814527
Brazil,2023,2023,36,2023-W36,400,2023,40,404,4,xgboost_epidemiology,19313.0,12385.627,2022.0,8069.193548387097,-6927.373,6927.373,47988496.68112899,0.8584963241320034
Brazil,2023,2023,37,2023-W37,401,2023,41,405,4,xgboost_epidemiology,17341.0,14489.413,2022.0,8069.193548387097,-2851.5869999999995,2851.5869999999995,8131548.418568998,0.35339182074396847
Brazil,2023,2023,38,2023-W38,402,2023,42,406,4,xgboost_epidemiology,21013.0,15491.589,2022.0,8069.193548387097,-5521.411,5521.411,30485979.430921,0.6842580943053029
Brazil,2023,2023,39,2023-W39,403,2023,43,407,4,xgboost_epidemiology,19662.0,15896.298,2022.0,8069.193548387097,-3765.7019999999993,3765.7019999999993,14180511.552803995,0.4666763757020927
Brazil,2023,2023,40,2023-W40,404,2023,44,408,4,xgboost_epidemiology,18785.0,19726.213,2022.0,8069.193548387097,941.2129999999997,941.2129999999997,885881.9113689995,0.11664275919966416
Brazil,2023,2023,41,2023-W41,405,2023,45,409,4,xgboost_epidemiology,24393.0,17646.912,2022.0,8069.193548387097,-6746.088,6746.088,45509703.303743996,0.8360300145915369
Brazil,2023,2023,42,2023-W42,406,2023,46,410,4,xgboost_epidemiology,22124.0,21822.021,2022.0,8069.193548387097,-301.97899999999936,301.97899999999936,91191.31644099961,0.037423690259649325
Brazil,2023,2023,43,2023-W43,407,2023,47,411,4,xgboost_epidemiology,27767.0,23877.604,2022.0,8069.193548387097,-3889.3960000000006,3889.3960000000006,15127401.244816005,0.482005540786344
Brazil,2023,2023,44,2023-W44,408,2023,48,412,4,xgboost_epidemiology,30045.0,19985.55,2022.0,8069.193548387097,-10059.45,10059.45,101192534.30250001,1.2466487437286375
Brazil,2023,2023,45,2023-W45,409,2023,49,413,4,xgboost_epidemiology,33247.0,30935.297,2022.0,8069.193548387097,-2311.7030000000013,2311.7030000000013,5343970.760209006,0.2864850106937978
Brazil,2023,2023,46,2023-W46,410,2023,50,414,4,xgboost_epidemiology,40789.0,28825.176,2022.0,8069.193548387097,-11963.824,11963.824,143133084.70297602,1.4826542365428053
Brazil,2023,2023,47,2023-W47,411,2023,51,415,4,xgboost_epidemiology,38305.0,24827.375,2022.0,8069.193548387097,-13477.625,13477.625,181646375.640625,1.670256751084371
Brazil,2023,2023,48,2023-W48,412,2023,52,416,4,xgboost_epidemiology,2146.0,33304.12,2022.0,8069.193548387097,31158.120000000003,31158.120000000003,970828441.9344002,3.8613672869735556
Colombia,2023,2022,52,2022-W52,364,2023,1,365,1,xgboost_climate,1071.0,1242.3944,2022.0,135.69379844961242,171.3943999999999,171.3943999999999,29376.040351359967,1.2630967808277864
Colombia,2023,2023,1,2023-W01,365,2023,2,366,1,xgboost_climate,2389.0,1168.3644,2022.0,135.69379844961242,-1220.6356,1220.6356,1489951.2679873602,8.995515004713074
Colombia,2023,2023,2,2023-W02,366,2023,3,367,1,xgboost_climate,2177.0,1340.1484,2022.0,135.69379844961242,-836.8516,836.8516,700320.6004225599,6.167205941329372
Colombia,2023,2023,3,2023-W03,367,2023,4,368,1,xgboost_climate,2237.0,1836.1658,2022.0,135.69379844961242,-400.8342,400.8342,160668.05588964,2.9539610842926103
Colombia,2023,2023,4,2023-W04,368,2023,5,369,1,xgboost_climate,2016.0,1749.0608,2022.0,135.69379844961242,-266.9392,266.9392,71256.53649664001,1.967217389814048
Colombia,2023,2023,5,2023-W05,369,2023,6,370,1,xgboost_climate,1870.0,1692.7504,2022.0,135.69379844961242,-177.2496000000001,177.2496000000001,31417.420700160037,1.3062468736610593
Colombia,2023,2023,6,2023-W06,370,2023,7,371,1,xgboost_climate,1918.0,1452.6414,2022.0,135.69379844961242,-465.3586,465.3586,216558.62659396,3.4294758147904822
Colombia,2023,2023,7,2023-W07,371,2023,8,372,1,xgboost_climate,2294.0,1454.7424,2022.0,135.69379844961242,-839.2575999999999,839.2575999999999,704353.3191577599,6.184937039047101
Colombia,2023,2023,8,2023-W08,372,2023,9,373,1,xgboost_climate,1311.0,1684.0671,2022.0,135.69379844961242,373.0671,373.0671,139179.06110241,2.7493305092976086
Colombia,2023,2023,9,2023-W09,373,2023,10,374,1,xgboost_climate,1735.0,1237.4299,2022.0,135.69379844961242,-497.5700999999999,497.5700999999999,247576.00441400992,3.6668595446885077
Colombia,2023,2023,10,2023-W10,374,2023,11,375,1,xgboost_climate,1752.0,1349.6196,2022.0,135.69379844961242,-402.3804,402.3804,161909.98630416,2.965355857065326
Colombia,2023,2023,11,2023-W11,375,2023,12,376,1,xgboost_climate,2015.0,1651.917,2022.0,135.69379844961242,-363.0830000000001,363.0830000000001,131829.26488900007,2.67575234939587
Colombia,2023,2023,12,2023-W12,376,2023,13,377,1,xgboost_climate,2217.0,1908.1818,2022.0,135.69379844961242,-308.81819999999993,308.81819999999993,95368.68065123996,2.2758460852923528
Colombia,2023,2023,13,2023-W13,377,2023,14,378,1,xgboost_climate,1627.0,1908.6515,2022.0,135.69379844961242,281.65149999999994,281.65149999999994,79327.56745224996,2.0756401782398806
Colombia,2023,2023,14,2023-W14,378,2023,15,379,1,xgboost_climate,1682.0,1531.826,2022.0,135.69379844961242,-150.17399999999998,150.17399999999998,22552.230275999995,1.106712331114856
Colombia,2023,2023,15,2023-W15,379,2023,16,380,1,xgboost_climate,1751.0,1607.8203,2022.0,135.69379844961242,-143.1796999999999,143.1796999999999,20500.426492089973,1.0551676026164694
Colombia,2023,2023,16,2023-W16,380,2023,17,381,1,xgboost_climate,2144.0,1704.6067,2022.0,135.69379844961242,-439.39329999999995,439.39329999999995,193066.47208488995,3.238123665343197
Colombia,2023,2023,17,2023-W17,381,2023,18,382,1,xgboost_climate,2689.0,2085.0415,2022.0,135.69379844961242,-603.9585000000002,603.9585000000002,364765.8697222502,4.45089242766146
Colombia,2023,2023,18,2023-W18,382,2023,19,383,1,xgboost_climate,2729.0,2177.7751,2022.0,135.69379844961242,-551.2249000000002,551.2249000000002,303848.8903800102,4.062270393327431
Colombia,2023,2023,19,2023-W19,383,2023,20,384,1,xgboost_climate,2179.0,2347.411,2022.0,135.69379844961242,168.41100000000006,168.41100000000006,28362.26492100002,1.2411105144391446
Colombia,2023,2023,20,2023-W20,384,2023,21,385,1,xgboost_climate,2133.0,2222.6904,2022.0,135.69379844961242,89.69039999999995,89.69039999999995,8044.367852159991,0.6609764117798277
Colombia,2023,2023,21,2023-W21,385,2023,22,386,1,xgboost_climate,2569.0,2373.6243,2022.0,135.69379844961242,-195.37570000000005,195.37570000000005,38171.66415049002,1.4398277757148163
Colombia,2023,2023,22,2023-W22,386,2023,23,387,1,xgboost_climate,2152.0,2156.5823,2022.0,135.69379844961242,4.582300000000032,4.582300000000032,20.997473290000293,0.03376941357936554
Colombia,2023,2023,23,2023-W23,387,2023,24,388,1,xgboost_climate,2079.0,2371.7927,2022.0,135.69379844961242,292.79269999999997,292.79269999999997,85727.56517328999,2.1577456254106084
Colombia,2023,2023,24,2023-W24,388,2023,25,389,1,xgboost_climate,2082.0,2093.4607,2022.0,135.69379844961242,11.460700000000088,11.460700000000088,131.347644490002,0.08446001313947905
Colombia,2023,2023,25,2023-W25,389,2023,26,390,1,xgboost_climate,1768.0,2236.1294,2022.0,135.69379844961242,468.1293999999998,468.1293999999998,219145.1351443598,3.449895318346709
Colombia,2023,2023,26,2023-W26,390,2023,27,391,1,xgboost_climate,2203.0,1645.4989,2022.0,135.69379844961242,-557.5011,557.5011,310807.47650120995,4.108523059784626
Colombia,2023,2023,27,2023-W27,391,2023,28,392,1,xgboost_climate,2617.0,2085.2732,2022.0,135.69379844961242,-531.7267999999999,531.7267999999999,282733.38983823993,3.9185784912451074
Colombia,2023,2023,28,2023-W28,392,2023,29,393,1,xgboost_climate,2458.0,2044.7639,2022.0,135.69379844961242,-413.2361000000001,413.2361000000001,170764.07434321006,3.0453573024079525
Colombia,2023,2023,29,2023-W29,393,2023,30,394,1,xgboost_climate,2609.0,2100.349,2022.0,135.69379844961242,-508.65099999999984,508.65099999999984,258725.83980099985,3.7485206089862593
Colombia,2023,2023,30,2023-W30,394,2023,31,395,1,xgboost_climate,2595.0,2027.3652,2022.0,135.69379844961242,-567.6348,567.6348,322209.2661710401,4.183203701905224
Colombia,2023,2023,31,2023-W31,395,2023,32,396,1,xgboost_climate,2876.0,2142.9678,2022.0,135.69379844961242,-733.0322000000001,733.0322000000001,537336.2062368401,5.402105390042561
Colombia,2023,2023,32,2023-W32,396,2023,33,397,1,xgboost_climate,2474.0,2190.8496,2022.0,135.69379844961242,-283.1504,283.1504,80174.14902016,2.086686372075752
Colombia,2023,2023,33,2023-W33,397,2023,34,398,1,xgboost_climate,2299.0,2193.169,2022.0,135.69379844961242,-105.83100000000013,105.83100000000013,11200.200561000027,0.7799251049730078
Colombia,2023,2023,34,2023-W34,398,2023,35,399,1,xgboost_climate,2504.0,2202.9998,2022.0,135.69379844961242,-301.00019999999995,301.00019999999995,90601.12040003997,2.2182310720100538
Colombia,2023,2023,35,2023-W35,399,2023,36,400,1,xgboost_climate,2559.0,2162.699,2022.0,135.69379844961242,-396.30099999999993,396.30099999999993,157054.48260099994,2.9205535148104764
Colombia,2023,2023,36,2023-W36,400,2023,37,401,1,xgboost_climate,2681.0,2101.3252,2022.0,135.69379844961242,-579.6747999999998,579.6747999999998,336022.87375503976,4.271932885829356
Colombia,2023,2023,37,2023-W37,401,2023,38,402,1,xgboost_climate,2677.0,2292.88,2022.0,135.69379844961242,-384.1199999999999,384.1199999999999,147548.1743999999,2.8307852266560016
Colombia,2023,2023,38,2023-W38,402,2023,39,403,1,xgboost_climate,2809.0,2212.1292,2022.0,135.69379844961242,-596.8708000000001,596.8708000000001,356254.7518926402,4.398659384729641
Colombia,2023,2023,39,2023-W39,403,2023,40,404,1,xgboost_climate,2984.0,2367.61,2022.0,135.69379844961242,-616.3899999999999,616.3899999999999,379936.6320999999,4.542506783969835
Colombia,2023,2023,40,2023-W40,404,2023,41,405,1,xgboost_climate,2632.0,2370.794,2022.0,135.69379844961242,-261.20600000000013,261.20600000000013,68228.57443600007,1.924966380073696
Colombia,2023,2023,41,2023-W41,405,2023,42,406,1,xgboost_climate,2964.0,2393.655,2022.0,135.69379844961242,-570.3449999999998,570.3449999999998,325293.4190249998,4.203176611728411
Colombia,2023,2023,42,2023-W42,406,2023,43,407,1,xgboost_climate,2969.0,2382.6157,2022.0,135.69379844961242,-586.3843000000002,586.3843000000002,343846.5472864902,4.321378771173127
Colombia,2023,2023,43,2023-W43,407,2023,44,408,1,xgboost_climate,2852.0,2405.4897,2022.0,135.69379844961242,-446.5102999999999,446.5102999999999,199371.44800608992,3.2905726356079854
Colombia,2023,2023,44,2023-W44,408,2023,45,409,1,xgboost_climate,3322.0,2418.007,2022.0,135.69379844961242,-903.9929999999999,903.9929999999999,817203.3440489998,6.66200674112371
Colombia,2023,2023,45,2023-W45,409,2023,46,410,1,xgboost_climate,3638.0,2439.6863,2022.0,135.69379844961242,-1198.3137000000002,1198.3137000000002,1435955.7236076903,8.831013013796452
Colombia,2023,2023,46,2023-W46,410,2023,47,411,1,xgboost_climate,3999.0,2430.338,2022.0,135.69379844961242,-1568.6619999999998,1568.6619999999998,2460700.4702439993,11.560307235282353
Colombia,2023,2023,47,2023-W47,411,2023,48,412,1,xgboost_climate,3916.0,2430.338,2022.0,135.69379844961242,-1485.6619999999998,1485.6619999999998,2207191.5782439993,10.948635950755518
Colombia,2023,2023,48,2023-W48,412,2023,49,413,1,xgboost_climate,4130.0,2222.2727,2022.0,135.69379844961242,-1907.7273,1907.7273,3639423.45116529,14.05906033877003
Colombia,2023,2023,49,2023-W49,413,2023,50,414,1,xgboost_climate,4650.0,2186.5718,2022.0,135.69379844961242,-2463.4282,2463.4282,6068478.496555239,18.154316764260617
Colombia,2023,2023,50,2023-W50,414,2023,51,415,1,xgboost_climate,3922.0,2217.9866,2022.0,135.69379844961242,-1704.0133999999998,1704.0133999999998,2903661.6673795595,12.557783918420975
Colombia,2023,2023,51,2023-W51,415,2023,52,416,1,xgboost_climate,3859.0,2260.9172,2022.0,135.69379844961242,-1598.0828000000001,1598.0828000000001,2553868.6356558404,11.777124807906539
Colombia,2023,2022,52,2022-W52,364,2023,1,365,1,xgboost_epidemiology,1071.0,1294.478,2022.0,135.69379844961242,223.47800000000007,223.47800000000007,49942.41648400003,1.6469286183552805
Colombia,2023,2023,1,2023-W01,365,2023,2,366,1,xgboost_epidemiology,2389.0,1378.2936,2022.0,135.69379844961242,-1010.7064,1010.7064,1021527.4270009601,7.448434722499928
Colombia,2023,2023,2,2023-W02,366,2023,3,367,1,xgboost_epidemiology,2177.0,1366.383,2022.0,135.69379844961242,-810.617,810.617,657099.9206889999,5.973869176497471
Colombia,2023,2023,3,2023-W03,367,2023,4,368,1,xgboost_epidemiology,2237.0,1975.5477,2022.0,135.69379844961242,-261.4522999999999,261.4522999999999,68357.30517528996,1.926781496186694
Colombia,2023,2023,4,2023-W04,368,2023,5,369,1,xgboost_epidemiology,2016.0,2151.6648,2022.0,135.69379844961242,135.6648,135.6648,18404.937959040002,0.9997862949527264
Colombia,2023,2023,5,2023-W05,369,2023,6,370,1,xgboost_epidemiology,1870.0,2270.5325,2022.0,135.69379844961242,400.5324999999998,400.5324999999998,160426.28355624984,2.9517376960210213
Colombia,2023,2023,6,2023-W06,370,2023,7,371,1,xgboost_epidemiology,1918.0,1858.8156,2022.0,135.69379844961242,-59.184400000000096,59.184400000000096,3502.7932033600114,0.4361614213487967
Colombia,2023,2023,7,2023-W07,371,2023,8,372,1,xgboost_epidemiology,2294.0,1922.3383,2022.0,135.69379844961242,-371.6617000000001,371.6617000000001,138132.4192468901,2.7389733668485254
Colombia,2023,2023,8,2023-W08,372,2023,9,373,1,xgboost_epidemiology,1311.0,2208.8054,2022.0,135.69379844961242,897.8054000000002,897.8054000000002,806054.5362691603,6.616407015338914
Colombia,2023,2023,9,2023-W09,373,2023,10,374,1,xgboost_epidemiology,1735.0,1496.0841,2022.0,135.69379844961242,-238.91589999999997,238.91589999999997,57080.80727280999,1.7606987403239163
Colombia,2023,2023,10,2023-W10,374,2023,11,375,1,xgboost_epidemiology,1752.0,1620.7245,2022.0,135.69379844961242,-131.27549999999997,131.27549999999997,17233.25690024999,0.9674392013482244
Colombia,2023,2023,11,2023-W11,375,2023,12,376,1,xgboost_epidemiology,2015.0,1699.3503,2022.0,135.69379844961242,-315.64969999999994,315.64969999999994,99634.73311008996,2.3261910537290404
Colombia,2023,2023,12,2023-W12,376,2023,13,377,1,xgboost_epidemiology,2217.0,2011.3414,2022.0,135.69379844961242,-205.65859999999998,205.65859999999998,42295.45975395999,1.515607952240852
Colombia,2023,2023,13,2023-W13,377,2023,14,378,1,xgboost_epidemiology,1627.0,2125.4294,2022.0,135.69379844961242,498.4294,498.4294,248431.86678436,3.673192184866748
Colombia,2023,2023,14,2023-W14,378,2023,15,379,1,xgboost_epidemiology,1682.0,1689.2504,2022.0,135.69379844961242,7.2503999999999,7.2503999999999,52.56830015999854,0.053432066040160354
Colombia,2023,2023,15,2023-W15,379,2023,16,380,1,xgboost_epidemiology,1751.0,1696.8452,2022.0,135.69379844961242,-54.15480000000002,54.15480000000002,2932.7423630400026,0.3990956154131796
Colombia,2023,2023,16,2023-W16,380,2023,17,381,1,xgboost_epidemiology,2144.0,1717.7332,2022.0,135.69379844961242,-426.2668000000001,426.2668000000001,181703.3847822401,3.1413874832186015
Colombia,2023,2023,17,2023-W17,381,2023,18,382,1,xgboost_epidemiology,2689.0,2209.207,2022.0,135.69379844961242,-479.7930000000001,479.7930000000001,230201.3228490001,3.535850609843184
Colombia,2023,2023,18,2023-W18,382,2023,19,383,1,xgboost_epidemiology,2729.0,2151.8662,2022.0,135.69379844961242,-577.1338000000001,577.1338000000001,333083.4231024401,4.253206901082579
Colombia,2023,2023,19,2023-W19,383,2023,20,384,1,xgboost_epidemiology,2179.0,2371.9375,2022.0,135.69379844961242,192.9375,192.9375,37224.87890625,1.4218593790168241
Colombia,2023,2023,20,2023-W20,384,2023,21,385,1,xgboost_epidemiology,2133.0,2322.9526,2022.0,135.69379844961242,189.95260000000007,189.95260000000007,36081.990246760026,1.399862058327859
Colombia,2023,2023,21,2023-W21,385,2023,22,386,1,xgboost_epidemiology,2569.0,2265.95,2022.0,135.69379844961242,-303.0500000000002,303.0500000000002,91839.3025000001,2.233337141877804
Colombia,2023,2023,22,2023-W22,386,2023,23,387,1,xgboost_epidemiology,2152.0,2232.7898,2022.0,135.69379844961242,80.78980000000001,80.78980000000001,6526.991784040002,0.5953831414779057
Colombia,2023,2023,23,2023-W23,387,2023,24,388,1,xgboost_epidemiology,2079.0,2117.434,2022.0,135.69379844961242,38.4340000000002,38.4340000000002,1477.172356000015,0.283240652403669
Colombia,2023,2023,24,2023-W24,388,2023,25,389,1,xgboost_epidemiology,2082.0,2035.5284,2022.0,135.69379844961242,-46.47160000000008,46.47160000000008,2159.6096065600073,0.3424740152532212
Colombia,2023,2023,25,2023-W25,389,2023,26,390,1,xgboost_epidemiology,1768.0,2032.6492,2022.0,135.69379844961242,264.64920000000006,264.64920000000006,70039.19906064004,1.9503411579879462
Colombia,2023,2023,26,2023-W26,390,2023,27,391,1,xgboost_epidemiology,2203.0,1630.3932,2022.0,135.69379844961242,-572.6068,572.6068,327878.54740624,4.219845022708446
Colombia,2023,2023,27,2023-W27,391,2023,28,392,1,xgboost_epidemiology,2617.0,1987.8315,2022.0,135.69379844961242,-629.1685,629.1685,395853.00139225,4.636678368419549
Colombia,2023,2023,28,2023-W28,392,2023,29,393,1,xgboost_epidemiology,2458.0,1979.7775,2022.0,135.69379844961242,-478.2225000000001,478.2225000000001,228696.7595062501,3.524276757405239
Colombia,2023,2023,29,2023-W29,393,2023,30,394,1,xgboost_epidemiology,2609.0,2179.1326,2022.0,135.69379844961242,-429.8674000000001,429.8674000000001,184785.98158276008,3.1679222257133883
Colombia,2023,2023,30,2023-W30,394,2023,31,395,1,xgboost_epidemiology,2595.0,2193.9644,2022.0,135.69379844961242,-401.03560000000016,401.03560000000016,160829.55246736013,2.9554453083492827
Colombia,2023,2023,31,2023-W31,395,2023,32,396,1,xgboost_epidemiology,2876.0,2361.1147,2022.0,135.69379844961242,-514.8852999999999,514.8852999999999,265106.8721560899,3.7944644919877737
Colombia,2023,2023,32,2023-W32,396,2023,33,397,1,xgboost_epidemiology,2474.0,2372.697,2022.0,135.69379844961242,-101.30299999999988,101.30299999999988,10262.297808999976,0.7465558570653251
Colombia,2023,2023,33,2023-W33,397,2023,34,398,1,xgboost_epidemiology,2299.0,2379.0212,2022.0,135.69379844961242,80.02120000000014,80.02120000000014,6403.392449440022,0.5897189179925172
Colombia,2023,2023,34,2023-W34,398,2023,35,399,1,xgboost_epidemiology,2504.0,2342.0654,2022.0,135.69379844961242,-161.93460000000005,161.93460000000005,26222.814677160015,1.1933824673655349
Colombia,2023,2023,35,2023-W35,399,2023,36,400,1,xgboost_epidemiology,2559.0,2363.7146,2022.0,135.69379844961242,-195.2854000000002,195.2854000000002,38136.38745316008,1.4391623068353865
Colombia,2023,2023,36,2023-W36,400,2023,37,401,1,xgboost_epidemiology,2681.0,2299.1833,2022.0,135.69379844961242,-381.81669999999986,381.81669999999986,145783.99239888988,2.813810980033704
Colombia,2023,2023,37,2023-W37,401,2023,38,402,1,xgboost_epidemiology,2677.0,2240.004,2022.0,135.69379844961242,-436.9960000000001,436.9960000000001,190965.50401600008,3.2204566825673404
Colombia,2023,2023,38,2023-W38,402,2023,39,403,1,xgboost_epidemiology,2809.0,2307.882,2022.0,135.69379844961242,-501.11799999999994,501.11799999999994,251119.24992399995,3.693005912765288
Colombia,2023,2023,39,2023-W39,403,2023,40,404,1,xgboost_epidemiology,2984.0,2305.6758,2022.0,135.69379844961242,-678.3242,678.3242,460123.72030564,4.998932948670341
Colombia,2023,2023,40,2023-W40,404,2023,41,405,1,xgboost_epidemiology,2632.0,2305.6758,2022.0,135.69379844961242,-326.3242,326.3242,106487.48350564002,2.404857139592676
Colombia,2023,2023,41,2023-W41,405,2023,42,406,1,xgboost_epidemiology,2964.0,2288.7764,2022.0,135.69379844961242,-675.2235999999998,675.2235999999998,455926.90999695973,4.976082972949811
Colombia,2023,2023,42,2023-W42,406,2023,43,407,1,xgboost_epidemiology,2969.0,2287.57,2022.0,135.69379844961242,-681.4299999999998,681.4299999999998,464346.8448999998,5.021821245965321
Colombia,2023,2023,43,2023-W43,407,2023,44,408,1,xgboost_epidemiology,2852.0,2330.8716,2022.0,135.69379844961242,-521.1284,521.1284,271574.80928656005,3.8404732268845154
Colombia,2023,2023,44,2023-W44,408,2023,45,409,1,xgboost_epidemiology,3322.0,2337.5159,2022.0,135.69379844961242,-984.4841000000001,984.4841000000001,969208.9431528102,7.255188602930676
Colombia,2023,2023,45,2023-W45,409,2023,46,410,1,xgboost_epidemiology,3638.0,2349.5833,2022.0,135.69379844961242,-1288.4167000000002,1288.4167000000002,1660017.5928388906,9.495030095118398
Colombia,2023,2023,46,2023-W46,410,2023,47,411,1,xgboost_epidemiology,3999.0,2331.9092,2022.0,135.69379844961242,-1667.0908,1667.0908,2779191.73544464,12.285681579022535
Colombia,2023,2023,47,2023-W47,411,2023,48,412,1,xgboost_epidemiology,3916.0,2331.9092,2022.0,135.69379844961242,-1584.0908,1584.0908,2509343.6626446396,11.6740102944957
Colombia,2023,2023,48,2023-W48,412,2023,49,413,1,xgboost_epidemiology,4130.0,2326.659,2022.0,135.69379844961242,-1803.341,1803.341,3252038.7622809997,13.289781998914563
Colombia,2023,2023,49,2023-W49,413,2023,50,414,1,xgboost_epidemiology,4650.0,2145.8916,2022.0,135.69379844961242,-2504.1084,2504.1084,6270558.87895056,18.454110862920963
Colombia,2023,2023,50,2023-W50,414,2023,51,415,1,xgboost_epidemiology,3922.0,1733.076,2022.0,135.69379844961242,-2188.924,2188.924,4791388.277776,16.131348853152044
Colombia,2023,2023,51,2023-W51,415,2023,52,416,1,xgboost_epidemiology,3859.0,1868.8245,2022.0,135.69379844961242,-1990.1755,1990.1755,3960798.52080025,14.666665114684795
Colombia,2023,2022,51,2022-W51,363,2023,1,365,2,xgboost_climate,1071.0,1215.008,2022.0,135.69379844961242,144.00800000000004,144.00800000000004,20738.30406400001,1.0612717872547062
Colombia,2023,2022,52,2022-W52,364,2023,2,366,2,xgboost_climate,2389.0,1207.3921,2022.0,135.69379844961242,-1181.6079,1181.6079,1396197.2293424099,8.707899060241651
Colombia,2023,2023,1,2023-W01,365,2023,3,367,2,xgboost_climate,2177.0,1081.7753,2022.0,135.69379844961242,-1095.2247,1095.2247,1199517.14349009,8.071295169813476
Colombia,2023,2023,2,2023-W02,366,2023,4,368,2,xgboost_climate,2237.0,1484.5258,2022.0,135.69379844961242,-752.4742000000001,752.4742000000001,566217.4216656402,5.545383861292811
Colombia,2023,2023,3,2023-W03,367,2023,5,369,2,xgboost_climate,2016.0,1413.9668,2022.0,135.69379844961242,-602.0332000000001,602.0332000000001,362443.9739022401,4.436703864720501
Colombia,2023,2023,4,2023-W04,368,2023,6,370,2,xgboost_climate,1870.0,1535.3282,2022.0,135.69379844961242,-334.6718000000001,334.6718000000001,112005.21371524005,2.4663750578422694
Colombia,2023,2023,5,2023-W05,369,2023,7,371,2,xgboost_climate,1918.0,1474.6017,2022.0,135.69379844961242,-443.39830000000006,443.39830000000006,196602.05244289007,3.2676386472050045
Colombia,2023,2023,6,2023-W06,370,2023,8,372,2,xgboost_climate,2294.0,1333.6838,2022.0,135.69379844961242,-960.3162,960.3162,922207.2039824399,7.077082453083492
Colombia,2023,2023,7,2023-W07,371,2023,9,373,2,xgboost_climate,1311.0,1346.9758,2022.0,135.69379844961242,35.975799999999936,35.975799999999936,1294.2581856399954,0.26512486503470484
Colombia,2023,2023,8,2023-W08,372,2023,10,374,2,xgboost_climate,1735.0,1564.6565,2022.0,135.69379844961242,-170.34349999999995,170.34349999999995,29016.907992249984,1.255352138021651
Colombia,2023,2023,9,2023-W09,373,2023,11,375,2,xgboost_climate,1752.0,1262.9172,2022.0,135.69379844961242,-489.0827999999999,489.0827999999999,239201.9852558399,3.604312102602187
Colombia,2023,2023,10,2023-W10,374,2023,12,376,2,xgboost_climate,2015.0,1473.515,2022.0,135.69379844961242,-541.4849999999999,541.4849999999999,293206.0052249999,3.990491873518237
Colombia,2023,2023,11,2023-W11,375,2023,13,377,2,xgboost_climate,2217.0,1521.2101,2022.0,135.69379844961242,-695.7899,695.7899,484123.58494201,5.127647010768659
Colombia,2023,2023,12,2023-W12,376,2023,14,378,2,xgboost_climate,1627.0,1549.9235,2022.0,135.69379844961242,-77.0764999999999,77.0764999999999,5940.786852249984,0.5680178525522
Colombia,2023,2023,13,2023-W13,377,2023,15,379,2,xgboost_climate,1682.0,1598.3525,2022.0,135.69379844961242,-83.64750000000004,83.64750000000004,6996.904256250006,0.6164430574995003
Colombia,2023,2023,14,2023-W14,378,2023,16,380,2,xgboost_climate,1751.0,1503.4622,2022.0,135.69379844961242,-247.53780000000006,247.53780000000006,61274.96242884003,1.8242381216258678
Colombia,2023,2023,15,2023-W15,379,2023,17,381,2,xgboost_climate,2144.0,1621.3857,2022.0,135.69379844961242,-522.6143,522.6143,273125.7065644899,3.851423616784255
Colombia,2023,2023,16,2023-W16,380,2023,18,382,2,xgboost_climate,2689.0,1543.4159,2022.0,135.69379844961242,-1145.5841,1145.5841,1312362.93017281,8.442420457596617
Colombia,2023,2023,17,2023-W17,381,2023,19,383,2,xgboost_climate,2729.0,1863.302,2022.0,135.69379844961242,-865.6980000000001,865.6980000000001,749433.0272040002,6.379790453883287
Colombia,2023,2023,18,2023-W18,382,2023,20,384,2,xgboost_climate,2179.0,2012.5931,2022.0,135.69379844961242,-166.40689999999995,166.40689999999995,27691.256367609985,1.2263412322545626
Colombia,2023,2023,19,2023-W19,383,2023,21,385,2,xgboost_climate,2133.0,2193.0288,2022.0,135.69379844961242,60.02880000000005,60.02880000000005,3603.4568294400055,0.4423842554771633
Colombia,2023,2023,20,2023-W20,384,2023,22,386,2,xgboost_climate,2569.0,2055.802,2022.0,135.69379844961242,-513.1979999999999,513.1979999999999,263372.18720399984,3.782029878031362
Colombia,2023,2023,21,2023-W21,385,2023,23,387,2,xgboost_climate,2152.0,2048.6335,2022.0,135.69379844961242,-103.36650000000009,103.36650000000009,10684.633322250018,0.7617628895426896
Colombia,2023,2023,22,2023-W22,386,2023,24,388,2,xgboost_climate,2079.0,2008.7227,2022.0,135.69379844961242,-70.27729999999997,70.27729999999997,4938.898895289995,0.51791092004913
Colombia,2023,2023,23,2023-W23,387,2023,25,389,2,xgboost_climate,2082.0,2116.0305,2022.0,135.69379844961242,34.03049999999985,34.03049999999985,1158.0749302499896,0.2507889114227759
Colombia,2023,2023,24,2023-W24,388,2023,26,390,2,xgboost_climate,1768.0,1911.3771,2022.0,135.69379844961242,143.37709999999993,143.37709999999993,20556.99280440998,1.0566223485389465
Colombia,2023,2023,25,2023-W25,389,2023,27,391,2,xgboost_climate,2203.0,1784.0474,2022.0,135.69379844961242,-418.9526000000001,418.9526000000001,175521.28104676006,3.0874852409380447
Colombia,2023,2023,26,2023-W26,390,2023,28,392,2,xgboost_climate,2617.0,1701.0385,2022.0,135.69379844961242,-915.9614999999999,915.9614999999999,838985.4694822498,6.750209003399124
Colombia,2023,2023,27,2023-W27,391,2023,29,393,2,xgboost_climate,2458.0,1890.3341,2022.0,135.69379844961242,-567.6659,567.6659,322244.57402281,4.183432894398583
Colombia,2023,2023,28,2023-W28,392,2023,30,394,2,xgboost_climate,2609.0,1856.6316,2022.0,135.69379844961242,-752.3684000000001,752.3684000000001,566058.2093185601,5.544604164643378
Colombia,2023,2023,29,2023-W29,393,2023,31,395,2,xgboost_climate,2595.0,1989.3096,2022.0,135.69379844961242,-605.6904,605.6904,366860.86065215996,4.463655722814133
Colombia,2023,2023,30,2023-W30,394,2023,32,396,2,xgboost_climate,2876.0,1871.5557,2022.0,135.69379844961242,-1004.4443000000001,1004.4443000000001,1008908.3518024902,7.402285966465766
Colombia,2023,2023,31,2023-W31,395,2023,33,397,2,xgboost_climate,2474.0,2107.762,2022.0,135.69379844961242,-366.23799999999983,366.23799999999983,134130.27264399987,2.699003227741436
Colombia,2023,2023,32,2023-W32,396,2023,34,398,2,xgboost_climate,2299.0,2109.1882,2022.0,135.69379844961242,-189.81179999999995,189.81179999999995,36028.51941923998,1.398824428004227
Colombia,2023,2023,33,2023-W33,397,2023,35,399,2,xgboost_climate,2504.0,2181.6123,2022.0,135.69379844961242,-322.3877000000002,322.3877000000002,103933.82911129015,2.375846970778944
Colombia,2023,2023,34,2023-W34,398,2023,36,400,2,xgboost_climate,2559.0,2158.4636,2022.0,135.69379844961242,-400.53639999999996,400.53639999999996,160429.40772495998,2.951766437201862
Colombia,2023,2023,35,2023-W35,399,2023,37,401,2,xgboost_climate,2681.0,2130.0977,2022.0,135.69379844961242,-550.9023000000002,550.9023000000002,303493.3441452902,4.05989298180468
Colombia,2023,2023,36,2023-W36,400,2023,38,402,2,xgboost_climate,2677.0,2212.772,2022.0,135.69379844961242,-464.22800000000007,464.22800000000007,215507.63598400005,3.4211438201605304
Colombia,2023,2023,37,2023-W37,401,2023,39,403,2,xgboost_climate,2809.0,2283.8955,2022.0,135.69379844961242,-525.1044999999999,525.1044999999999,275734.7359202499,3.8697752292267693
Colombia,2023,2023,38,2023-W38,402,2023,40,404,2,xgboost_climate,2984.0,2185.7688,2022.0,135.69379844961242,-798.2312000000002,798.2312000000002,637173.0486534403,5.882591607872262
Colombia,2023,2023,39,2023-W39,403,2023,41,405,2,xgboost_climate,2632.0,2264.9016,2022.0,135.69379844961242,-367.09839999999986,367.09839999999986,134761.2352825599,2.70534397440658
Colombia,2023,2023,40,2023-W40,404,2023,42,406,2,xgboost_climate,2964.0,2236.0068,2022.0,135.69379844961242,-727.9931999999999,727.9931999999999,529974.0992462399,5.364970310491587
Colombia,2023,2023,41,2023-W41,405,2023,43,407,2,xgboost_climate,2969.0,2254.6077,2022.0,135.69379844961242,-714.3923,714.3923,510356.35829928995,5.264738021651574
Colombia,2023,2023,42,2023-W42,406,2023,44,408,2,xgboost_climate,2852.0,2318.1736,2022.0,135.69379844961242,-533.8263999999999,533.8263999999999,284970.6253369599,3.934051563883572
Colombia,2023,2023,43,2023-W43,407,2023,45,409,2,xgboost_climate,3322.0,2326.123,2022.0,135.69379844961242,-995.877,995.877,991770.9991289999,7.339148961695563
Colombia,2023,2023,44,2023-W44,408,2023,46,410,2,xgboost_climate,3638.0,2294.032,2022.0,135.69379844961242,-1343.9679999999998,1343.9679999999998,1806249.9850239996,9.904417264132078
Colombia,2023,2023,45,2023-W45,409,2023,47,411,2,xgboost_climate,3999.0,2315.3157,2022.0,135.69379844961242,-1683.6843,1683.6843,2834792.8220664896,12.407967933959837
Colombia,2023,2023,46,2023-W46,410,2023,48,412,2,xgboost_climate,3916.0,2355.3906,2022.0,135.69379844961242,-1560.6093999999998,1560.6093999999998,2435501.6993683595,11.500963329429572
Colombia,2023,2023,47,2023-W47,411,2023,49,413,2,xgboost_climate,4130.0,2335.8997,2022.0,135.69379844961242,-1794.1003,1794.1003,3218795.88646009,13.221682350252792
Colombia,2023,2023,48,2023-W48,412,2023,50,414,2,xgboost_climate,4650.0,2229.2266,2022.0,135.69379844961242,-2420.7734,2420.7734,5860143.85414756,17.839970784655375
Colombia,2023,2023,49,2023-W49,413,2023,51,415,2,xgboost_climate,3922.0,2098.8145,2022.0,135.69379844961242,-1823.1855,1823.1855,3324005.36741025,13.436026707418092
Colombia,2023,2023,50,2023-W50,414,2023,52,416,2,xgboost_climate,3859.0,2096.798,2022.0,135.69379844961242,-1762.2020000000002,1762.2020000000002,3105355.888804001,12.98660675826216
Colombia,2023,2022,51,2022-W51,363,2023,1,365,2,xgboost_epidemiology,1071.0,1237.1512,2022.0,135.69379844961242,166.15120000000002,166.15120000000002,27606.221261440005,1.2244568425262075
Colombia,2023,2022,52,2022-W52,364,2023,2,366,2,xgboost_epidemiology,2389.0,1276.9314,2022.0,135.69379844961242,-1112.0686,1112.0686,1236696.57110596,8.195426855951327
Colombia,2023,2023,1,2023-W01,365,2023,3,367,2,xgboost_epidemiology,2177.0,1105.9604,2022.0,135.69379844961242,-1071.0396,1071.0396,1147125.8247681602,7.893062263989259
Colombia,2023,2023,2,2023-W02,366,2023,4,368,2,xgboost_epidemiology,2237.0,1522.9421,2022.0,135.69379844961242,-714.0579,714.0579,509878.68455241004,5.262273649632951
Colombia,2023,2023,3,2023-W03,367,2023,5,369,2,xgboost_epidemiology,2016.0,1479.0186,2022.0,135.69379844961242,-536.9813999999999,536.9813999999999,288349.02394595987,3.95730244222914
Colombia,2023,2023,4,2023-W04,368,2023,6,370,2,xgboost_epidemiology,1870.0,1815.7883,2022.0,135.69379844961242,-54.211700000000064,54.211700000000064,2938.908416890007,0.39951494187209047
Colombia,2023,2023,5,2023-W05,369,2023,7,371,2,xgboost_epidemiology,1918.0,1881.4725,2022.0,135.69379844961242,-36.52749999999992,36.52749999999992,1334.258256249994,0.2691906366934211
Colombia,2023,2023,6,2023-W06,370,2023,8,372,2,xgboost_epidemiology,2294.0,1683.5393,2022.0,135.69379844961242,-610.4607000000001,610.4607000000001,372662.2662444901,4.49881060870062
Colombia,2023,2023,7,2023-W07,371,2023,9,373,2,xgboost_epidemiology,1311.0,1714.8065,2022.0,135.69379844961242,403.8064999999999,403.8064999999999,163059.68944224992,2.975865548858864
Colombia,2023,2023,8,2023-W08,372,2023,10,374,2,xgboost_epidemiology,1735.0,2064.57,2022.0,135.69379844961242,329.57000000000016,329.57000000000016,108616.3849000001,2.428777171584451
Colombia,2023,2023,9,2023-W09,373,2023,11,375,2,xgboost_epidemiology,1752.0,1568.3811,2022.0,135.69379844961242,-183.61889999999994,183.61889999999994,33715.90043720998,1.3531856436916216
Colombia,2023,2023,10,2023-W10,374,2023,12,376,2,xgboost_epidemiology,2015.0,1616.3805,2022.0,135.69379844961242,-398.6195,398.6195,158897.50578025,2.9376397783427115
Colombia,2023,2023,11,2023-W11,375,2023,13,377,2,xgboost_epidemiology,2217.0,1619.1152,2022.0,135.69379844961242,-597.8848,597.8848,357466.23407104006,4.406132091747836
Colombia,2023,2023,12,2023-W12,376,2023,14,378,2,xgboost_epidemiology,1627.0,1819.1033,2022.0,135.69379844961242,192.1033,192.1033,36903.677870889995,1.4157117141306519
Colombia,2023,2023,13,2023-W13,377,2023,15,379,2,xgboost_epidemiology,1682.0,1884.4524,2022.0,135.69379844961242,202.4523999999999,202.4523999999999,40986.974265759956,1.4919797537775992
Colombia,2023,2023,14,2023-W14,378,2023,16,380,2,xgboost_epidemiology,1751.0,1698.0195,2022.0,135.69379844961242,-52.98049999999989,52.98049999999989,2806.9333802499887,0.3904415721671562
Colombia,2023,2023,15,2023-W15,379,2023,17,381,2,xgboost_epidemiology,2144.0,1612.9568,2022.0,135.69379844961242,-531.0432000000001,531.0432000000001,282006.8802662401,3.913540678111343
Colombia,2023,2023,16,2023-W16,380,2023,18,382,2,xgboost_epidemiology,2689.0,1622.7711,2022.0,135.69379844961242,-1066.2289,1066.2289,1136844.0671952101,7.857609648947413
Colombia,2023,2023,17,2023-W17,381,2023,19,383,2,xgboost_epidemiology,2729.0,1854.4097,2022.0,135.69379844961242,-874.5903000000001,874.5903000000001,764908.1928540901,6.445322557056757
Colombia,2023,2023,18,2023-W18,382,2023,20,384,2,xgboost_epidemiology,2179.0,2038.7472,2022.0,135.69379844961242,-140.25279999999998,140.25279999999998,19670.847907839994,1.033597714873318
Colombia,2023,2023,19,2023-W19,383,2023,21,385,2,xgboost_epidemiology,2133.0,2090.7708,2022.0,135.69379844961242,-42.22920000000022,42.22920000000022,1783.3053326400186,0.3112095061269975
Colombia,2023,2023,20,2023-W20,384,2023,22,386,2,xgboost_epidemiology,2569.0,1941.4685,2022.0,135.69379844961242,-627.5315,627.5315,393795.7834922501,4.624614442000628
Colombia,2023,2023,21,2023-W21,385,2023,23,387,2,xgboost_epidemiology,2152.0,1837.0034,2022.0,135.69379844961242,-314.99659999999994,314.99659999999994,99222.85801155996,2.3213780113685045
Colombia,2023,2023,22,2023-W22,386,2023,24,388,2,xgboost_epidemiology,2079.0,1936.1545,2022.0,135.69379844961242,-142.8454999999999,142.8454999999999,20404.836870249972,1.0527047045045552
Colombia,2023,2023,23,2023-W23,387,2023,25,389,2,xgboost_epidemiology,2082.0,1837.2997,2022.0,135.69379844961242,-244.70029999999997,244.70029999999997,59878.23682008999,1.8033270701819528
Colombia,2023,2023,24,2023-W24,388,2023,26,390,2,xgboost_epidemiology,1768.0,1741.411,2022.0,135.69379844961242,-26.588999999999942,26.588999999999942,706.9749209999969,0.19594852752149403
Colombia,2023,2023,25,2023-W25,389,2023,27,391,2,xgboost_epidemiology,2203.0,1741.411,2022.0,135.69379844961242,-461.58899999999994,461.58899999999994,213064.40492099995,3.401695621125995
Colombia,2023,2023,26,2023-W26,390,2023,28,392,2,xgboost_epidemiology,2617.0,1561.4965,2022.0,135.69379844961242,-1055.5035,1055.5035,1114087.63851225,7.778568453826159
Colombia,2023,2023,27,2023-W27,391,2023,29,393,2,xgboost_epidemiology,2458.0,1724.1704,2022.0,135.69379844961242,-733.8296,733.8296,538505.8818361601,5.407981856094147
Colombia,2023,2023,28,2023-W28,392,2023,30,394,2,xgboost_epidemiology,2609.0,1926.7069,2022.0,135.69379844961242,-682.2931000000001,682.2931000000001,465523.87430761015,5.028181890371048
Colombia,2023,2023,29,2023-W29,393,2023,31,395,2,xgboost_epidemiology,2595.0,1959.4967,2022.0,135.69379844961242,-635.5033000000001,635.5033000000001,403864.4443108901,4.683362889542689
Colombia,2023,2023,30,2023-W30,394,2023,32,396,2,xgboost_epidemiology,2876.0,1973.1703,2022.0,135.69379844961242,-902.8297,902.8297,815101.46720209,6.6534337627467215
Colombia,2023,2023,31,2023-W31,395,2023,33,397,2,xgboost_epidemiology,2474.0,2166.2612,2022.0,135.69379844961242,-307.7388000000001,307.7388000000001,94703.16902544005,2.2678914107800856
Colombia,2023,2023,32,2023-W32,396,2023,34,398,2,xgboost_epidemiology,2299.0,2194.023,2022.0,135.69379844961242,-104.97699999999986,104.97699999999986,11020.170528999972,0.7736315233225731
Colombia,2023,2023,33,2023-W33,397,2023,35,399,2,xgboost_epidemiology,2504.0,2194.3894,2022.0,135.69379844961242,-309.6106,309.6106,95858.72363235998,2.2816857036761973
Colombia,2023,2023,34,2023-W34,398,2023,36,400,2,xgboost_epidemiology,2559.0,2194.3894,2022.0,135.69379844961242,-364.6106,364.6106,132940.88963236,2.6870100488445825
Colombia,2023,2023,35,2023-W35,399,2023,37,401,2,xgboost_epidemiology,2681.0,2262.307,2022.0,135.69379844961242,-418.6930000000002,418.6930000000002,175303.8282490002,3.085572110028851
Colombia,2023,2023,36,2023-W36,400,2023,38,402,2,xgboost_epidemiology,2677.0,2256.762,2022.0,135.69379844961242,-420.23799999999983,420.23799999999983,176599.97664399986,3.0969580393613056
Colombia,2023,2023,37,2023-W37,401,2023,39,403,2,xgboost_epidemiology,2809.0,2188.5369,2022.0,135.69379844961242,-620.4630999999999,620.4630999999999,384974.4584616099,4.5725236310662964
Colombia,2023,2023,38,2023-W38,402,2023,40,404,2,xgboost_epidemiology,2984.0,2256.762,2022.0,135.69379844961242,-727.2379999999998,727.2379999999998,528875.1086439998,5.359404838755747
Colombia,2023,2023,39,2023-W39,403,2023,41,405,2,xgboost_epidemiology,2632.0,2259.453,2022.0,135.69379844961242,-372.547,372.547,138791.267209,2.7454976148990258
Colombia,2023,2023,40,2023-W40,404,2023,42,406,2,xgboost_epidemiology,2964.0,2264.4424,2022.0,135.69379844961242,-699.5576000000001,699.5576000000001,489380.83571776014,5.155413202319404
Colombia,2023,2023,41,2023-W41,405,2023,43,407,2,xgboost_epidemiology,2969.0,2266.3142,2022.0,135.69379844961242,-702.6858000000002,702.6858000000002,493767.3335216403,5.178466577165873
Colombia,2023,2023,42,2023-W42,406,2023,44,408,2,xgboost_epidemiology,2852.0,2272.5447,2022.0,135.69379844961242,-579.4553000000001,579.4553000000001,335768.4446980901,4.270315273215459
Colombia,2023,2023,43,2023-W43,407,2023,45,409,2,xgboost_epidemiology,3322.0,2285.8433,2022.0,135.69379844961242,-1036.1567,1036.1567,1073620.70695489,7.635991562169727
Colombia,2023,2023,44,2023-W44,408,2023,46,410,2,xgboost_epidemiology,3638.0,2287.9094,2022.0,135.69379844961242,-1350.0906,1350.0906,1822744.62820836,9.949537970236223
Colombia,2023,2023,45,2023-W45,409,2023,47,411,2,xgboost_epidemiology,3999.0,2287.9094,2022.0,135.69379844961242,-1711.0906,1711.0906,2927831.04140836,12.609939581250535
Colombia,2023,2023,46,2023-W46,410,2023,48,412,2,xgboost_epidemiology,3916.0,2280.4443,2022.0,135.69379844961242,-1635.5557,1635.5557,2675042.4478024896,12.053282601616726
Colombia,2023,2023,47,2023-W47,411,2023,49,413,2,xgboost_epidemiology,4130.0,2280.4443,2022.0,135.69379844961242,-1849.5557,1849.5557,3420856.2874024897,13.63036278099917
Colombia,2023,2023,48,2023-W48,412,2023,50,414,2,xgboost_epidemiology,4650.0,2156.543,2022.0,135.69379844961242,-2493.457,2493.457,6217327.810849,18.375615013282296
Colombia,2023,2023,49,2023-W49,413,2023,51,415,2,xgboost_epidemiology,3922.0,1791.9681,2022.0,135.69379844961242,-2130.0319,2130.0319,4537035.89501761,15.69734154645948
Colombia,2023,2023,50,2023-W50,414,2023,52,416,2,xgboost_epidemiology,3859.0,1866.9415,2022.0,135.69379844961242,-1992.0585,1992.0585,3968297.0674222503,14.68054194635665
Colombia,2023,2022,49,2022-W49,361,2023,1,365,4,xgboost_climate,1071.0,1312.1566,2022.0,135.69379844961242,241.15660000000003,241.15660000000003,58156.50572356001,1.7772116541460767
Colombia,2023,2022,50,2022-W50,362,2023,2,366,4,xgboost_climate,2389.0,1214.4528,2022.0,135.69379844961242,-1174.5472,1174.5472,1379561.12502784,8.655864994715644
Colombia,2023,2022,51,2022-W51,363,2023,3,367,4,xgboost_climate,2177.0,1259.5564,2022.0,135.69379844961242,-917.4436000000001,917.4436000000001,841702.7591809601,6.761131389071381
Colombia,2023,2022,52,2022-W52,364,2023,4,368,4,xgboost_climate,2237.0,1115.8534,2022.0,135.69379844961242,-1121.1466,1121.1466,1256969.6986915602,8.262327481504755
Colombia,2023,2023,1,2023-W01,365,2023,5,369,4,xgboost_climate,2016.0,1090.0507,2022.0,135.69379844961242,-925.9493,925.9493,857382.10617049,6.823814430574994
Colombia,2023,2023,2,2023-W02,366,2023,6,370,4,xgboost_climate,1870.0,1144.0219,2022.0,135.69379844961242,-725.9781,725.9781,527044.2016796101,5.350119963437973
Colombia,2023,2023,3,2023-W03,367,2023,7,371,4,xgboost_climate,1918.0,1126.8206,2022.0,135.69379844961242,-791.1794,791.1794,625964.84298436,5.830623131194835
Colombia,2023,2023,4,2023-W04,368,2023,8,372,4,xgboost_climate,2294.0,1170.75,2022.0,135.69379844961242,-1123.25,1123.25,1261690.5625,8.277828558370704
Colombia,2023,2023,5,2023-W05,369,2023,9,373,4,xgboost_climate,1311.0,1376.7074,2022.0,135.69379844961242,65.7074,65.7074,4317.462414760001,0.4842328886857665
Colombia,2023,2023,6,2023-W06,370,2023,10,374,4,xgboost_climate,1735.0,1427.5331,2022.0,135.69379844961242,-307.4668999999999,307.4668999999999,94535.89459560993,2.2658876346082426
Colombia,2023,2023,7,2023-W07,371,2023,11,375,4,xgboost_climate,1752.0,1288.9648,2022.0,135.69379844961242,-463.03520000000003,463.03520000000003,214401.59643904003,3.41235344054386
Colombia,2023,2023,8,2023-W08,372,2023,12,376,4,xgboost_climate,2015.0,1346.2015,2022.0,135.69379844961242,-668.7985000000001,668.7985000000001,447291.4336022501,4.928732982947243
Colombia,2023,2023,9,2023-W09,373,2023,13,377,4,xgboost_climate,2217.0,1277.0703,2022.0,135.69379844961242,-939.9296999999999,939.9296999999999,883467.8409420898,6.926843457396668
Colombia,2023,2023,10,2023-W10,374,2023,14,378,4,xgboost_climate,1627.0,1576.2034,2022.0,135.69379844961242,-50.7965999999999,50.7965999999999,2580.29457155999,0.37434724785055196
Colombia,2023,2023,11,2023-W11,375,2023,15,379,4,xgboost_climate,1682.0,1601.0469,2022.0,135.69379844961242,-80.95309999999995,80.95309999999995,6553.404399609992,0.596586586306378
Colombia,2023,2023,12,2023-W12,376,2023,16,380,4,xgboost_climate,1751.0,1390.1698,2022.0,135.69379844961242,-360.8302000000001,360.8302000000001,130198.43323204007,2.659150264217773
Colombia,2023,2023,13,2023-W13,377,2023,17,381,4,xgboost_climate,2144.0,1625.6897,2022.0,135.69379844961242,-518.3103000000001,518.3103000000001,268645.5670860901,3.8197051443914427
Colombia,2023,2023,14,2023-W14,378,2023,18,382,4,xgboost_climate,2689.0,1560.1389,2022.0,135.69379844961242,-1128.8611,1128.8611,1274327.3830932102,8.319179748064784
Colombia,2023,2023,15,2023-W15,379,2023,19,383,4,xgboost_climate,2729.0,1436.5577,2022.0,135.69379844961242,-1292.4423,1292.4423,1670407.09882929,9.524696889371302
Colombia,2023,2023,16,2023-W16,380,2023,20,384,4,xgboost_climate,2179.0,1959.0096,2022.0,135.69379844961242,-219.9903999999999,219.9903999999999,48395.77609215996,1.6212266331514744
Colombia,2023,2023,17,2023-W17,381,2023,21,385,4,xgboost_climate,2133.0,1958.9219,2022.0,135.69379844961242,-174.07809999999995,174.07809999999995,30303.184899609983,1.2828743980119393
Colombia,2023,2023,18,2023-W18,382,2023,22,386,4,xgboost_climate,2569.0,2061.1719,2022.0,135.69379844961242,-507.8281000000002,507.8281000000002,257889.37914961018,3.7424562198291875
Colombia,2023,2023,19,2023-W19,383,2023,23,387,4,xgboost_climate,2152.0,2271.409,2022.0,135.69379844961242,119.4090000000001,119.4090000000001,14258.509281000026,0.8799886314947591
Colombia,2023,2023,20,2023-W20,384,2023,24,388,4,xgboost_climate,2079.0,2113.4368,2022.0,135.69379844961242,34.43679999999995,34.43679999999995,1185.8931942399965,0.2537831529035387
Colombia,2023,2023,21,2023-W21,385,2023,25,389,4,xgboost_climate,2082.0,2234.4873,2022.0,135.69379844961242,152.48729999999978,152.48729999999978,23252.37666128993,1.1237602730726368
Colombia,2023,2023,22,2023-W22,386,2023,26,390,4,xgboost_climate,1768.0,2067.2231,2022.0,135.69379844961242,299.22310000000016,299.22310000000016,89534.46357361009,2.2051346739409876
Colombia,2023,2023,23,2023-W23,387,2023,27,391,4,xgboost_climate,2203.0,2191.0085,2022.0,135.69379844961242,-11.991500000000087,11.991500000000087,143.79607225000208,0.0883717615470314
Colombia,2023,2023,24,2023-W24,388,2023,28,392,4,xgboost_climate,2617.0,1836.7615,2022.0,135.69379844961242,-780.2384999999999,780.2384999999999,608772.11688225,5.749993801593875
Colombia,2023,2023,25,2023-W25,389,2023,29,393,4,xgboost_climate,2458.0,1889.5587,2022.0,135.69379844961242,-568.4413,568.4413,323125.51154568995,4.189147230712102
Colombia,2023,2023,26,2023-W26,390,2023,30,394,4,xgboost_climate,2609.0,1888.5438,2022.0,135.69379844961242,-720.4562000000001,720.4562000000001,519057.13611844013,5.309426136136422
Colombia,2023,2023,27,2023-W27,391,2023,31,395,4,xgboost_climate,2595.0,1784.2279,2022.0,135.69379844961242,-810.7720999999999,810.7720999999999,657351.3981384098,5.975012191150846
Colombia,2023,2023,28,2023-W28,392,2023,32,396,4,xgboost_climate,2876.0,1694.6606,2022.0,135.69379844961242,-1181.3394,1181.3394,1395562.77799236,8.705920340483875
Colombia,2023,2023,29,2023-W29,393,2023,33,397,4,xgboost_climate,2474.0,1690.509,2022.0,135.69379844961242,-783.491,783.491,613858.147081,5.773963209460423
Colombia,2023,2023,30,2023-W30,394,2023,34,398,4,xgboost_climate,2299.0,1810.8044,2022.0,135.69379844961242,-488.1956,488.1956,238334.94385936,3.5977738524379443
Colombia,2023,2023,31,2023-W31,395,2023,35,399,4,xgboost_climate,2504.0,1946.9856,2022.0,135.69379844961242,-557.0144,557.0144,310265.04180736,4.104936307806564
Colombia,2023,2023,32,2023-W32,396,2023,36,400,4,xgboost_climate,2559.0,2161.087,2022.0,135.69379844961242,-397.913,397.913,158334.755569,2.932433202890685
Colombia,2023,2023,33,2023-W33,397,2023,37,401,4,xgboost_climate,2681.0,2164.2935,2022.0,135.69379844961242,-516.7064999999998,516.7064999999998,266985.60714224976,3.8078858864863303
Colombia,2023,2023,34,2023-W34,398,2023,38,402,4,xgboost_climate,2677.0,2151.3005,2022.0,135.69379844961242,-525.6995000000002,525.6995000000002,276359.96430025017,3.874160101688138
Colombia,2023,2023,35,2023-W35,399,2023,39,403,4,xgboost_climate,2809.0,2244.488,2022.0,135.69379844961242,-564.5120000000002,564.5120000000002,318673.7981440002,4.16019012253992
Colombia,2023,2023,36,2023-W36,400,2023,40,404,4,xgboost_climate,2984.0,2152.8704,2022.0,135.69379844961242,-831.1296000000002,831.1296000000002,690776.4119961604,6.125037470364765
Colombia,2023,2023,37,2023-W37,401,2023,41,405,4,xgboost_climate,2632.0,2263.9402,2022.0,135.69379844961242,-368.0598,368.0598,135468.01637604,2.712429043960124
Colombia,2023,2023,38,2023-W38,402,2023,42,406,4,xgboost_climate,2964.0,2077.5627,2022.0,135.69379844961242,-886.4373,886.4373,785771.08683129,6.5326294210060265
Colombia,2023,2023,39,2023-W39,403,2023,43,407,4,xgboost_climate,2969.0,2330.7605,2022.0,135.69379844961242,-638.2395000000001,638.2395000000001,407349.65936025017,4.7035274072381394
Colombia,2023,2023,40,2023-W40,404,2023,44,408,4,xgboost_climate,2852.0,2318.3142,2022.0,135.69379844961242,-533.6858000000002,533.6858000000002,284820.5331216402,3.9330154074666526
Colombia,2023,2023,41,2023-W41,405,2023,45,409,4,xgboost_climate,3322.0,2184.6335,2022.0,135.69379844961242,-1137.3665,1137.3665,1293602.5553222501,8.381860578708332
Colombia,2023,2023,42,2023-W42,406,2023,46,410,4,xgboost_climate,3638.0,2416.464,2022.0,135.69379844961242,-1221.536,1221.536,1492150.1992960002,9.002150532720158
Colombia,2023,2023,43,2023-W43,407,2023,47,411,4,xgboost_climate,3999.0,2401.5125,2022.0,135.69379844961242,-1597.4875000000002,1597.4875000000002,2551966.312656251,11.772737724585108
Colombia,2023,2023,44,2023-W44,408,2023,48,412,4,xgboost_climate,3916.0,2376.3613,2022.0,135.69379844961242,-1539.6387,1539.6387,2370487.32653769,11.346419052243707
Colombia,2023,2023,45,2023-W45,409,2023,49,413,4,xgboost_climate,4130.0,2424.5828,2022.0,135.69379844961242,-1705.4171999999999,1705.4171999999999,2908447.8260558397,12.568129269616382
Colombia,2023,2023,46,2023-W46,410,2023,50,414,4,xgboost_climate,4650.0,2258.8333,2022.0,135.69379844961242,-2391.1667,2391.1667,5717678.187188891,17.62178321574452
Colombia,2023,2023,47,2023-W47,411,2023,51,415,4,xgboost_climate,3922.0,1719.4452,2022.0,135.69379844961242,-2202.5548,2202.5548,4851247.64700304,16.231801491045157
Colombia,2023,2023,48,2023-W48,412,2023,52,416,4,xgboost_climate,3859.0,1542.7444,2022.0,135.69379844961242,-2316.2556,2316.2556,5365040.00453136,17.069723351138276
Colombia,2023,2022,49,2022-W49,361,2023,1,365,4,xgboost_epidemiology,1071.0,1270.2211,2022.0,135.69379844961242,199.22109999999998,199.22109999999998,39689.04668520999,1.4681665800222796
Colombia,2023,2022,50,2022-W50,362,2023,2,366,4,xgboost_epidemiology,2389.0,1204.1731,2022.0,135.69379844961242,-1184.8269,1184.8269,1403814.78296361,8.731621588734324
Colombia,2023,2022,51,2022-W51,363,2023,3,367,4,xgboost_epidemiology,2177.0,1084.1892,2022.0,135.69379844961242,-1092.8108,1092.8108,1194235.4445966398,8.053505852780713
Colombia,2023,2022,52,2022-W52,364,2023,4,368,4,xgboost_epidemiology,2237.0,1213.6688,2022.0,135.69379844961242,-1023.3312000000001,1023.3312000000001,1047206.7448934402,7.541473609643234
Colombia,2023,2023,1,2023-W01,365,2023,5,369,4,xgboost_epidemiology,2016.0,1038.1917,2022.0,135.69379844961242,-977.8082999999999,977.8082999999999,956109.0715488899,7.20599107086749
Colombia,2023,2023,2,2023-W02,366,2023,6,370,4,xgboost_epidemiology,1870.0,1428.1953,2022.0,135.69379844961242,-441.8046999999999,441.8046999999999,195191.3929420899,3.255894558542088
Colombia,2023,2023,3,2023-W03,367,2023,7,371,4,xgboost_epidemiology,1918.0,1120.4641,2022.0,135.69379844961242,-797.5359000000001,797.5359000000001,636063.5117888101,5.877467571195978
Colombia,2023,2023,4,2023-W04,368,2023,8,372,4,xgboost_epidemiology,2294.0,1261.3867,2022.0,135.69379844961242,-1032.6133,1032.6133,1066290.22733689,7.609878356993915
Colombia,2023,2023,5,2023-W05,369,2023,9,373,4,xgboost_epidemiology,1311.0,1276.5128,2022.0,135.69379844961242,-34.48720000000003,34.48720000000003,1189.366963840002,0.2541545773943845
Colombia,2023,2023,6,2023-W06,370,2023,10,374,4,xgboost_epidemiology,1735.0,1787.6294,2022.0,135.69379844961242,52.62940000000003,52.62940000000003,2769.8537443600035,0.3878541289382732
Colombia,2023,2023,7,2023-W07,371,2023,11,375,4,xgboost_epidemiology,1752.0,1979.9796,2022.0,135.69379844961242,227.9795999999999,227.9795999999999,51974.69801615995,1.6801033105772791
Colombia,2023,2023,8,2023-W08,372,2023,12,376,4,xgboost_epidemiology,2015.0,2122.1892,2022.0,135.69379844961242,107.1891999999998,107.1891999999998,11489.524596639958,0.7899344054385999
Colombia,2023,2023,9,2023-W09,373,2023,13,377,4,xgboost_epidemiology,2217.0,1818.4204,2022.0,135.69379844961242,-398.5796,398.5796,158865.69753616003,2.937345733954126
Colombia,2023,2023,10,2023-W10,374,2023,14,378,4,xgboost_epidemiology,1627.0,1915.0765,2022.0,135.69379844961242,288.0764999999999,288.0764999999999,82988.06985224994,2.122989431289096
Colombia,2023,2023,11,2023-W11,375,2023,15,379,4,xgboost_epidemiology,1682.0,1898.1957,2022.0,135.69379844961242,216.1957,216.1957,46740.58069849,1.593261464194921
Colombia,2023,2023,12,2023-W12,376,2023,16,380,4,xgboost_epidemiology,1751.0,1986.3365,2022.0,135.69379844961242,235.3364999999999,235.3364999999999,55383.268232249946,1.7343202319403572
Colombia,2023,2023,13,2023-W13,377,2023,17,381,4,xgboost_epidemiology,2144.0,1886.7355,2022.0,135.69379844961242,-257.2645,257.2645,66185.02296025,1.895919363592219
Colombia,2023,2023,14,2023-W14,378,2023,18,382,4,xgboost_epidemiology,2689.0,1682.9923,2022.0,135.69379844961242,-1006.0077000000001,1006.0077000000001,1012051.4924592902,7.413807495215516
Colombia,2023,2023,15,2023-W15,379,2023,19,383,4,xgboost_epidemiology,2729.0,1710.9907,2022.0,135.69379844961242,-1018.0092999999999,1018.0092999999999,1036342.9348864899,7.502253689051385
Colombia,2023,2023,16,2023-W16,380,2023,20,384,4,xgboost_epidemiology,2179.0,1924.3396,2022.0,135.69379844961242,-254.66039999999998,254.66039999999998,64851.91932815999,1.8767283612785282
Colombia,2023,2023,17,2023-W17,381,2023,21,385,4,xgboost_epidemiology,2133.0,1966.24,2022.0,135.69379844961242,-166.76,166.76,27808.897599999997,1.228943414550544
Colombia,2023,2023,18,2023-W18,382,2023,22,386,4,xgboost_epidemiology,2569.0,1997.3186,2022.0,135.69379844961242,-571.6813999999999,571.6813999999999,326819.6231059599,4.2130252563626485
Colombia,2023,2023,19,2023-W19,383,2023,23,387,4,xgboost_epidemiology,2152.0,1870.7041,2022.0,135.69379844961242,-281.2959000000001,281.2959000000001,79127.38335681004,2.073019572110029
Colombia,2023,2023,20,2023-W20,384,2023,24,388,4,xgboost_epidemiology,2079.0,1736.6875,2022.0,135.69379844961242,-342.3125,342.3125,117177.84765625,2.5226834528264157
Colombia,2023,2023,21,2023-W21,385,2023,25,389,4,xgboost_epidemiology,2082.0,1712.8906,2022.0,135.69379844961242,-369.10940000000005,369.10940000000005,136241.74916836002,2.720164106372647
Colombia,2023,2023,22,2023-W22,386,2023,26,390,4,xgboost_epidemiology,1768.0,1714.2396,2022.0,135.69379844961242,-53.76039999999989,53.76039999999989,2890.1806081599884,0.3961890713816439
Colombia,2023,2023,23,2023-W23,387,2023,27,391,4,xgboost_epidemiology,2203.0,1586.7366,2022.0,135.69379844961242,-616.2634,616.2634,379780.5781795601,4.541573801022594
Colombia,2023,2023,24,2023-W24,388,2023,28,392,4,xgboost_epidemiology,2617.0,1593.2601,2022.0,135.69379844961242,-1023.7399,1023.7399,1048043.3828520101,7.544485538004513
Colombia,2023,2023,25,2023-W25,389,2023,29,393,4,xgboost_epidemiology,2458.0,1565.9874,2022.0,135.69379844961242,-892.0126,892.0126,795686.47855876,6.573716781399068
Colombia,2023,2023,26,2023-W26,390,2023,30,394,4,xgboost_epidemiology,2609.0,1588.513,2022.0,135.69379844961242,-1020.4870000000001,1020.4870000000001,1041393.7171690002,7.520513182324545
Colombia,2023,2023,27,2023-W27,391,2023,31,395,4,xgboost_epidemiology,2595.0,1566.9441,2022.0,135.69379844961242,-1028.0559,1028.0559,1056898.9335248102,7.5762924447999085
Colombia,2023,2023,28,2023-W28,392,2023,32,396,4,xgboost_epidemiology,2876.0,1644.4691,2022.0,135.69379844961242,-1231.5309,1231.5309,1516668.35765481,9.07580828358422
Colombia,2023,2023,29,2023-W29,393,2023,33,397,4,xgboost_epidemiology,2474.0,1634.154,2022.0,135.69379844961242,-839.846,839.846,705341.303716,6.189273272587048
Colombia,2023,2023,30,2023-W30,394,2023,34,398,4,xgboost_epidemiology,2299.0,1639.1798,2022.0,135.69379844961242,-659.8202000000001,659.8202000000001,435362.69632804015,4.862567099888601
Colombia,2023,2023,31,2023-W31,395,2023,35,399,4,xgboost_epidemiology,2504.0,1970.649,2022.0,135.69379844961242,-533.3510000000001,533.3510000000001,284463.2892010001,3.930548087634609
Colombia,2023,2023,32,2023-W32,396,2023,36,400,4,xgboost_epidemiology,2559.0,2028.8263,2022.0,135.69379844961242,-530.1737,530.1737,281084.1521716901,3.907132868690908
Colombia,2023,2023,33,2023-W33,397,2023,37,401,4,xgboost_epidemiology,2681.0,2064.45,2022.0,135.69379844961242,-616.5500000000002,616.5500000000002,380133.9025000002,4.5436859093376
Colombia,2023,2023,34,2023-W34,398,2023,38,402,4,xgboost_epidemiology,2677.0,2081.9978,2022.0,135.69379844961242,-595.0021999999999,595.0021999999999,354027.61800483987,4.384888674340883
Colombia,2023,2023,35,2023-W35,399,2023,39,403,4,xgboost_epidemiology,2809.0,2161.9644,2022.0,135.69379844961242,-647.0356000000002,647.0356000000002,418655.0676673602,4.768350561284242
Colombia,2023,2023,36,2023-W36,400,2023,40,404,4,xgboost_epidemiology,2984.0,2148.8706,2022.0,135.69379844961242,-835.1293999999998,835.1293999999998,697441.1147443596,6.154514130652116
Colombia,2023,2023,37,2023-W37,401,2023,41,405,4,xgboost_epidemiology,2632.0,1921.4653,2022.0,135.69379844961242,-710.5346999999999,710.5346999999999,504859.5599040899,5.2363093090348185
Colombia,2023,2023,38,2023-W38,402,2023,42,406,4,xgboost_epidemiology,2964.0,2171.9507,2022.0,135.69379844961242,-792.0493000000001,792.0493000000001,627342.0936304902,5.8370338884286905
Colombia,2023,2023,39,2023-W39,403,2023,43,407,4,xgboost_epidemiology,2969.0,2163.1528,2022.0,135.69379844961242,-805.8472000000002,805.8472000000002,649389.7097478403,5.93871797537776
Colombia,2023,2023,40,2023-W40,404,2023,44,408,4,xgboost_epidemiology,2852.0,2233.0625,2022.0,135.69379844961242,-618.9375,618.9375,383083.62890625,4.56128067068468
Colombia,2023,2023,41,2023-W41,405,2023,45,409,4,xgboost_epidemiology,3322.0,2257.7021,2022.0,135.69379844961242,-1064.2979,1064.2979,1132730.01994441,7.843379079665229
Colombia,2023,2023,42,2023-W42,406,2023,46,410,4,xgboost_epidemiology,3638.0,2257.7021,2022.0,135.69379844961242,-1380.2979,1380.2979,1905222.29274441,10.172151680996315
Colombia,2023,2023,43,2023-W43,407,2023,47,411,4,xgboost_epidemiology,3999.0,2263.8743,2022.0,135.69379844961242,-1735.1257,1735.1257,3010661.19480049,12.787067057042474
Colombia,2023,2023,44,2023-W44,408,2023,48,412,4,xgboost_epidemiology,3916.0,2265.5488,2022.0,135.69379844961242,-1650.4512,1650.4512,2723989.1635814398,12.163055488588647
Colombia,2023,2023,45,2023-W45,409,2023,49,413,4,xgboost_epidemiology,4130.0,2273.36,2022.0,135.69379844961242,-1856.6399999999999,1856.6399999999999,3447112.0895999996,13.682570767516921
Colombia,2023,2023,46,2023-W46,410,2023,50,414,4,xgboost_epidemiology,4650.0,2132.781,2022.0,135.69379844961242,-2517.219,2517.219,6336391.493961,18.55072986946214
Colombia,2023,2023,47,2023-W47,411,2023,51,415,4,xgboost_epidemiology,3922.0,1622.1023,2022.0,135.69379844961242,-2299.8977,2299.8977,5289529.43046529,16.949173258305006
Colombia,2023,2023,48,2023-W48,412,2023,52,416,4,xgboost_epidemiology,3859.0,1628.3252,2022.0,135.69379844961242,-2230.6748,2230.6748,4975910.063355039,16.43903277442943
Peru,2023,2022,52,2022-W52,364,2023,1,365,1,xgboost_climate,1596.0,780.8412,2022.0,205.76129032258063,-815.1588,815.1588,664483.86921744,3.9616722791835204
Peru,2023,2023,1,2023-W01,365,2023,2,366,1,xgboost_climate,1499.0,1481.1006,2022.0,205.76129032258063,-17.899400000000014,17.899400000000014,320.3885203600005,0.08699109522465752
Peru,2023,2023,2,2023-W02,366,2023,3,367,1,xgboost_climate,1851.0,1453.4581,2022.0,205.76129032258063,-397.54189999999994,397.54189999999994,158039.56225560996,1.9320538832972751
Peru,2023,2023,3,2023-W03,367,2023,4,368,1,xgboost_climate,1757.0,1538.9529,2022.0,205.76129032258063,-218.0471,218.0471,47544.53781841,1.0597090427366507
Peru,2023,2023,4,2023-W04,368,2023,5,369,1,xgboost_climate,1914.0,1510.1515,2022.0,205.76129032258063,-403.84850000000006,403.84850000000006,163093.61095225005,1.9627039632521246
Peru,2023,2023,5,2023-W05,369,2023,6,370,1,xgboost_climate,2142.0,1661.342,2022.0,205.76129032258063,-480.6579999999999,480.6579999999999,231032.1129639999,2.3359981814191197
Peru,2023,2023,6,2023-W06,370,2023,7,371,1,xgboost_climate,2303.0,2096.492,2022.0,205.76129032258063,-206.5079999999998,206.5079999999998,42645.55406399992,1.0036290095005165
Peru,2023,2023,7,2023-W07,371,2023,8,372,1,xgboost_climate,2513.0,2370.3145,2022.0,205.76129032258063,-142.68550000000005,142.68550000000005,20359.151910250013,0.6934516194776286
Peru,2023,2023,8,2023-W08,372,2023,9,373,1,xgboost_climate,2545.0,2627.3552,2022.0,205.76129032258063,82.35519999999997,82.35519999999997,6782.378967039995,0.40024632364468676
Peru,2023,2023,9,2023-W09,373,2023,10,374,1,xgboost_climate,2528.0,2448.5415,2022.0,205.76129032258063,-79.45850000000019,79.45850000000019,6313.653222250029,0.3861683598281764
Peru,2023,2023,10,2023-W10,374,2023,11,375,1,xgboost_climate,3018.0,2376.4304,2022.0,205.76129032258063,-641.5695999999998,641.5695999999998,411611.5516441598,3.1180286583262777
Peru,2023,2023,11,2023-W11,375,2023,12,376,1,xgboost_climate,3796.0,2740.5398,2022.0,205.76129032258063,-1055.4602,1055.4602,1113996.23378404,5.129537233875772
Peru,2023,2023,12,2023-W12,376,2023,13,377,1,xgboost_climate,4099.0,3460.0862,2022.0,205.76129032258063,-638.9137999999998,638.9137999999998,408210.8438304398,3.1051214686608337
Peru,2023,2023,13,2023-W13,377,2023,14,378,1,xgboost_climate,4430.0,3624.1123,2022.0,205.76129032258063,-805.8877000000002,805.8877000000002,649454.9850112904,3.9166147273696437
Peru,2023,2023,14,2023-W14,378,2023,15,379,1,xgboost_climate,6520.0,4820.065,2022.0,205.76129032258063,-1699.9350000000004,1699.9350000000004,2889779.004225001,8.261685166023895
Peru,2023,2023,15,2023-W15,379,2023,16,380,1,xgboost_climate,7614.0,4539.3447,2022.0,205.76129032258063,-3074.6553000000004,3074.6553000000004,9453505.213818092,14.942826686106672
Peru,2023,2023,16,2023-W16,380,2023,17,381,1,xgboost_climate,8594.0,4786.737,2022.0,205.76129032258063,-3807.263,3807.263,14495251.551168999,18.503300567522654
Peru,2023,2023,17,2023-W17,381,2023,18,382,1,xgboost_climate,11860.0,4265.5083,2022.0,205.76129032258063,-7594.4917,7594.4917,57676304.18136888,36.90923442448186
Peru,2023,2023,18,2023-W18,382,2023,19,383,1,xgboost_climate,15304.0,4105.7017,2022.0,205.76129032258063,-11198.2983,11198.2983,125401884.8157829,54.423736760417654
Peru,2023,2023,19,2023-W19,383,2023,20,384,1,xgboost_climate,20425.0,4087.0586,2022.0,205.76129032258063,-16337.9414,16337.9414,266928329.18983394,79.40240544947167
Peru,2023,2023,20,2023-W20,384,2023,21,385,1,xgboost_climate,18043.0,3329.609,2022.0,205.76129032258063,-14713.391,14713.391,216483874.71888098,71.50708948672123
Peru,2023,2023,21,2023-W21,385,2023,22,386,1,xgboost_climate,17868.0,3739.2786,2022.0,205.76129032258063,-14128.7214,14128.7214,199620768.39881796,68.66559486407677
Peru,2023,2023,22,2023-W22,386,2023,23,387,1,xgboost_climate,15637.0,3052.9058,2022.0,205.76129032258063,-12584.0942,12584.0942,158359426.83447364,61.1587057034459
Peru,2023,2023,23,2023-W23,387,2023,24,388,1,xgboost_climate,13340.0,3188.0312,2022.0,205.76129032258063,-10151.9688,10151.9688,103062470.51617345,49.338574734267716
Peru,2023,2023,24,2023-W24,388,2023,25,389,1,xgboost_climate,11073.0,2920.7068,2022.0,205.76129032258063,-8152.2932,8152.2932,66459884.41876624,39.62015006427743
Peru,2023,2023,25,2023-W25,389,2023,26,390,1,xgboost_climate,8681.0,3325.6821,2022.0,205.76129032258063,-5355.3179,5355.3179,28679429.81006041,26.026848352303016
Peru,2023,2023,26,2023-W26,390,2023,27,391,1,xgboost_climate,8132.0,2206.4873,2022.0,205.76129032258063,-5925.5127,5925.5127,35111700.757861294,28.79799543787038
Peru,2023,2023,27,2023-W27,391,2023,28,392,1,xgboost_climate,7669.0,2345.6936,2022.0,205.76129032258063,-5323.3063999999995,5323.3063999999995,28337591.028280955,25.8712724422287
Peru,2023,2023,28,2023-W28,392,2023,29,393,1,xgboost_climate,6815.0,2610.5288,2022.0,205.76129032258063,-4204.4712,4204.4712,17677578.07162944,20.433732668610666
Peru,2023,2023,29,2023-W29,393,2023,30,394,1,xgboost_climate,5158.0,2356.4292,2022.0,205.76129032258063,-2801.5708,2801.5708,7848798.94741264,13.61563584485624
Peru,2023,2023,30,2023-W30,394,2023,31,395,1,xgboost_climate,5423.0,3197.3848,2022.0,205.76129032258063,-2225.6152,2225.6152,4953363.018471041,10.816491267676295
Peru,2023,2023,31,2023-W31,395,2023,32,396,1,xgboost_climate,5060.0,2339.1199,2022.0,205.76129032258063,-2720.8801,2720.8801,7403188.518576009,13.223478992255354
Peru,2023,2023,32,2023-W32,396,2023,33,397,1,xgboost_climate,4380.0,2561.7617,2022.0,205.76129032258063,-1818.2383,1818.2383,3305990.51558689,8.83663927821152
Peru,2023,2023,33,2023-W33,397,2023,34,398,1,xgboost_climate,3824.0,2678.082,2022.0,205.76129032258063,-1145.9180000000001,1145.9180000000001,1313128.0627240003,5.569162198601575
Peru,2023,2023,34,2023-W34,398,2023,35,399,1,xgboost_climate,3466.0,2060.349,2022.0,205.76129032258063,-1405.6509999999998,1405.6509999999998,1975854.7338009996,6.831464741479321
Peru,2023,2023,35,2023-W35,399,2023,36,400,1,xgboost_climate,3368.0,2406.6387,2022.0,205.76129032258063,-961.3613,961.3613,924215.5491376901,4.672216520866648
Peru,2023,2023,36,2023-W36,400,2023,37,401,1,xgboost_climate,2883.0,2151.4175,2022.0,205.76129032258063,-731.5825,731.5825,535212.95430625,3.555491408773085
Peru,2023,2023,37,2023-W37,401,2023,38,402,1,xgboost_climate,2317.0,2230.201,2022.0,205.76129032258063,-86.79899999999998,86.79899999999998,7534.066400999996,0.42184319443137985
Peru,2023,2023,38,2023-W38,402,2023,39,403,1,xgboost_climate,2158.0,1991.2201,2022.0,205.76129032258063,-166.7799,166.7799,27815.53504401,0.8105504185871508
Peru,2023,2023,39,2023-W39,403,2023,40,404,1,xgboost_climate,2028.0,2406.633,2022.0,205.76129032258063,378.6329999999998,378.6329999999998,143362.94868899987,1.8401566174395627
Peru,2023,2023,40,2023-W40,404,2023,41,405,1,xgboost_climate,1829.0,1560.5305,2022.0,205.76129032258063,-268.4694999999999,268.4694999999999,72075.87243024996,1.3047619383563789
Peru,2023,2023,41,2023-W41,405,2023,42,406,1,xgboost_climate,1874.0,1605.709,2022.0,205.76129032258063,-268.29099999999994,268.29099999999994,71980.06068099997,1.3038944282444422
Peru,2023,2023,42,2023-W42,406,2023,43,407,1,xgboost_climate,1563.0,1443.5908,2022.0,205.76129032258063,-119.40920000000006,119.40920000000006,14258.557044640012,0.5803287868811341
Peru,2023,2023,43,2023-W43,407,2023,44,408,1,xgboost_climate,1626.0,1617.385,2022.0,205.76129032258063,-8.615000000000009,8.615000000000009,74.21822500000016,0.041868905402439455
Peru,2023,2023,44,2023-W44,408,2023,45,409,1,xgboost_climate,1800.0,1622.9175,2022.0,205.76129032258063,-177.08249999999998,177.08249999999998,31358.211806249994,0.8606210610478788
Peru,2023,2023,45,2023-W45,409,2023,46,410,1,xgboost_climate,1802.0,1355.597,2022.0,205.76129032258063,-446.403,446.403,199275.638409,2.169518859937918
Peru,2023,2023,46,2023-W46,410,2023,47,411,1,xgboost_climate,1823.0,1471.7302,2022.0,205.76129032258063,-351.26980000000003,351.26980000000003,123390.47239204003,1.7071714482801872
Peru,2023,2023,47,2023-W47,411,2023,48,412,1,xgboost_climate,1854.0,1490.9808,2022.0,205.76129032258063,-363.01919999999996,363.01919999999996,131782.93956863997,1.7642735396481986
Peru,2023,2023,48,2023-W48,412,2023,49,413,1,xgboost_climate,1680.0,1499.3092,2022.0,205.76129032258063,-180.69080000000008,180.69080000000008,32649.16520464003,0.8781574013106329
Peru,2023,2023,49,2023-W49,413,2023,50,414,1,xgboost_climate,1784.0,1617.0948,2022.0,205.76129032258063,-166.90519999999992,166.90519999999992,27857.345787039972,0.8111593766657257
Peru,2023,2023,50,2023-W50,414,2023,51,415,1,xgboost_climate,1651.0,1535.4535,2022.0,205.76129032258063,-115.54649999999992,115.54649999999992,13350.993662249983,0.5615560624588464
Peru,2023,2023,51,2023-W51,415,2023,52,416,1,xgboost_climate,1310.0,1502.8962,2022.0,205.76129032258063,192.8961999999999,192.8961999999999,37208.943974439964,0.9374756529646
Peru,2023,2022,52,2022-W52,364,2023,1,365,1,xgboost_epidemiology,1596.0,763.76624,2022.0,205.76129032258063,-832.23376,832.23376,692613.0312837375,4.0446565954911735
Peru,2023,2023,1,2023-W01,365,2023,2,366,1,xgboost_epidemiology,1499.0,1212.0597,2022.0,205.76129032258063,-286.9403,286.9403,82334.73576408999,1.3945300379393597
Peru,2023,2023,2,2023-W02,366,2023,3,367,1,xgboost_epidemiology,1851.0,1209.051,2022.0,205.76129032258063,-641.9490000000001,641.9490000000001,412098.5186010001,3.1198725425641993
Peru,2023,2023,3,2023-W03,367,2023,4,368,1,xgboost_epidemiology,1757.0,1358.4535,2022.0,205.76129032258063,-398.5464999999999,398.5464999999999,158839.31266224993,1.9369362399272565
Peru,2023,2023,4,2023-W04,368,2023,5,369,1,xgboost_epidemiology,1914.0,1355.546,2022.0,205.76129032258063,-558.454,558.454,311870.87011599995,2.714086790204747
Peru,2023,2023,5,2023-W05,369,2023,6,370,1,xgboost_epidemiology,2142.0,1521.7509,2022.0,205.76129032258063,-620.2491,620.2491,384708.94605081,3.01441101495626
Peru,2023,2023,6,2023-W06,370,2023,7,371,1,xgboost_epidemiology,2303.0,2024.4899,2022.0,205.76129032258063,-278.51009999999997,278.51009999999997,77567.87580200998,1.3535592606528077
Peru,2023,2023,7,2023-W07,371,2023,8,372,1,xgboost_epidemiology,2513.0,2408.8853,2022.0,205.76129032258063,-104.11470000000008,104.11470000000008,10839.870756090018,0.5059975072900014
Peru,2023,2023,8,2023-W08,372,2023,9,373,1,xgboost_epidemiology,2545.0,2677.6196,2022.0,205.76129032258063,132.6196,132.6196,17587.958304159998,0.6445313391653341
Peru,2023,2023,9,2023-W09,373,2023,10,374,1,xgboost_epidemiology,2528.0,2677.6196,2022.0,205.76129032258063,149.6196,149.6196,22386.024704159998,0.7271513498259806
Peru,2023,2023,10,2023-W10,374,2023,11,375,1,xgboost_epidemiology,3018.0,2677.6196,2022.0,205.76129032258063,-340.3804,340.3804,115858.81670416001,1.6542489574514785
Peru,2023,2023,11,2023-W11,375,2023,12,376,1,xgboost_epidemiology,3796.0,2723.5654,2022.0,205.76129032258063,-1072.4346,1072.4346,1150115.97127716,5.212032828520366
Peru,2023,2023,12,2023-W12,376,2023,13,377,1,xgboost_epidemiology,4099.0,3097.8428,2022.0,205.76129032258063,-1001.1572000000001,1001.1572000000001,1002315.7391118403,4.865624619822532
Peru,2023,2023,13,2023-W13,377,2023,14,378,1,xgboost_epidemiology,4430.0,3460.7827,2022.0,205.76129032258063,-969.2172999999998,969.2172999999998,939382.1746192896,4.71039668579312
Peru,2023,2023,14,2023-W14,378,2023,15,379,1,xgboost_epidemiology,6520.0,4169.426,2022.0,205.76129032258063,-2350.5739999999996,2350.5739999999996,5525198.129475998,11.423791114037561
Peru,2023,2023,15,2023-W15,379,2023,16,380,1,xgboost_epidemiology,7614.0,4179.4326,2022.0,205.76129032258063,-3434.5674,3434.5674,11796253.22514276,16.691999717806414
Peru,2023,2023,16,2023-W16,380,2023,17,381,1,xgboost_epidemiology,8594.0,4114.5703,2022.0,205.76129032258063,-4479.4297,4479.4297,20065290.437242087,21.770031151036278
Peru,2023,2023,17,2023-W17,381,2023,18,382,1,xgboost_epidemiology,11860.0,4093.5432,2022.0,205.76129032258063,-7766.4568,7766.4568,60317851.22626624,37.74498491832064
Peru,2023,2023,18,2023-W18,382,2023,19,383,1,xgboost_epidemiology,15304.0,4093.5432,2022.0,205.76129032258063,-11210.4568,11210.4568,125674341.66466624,54.482827078042206
Peru,2023,2023,19,2023-W19,383,2023,20,384,1,xgboost_epidemiology,20425.0,3590.6194,2022.0,205.76129032258063,-16834.3806,16834.3806,283396370.18565637,81.81510027278713
Peru,2023,2023,20,2023-W20,384,2023,21,385,1,xgboost_epidemiology,18043.0,3513.2598,2022.0,205.76129032258063,-14529.7402,14529.7402,211113350.27949604,70.61454648355439
Peru,2023,2023,21,2023-W21,385,2023,22,386,1,xgboost_epidemiology,17868.0,3455.1848,2022.0,205.76129032258063,-14412.815200000001,14412.815200000001,207729241.98935106,70.0462909102311
Peru,2023,2023,22,2023-W22,386,2023,23,387,1,xgboost_epidemiology,15637.0,3373.0688,2022.0,205.76129032258063,-12263.931199999999,12263.931199999999,150404008.4783334,59.602713322672685
Peru,2023,2023,23,2023-W23,387,2023,24,388,1,xgboost_epidemiology,13340.0,3251.044,2022.0,205.76129032258063,-10088.956,10088.956,101787033.169936,49.03233248675258
Peru,2023,2023,24,2023-W24,388,2023,25,389,1,xgboost_epidemiology,11073.0,3122.4958,2022.0,205.76129032258063,-7950.504199999999,7950.504199999999,63210517.03421763,38.63945539773618
Peru,2023,2023,25,2023-W25,389,2023,26,390,1,xgboost_epidemiology,8681.0,2946.942,2022.0,205.76129032258063,-5734.058,5734.058,32879421.147364,27.86752547580974
Peru,2023,2023,26,2023-W26,390,2023,27,391,1,xgboost_epidemiology,8132.0,2892.6501,2022.0,205.76129032258063,-5239.3499,5239.3499,27450787.37463001,25.463243799579846
Peru,2023,2023,27,2023-W27,391,2023,28,392,1,xgboost_epidemiology,7669.0,3003.3953,2022.0,205.76129032258063,-4665.6047,4665.6047,21767867.21666209,22.674841767786035
Peru,2023,2023,28,2023-W28,392,2023,29,393,1,xgboost_epidemiology,6815.0,3182.2974,2022.0,205.76129032258063,-3632.7026,3632.7026,13196528.180046761,17.65493691405638
Peru,2023,2023,29,2023-W29,393,2023,30,394,1,xgboost_epidemiology,5158.0,3182.2974,2022.0,205.76129032258063,-1975.7026,1975.7026,3903400.7636467605,9.601915874956887
Peru,2023,2023,30,2023-W30,394,2023,31,395,1,xgboost_epidemiology,5423.0,2853.465,2022.0,205.76129032258063,-2569.535,2569.535,6602510.116225,12.487941711347318
Peru,2023,2023,31,2023-W31,395,2023,32,396,1,xgboost_epidemiology,5060.0,2866.8394,2022.0,205.76129032258063,-2193.1606,2193.1606,4809953.417392361,10.658761891324117
Peru,2023,2023,32,2023-W32,396,2023,33,397,1,xgboost_epidemiology,4380.0,2866.8394,2022.0,205.76129032258063,-1513.1606000000002,1513.1606000000002,2289655.0013923603,7.353961464898255
Peru,2023,2023,33,2023-W33,397,2023,34,398,1,xgboost_epidemiology,3824.0,2848.0095,2022.0,205.76129032258063,-975.9904999999999,975.9904999999999,952557.4560902498,4.743314442040573
Peru,2023,2023,34,2023-W34,398,2023,35,399,1,xgboost_epidemiology,3466.0,2433.7441,2022.0,205.76129032258063,-1032.2559,1032.2559,1065552.2430848102,5.0167643213244295
Peru,2023,2023,35,2023-W35,399,2023,36,400,1,xgboost_epidemiology,3368.0,2270.0776,2022.0,205.76129032258063,-1097.9224,1097.9224,1205433.5964217598,5.335903552503684
Peru,2023,2023,36,2023-W36,400,2023,37,401,1,xgboost_epidemiology,2883.0,2324.6355,2022.0,205.76129032258063,-558.3645000000001,558.3645000000001,311770.91486025014,2.713651820148623
Peru,2023,2023,37,2023-W37,401,2023,38,402,1,xgboost_epidemiology,2317.0,2109.3613,2022.0,205.76129032258063,-207.63869999999997,207.63869999999997,43113.829737689986,1.0091242122095756
Peru,2023,2023,38,2023-W38,402,2023,39,403,1,xgboost_epidemiology,2158.0,1853.924,2022.0,205.76129032258063,-304.076,304.076,92462.21377600002,1.4778095506851034
Peru,2023,2023,39,2023-W39,403,2023,40,404,1,xgboost_epidemiology,2028.0,1766.5072,2022.0,205.76129032258063,-261.4928,261.4928,68378.48445183999,1.2708551719813126
Peru,2023,2023,40,2023-W40,404,2023,41,405,1,xgboost_epidemiology,1829.0,1630.4663,2022.0,205.76129032258063,-198.53369999999995,198.53369999999995,39415.63003568998,0.9648739064998587
Peru,2023,2023,41,2023-W41,405,2023,42,406,1,xgboost_epidemiology,1874.0,1311.3209,2022.0,205.76129032258063,-562.6791000000001,562.6791000000001,316607.76957681007,2.7346207788542944
Peru,2023,2023,42,2023-W42,406,2023,43,407,1,xgboost_epidemiology,1563.0,1281.927,2022.0,205.76129032258063,-281.0730000000001,281.0730000000001,79002.03132900005,1.3660149562599948
Peru,2023,2023,43,2023-W43,407,2023,44,408,1,xgboost_epidemiology,1626.0,1258.4004,2022.0,205.76129032258063,-367.5996,367.5996,135129.46592016,1.7865342865205531
Peru,2023,2023,44,2023-W44,408,2023,45,409,1,xgboost_epidemiology,1800.0,1258.4004,2022.0,205.76129032258063,-541.5996,541.5996,293330.12672016,2.6321743956354062
Peru,2023,2023,45,2023-W45,409,2023,46,410,1,xgboost_epidemiology,1802.0,1231.0498,2022.0,205.76129032258063,-570.9502,570.9502,325984.13088004,2.774818330041075
Peru,2023,2023,46,2023-W46,410,2023,47,411,1,xgboost_epidemiology,1823.0,1320.1008,2022.0,205.76129032258063,-502.89920000000006,502.89920000000006,252907.60536064007,2.444090427366507
Peru,2023,2023,47,2023-W47,411,2023,48,412,1,xgboost_epidemiology,1854.0,1410.6827,2022.0,205.76129032258063,-443.31729999999993,443.31729999999993,196530.22847928994,2.1545223560028846
Peru,2023,2023,48,2023-W48,412,2023,49,413,1,xgboost_epidemiology,1680.0,1428.9949,2022.0,205.76129032258063,-251.00510000000008,251.00510000000008,63003.56022601004,1.2198849434045094
Peru,2023,2023,49,2023-W49,413,2023,50,414,1,xgboost_epidemiology,1784.0,1393.0651,2022.0,205.76129032258063,-390.93489999999997,390.93489999999997,152830.09603800997,1.8999438591540463
Peru,2023,2023,50,2023-W50,414,2023,51,415,1,xgboost_epidemiology,1651.0,1393.0651,2022.0,205.76129032258063,-257.93489999999997,257.93489999999997,66530.41263800999,1.2535637757501645
Peru,2023,2023,51,2023-W51,415,2023,52,416,1,xgboost_epidemiology,1310.0,1393.0651,2022.0,205.76129032258063,83.06510000000003,83.06510000000003,6899.810838010005,0.40369643808986316
Peru,2023,2022,51,2022-W51,363,2023,1,365,2,xgboost_climate,1596.0,1070.2087,2022.0,205.76129032258063,-525.7913000000001,525.7913000000001,276456.4911556901,2.5553460477220713
Peru,2023,2022,52,2022-W52,364,2023,2,366,2,xgboost_climate,1499.0,911.2183,2022.0,205.76129032258063,-587.7817,587.7817,345487.32685489,2.8566194305960555
Peru,2023,2023,1,2023-W01,365,2023,3,367,2,xgboost_climate,1851.0,1183.9874,2022.0,205.76129032258063,-667.0126,667.0126,444905.80855876004,3.241681654281504
Peru,2023,2023,2,2023-W02,366,2023,4,368,2,xgboost_climate,1757.0,1287.9337,2022.0,205.76129032258063,-469.06629999999996,469.06629999999996,220023.19379568996,2.2796625121500016
Peru,2023,2023,3,2023-W03,367,2023,5,369,2,xgboost_climate,1914.0,1426.3844,2022.0,205.76129032258063,-487.6156000000001,487.6156000000001,237768.97336336007,2.3698121217822097
Peru,2023,2023,4,2023-W04,368,2023,6,370,2,xgboost_climate,2142.0,1475.3654,2022.0,205.76129032258063,-666.6346000000001,666.6346000000001,444401.68991716014,3.239844574044462
Peru,2023,2023,5,2023-W05,369,2023,7,371,2,xgboost_climate,2303.0,1519.4154,2022.0,205.76129032258063,-783.5845999999999,783.5845999999999,614004.8253571598,3.808221647383438
Peru,2023,2023,6,2023-W06,370,2023,8,372,2,xgboost_climate,2513.0,2346.1133,2022.0,205.76129032258063,-166.88670000000002,166.88670000000002,27851.170636890005,0.8110694666541248
Peru,2023,2023,7,2023-W07,371,2023,9,373,2,xgboost_climate,2545.0,2391.7168,2022.0,205.76129032258063,-153.28319999999985,153.28319999999985,23495.739402239953,0.744956448123412
Peru,2023,2023,8,2023-W08,372,2023,10,374,2,xgboost_climate,2528.0,2365.771,2022.0,205.76129032258063,-162.22899999999981,162.22899999999981,26318.24844099994,0.7884330417332949
Peru,2023,2023,9,2023-W09,373,2023,11,375,2,xgboost_climate,3018.0,2296.8528,2022.0,205.76129032258063,-721.1471999999999,721.1471999999999,520053.28406783985,3.504775844229141
Peru,2023,2023,10,2023-W10,374,2023,12,376,2,xgboost_climate,3796.0,2493.926,2022.0,205.76129032258063,-1302.074,1302.074,1695396.7014760002,6.328080456526511
Peru,2023,2023,11,2023-W11,375,2023,13,377,2,xgboost_climate,4099.0,2733.847,2022.0,205.76129032258063,-1365.1529999999998,1365.1529999999998,1863642.7134089994,6.6346444360831525
Peru,2023,2023,12,2023-W12,376,2023,14,378,2,xgboost_climate,4430.0,3881.0261,2022.0,205.76129032258063,-548.9739,548.9739,301372.34288121,2.668013498259806
Peru,2023,2023,13,2023-W13,377,2023,15,379,2,xgboost_climate,6520.0,3684.01,2022.0,205.76129032258063,-2835.99,2835.99,8042839.280099999,13.78291317844041
Peru,2023,2023,14,2023-W14,378,2023,16,380,2,xgboost_climate,7614.0,4173.688,2022.0,205.76129032258063,-3440.312,3440.312,11835746.657343999,16.719918477408836
Peru,2023,2023,15,2023-W15,379,2023,17,381,2,xgboost_climate,8594.0,3516.9917,2022.0,205.76129032258063,-5077.0082999999995,5077.0082999999995,25776013.278268885,24.674263521775938
Peru,2023,2023,16,2023-W16,380,2023,18,382,2,xgboost_climate,11860.0,3498.9014,2022.0,205.76129032258063,-8361.0986,8361.0986,69907969.79892194,40.634944439218636
Peru,2023,2023,17,2023-W17,381,2023,19,383,2,xgboost_climate,15304.0,3712.3203,2022.0,205.76129032258063,-11591.6797,11591.6797,134367038.2673921,56.335570611105894
Peru,2023,2023,18,2023-W18,382,2023,20,384,2,xgboost_climate,20425.0,3140.7854,2022.0,205.76129032258063,-17284.2146,17284.2146,298744074.3388531,84.00129379487662
Peru,2023,2023,19,2023-W19,383,2023,21,385,2,xgboost_climate,18043.0,2808.3237,2022.0,205.76129032258063,-15234.6763,15234.6763,232095361.96578166,74.04053637161759
Peru,2023,2023,20,2023-W20,384,2023,22,386,2,xgboost_climate,17868.0,2219.6113,2022.0,205.76129032258063,-15648.3887,15648.3887,244872068.90628767,76.05117889505534
Peru,2023,2023,21,2023-W21,385,2023,23,387,2,xgboost_climate,15637.0,2176.9753,2022.0,205.76129032258063,-13460.0247,13460.0247,181172264.92461008,65.41572848273915
Peru,2023,2023,22,2023-W22,386,2023,24,388,2,xgboost_climate,13340.0,1680.108,2022.0,205.76129032258063,-11659.892,11659.892,135953081.451664,56.6670824318816
Peru,2023,2023,23,2023-W23,387,2023,25,389,2,xgboost_climate,11073.0,1481.5168,2022.0,205.76129032258063,-9591.4832,9591.4832,91996549.97588225,46.614614366788956
Peru,2023,2023,24,2023-W24,388,2023,26,390,2,xgboost_climate,8681.0,1292.6125,2022.0,205.76129032258063,-7388.3875,7388.3875,54588269.85015625,35.90756788323456
Peru,2023,2023,25,2023-W25,389,2023,27,391,2,xgboost_climate,8132.0,1200.235,2022.0,205.76129032258063,-6931.765,6931.765,48049366.01522501,33.68838224688803
Peru,2023,2023,26,2023-W26,390,2023,28,392,2,xgboost_climate,7669.0,928.5713,2022.0,205.76129032258063,-6740.4287,6740.4287,45433379.0597837,32.75848770890164
Peru,2023,2023,27,2023-W27,391,2023,29,393,2,xgboost_climate,6815.0,1061.4469,2022.0,205.76129032258063,-5753.5531,5753.5531,33103373.27451961,27.962271674035055
Peru,2023,2023,28,2023-W28,392,2023,30,394,2,xgboost_climate,5158.0,1010.4164,2022.0,205.76129032258063,-4147.5836,4147.5836,17202449.71898896,20.157258896936632
Peru,2023,2023,29,2023-W29,393,2023,31,395,2,xgboost_climate,5423.0,1313.6873,2022.0,205.76129032258063,-4109.3127,4109.3127,16886450.866381295,19.971262298937074
Peru,2023,2023,30,2023-W30,394,2023,32,396,2,xgboost_climate,5060.0,1322.4451,2022.0,205.76129032258063,-3737.5549,3737.5549,13969316.63051401,18.164519157808925
Peru,2023,2023,31,2023-W31,395,2023,33,397,2,xgboost_climate,4380.0,1241.1582,2022.0,205.76129032258063,-3138.8418,3138.8418,9852327.845427241,15.254773116357823
Peru,2023,2023,32,2023-W32,396,2023,34,398,2,xgboost_climate,3824.0,1419.0077,2022.0,205.76129032258063,-2404.9923,2404.9923,5783987.963059289,11.688264086163107
Peru,2023,2023,33,2023-W33,397,2023,35,399,2,xgboost_climate,3466.0,1378.8817,2022.0,205.76129032258063,-2087.1183,2087.1183,4356062.798194891,10.143396246825324
Peru,2023,2023,34,2023-W34,398,2023,36,400,2,xgboost_climate,3368.0,1504.5645,2022.0,205.76129032258063,-1863.4355,1863.4355,3472391.86266025,9.056297698554543
Peru,2023,2023,35,2023-W35,399,2023,37,401,2,xgboost_climate,2883.0,1226.6481,2022.0,205.76129032258063,-1656.3519,1656.3519,2743501.6166336094,8.049871272693068
Peru,2023,2023,36,2023-W36,400,2023,38,402,2,xgboost_climate,2317.0,1302.7778,2022.0,205.76129032258063,-1014.2221999999999,1014.2221999999999,1028646.6709728398,4.929120528015552
Peru,2023,2023,37,2023-W37,401,2023,39,403,2,xgboost_climate,2158.0,1649.0498,2022.0,205.76129032258063,-508.9502,508.9502,259030.30608004,2.47349829116107
Peru,2023,2023,38,2023-W38,402,2023,40,404,2,xgboost_climate,2028.0,1437.8704,2022.0,205.76129032258063,-590.1296,590.1296,348252.94479616,2.8680302260684165
Peru,2023,2023,39,2023-W39,403,2023,41,405,2,xgboost_climate,1829.0,1489.2295,2022.0,205.76129032258063,-339.7705000000001,339.7705000000001,115443.99267025005,1.6512848430690126
Peru,2023,2023,40,2023-W40,404,2023,42,406,2,xgboost_climate,1874.0,1437.8546,2022.0,205.76129032258063,-436.1454000000001,436.1454000000001,190222.80994116009,2.1196669175054095
Peru,2023,2023,41,2023-W41,405,2023,43,407,2,xgboost_climate,1563.0,1247.8098,2022.0,205.76129032258063,-315.1902,315.1902,99344.86217604,1.5318245696547832
Peru,2023,2023,42,2023-W42,406,2023,44,408,2,xgboost_climate,1626.0,1158.8998,2022.0,205.76129032258063,-467.1002000000001,467.1002000000001,218182.5968400401,2.270107264917067
Peru,2023,2023,43,2023-W43,407,2023,45,409,2,xgboost_climate,1800.0,1295.9503,2022.0,205.76129032258063,-504.04970000000003,504.04970000000003,254066.10007009003,2.449681858087982
Peru,2023,2023,44,2023-W44,408,2023,46,410,2,xgboost_climate,1802.0,1236.3763,2022.0,205.76129032258063,-565.6237000000001,565.6237000000001,319930.1700016901,2.748931536700844
Peru,2023,2023,45,2023-W45,409,2023,47,411,2,xgboost_climate,1823.0,1329.2256,2022.0,205.76129032258063,-493.7744,493.7744,243813.15809536,2.3997438936443736
Peru,2023,2023,46,2023-W46,410,2023,48,412,2,xgboost_climate,1854.0,1229.5356,2022.0,205.76129032258063,-624.4644000000001,624.4644000000001,389955.78686736006,3.034897375599662
Peru,2023,2023,47,2023-W47,411,2023,49,413,2,xgboost_climate,1680.0,1313.0442,2022.0,205.76129032258063,-366.95579999999995,366.95579999999995,134656.55915363997,1.783405418116828
Peru,2023,2023,48,2023-W48,412,2023,50,414,2,xgboost_climate,1784.0,1409.588,2022.0,205.76129032258063,-374.41200000000003,374.41200000000003,140184.34574400002,1.819642554792588
Peru,2023,2023,49,2023-W49,413,2023,51,415,2,xgboost_climate,1651.0,1371.002,2022.0,205.76129032258063,-279.99800000000005,279.99800000000005,78398.88000400002,1.3607904555858656
Peru,2023,2023,50,2023-W50,414,2023,52,416,2,xgboost_climate,1310.0,1437.6316,2022.0,205.76129032258063,127.63159999999993,127.63159999999993,16289.825318559984,0.6202896560373747
Peru,2023,2022,51,2022-W51,363,2023,1,365,2,xgboost_epidemiology,1596.0,1135.0663,2022.0,205.76129032258063,-460.93370000000004,460.93370000000004,212459.87579569005,2.2401380710500742
Peru,2023,2022,52,2022-W52,364,2023,2,366,2,xgboost_epidemiology,1499.0,818.1043,2022.0,205.76129032258063,-680.8957,680.8957,463618.95427849004,3.3091535289875527
Peru,2023,2023,1,2023-W01,365,2023,3,367,2,xgboost_epidemiology,1851.0,1086.4211,2022.0,205.76129032258063,-764.5789,764.5789,584580.89432521,3.7158539334650236
Peru,2023,2023,2,2023-W02,366,2023,4,368,2,xgboost_epidemiology,1757.0,1175.0792,2022.0,205.76129032258063,-581.9208000000001,581.9208000000001,338631.81747264013,2.828135452920704
Peru,2023,2023,3,2023-W03,367,2023,5,369,2,xgboost_epidemiology,1914.0,1309.9181,2022.0,205.76129032258063,-604.0818999999999,604.0818999999999,364914.9419076099,2.9358384128178594
Peru,2023,2023,4,2023-W04,368,2023,6,370,2,xgboost_epidemiology,2142.0,1529.4226,2022.0,205.76129032258063,-612.5773999999999,612.5773999999999,375251.0709907599,2.977126548145361
Peru,2023,2023,5,2023-W05,369,2023,7,371,2,xgboost_epidemiology,2303.0,1631.474,2022.0,205.76129032258063,-671.5260000000001,671.5260000000001,450947.1686760001,3.263616781111843
Peru,2023,2023,6,2023-W06,370,2023,8,372,2,xgboost_epidemiology,2513.0,2288.3953,2022.0,205.76129032258063,-224.60469999999987,224.60469999999987,50447.27126208994,1.0915789828489004
Peru,2023,2023,7,2023-W07,371,2023,9,373,2,xgboost_epidemiology,2545.0,2542.7507,2022.0,205.76129032258063,-2.2492999999999483,2.2492999999999483,5.059350489999767,0.010931599410528705
Peru,2023,2023,8,2023-W08,372,2023,10,374,2,xgboost_epidemiology,2528.0,2581.065,2022.0,205.76129032258063,53.065000000000055,53.065000000000055,2815.894225000006,0.2578959332768949
Peru,2023,2023,9,2023-W09,373,2023,11,375,2,xgboost_epidemiology,3018.0,2552.0405,2022.0,205.76129032258063,-465.95949999999993,465.95949999999993,217118.25564024993,2.2645634622017368
Peru,2023,2023,10,2023-W10,374,2023,12,376,2,xgboost_epidemiology,3796.0,2536.0325,2022.0,205.76129032258063,-1259.9675000000002,1259.9675000000002,1587518.1010562505,6.123442840121658
Peru,2023,2023,11,2023-W11,375,2023,13,377,2,xgboost_epidemiology,4099.0,2683.3977,2022.0,205.76129032258063,-1415.6023,1415.6023,2003929.8717652902,6.879828065719751
Peru,2023,2023,12,2023-W12,376,2023,14,378,2,xgboost_epidemiology,4430.0,3698.6372,2022.0,205.76129032258063,-731.3627999999999,731.3627999999999,534891.5452238398,3.5544236666353113
Peru,2023,2023,13,2023-W13,377,2023,15,379,2,xgboost_epidemiology,6520.0,3991.4602,2022.0,205.76129032258063,-2528.5398,2528.5398,6393513.52018404,12.288705013639357
Peru,2023,2023,14,2023-W14,378,2023,16,380,2,xgboost_epidemiology,7614.0,4069.032,2022.0,205.76129032258063,-3544.968,3544.968,12566798.121024,17.228546703038283
Peru,2023,2023,15,2023-W15,379,2023,17,381,2,xgboost_epidemiology,8594.0,3447.7239,2022.0,205.76129032258063,-5146.2761,5146.2761,26484157.69743121,25.01090507321356
Peru,2023,2023,16,2023-W16,380,2023,18,382,2,xgboost_epidemiology,11860.0,3331.0068,2022.0,205.76129032258063,-8528.9932,8528.9932,72743725.00564626,41.45091230050482
Peru,2023,2023,17,2023-W17,381,2023,19,383,2,xgboost_epidemiology,15304.0,3092.8997,2022.0,205.76129032258063,-12211.1003,12211.1003,149110970.5366601,59.3459551155426
Peru,2023,2023,18,2023-W18,382,2023,20,384,2,xgboost_epidemiology,20425.0,3050.7395,2022.0,205.76129032258063,-17374.2605,17374.2605,301864927.9218603,84.43891692534413
Peru,2023,2023,19,2023-W19,383,2023,21,385,2,xgboost_epidemiology,18043.0,2419.1838,2022.0,205.76129032258063,-15623.816200000001,15623.816200000001,244103632.65138248,75.93175652964601
Peru,2023,2023,20,2023-W20,384,2023,22,386,2,xgboost_epidemiology,17868.0,1894.6996,2022.0,205.76129032258063,-15973.3004,15973.3004,255146325.66864017,77.63024996080645
Peru,2023,2023,21,2023-W21,385,2023,23,387,2,xgboost_epidemiology,15637.0,1766.3251,2022.0,205.76129032258063,-13870.6749,13870.6749,192395622.18149,67.41148871225661
Peru,2023,2023,22,2023-W22,386,2023,24,388,2,xgboost_epidemiology,13340.0,1543.2877,2022.0,205.76129032258063,-11796.7123,11796.7123,139162421.08897126,57.332029175681186
Peru,2023,2023,23,2023-W23,387,2023,25,389,2,xgboost_epidemiology,11073.0,1473.9686,2022.0,205.76129032258063,-9599.0314,9599.0314,92141403.81818596,46.65129862352241
Peru,2023,2023,24,2023-W24,388,2023,26,390,2,xgboost_epidemiology,8681.0,1280.7157,2022.0,205.76129032258063,-7400.2843,7400.2843,54764207.72082649,35.96538633869501
Peru,2023,2023,25,2023-W25,389,2023,27,391,2,xgboost_epidemiology,8132.0,1261.0665,2022.0,205.76129032258063,-6870.9335,6870.9335,47209727.16142225,33.392741118740794
Peru,2023,2023,26,2023-W26,390,2023,28,392,2,xgboost_epidemiology,7669.0,1261.0665,2022.0,205.76129032258063,-6407.9335,6407.9335,41061611.74042225,31.14256082839495
Peru,2023,2023,27,2023-W27,391,2023,29,393,2,xgboost_epidemiology,6815.0,1261.0665,2022.0,205.76129032258063,-5553.9335,5553.9335,30846177.32242225,26.99212029285423
Peru,2023,2023,28,2023-W28,392,2023,30,394,2,xgboost_epidemiology,5158.0,1280.7157,2022.0,205.76129032258063,-3877.2843000000003,3877.2843000000003,15033333.543026492,18.843604129432794
Peru,2023,2023,29,2023-W29,393,2023,31,395,2,xgboost_epidemiology,5423.0,1428.605,2022.0,205.76129032258063,-3994.395,3994.395,15955191.416025,19.412762204872543
Peru,2023,2023,30,2023-W30,394,2023,32,396,2,xgboost_epidemiology,5060.0,1468.1104,2022.0,205.76129032258063,-3591.8896,3591.8896,12901670.89858816,17.456585708462672
Peru,2023,2023,31,2023-W31,395,2023,33,397,2,xgboost_epidemiology,4380.0,1614.8164,2022.0,205.76129032258063,-2765.1836000000003,2765.1836000000003,7646240.341708962,13.438794030037942
Peru,2023,2023,32,2023-W32,396,2023,34,398,2,xgboost_epidemiology,3824.0,1685.3444,2022.0,205.76129032258063,-2138.6556,2138.6556,4573847.77541136,10.393867557144201
Peru,2023,2023,33,2023-W33,397,2023,35,399,2,xgboost_epidemiology,3466.0,1762.241,2022.0,205.76129032258063,-1703.759,1703.759,2902794.730081,8.280269808421911
Peru,2023,2023,34,2023-W34,398,2023,36,400,2,xgboost_epidemiology,3368.0,1959.0667,2022.0,205.76129032258063,-1408.9333,1408.9333,1985093.0438488899,6.847416721537641
Peru,2023,2023,35,2023-W35,399,2023,37,401,2,xgboost_epidemiology,2883.0,1422.4631,2022.0,205.76129032258063,-1460.5369,1460.5369,2133168.03626161,7.098210249898098
Peru,2023,2023,36,2023-W36,400,2023,38,402,2,xgboost_epidemiology,2317.0,1353.7787,2022.0,205.76129032258063,-963.2212999999999,963.2212999999999,927795.2727736898,4.681256122033048
Peru,2023,2023,37,2023-W37,401,2023,39,403,2,xgboost_epidemiology,2158.0,1409.857,2022.0,205.76129032258063,-748.143,748.143,559717.948449,3.635975449158123
Peru,2023,2023,38,2023-W38,402,2023,40,404,2,xgboost_epidemiology,2028.0,1327.4722,2022.0,205.76129032258063,-700.5278000000001,700.5278000000001,490739.1985728401,3.404565547298781
Peru,2023,2023,39,2023-W39,403,2023,41,405,2,xgboost_epidemiology,1829.0,1441.8842,2022.0,205.76129032258063,-387.11580000000004,387.11580000000004,149858.64260964002,1.881383030759101
Peru,2023,2023,40,2023-W40,404,2023,42,406,2,xgboost_epidemiology,1874.0,1437.0808,2022.0,205.76129032258063,-436.91920000000005,436.91920000000005,190898.38732864003,2.1234275859906564
Peru,2023,2023,41,2023-W41,405,2023,43,407,2,xgboost_epidemiology,1563.0,1172.9843,2022.0,205.76129032258063,-390.0156999999999,390.0156999999999,152112.24624648993,1.8954765465776187
Peru,2023,2023,42,2023-W42,406,2023,44,408,2,xgboost_epidemiology,1626.0,1099.3705,2022.0,205.76129032258063,-526.6295,526.6295,277338.63027025,2.5594197002477035
Peru,2023,2023,43,2023-W43,407,2023,45,409,2,xgboost_epidemiology,1800.0,1197.1973,2022.0,205.76129032258063,-602.8027,602.8027,363371.09512728994,2.9296215000156773
Peru,2023,2023,44,2023-W44,408,2023,46,410,2,xgboost_epidemiology,1802.0,1185.1786,2022.0,205.76129032258063,-616.8214,616.8214,380468.63949796004,2.9977523908067605
Peru,2023,2023,45,2023-W45,409,2023,47,411,2,xgboost_epidemiology,1823.0,1332.0543,2022.0,205.76129032258063,-490.9457,490.9457,241027.68034849,2.3859964098705047
Peru,2023,2023,46,2023-W46,410,2023,48,412,2,xgboost_epidemiology,1854.0,1414.1726,2022.0,205.76129032258063,-439.8273999999999,439.8273999999999,193448.14179075992,2.137561439814379
Peru,2023,2023,47,2023-W47,411,2023,49,413,2,xgboost_epidemiology,1680.0,1462.7548,2022.0,205.76129032258063,-217.24520000000007,217.24520000000007,47195.47692304003,1.0558118082337822
Peru,2023,2023,48,2023-W48,412,2023,50,414,2,xgboost_epidemiology,1784.0,1462.7548,2022.0,205.76129032258063,-321.24520000000007,321.24520000000007,103198.47852304004,1.561251873451855
Peru,2023,2023,49,2023-W49,413,2023,51,415,2,xgboost_epidemiology,1651.0,1400.5494,2022.0,205.76129032258063,-250.4505999999999,250.4505999999999,62725.503040359945,1.217190073056783
Peru,2023,2023,50,2023-W50,414,2023,52,416,2,xgboost_epidemiology,1310.0,1485.9893,2022.0,205.76129032258063,175.98929999999996,175.98929999999996,30972.233714489987,0.8553081083623364
Peru,2023,2022,49,2022-W49,361,2023,1,365,4,xgboost_climate,1596.0,1228.6417,2022.0,205.76129032258063,-367.3583000000001,367.3583000000001,134952.12057889008,1.7853615683692352
Peru,2023,2022,50,2022-W50,362,2023,2,366,4,xgboost_climate,1499.0,1362.7236,2022.0,205.76129032258063,-136.27639999999997,136.27639999999997,18571.257196959992,0.6623033894585018
Peru,2023,2022,51,2022-W51,363,2023,3,367,4,xgboost_climate,1851.0,1407.0713,2022.0,205.76129032258063,-443.92869999999994,443.92869999999994,197072.69068368993,2.1574937603862914
Peru,2023,2022,52,2022-W52,364,2023,4,368,4,xgboost_climate,1757.0,1139.9669,2022.0,205.76129032258063,-617.0331000000001,617.0331000000001,380729.84649561014,2.998781252939517
Peru,2023,2023,1,2023-W01,365,2023,5,369,4,xgboost_climate,1914.0,1330.4135,2022.0,205.76129032258063,-583.5864999999999,583.5864999999999,340573.20298224984,2.8362307559652584
Peru,2023,2023,2,2023-W02,366,2023,6,370,4,xgboost_climate,2142.0,1246.064,2022.0,205.76129032258063,-895.9359999999999,895.9359999999999,802701.3160959999,4.354249521838648
Peru,2023,2023,3,2023-W03,367,2023,7,371,4,xgboost_climate,2303.0,1565.3674,2022.0,205.76129032258063,-737.6325999999999,737.6325999999999,544101.8525827599,3.5848948985670837
Peru,2023,2023,4,2023-W04,368,2023,8,372,4,xgboost_climate,2513.0,1405.1497,2022.0,205.76129032258063,-1107.8503,1107.8503,1227332.28721009,5.384153152729439
Peru,2023,2023,5,2023-W05,369,2023,9,373,4,xgboost_climate,2545.0,2076.669,2022.0,205.76129032258063,-468.33100000000013,468.33100000000013,219333.92556100013,2.276088953688898
Peru,2023,2023,6,2023-W06,370,2023,10,374,4,xgboost_climate,2528.0,2463.6355,2022.0,205.76129032258063,-64.36450000000013,64.36450000000013,4142.788860250017,0.3128115103627762
Peru,2023,2023,7,2023-W07,371,2023,11,375,4,xgboost_climate,3018.0,2467.6062,2022.0,205.76129032258063,-550.3937999999998,550.3937999999998,302933.3350784398,2.6749142131502204
Peru,2023,2023,8,2023-W08,372,2023,12,376,4,xgboost_climate,3796.0,2586.5632,2022.0,205.76129032258063,-1209.4368,1209.4368,1462737.3731942398,5.877863606434014
Peru,2023,2023,9,2023-W09,373,2023,13,377,4,xgboost_climate,4099.0,2446.5776,2022.0,205.76129032258063,-1652.4224,1652.4224,2730499.7880217596,8.03077390022889
Peru,2023,2023,10,2023-W10,374,2023,14,378,4,xgboost_climate,4430.0,3138.2546,2022.0,205.76129032258063,-1291.7453999999998,1291.7453999999998,1668606.1784211595,6.277883454049477
Peru,2023,2023,11,2023-W11,375,2023,15,379,4,xgboost_climate,6520.0,2694.5918,2022.0,205.76129032258063,-3825.4082,3825.4082,14633747.896627238,18.59148625090145
Peru,2023,2023,12,2023-W12,376,2023,16,380,4,xgboost_climate,7614.0,3766.3928,2022.0,205.76129032258063,-3847.6072,3847.6072,14804081.16549184,18.699373404822374
Peru,2023,2023,13,2023-W13,377,2023,17,381,4,xgboost_climate,8594.0,2972.8606,2022.0,205.76129032258063,-5621.1394,5621.1394,31597208.15423236,27.318741008998842
Peru,2023,2023,14,2023-W14,378,2023,18,382,4,xgboost_climate,11860.0,3518.0085,2022.0,205.76129032258063,-8341.9915,8341.9915,69588822.18607225,40.54208392123664
Peru,2023,2023,15,2023-W15,379,2023,19,383,4,xgboost_climate,15304.0,3010.4778,2022.0,205.76129032258063,-12293.5222,12293.5222,151130688.08189282,59.74652560122911
Peru,2023,2023,16,2023-W16,380,2023,20,384,4,xgboost_climate,20425.0,2744.391,2022.0,205.76129032258063,-17680.609,17680.609,312603934.61088103,85.92777082745431
Peru,2023,2023,17,2023-W17,381,2023,21,385,4,xgboost_climate,18043.0,2420.828,2022.0,205.76129032258063,-15622.172,15622.172,244052257.99758402,75.92376571661494
Peru,2023,2023,18,2023-W18,382,2023,22,386,4,xgboost_climate,17868.0,2612.3076,2022.0,205.76129032258063,-15255.6924,15255.6924,232736150.60341775,74.14267463079673
Peru,2023,2023,19,2023-W19,383,2023,23,387,4,xgboost_climate,15637.0,1781.7788,2022.0,205.76129032258063,-13855.2212,13855.2212,191967154.50092945,67.33638372056565
Peru,2023,2023,20,2023-W20,384,2023,24,388,4,xgboost_climate,13340.0,1609.3584,2022.0,205.76129032258063,-11730.641599999999,11730.641599999999,137607952.34765053,57.01092553224846
Peru,2023,2023,21,2023-W21,385,2023,25,389,4,xgboost_climate,11073.0,1908.3529,2022.0,205.76129032258063,-9164.6471,9164.6471,83990756.46753842,44.54019065312138
Peru,2023,2023,22,2023-W22,386,2023,26,390,4,xgboost_climate,8681.0,994.3404,2022.0,205.76129032258063,-7686.6596,7686.6596,59084735.80627216,37.35717047628006
Peru,2023,2023,23,2023-W23,387,2023,27,391,4,xgboost_climate,8132.0,627.251,2022.0,205.76129032258063,-7504.749,7504.749,56321257.553000994,36.4730848462045
Peru,2023,2023,24,2023-W24,388,2023,28,392,4,xgboost_climate,7669.0,455.3722,2022.0,205.76129032258063,-7213.6278,7213.6278,52036426.03693284,35.05823563164331
Peru,2023,2023,25,2023-W25,389,2023,29,393,4,xgboost_climate,6815.0,446.2936,2022.0,205.76129032258063,-6368.7064,6368.7064,40560421.20940096,30.951917097795757
Peru,2023,2023,26,2023-W26,390,2023,30,394,4,xgboost_climate,5158.0,695.58496,2022.0,205.76129032258063,-4462.41504,4462.41504,19913147.9892182,21.68733989276644
Peru,2023,2023,27,2023-W27,391,2023,31,395,4,xgboost_climate,5423.0,776.07,2022.0,205.76129032258063,-4646.93,4646.93,21593958.424900003,22.58408271407519
Peru,2023,2023,28,2023-W28,392,2023,32,396,4,xgboost_climate,5060.0,662.9644,2022.0,205.76129032258063,-4397.0356,4397.0356,19333922.06766736,21.369595773367198
Peru,2023,2023,29,2023-W29,393,2023,33,397,4,xgboost_climate,4380.0,570.8411,2022.0,205.76129032258063,-3809.1589,3809.1589,14509691.525449209,18.51251464271157
Peru,2023,2023,30,2023-W30,394,2023,34,398,4,xgboost_climate,3824.0,590.9885,2022.0,205.76129032258063,-3233.0115,3233.0115,10452363.35913225,15.712437917411345
Peru,2023,2023,31,2023-W31,395,2023,35,399,4,xgboost_climate,3466.0,711.413,2022.0,205.76129032258063,-2754.587,2754.587,7587749.540569,13.387294547392845
Peru,2023,2023,32,2023-W32,396,2023,36,400,4,xgboost_climate,3368.0,593.7574,2022.0,205.76129032258063,-2774.2426,2774.2426,7696422.00365476,13.48282077571881
Peru,2023,2023,33,2023-W33,397,2023,37,401,4,xgboost_climate,2883.0,1009.2234,2022.0,205.76129032258063,-1873.7766000000001,1873.7766000000001,3511038.7467075605,9.106555451039414
Peru,2023,2023,34,2023-W34,398,2023,38,402,4,xgboost_climate,2317.0,1006.3358,2022.0,205.76129032258063,-1310.6642000000002,1310.6642000000002,1717840.6451616404,6.369828833913399
Peru,2023,2023,35,2023-W35,399,2023,39,403,4,xgboost_climate,2158.0,1217.666,2022.0,205.76129032258063,-940.3340000000001,940.3340000000001,884228.0315560001,4.570023829680495
Peru,2023,2023,36,2023-W36,400,2023,40,404,4,xgboost_climate,2028.0,1042.4087,2022.0,205.76129032258063,-985.5913,985.5913,971390.2106356901,4.7899743360612055
Peru,2023,2023,37,2023-W37,401,2023,41,405,4,xgboost_climate,1829.0,1213.2449,2022.0,205.76129032258063,-615.7551000000001,615.7551000000001,379154.3431760101,2.992570172138087
Peru,2023,2023,38,2023-W38,402,2023,42,406,4,xgboost_climate,1874.0,1221.0143,2022.0,205.76129032258063,-652.9857,652.9857,426390.32440448995,3.1735109114852786
Peru,2023,2023,39,2023-W39,403,2023,43,407,4,xgboost_climate,1563.0,1342.2668,2022.0,205.76129032258063,-220.7331999999999,220.7331999999999,48723.14558223995,1.0727634904210952
Peru,2023,2023,40,2023-W40,404,2023,44,408,4,xgboost_climate,1626.0,1435.6881,2022.0,205.76129032258063,-190.31189999999992,190.31189999999992,36218.61928160997,0.9249159533439937
Peru,2023,2023,41,2023-W41,405,2023,45,409,4,xgboost_climate,1800.0,1062.9226,2022.0,205.76129032258063,-737.0773999999999,737.0773999999999,543283.0935907599,3.582196626218919
Peru,2023,2023,42,2023-W42,406,2023,46,410,4,xgboost_climate,1802.0,1460.1815,2022.0,205.76129032258063,-341.8185000000001,341.8185000000001,116839.88694225006,1.661238124353307
Peru,2023,2023,43,2023-W43,407,2023,47,411,4,xgboost_climate,1823.0,1228.2202,2022.0,205.76129032258063,-594.7798,594.7798,353763.01048804005,2.890630200984542
Peru,2023,2023,44,2023-W44,408,2023,48,412,4,xgboost_climate,1854.0,1245.8706,2022.0,205.76129032258063,-608.1294,608.1294,369821.36714436003,2.9555092653560346
Peru,2023,2023,45,2023-W45,409,2023,49,413,4,xgboost_climate,1680.0,1508.8385,2022.0,205.76129032258063,-171.16149999999993,171.16149999999993,29296.259082249977,0.8318449973348381
Peru,2023,2023,46,2023-W46,410,2023,50,414,4,xgboost_climate,1784.0,1611.0994,2022.0,205.76129032258063,-172.90059999999994,172.90059999999994,29894.61748035998,0.8402970244254223
Peru,2023,2023,47,2023-W47,411,2023,51,415,4,xgboost_climate,1651.0,1701.6204,2022.0,205.76129032258063,50.62040000000002,50.62040000000002,2562.424896160002,0.24601517574389375
Peru,2023,2023,48,2023-W48,412,2023,52,416,4,xgboost_climate,1310.0,1785.6125,2022.0,205.76129032258063,475.61249999999995,475.61249999999995,226207.25015624997,2.311477048255103
Peru,2023,2022,49,2022-W49,361,2023,1,365,4,xgboost_epidemiology,1596.0,1134.9889,2022.0,205.76129032258063,-461.01109999999994,461.01109999999994,212531.23432320994,2.240514235098611
Peru,2023,2022,50,2022-W50,362,2023,2,366,4,xgboost_epidemiology,1499.0,1125.0499,2022.0,205.76129032258063,-373.9501,373.9501,139838.67729001,1.817397720502932
Peru,2023,2022,51,2022-W51,363,2023,3,367,4,xgboost_epidemiology,1851.0,1114.4972,2022.0,205.76129032258063,-736.5028,736.5028,542436.37440784,3.57940406985859
Peru,2023,2022,52,2022-W52,364,2023,4,368,4,xgboost_epidemiology,1757.0,882.37146,2022.0,205.76129032258063,-874.62854,874.62854,764975.0829825316,4.250695252876807
Peru,2023,2023,1,2023-W01,365,2023,5,369,4,xgboost_epidemiology,1914.0,1078.0874,2022.0,205.76129032258063,-835.9126000000001,835.9126000000001,698749.8748387602,4.0625357601981635
Peru,2023,2023,2,2023-W02,366,2023,6,370,4,xgboost_epidemiology,2142.0,1094.2039,2022.0,205.76129032258063,-1047.7961,1047.7961,1097876.66717521,5.09228970306964
Peru,2023,2023,3,2023-W03,367,2023,7,371,4,xgboost_epidemiology,2303.0,1190.43,2022.0,205.76129032258063,-1112.57,1112.57,1237812.0048999998,5.407090897689148
Peru,2023,2023,4,2023-W04,368,2023,8,372,4,xgboost_epidemiology,2513.0,1208.06,2022.0,205.76129032258063,-1304.94,1304.94,1702868.4036,6.342009218323771
Peru,2023,2023,5,2023-W05,369,2023,9,373,4,xgboost_epidemiology,2545.0,1631.0032,2022.0,205.76129032258063,-913.9967999999999,913.9967999999999,835390.1504102398,4.442025021164518
Peru,2023,2023,6,2023-W06,370,2023,10,374,4,xgboost_epidemiology,2528.0,2086.8147,2022.0,205.76129032258063,-441.1853000000001,441.1853000000001,194644.4689360901,2.144160834665915
Peru,2023,2023,7,2023-W07,371,2023,11,375,4,xgboost_epidemiology,3018.0,2294.9668,2022.0,205.76129032258063,-723.0331999999999,723.0331999999999,522777.00830223976,3.513941805411845
Peru,2023,2023,8,2023-W08,372,2023,12,376,4,xgboost_epidemiology,3796.0,2523.2354,2022.0,205.76129032258063,-1272.7646,1272.7646,1619929.72701316,6.185636754146678
Peru,2023,2023,9,2023-W09,373,2023,13,377,4,xgboost_epidemiology,4099.0,2299.009,2022.0,205.76129032258063,-1799.991,1799.991,3239967.600081,8.747957388768695
Peru,2023,2023,10,2023-W10,374,2023,14,378,4,xgboost_epidemiology,4430.0,2323.52,2022.0,205.76129032258063,-2106.48,2106.48,4437257.9904000005,10.237494120966984
Peru,2023,2023,11,2023-W11,375,2023,15,379,4,xgboost_epidemiology,6520.0,2180.7725,2022.0,205.76129032258063,-4339.2275,4339.2275,18828895.29675625,21.08864837111592
Peru,2023,2023,12,2023-W12,376,2023,16,380,4,xgboost_epidemiology,7614.0,2330.7048,2022.0,205.76129032258063,-5283.2952000000005,5283.2952000000005,27913208.170343045,25.67681798513781
Peru,2023,2023,13,2023-W13,377,2023,17,381,4,xgboost_epidemiology,8594.0,2224.3962,2022.0,205.76129032258063,-6369.6038,6369.6038,40571852.568974435,30.95627846235851
Peru,2023,2023,14,2023-W14,378,2023,18,382,4,xgboost_epidemiology,11860.0,2141.4807,2022.0,205.76129032258063,-9718.5193,9718.5193,94449617.38447249,47.23200989245289
Peru,2023,2023,15,2023-W15,379,2023,19,383,4,xgboost_epidemiology,15304.0,2141.4807,2022.0,205.76129032258063,-13162.5193,13162.5193,173251914.3228725,63.96985205217446
Peru,2023,2023,16,2023-W16,380,2023,20,384,4,xgboost_epidemiology,20425.0,2095.428,2022.0,205.76129032258063,-18329.572,18329.572,335973209.703184,89.08173141441696
Peru,2023,2023,17,2023-W17,381,2023,21,385,4,xgboost_epidemiology,18043.0,2080.0093,2022.0,205.76129032258063,-15962.9907,15962.9907,254817072.0882865,77.58014481234127
Peru,2023,2023,18,2023-W18,382,2023,22,386,4,xgboost_epidemiology,17868.0,2015.9574,2022.0,205.76129032258063,-15852.0426,15852.0426,251287254.5922148,77.04093697676606
Peru,2023,2023,19,2023-W19,383,2023,23,387,4,xgboost_epidemiology,15637.0,1850.6887,2022.0,205.76129032258063,-13786.3113,13786.3113,190062379.26050767,67.00148156335246
Peru,2023,2023,20,2023-W20,384,2023,24,388,4,xgboost_epidemiology,13340.0,1614.6616,2022.0,205.76129032258063,-11725.3384,11725.3384,137483560.59451458,56.98515197692284
Peru,2023,2023,21,2023-W21,385,2023,25,389,4,xgboost_epidemiology,11073.0,1157.2539,2022.0,205.76129032258063,-9915.7461,9915.7461,98322020.71966521,48.190532264133196
Peru,2023,2023,22,2023-W22,386,2023,26,390,4,xgboost_epidemiology,8681.0,667.11694,2022.0,205.76129032258063,-8013.88306,8013.88306,64222321.69935497,38.947476697080866
Peru,2023,2023,23,2023-W23,387,2023,27,391,4,xgboost_epidemiology,8132.0,593.0298,2022.0,205.76129032258063,-7538.9702,7538.9702,56836071.676488034,36.639399899664504
Peru,2023,2023,24,2023-W24,388,2023,28,392,4,xgboost_epidemiology,7669.0,597.69257,2022.0,205.76129032258063,-7071.30743,7071.30743,50003388.769573204,34.36655854419465
Peru,2023,2023,25,2023-W25,389,2023,29,393,4,xgboost_epidemiology,6815.0,597.69257,2022.0,205.76129032258063,-6217.30743,6217.30743,38654911.67913321,30.216118008653936
Peru,2023,2023,26,2023-W26,390,2023,30,394,4,xgboost_epidemiology,5158.0,597.69257,2022.0,205.76129032258063,-4560.30743,4560.30743,20796403.856113203,22.16309696955445
Peru,2023,2023,27,2023-W27,391,2023,31,395,4,xgboost_epidemiology,5423.0,597.69257,2022.0,205.76129032258063,-4825.30743,4825.30743,23283591.794013202,23.450997135735115
Peru,2023,2023,28,2023-W28,392,2023,32,396,4,xgboost_epidemiology,5060.0,597.69257,2022.0,205.76129032258063,-4462.30743,4462.30743,19912187.5998332,21.686816908098955
Peru,2023,2023,29,2023-W29,393,2023,33,397,4,xgboost_epidemiology,4380.0,593.0298,2022.0,205.76129032258063,-3786.9701999999997,3786.9701999999997,14341143.295688039,18.404677546797103
Peru,2023,2023,30,2023-W30,394,2023,34,398,4,xgboost_epidemiology,3824.0,622.8692,2022.0,205.76129032258063,-3201.1308,3201.1308,10247238.39870864,15.557497695419057
Peru,2023,2023,31,2023-W31,395,2023,35,399,4,xgboost_epidemiology,3466.0,779.28174,2022.0,205.76129032258063,-2686.71826,2686.71826,7218455.008617428,13.057452428432573
Peru,2023,2023,32,2023-W32,396,2023,36,400,4,xgboost_epidemiology,3368.0,931.65344,2022.0,205.76129032258063,-2436.34656,2436.34656,5935784.560423833,11.840645809425267
Peru,2023,2023,33,2023-W33,397,2023,37,401,4,xgboost_epidemiology,2883.0,990.82733,2022.0,205.76129032258063,-1892.17267,1892.17267,3580317.4130949285,9.19596036277553
Peru,2023,2023,34,2023-W34,398,2023,38,402,4,xgboost_epidemiology,2317.0,1090.1229,2022.0,205.76129032258063,-1226.8771,1226.8771,1505227.4185044097,5.962623475370771
Peru,2023,2023,35,2023-W35,399,2023,39,403,4,xgboost_epidemiology,2158.0,1069.5945,2022.0,205.76129032258063,-1088.4055,1088.4055,1184626.5324302502,5.289651412535667
Peru,2023,2023,36,2023-W36,400,2023,40,404,4,xgboost_epidemiology,2028.0,1077.5267,2022.0,205.76129032258063,-950.4733000000001,950.4733000000001,903399.4940128902,4.619300834038818
Peru,2023,2023,37,2023-W37,401,2023,41,405,4,xgboost_epidemiology,1829.0,1092.5648,2022.0,205.76129032258063,-736.4351999999999,736.4351999999999,542336.8037990398,3.5790755338161975
Peru,2023,2023,38,2023-W38,402,2023,42,406,4,xgboost_epidemiology,1874.0,1153.6167,2022.0,205.76129032258063,-720.3833,720.3833,518952.09891888994,3.501063289750102
Peru,2023,2023,39,2023-W39,403,2023,43,407,4,xgboost_epidemiology,1563.0,1153.6167,2022.0,205.76129032258063,-409.38329999999996,409.38329999999996,167594.68631888996,1.98960309472298
Peru,2023,2023,40,2023-W40,404,2023,44,408,4,xgboost_epidemiology,1626.0,1154.4554,2022.0,205.76129032258063,-471.54459999999995,471.54459999999995,222354.30978915995,2.2917070517041354
Peru,2023,2023,41,2023-W41,405,2023,45,409,4,xgboost_epidemiology,1800.0,1084.5602,2022.0,205.76129032258063,-715.4398000000001,715.4398000000001,511854.10742404015,3.477037876650049
Peru,2023,2023,42,2023-W42,406,2023,46,410,4,xgboost_epidemiology,1802.0,1108.0834,2022.0,205.76129032258063,-693.9166,693.9166,481520.24775556003,3.372435111152918
Peru,2023,2023,43,2023-W43,407,2023,47,411,4,xgboost_epidemiology,1823.0,1097.5251,2022.0,205.76129032258063,-725.4748999999999,725.4748999999999,526313.8305300099,3.525808468943028
Peru,2023,2023,44,2023-W44,408,2023,48,412,4,xgboost_epidemiology,1854.0,1103.8153,2022.0,205.76129032258063,-750.1847,750.1847,562777.0841140901,3.6458981124384664
Peru,2023,2023,45,2023-W45,409,2023,49,413,4,xgboost_epidemiology,1680.0,1149.5662,2022.0,205.76129032258063,-530.4338,530.4338,281360.01618244004,2.5779086006333682
Peru,2023,2023,46,2023-W46,410,2023,50,414,4,xgboost_epidemiology,1784.0,1196.7043,2022.0,205.76129032258063,-587.2956999999999,587.2956999999999,344916.2392384899,2.854257470291286
Peru,2023,2023,47,2023-W47,411,2023,51,415,4,xgboost_epidemiology,1651.0,1238.5194,2022.0,205.76129032258063,-412.4806000000001,412.4806000000001,170140.24537636008,2.0046559746652877
Peru,2023,2023,48,2023-W48,412,2023,52,416,4,xgboost_epidemiology,1310.0,1317.5652,2022.0,205.76129032258063,7.565200000000004,7.565200000000004,57.232251040000065,0.03676687674411315
Philippines,2023,2023,9,2023-W09,373,2023,10,374,1,xgboost_climate,575.0,727.5261,2022.0,555.1233766233767,152.52610000000004,152.52610000000004,23264.211181210012,0.27476072243212585
Philippines,2023,2023,10,2023-W10,374,2023,11,375,1,xgboost_climate,275.0,659.9452,2022.0,555.1233766233767,384.9452,384.9452,148182.80700304,0.693440802910316
Philippines,2023,2023,11,2023-W11,375,2023,12,376,1,xgboost_climate,141.0,650.23737,2022.0,555.1233766233767,509.23737000000006,509.23737000000006,259322.69900451697,0.9173408857279884
Philippines,2023,2023,12,2023-W12,376,2023,13,377,1,xgboost_climate,1196.0,623.1144,2022.0,555.1233766233767,-572.8856,572.8856,328197.9106873599,1.0319968931675418
Philippines,2023,2023,13,2023-W13,377,2023,14,378,1,xgboost_climate,1196.0,1147.3278,2022.0,555.1233766233767,-48.672199999999975,48.672199999999975,2368.9830528399975,0.08767816678169116
Philippines,2023,2023,14,2023-W14,378,2023,15,379,1,xgboost_climate,1197.0,1297.566,2022.0,555.1233766233767,100.56600000000003,100.56600000000003,10113.520356000006,0.18115972815215997
Philippines,2023,2023,15,2023-W15,379,2023,16,380,1,xgboost_climate,1482.0,1299.2141,2022.0,555.1233766233767,-182.78590000000008,182.78590000000008,33410.68523881003,0.3292707669992632
Philippines,2023,2023,16,2023-W16,380,2023,17,381,1,xgboost_climate,1684.0,1503.8611,2022.0,555.1233766233767,-180.13889999999992,180.13889999999992,32450.02329320997,0.32450245762612717
Philippines,2023,2023,17,2023-W17,381,2023,18,382,1,xgboost_climate,1746.0,1729.8022,2022.0,555.1233766233767,-16.197799999999916,16.197799999999916,262.36872483999724,0.0291787387851067
Philippines,2023,2023,18,2023-W18,382,2023,19,383,1,xgboost_climate,1727.0,2087.4958,2022.0,555.1233766233767,360.49580000000014,360.49580000000014,129957.22181764011,0.6493976207465291
Philippines,2023,2023,19,2023-W19,383,2023,20,384,1,xgboost_climate,1794.0,2028.4991,2022.0,555.1233766233767,234.4991,234.4991,54989.82790081,0.4224269952859432
Philippines,2023,2023,20,2023-W20,384,2023,21,385,1,xgboost_climate,2269.0,2144.5203,2022.0,555.1233766233767,-124.47969999999987,124.47969999999987,15495.195712089966,0.22423789961281543
Philippines,2023,2023,21,2023-W21,385,2023,22,386,1,xgboost_climate,2552.0,2591.0967,2022.0,555.1233766233767,39.096700000000055,39.096700000000055,1528.5519508900043,0.0704288481559032
Philippines,2023,2023,22,2023-W22,386,2023,23,387,1,xgboost_climate,207.0,2827.5293,2022.0,555.1233766233767,2620.5293,2620.5293,6867173.8121584905,4.720625018423423
Philippines,2023,2023,23,2023-W23,387,2023,24,388,1,xgboost_climate,162.0,903.132,2022.0,555.1233766233767,741.132,741.132,549276.6414239999,1.3350761852402062
Philippines,2023,2023,24,2023-W24,388,2023,25,389,1,xgboost_climate,132.0,682.6276,2022.0,555.1233766233767,550.6276,550.6276,303190.75388176006,0.9919013019218846
Philippines,2023,2023,25,2023-W25,389,2023,26,390,1,xgboost_climate,181.0,682.6276,2022.0,555.1233766233767,501.62760000000003,501.62760000000003,251630.24908176003,0.9036326357777024
Philippines,2023,2023,26,2023-W26,390,2023,27,391,1,xgboost_climate,271.0,682.6276,2022.0,555.1233766233767,411.62760000000003,411.62760000000003,169437.28108176,0.741506514288388
Philippines,2023,2023,27,2023-W27,391,2023,28,392,1,xgboost_climate,147.0,682.6276,2022.0,555.1233766233767,535.6276,535.6276,286896.92588176,0.9648802816736656
Philippines,2023,2023,28,2023-W28,392,2023,29,393,1,xgboost_climate,735.0,679.50183,2022.0,555.1233766233767,-55.49816999999996,55.49816999999996,3080.0468733488956,0.09997447835394019
Philippines,2023,2023,29,2023-W29,393,2023,30,394,1,xgboost_climate,715.0,783.0012,2022.0,555.1233766233767,68.00120000000004,68.00120000000004,4624.163201440006,0.12249745347354637
Philippines,2023,2023,30,2023-W30,394,2023,31,395,1,xgboost_climate,893.0,758.7402,2022.0,555.1233766233767,-134.25980000000004,134.25980000000004,18025.69389604001,0.24185578495478957
Philippines,2023,2023,31,2023-W31,395,2023,32,396,1,xgboost_climate,2955.0,856.52985,2022.0,555.1233766233767,-2098.47015,2098.47015,4403576.970441023,3.780186960895554
Philippines,2023,2023,32,2023-W32,396,2023,33,397,1,xgboost_climate,3355.0,2303.121,2022.0,555.1233766233767,-1051.879,1051.879,1106449.4306409997,1.8948562505117614
Philippines,2023,2023,33,2023-W33,397,2023,34,398,1,xgboost_climate,3591.0,3622.609,2022.0,555.1233766233767,31.608999999999924,31.608999999999924,999.1288809999952,0.056940495268396965
Philippines,2023,2023,34,2023-W34,398,2023,35,399,1,xgboost_climate,3356.0,4116.1914,2022.0,555.1233766233767,760.1913999999997,760.1913999999997,577890.9646339596,1.3694098141281328
Philippines,2023,2023,35,2023-W35,399,2023,36,400,1,xgboost_climate,3393.0,3792.5713,2022.0,555.1233766233767,399.57130000000006,399.57130000000006,159657.22378369005,0.7197882791938145
Philippines,2023,2023,36,2023-W36,400,2023,37,401,1,xgboost_climate,3179.0,3474.5242,2022.0,555.1233766233767,295.52419999999984,295.52419999999984,87334.5527856399,0.5323576928025825
Philippines,2023,2023,37,2023-W37,401,2023,38,402,1,xgboost_climate,3142.0,3179.9182,2022.0,555.1233766233767,37.91820000000007,37.91820000000007,1437.7898912400053,0.06830589666506814
Philippines,2023,2023,38,2023-W38,402,2023,39,403,1,xgboost_climate,3318.0,2991.2656,2022.0,555.1233766233767,-326.7343999999998,326.7343999999998,106755.36814335988,0.5885797892126469
Philippines,2023,2023,39,2023-W39,403,2023,40,404,1,xgboost_climate,2578.0,3614.3037,2022.0,555.1233766233767,1036.3037,1036.3037,1073925.3586336898,1.8667988840669558
Philippines,2023,2023,40,2023-W40,404,2023,41,405,1,xgboost_climate,2720.0,2671.6462,2022.0,555.1233766233767,-48.353799999999865,48.353799999999865,2338.0899744399867,0.08710460059188876
Philippines,2023,2023,41,2023-W41,405,2023,42,406,1,xgboost_climate,3430.0,2755.6646,2022.0,555.1233766233767,-674.3353999999999,674.3353999999999,454728.2316931599,1.2147486998327268
Philippines,2023,2023,42,2023-W42,406,2023,43,407,1,xgboost_climate,2672.0,3369.5857,2022.0,555.1233766233767,697.5857000000001,697.5857000000001,486625.80884449015,1.2566318216378716
Philippines,2023,2023,43,2023-W43,407,2023,44,408,1,xgboost_climate,1939.0,2905.2764,2022.0,555.1233766233767,966.2764000000002,966.2764000000002,933690.0811969604,1.7406516113184154
Philippines,2023,2023,44,2023-W44,408,2023,45,409,1,xgboost_climate,2607.0,1767.7811,2022.0,555.1233766233767,-839.2189000000001,839.2189000000001,704288.3621172102,1.5117700593058756
Philippines,2023,2023,9,2023-W09,373,2023,10,374,1,xgboost_epidemiology,575.0,741.4311,2022.0,555.1233766233767,166.43110000000001,166.43110000000001,27699.311047210005,0.29980920820222484
Philippines,2023,2023,10,2023-W10,374,2023,11,375,1,xgboost_epidemiology,275.0,620.95306,2022.0,555.1233766233767,345.95306000000005,345.95306000000005,119683.51972336363,0.6232003092795565
Philippines,2023,2023,11,2023-W11,375,2023,12,376,1,xgboost_epidemiology,141.0,592.90125,2022.0,555.1233766233767,451.90125,451.90125,204214.7397515625,0.8140555217630338
Philippines,2023,2023,12,2023-W12,376,2023,13,377,1,xgboost_epidemiology,1196.0,591.7585,2022.0,555.1233766233767,-604.2415,604.2415,365107.79032225,1.088481453754284
Philippines,2023,2023,13,2023-W13,377,2023,14,378,1,xgboost_epidemiology,1196.0,1090.5706,2022.0,555.1233766233767,-105.42939999999999,105.42939999999999,11115.358384359997,0.18992066347717246
Philippines,2023,2023,14,2023-W14,378,2023,15,379,1,xgboost_epidemiology,1197.0,1232.2742,2022.0,555.1233766233767,35.274200000000064,35.274200000000064,1244.2691856400045,0.06354299149598205
Philippines,2023,2023,15,2023-W15,379,2023,16,380,1,xgboost_epidemiology,1482.0,1277.9037,2022.0,555.1233766233767,-204.09629999999993,204.09629999999993,41655.29967368997,0.36765935032577274
Philippines,2023,2023,16,2023-W16,380,2023,17,381,1,xgboost_epidemiology,1684.0,1477.8046,2022.0,555.1233766233767,-206.19540000000006,206.19540000000006,42516.542981160026,0.3714406718993088
Philippines,2023,2023,17,2023-W17,381,2023,18,382,1,xgboost_epidemiology,1746.0,1737.6879,2022.0,555.1233766233767,-8.3121000000001,8.3121000000001,69.09100641000167,0.014973428160348294
Philippines,2023,2023,18,2023-W18,382,2023,19,383,1,xgboost_epidemiology,1727.0,1995.5251,2022.0,555.1233766233767,268.52510000000007,268.52510000000007,72105.72933001003,0.48372147761700346
Philippines,2023,2023,19,2023-W19,383,2023,20,384,1,xgboost_epidemiology,1794.0,1915.4868,2022.0,555.1233766233767,121.4867999999999,121.4867999999999,14759.042574239977,0.21884648551275585
Philippines,2023,2023,20,2023-W20,384,2023,21,385,1,xgboost_epidemiology,2269.0,2015.917,2022.0,555.1233766233767,-253.08300000000008,253.08300000000008,64051.00488900004,0.4559040578320019
Philippines,2023,2023,21,2023-W21,385,2023,22,386,1,xgboost_epidemiology,2552.0,2511.429,2022.0,555.1233766233767,-40.57099999999991,40.57099999999991,1646.0060409999928,0.0730846541660329
Philippines,2023,2023,22,2023-W22,386,2023,23,387,1,xgboost_epidemiology,207.0,2895.0283,2022.0,555.1233766233767,2688.0283,2688.0283,7225496.14160089,4.8422178081390586
Philippines,2023,2023,23,2023-W23,387,2023,24,388,1,xgboost_epidemiology,162.0,876.8296,2022.0,555.1233766233767,714.8296,714.8296,510981.35703616,1.2876950063750892
Philippines,2023,2023,24,2023-W24,388,2023,25,389,1,xgboost_epidemiology,132.0,635.6498,2022.0,555.1233766233767,503.6498,503.6498,253663.12104004002,0.9072754295874323
Philippines,2023,2023,25,2023-W25,389,2023,26,390,1,xgboost_epidemiology,181.0,607.37555,2022.0,555.1233766233767,426.37555,426.37555,181796.10963780247,0.7680734913263694
Philippines,2023,2023,26,2023-W26,390,2023,27,391,1,xgboost_epidemiology,271.0,605.48413,2022.0,555.1233766233767,334.48413000000005,334.48413000000005,111879.63322185693,0.6025401632958627
Philippines,2023,2023,27,2023-W27,391,2023,28,392,1,xgboost_epidemiology,147.0,601.8113,2022.0,555.1233766233767,454.81129999999996,454.81129999999996,206853.31860768996,0.8192976897612557
Philippines,2023,2023,28,2023-W28,392,2023,29,393,1,xgboost_epidemiology,735.0,600.43744,2022.0,555.1233766233767,-134.56255999999996,134.56255999999996,18107.08255375359,0.24240117722747948
Philippines,2023,2023,29,2023-W29,393,2023,30,394,1,xgboost_epidemiology,715.0,709.9155,2022.0,555.1233766233767,-5.084500000000048,5.084500000000048,25.85214025000049,0.00915922516347141
Philippines,2023,2023,30,2023-W30,394,2023,31,395,1,xgboost_epidemiology,893.0,684.1206,2022.0,555.1233766233767,-208.87940000000003,208.87940000000003,43630.603744360014,0.37627563312239004
Philippines,2023,2023,31,2023-W31,395,2023,32,396,1,xgboost_epidemiology,2955.0,850.0983,2022.0,555.1233766233767,-2104.9017,2104.9017,4430611.1666628895,3.791772763747382
Philippines,2023,2023,32,2023-W32,396,2023,33,397,1,xgboost_epidemiology,3355.0,2426.5186,2022.0,555.1233766233767,-928.4814000000001,928.4814000000001,862077.7101459602,1.6725676472996527
Philippines,2023,2023,33,2023-W33,397,2023,34,398,1,xgboost_epidemiology,3591.0,3532.378,2022.0,555.1233766233767,-58.621999999999844,58.621999999999844,3436.538883999982,0.1056017499327396
Philippines,2023,2023,34,2023-W34,398,2023,35,399,1,xgboost_epidemiology,3356.0,3972.502,2022.0,555.1233766233767,616.502,616.502,380074.7160039999,1.1105675350045034
Philippines,2023,2023,35,2023-W35,399,2023,36,400,1,xgboost_epidemiology,3393.0,3843.0398,2022.0,555.1233766233767,450.0398,450.0398,202535.82158404,0.8107023032202973
Philippines,2023,2023,36,2023-W36,400,2023,37,401,1,xgboost_epidemiology,3179.0,3573.0227,2022.0,555.1233766233767,394.0227,394.0227,155253.88811529,0.7097930236638631
Philippines,2023,2023,37,2023-W37,401,2023,38,402,1,xgboost_epidemiology,3142.0,3207.9192,2022.0,555.1233766233767,65.91919999999982,65.91919999999982,4345.3409286399765,0.11874693586309316
Philippines,2023,2023,38,2023-W38,402,2023,39,403,1,xgboost_epidemiology,3318.0,2945.982,2022.0,555.1233766233767,-372.01800000000003,372.01800000000003,138397.39232400001,0.6701537273801308
Philippines,2023,2023,39,2023-W39,403,2023,40,404,1,xgboost_epidemiology,2578.0,3332.6755,2022.0,555.1233766233767,754.6754999999998,754.6754999999998,569535.1103002498,1.359473464422323
Philippines,2023,2023,40,2023-W40,404,2023,41,405,1,xgboost_epidemiology,2720.0,2369.375,2022.0,555.1233766233767,-350.625,350.625,122937.890625,0.6316163483021207
Philippines,2023,2023,41,2023-W41,405,2023,42,406,1,xgboost_epidemiology,3430.0,2618.4731,2022.0,555.1233766233767,-811.5268999999998,811.5268999999998,658575.9094236097,1.461885653124963
Philippines,2023,2023,42,2023-W42,406,2023,43,407,1,xgboost_epidemiology,2672.0,3177.15,2022.0,555.1233766233767,505.1500000000001,505.1500000000001,255176.52250000008,0.9099778918925243
Philippines,2023,2023,43,2023-W43,407,2023,44,408,1,xgboost_epidemiology,1939.0,2513.223,2022.0,555.1233766233767,574.223,574.223,329732.053729,1.034406087332873
Philippines,2023,2023,44,2023-W44,408,2023,45,409,1,xgboost_epidemiology,2607.0,1571.0249,2022.0,555.1233766233767,-1035.9751,1035.9751,1073244.4078200103,1.866206943583385
Philippines,2023,2023,9,2023-W09,373,2023,11,375,2,xgboost_climate,275.0,907.96094,2022.0,555.1233766233767,632.96094,632.96094,400639.5515656837,1.1402166917381185
Philippines,2023,2023,10,2023-W10,374,2023,12,376,2,xgboost_climate,141.0,870.44775,2022.0,555.1233766233767,729.44775,729.44775,532094.0199800626,1.3140281615178562
Philippines,2023,2023,11,2023-W11,375,2023,13,377,2,xgboost_climate,1196.0,846.3316,2022.0,555.1233766233767,-349.6684,349.6684,122267.98995856,0.6298931277708243
Philippines,2023,2023,12,2023-W12,376,2023,14,378,2,xgboost_climate,1196.0,851.7651,2022.0,555.1233766233767,-344.23490000000004,344.23490000000004,118497.66637801002,0.6201052135362445
Philippines,2023,2023,13,2023-W13,377,2023,15,379,2,xgboost_climate,1197.0,1193.2102,2022.0,555.1233766233767,-3.789800000000014,3.789800000000014,14.362584040000105,0.006826950835780067
Philippines,2023,2023,14,2023-W14,378,2023,16,380,2,xgboost_climate,1482.0,1341.6533,2022.0,555.1233766233767,-140.34670000000006,140.34670000000006,19697.196200890015,0.2528207348313819
Philippines,2023,2023,15,2023-W15,379,2023,17,381,2,xgboost_climate,1684.0,1338.101,2022.0,555.1233766233767,-345.8989999999999,345.8989999999999,119646.11820099992,0.6231029255225816
Philippines,2023,2023,16,2023-W16,380,2023,18,382,2,xgboost_climate,1746.0,1563.267,2022.0,555.1233766233767,-182.73299999999995,182.73299999999995,33391.34928899998,0.3291754728678542
Philippines,2023,2023,17,2023-W17,381,2023,19,383,2,xgboost_climate,1727.0,1995.588,2022.0,555.1233766233767,268.58799999999997,268.58799999999997,72139.51374399998,0.4838347857619108
Philippines,2023,2023,18,2023-W18,382,2023,20,384,2,xgboost_climate,1794.0,2462.6355,2022.0,555.1233766233767,668.6354999999999,668.6354999999999,447073.43186024984,1.2044808922785384
Philippines,2023,2023,19,2023-W19,383,2023,21,385,2,xgboost_climate,2269.0,2419.822,2022.0,555.1233766233767,150.82200000000012,150.82200000000012,22747.275684000037,0.2716909543917933
Philippines,2023,2023,20,2023-W20,384,2023,22,386,2,xgboost_climate,2552.0,2616.9873,2022.0,555.1233766233767,64.98729999999978,64.98729999999978,4223.349161289971,0.11706820994513874
Philippines,2023,2023,21,2023-W21,385,2023,23,387,2,xgboost_climate,207.0,2940.5823,2022.0,555.1233766233767,2733.5823,2733.5823,7472472.19087329,4.92427884523155
Philippines,2023,2023,22,2023-W22,386,2023,24,388,2,xgboost_climate,162.0,3237.161,2022.0,555.1233766233767,3075.161,3075.161,9456615.175921,5.539599176502239
Philippines,2023,2023,23,2023-W23,387,2023,25,389,2,xgboost_climate,132.0,1157.4952,2022.0,555.1233766233767,1025.4952,1025.4952,1051640.4052230401,1.8473284375767642
Philippines,2023,2023,24,2023-W24,388,2023,26,390,2,xgboost_climate,181.0,865.7805,2022.0,555.1233766233767,684.7805,684.7805,468924.33318024996,1.2335645170723717
Philippines,2023,2023,25,2023-W25,389,2023,27,391,2,xgboost_climate,271.0,870.1266,2022.0,555.1233766233767,599.1266,599.1266,358952.68282756006,1.0792674659897765
Philippines,2023,2023,26,2023-W26,390,2023,28,392,2,xgboost_climate,147.0,866.2179,2022.0,555.1233766233767,719.2179,719.2179,517274.38768041,1.295600095918773
Philippines,2023,2023,27,2023-W27,391,2023,29,393,2,xgboost_climate,735.0,881.94653,2022.0,555.1233766233767,146.94653000000005,146.94653000000005,21593.282679040916,0.2647096775023688
Philippines,2023,2023,28,2023-W28,392,2023,30,394,2,xgboost_climate,715.0,900.90155,2022.0,555.1233766233767,185.90155000000004,185.90155000000004,34559.386292402516,0.3348833031150207
Philippines,2023,2023,29,2023-W29,393,2023,31,395,2,xgboost_climate,893.0,917.31616,2022.0,555.1233766233767,24.316159999999968,24.316159999999968,591.2756371455985,0.043803163447928915
Philippines,2023,2023,30,2023-W30,394,2023,32,396,2,xgboost_climate,2955.0,887.577,2022.0,555.1233766233767,-2067.423,2067.423,4274237.860928999,3.7242585829755868
Philippines,2023,2023,31,2023-W31,395,2023,33,397,2,xgboost_climate,3355.0,903.0988,2022.0,555.1233766233767,-2451.9012000000002,2451.9012000000002,6011819.494561441,4.416858131455509
Philippines,2023,2023,32,2023-W32,396,2023,34,398,2,xgboost_climate,3591.0,2447.4087,2022.0,555.1233766233767,-1143.5913,1143.5913,1307801.0614356901,2.060066911532478
Philippines,2023,2023,33,2023-W33,397,2023,35,399,2,xgboost_climate,3356.0,3958.5625,2022.0,555.1233766233767,602.5625,602.5625,363081.56640625,1.0854569008878334
Philippines,2023,2023,34,2023-W34,398,2023,36,400,2,xgboost_climate,3393.0,4233.4893,2022.0,555.1233766233767,840.4893000000002,840.4893000000002,706422.2634144903,1.514058559580765
Philippines,2023,2023,35,2023-W35,399,2023,37,401,2,xgboost_climate,3179.0,4186.08,2022.0,555.1233766233767,1007.0799999999999,1007.0799999999999,1014210.1263999998,1.8141552714384304
Philippines,2023,2023,36,2023-W36,400,2023,38,402,2,xgboost_climate,3142.0,4006.7727,2022.0,555.1233766233767,864.7727,864.7727,747831.82266529,1.5578027091204716
Philippines,2023,2023,37,2023-W37,401,2023,39,403,2,xgboost_climate,3318.0,3561.1028,2022.0,555.1233766233767,243.10280000000012,243.10280000000012,59098.97136784006,0.4379257120799169
Philippines,2023,2023,38,2023-W38,402,2023,40,404,2,xgboost_climate,2578.0,3458.9082,2022.0,555.1233766233767,880.9081999999999,880.9081999999999,775999.2568272398,1.5868692206014805
Philippines,2023,2023,39,2023-W39,403,2023,41,405,2,xgboost_climate,2720.0,3773.5818,2022.0,555.1233766233767,1053.5818,1053.5818,1110034.6092912399,1.8979236767303393
Philippines,2023,2023,40,2023-W40,404,2023,42,406,2,xgboost_climate,3430.0,2778.7803,2022.0,555.1233766233767,-651.2197000000001,651.2197000000001,424087.09766809014,1.1731080466492767
Philippines,2023,2023,41,2023-W41,405,2023,43,407,2,xgboost_climate,2672.0,2800.0627,2022.0,555.1233766233767,128.06269999999995,128.06269999999995,16400.055131289988,0.23069232064944017
Philippines,2023,2023,42,2023-W42,406,2023,44,408,2,xgboost_climate,1939.0,3303.148,2022.0,555.1233766233767,1364.1480000000001,1364.1480000000001,1860899.7659040003,2.4573780486378367
Philippines,2023,2023,43,2023-W43,407,2023,45,409,2,xgboost_climate,2607.0,2721.2527,2022.0,555.1233766233767,114.2527,114.2527,13053.679457290002,0.20581496800757992
Philippines,2023,2023,9,2023-W09,373,2023,11,375,2,xgboost_epidemiology,275.0,899.815,2022.0,555.1233766233767,624.815,624.815,390393.78422500007,1.1255425844260665
Philippines,2023,2023,10,2023-W10,374,2023,12,376,2,xgboost_epidemiology,141.0,859.287,2022.0,555.1233766233767,718.287,718.287,515936.21436900005,1.2939231714021686
Philippines,2023,2023,11,2023-W11,375,2023,13,377,2,xgboost_epidemiology,1196.0,785.1324,2022.0,555.1233766233767,-410.86760000000004,410.86760000000004,168812.18472976002,0.7401374492624783
Philippines,2023,2023,12,2023-W12,376,2023,14,378,2,xgboost_epidemiology,1196.0,785.1324,2022.0,555.1233766233767,-410.86760000000004,410.86760000000004,168812.18472976002,0.7401374492624783
Philippines,2023,2023,13,2023-W13,377,2023,15,379,2,xgboost_epidemiology,1197.0,1220.8914,2022.0,555.1233766233767,23.891399999999976,23.891399999999976,570.7989939599988,0.04303800021055336
Philippines,2023,2023,14,2023-W14,378,2023,16,380,2,xgboost_epidemiology,1482.0,1383.4999,2022.0,555.1233766233767,-98.50009999999997,98.50009999999997,9702.269700009994,0.17743821310344016
Philippines,2023,2023,15,2023-W15,379,2023,17,381,2,xgboost_epidemiology,1684.0,1382.6788,2022.0,555.1233766233767,-301.3212000000001,301.3212000000001,90794.46556944006,0.5428004164278446
Philippines,2023,2023,16,2023-W16,380,2023,18,382,2,xgboost_epidemiology,1746.0,1638.6661,2022.0,555.1233766233767,-107.33390000000009,107.33390000000009,11520.566089210019,0.19335143234802152
Philippines,2023,2023,17,2023-W17,381,2023,19,383,2,xgboost_epidemiology,1727.0,1990.7252,2022.0,555.1233766233767,263.7252000000001,263.7252000000001,69550.98111504005,0.4750749312777084
Philippines,2023,2023,18,2023-W18,382,2023,20,384,2,xgboost_epidemiology,1794.0,2199.503,2022.0,555.1233766233767,405.50300000000016,405.50300000000016,164432.68300900012,0.7304736515809054
Philippines,2023,2023,19,2023-W19,383,2023,21,385,2,xgboost_epidemiology,2269.0,2138.2927,2022.0,555.1233766233767,-130.70730000000003,130.70730000000003,17084.398273290008,0.23545630665933634
Philippines,2023,2023,20,2023-W20,384,2023,22,386,2,xgboost_epidemiology,2552.0,2272.653,2022.0,555.1233766233767,-279.3470000000002,279.3470000000002,78034.74640900012,0.5032160628852839
Philippines,2023,2023,21,2023-W21,385,2023,23,387,2,xgboost_epidemiology,207.0,2754.386,2022.0,555.1233766233767,2547.386,2547.386,6489175.432996,4.588864579068652
Philippines,2023,2023,22,2023-W22,386,2023,24,388,2,xgboost_epidemiology,162.0,3179.1963,2022.0,555.1233766233767,3017.1963,3017.1963,9103473.51273369,5.435181487676777
Philippines,2023,2023,23,2023-W23,387,2023,25,389,2,xgboost_epidemiology,132.0,1178.112,2022.0,555.1233766233767,1046.112,1046.112,1094350.316544,1.8844675689269965
Philippines,2023,2023,24,2023-W24,388,2023,26,390,2,xgboost_epidemiology,181.0,827.48425,2022.0,555.1233766233767,646.48425,646.48425,417941.8854980625,1.1645776006269812
Philippines,2023,2023,25,2023-W25,389,2023,27,391,2,xgboost_epidemiology,271.0,790.0437,2022.0,555.1233766233767,519.0437,519.0437,269406.36250968993,0.9350060218273695
Philippines,2023,2023,26,2023-W26,390,2023,28,392,2,xgboost_epidemiology,147.0,790.0437,2022.0,555.1233766233767,643.0437,643.0437,413505.2001096899,1.158379789212647
Philippines,2023,2023,27,2023-W27,391,2023,29,393,2,xgboost_epidemiology,735.0,785.46533,2022.0,555.1233766233767,50.465329999999994,50.465329999999994,2546.749532008899,0.0909083135842038
Philippines,2023,2023,28,2023-W28,392,2023,30,394,2,xgboost_epidemiology,715.0,815.6668,2022.0,555.1233766233767,100.66679999999997,100.66679999999997,10133.804622239993,0.18134130940822787
Philippines,2023,2023,29,2023-W29,393,2023,31,395,2,xgboost_epidemiology,893.0,806.7218,2022.0,555.1233766233767,-86.27819999999997,86.27819999999997,7443.927795239994,0.15542166594532625
Philippines,2023,2023,30,2023-W30,394,2023,32,396,2,xgboost_epidemiology,2955.0,778.8146,2022.0,555.1233766233767,-2176.1854,2176.1854,4735782.895173159,3.920183317151914
Philippines,2023,2023,31,2023-W31,395,2023,33,397,2,xgboost_epidemiology,3355.0,993.5016,2022.0,555.1233766233767,-2361.4984,2361.4984,5576674.69320256,4.254006405502462
Philippines,2023,2023,32,2023-W32,396,2023,34,398,2,xgboost_epidemiology,3591.0,2450.474,2022.0,555.1233766233767,-1140.5259999999998,1140.5259999999998,1300799.5566759997,2.0545450759746866
Philippines,2023,2023,33,2023-W33,397,2023,35,399,2,xgboost_epidemiology,3356.0,3858.6187,2022.0,555.1233766233767,502.6187,502.6187,252625.55758969,0.9054180046555697
Philippines,2023,2023,34,2023-W34,398,2023,36,400,2,xgboost_epidemiology,3393.0,4056.75,2022.0,555.1233766233767,663.75,663.75,440564.0625,1.1956801459836937
Philippines,2023,2023,35,2023-W35,399,2023,37,401,2,xgboost_epidemiology,3179.0,3980.707,2022.0,555.1233766233767,801.7069999999999,801.7069999999999,642734.1138489998,1.4441960720092641
Philippines,2023,2023,36,2023-W36,400,2023,38,402,2,xgboost_epidemiology,3142.0,3701.7542,2022.0,555.1233766233767,559.7541999999999,559.7541999999999,313324.7644176398,1.0083419714817108
Philippines,2023,2023,37,2023-W37,401,2023,39,403,2,xgboost_epidemiology,3318.0,3230.183,2022.0,555.1233766233767,-87.81700000000001,87.81700000000001,7711.825489000002,0.1581936623425236
Philippines,2023,2023,38,2023-W38,402,2023,40,404,2,xgboost_epidemiology,2578.0,3130.9163,2022.0,555.1233766233767,552.9162999999999,552.9162999999999,305716.43480568985,0.9960241691913576
Philippines,2023,2023,39,2023-W39,403,2023,41,405,2,xgboost_epidemiology,2720.0,3239.215,2022.0,555.1233766233767,519.2150000000001,519.2150000000001,269584.21622500016,0.9353146018786045
Philippines,2023,2023,40,2023-W40,404,2023,42,406,2,xgboost_epidemiology,3430.0,2168.266,2022.0,555.1233766233767,-1261.734,1261.734,1591972.686756,2.2728893307910956
Philippines,2023,2023,41,2023-W41,405,2023,43,407,2,xgboost_epidemiology,2672.0,2266.284,2022.0,555.1233766233767,-405.7159999999999,405.7159999999999,164605.4726559999,0.7308573500684297
Philippines,2023,2023,42,2023-W42,406,2023,44,408,2,xgboost_epidemiology,1939.0,3072.8215,2022.0,555.1233766233767,1133.8215,1133.8215,1285551.19386225,2.042467580624408
Philippines,2023,2023,43,2023-W43,407,2023,45,409,2,xgboost_epidemiology,2607.0,2289.2776,2022.0,555.1233766233767,-317.7224000000001,317.7224000000001,100947.52346176007,0.5723455602475174
Philippines,2023,2022,49,2022-W49,361,2023,1,365,4,xgboost_climate,425.0,1013.1174,2022.0,555.1233766233767,588.1174,588.1174,345882.07618275995,1.0594354782486635
Philippines,2023,2022,50,2022-W50,362,2023,2,366,4,xgboost_climate,575.0,928.8949,2022.0,555.1233766233767,353.8949,353.8949,125241.60024601,0.6375067505760975
Philippines,2023,2023,9,2023-W09,373,2023,13,377,4,xgboost_climate,1196.0,1097.3114,2022.0,555.1233766233767,-98.68859999999995,98.68859999999995,9739.43976995999,0.17777777725789273
Philippines,2023,2023,10,2023-W10,374,2023,14,378,4,xgboost_climate,1196.0,1064.7206,2022.0,555.1233766233767,-131.2793999999999,131.2793999999999,17234.28086435997,0.23648688837160317
Philippines,2023,2023,11,2023-W11,375,2023,15,379,4,xgboost_climate,1197.0,962.9132,2022.0,555.1233766233767,-234.08680000000004,234.08680000000004,54796.629934240016,0.4216842775093872
Philippines,2023,2023,12,2023-W12,376,2023,16,380,4,xgboost_climate,1482.0,980.0601,2022.0,555.1233766233767,-501.93989999999997,501.93989999999997,251943.66321200997,0.9041952134192702
Philippines,2023,2023,13,2023-W13,377,2023,17,381,4,xgboost_climate,1684.0,1333.4751,2022.0,555.1233766233767,-350.5248999999999,350.5248999999999,122867.70552000993,0.6314360280269974
Philippines,2023,2023,14,2023-W14,378,2023,18,382,4,xgboost_climate,1746.0,1315.9547,2022.0,555.1233766233767,-430.0453,430.0453,184938.96005209,0.7746841839300962
Philippines,2023,2023,15,2023-W15,379,2023,19,383,4,xgboost_climate,1727.0,1395.2218,2022.0,555.1233766233767,-331.77819999999997,331.77819999999997,110076.77399523999,0.5976656973411784
Philippines,2023,2023,16,2023-W16,380,2023,20,384,4,xgboost_climate,1794.0,1537.0104,2022.0,555.1233766233767,-256.9896000000001,256.9896000000001,66043.65450816006,0.4629414123454481
Philippines,2023,2023,17,2023-W17,381,2023,21,385,4,xgboost_climate,2269.0,2284.8262,2022.0,555.1233766233767,15.826199999999972,15.826199999999972,250.4686064399991,0.02850933804349092
Philippines,2023,2023,18,2023-W18,382,2023,22,386,4,xgboost_climate,2552.0,2793.1926,2022.0,555.1233766233767,241.19259999999986,241.19259999999986,58173.87029475993,0.43448467522137324
Philippines,2023,2023,19,2023-W19,383,2023,23,387,4,xgboost_climate,207.0,2973.74,2022.0,555.1233766233767,2766.74,2766.74,7654850.227599999,4.984009170770507
Philippines,2023,2023,20,2023-W20,384,2023,24,388,4,xgboost_climate,162.0,3194.074,2022.0,555.1233766233767,3032.074,3032.074,9193472.741476001,5.461982196539905
Philippines,2023,2023,21,2023-W21,385,2023,25,389,4,xgboost_climate,132.0,3507.8345,2022.0,555.1233766233767,3375.8345,3375.8345,11396258.571390249,6.081232825275766
Philippines,2023,2023,22,2023-W22,386,2023,26,390,4,xgboost_climate,181.0,4554.1387,2022.0,555.1233766233767,4373.1387,4373.1387,19124342.089437693,7.877777957398028
Philippines,2023,2023,23,2023-W23,387,2023,27,391,4,xgboost_climate,271.0,1518.2137,2022.0,555.1233766233767,1247.2137,1247.2137,1555542.01346769,2.2467324427704147
Philippines,2023,2023,24,2023-W24,388,2023,28,392,4,xgboost_climate,147.0,1138.8331,2022.0,555.1233766233767,991.8331000000001,991.8331000000001,983732.8982556101,1.786689485196926
Philippines,2023,2023,25,2023-W25,389,2023,29,393,4,xgboost_climate,735.0,1085.697,2022.0,555.1233766233767,350.6969999999999,350.6969999999999,122988.38580899993,0.631746049199312
Philippines,2023,2023,26,2023-W26,390,2023,30,394,4,xgboost_climate,715.0,1092.9263,2022.0,555.1233766233767,377.9263000000001,377.9263000000001,142828.28823169007,0.6807969469756344
Philippines,2023,2023,27,2023-W27,391,2023,31,395,4,xgboost_climate,893.0,1110.69,2022.0,555.1233766233767,217.69000000000005,217.69000000000005,47388.93610000002,0.392147059855654
Philippines,2023,2023,28,2023-W28,392,2023,32,396,4,xgboost_climate,2955.0,1121.1093,2022.0,555.1233766233767,-1833.8907,1833.8907,3363155.09954649,3.303573182514709
Philippines,2023,2023,29,2023-W29,393,2023,33,397,4,xgboost_climate,3355.0,1119.5463,2022.0,555.1233766233767,-2235.4537,2235.4537,4997253.24484369,4.026949312777083
Philippines,2023,2023,30,2023-W30,394,2023,34,398,4,xgboost_climate,3591.0,1031.527,2022.0,555.1233766233767,-2559.473,2559.473,6550902.037729,4.610638117184667
Philippines,2023,2023,31,2023-W31,395,2023,35,399,4,xgboost_climate,3356.0,1171.9233,2022.0,555.1233766233767,-2184.0767,2184.0767,4770191.03148289,3.934398715624232
Philippines,2023,2023,32,2023-W32,396,2023,36,400,4,xgboost_climate,3393.0,3099.9832,2022.0,555.1233766233767,-293.0167999999999,293.0167999999999,85858.84508223993,0.5278408590578902
Philippines,2023,2023,33,2023-W33,397,2023,37,401,4,xgboost_climate,3179.0,3895.2686,2022.0,555.1233766233767,716.2685999999999,716.2685999999999,513040.70734595985,1.2902872229175681
Philippines,2023,2023,34,2023-W34,398,2023,38,402,4,xgboost_climate,3142.0,3913.6118,2022.0,555.1233766233767,771.6118000000001,771.6118000000001,595384.7698992402,1.3899825381043176
Philippines,2023,2023,35,2023-W35,399,2023,39,403,4,xgboost_climate,3318.0,3704.2727,2022.0,555.1233766233767,386.2727,386.2727,149206.59876529,0.6958321632022832
Philippines,2023,2023,36,2023-W36,400,2023,40,404,4,xgboost_climate,2578.0,3503.8447,2022.0,555.1233766233767,925.8447000000001,925.8447000000001,857188.4085180901,1.6678178923604208
Philippines,2023,2023,37,2023-W37,401,2023,41,405,4,xgboost_climate,2720.0,3406.0176,2022.0,555.1233766233767,686.0176000000001,686.0176000000001,470620.14750976017,1.2357930306823102
Philippines,2023,2023,38,2023-W38,402,2023,42,406,4,xgboost_climate,3430.0,3249.9712,2022.0,555.1233766233767,-180.02880000000005,180.02880000000005,32410.368829440016,0.32430412333750547
Philippines,2023,2023,39,2023-W39,403,2023,43,407,4,xgboost_climate,2672.0,3047.0283,2022.0,555.1233766233767,375.02829999999994,375.02829999999994,140646.22580088995,0.6755764858636782
Philippines,2023,2023,40,2023-W40,404,2023,44,408,4,xgboost_climate,1939.0,2829.41,2022.0,555.1233766233767,890.4099999999999,890.4099999999999,792829.9680999997,1.6039857759477825
Philippines,2023,2023,41,2023-W41,405,2023,45,409,4,xgboost_climate,2607.0,2931.159,2022.0,555.1233766233767,324.1590000000001,324.1590000000001,105079.05728100007,0.5839404601761632
Philippines,2023,2022,49,2022-W49,361,2023,1,365,4,xgboost_epidemiology,425.0,1232.5046,2022.0,555.1233766233767,807.5046,807.5046,652063.67902116,1.4546398764753359
Philippines,2023,2022,50,2022-W50,362,2023,2,366,4,xgboost_epidemiology,575.0,1038.8068,2022.0,555.1233766233767,463.80680000000007,463.80680000000007,215116.74772624005,0.8355021956041129
Philippines,2023,2023,9,2023-W09,373,2023,13,377,4,xgboost_epidemiology,1196.0,1423.7473,2022.0,555.1233766233767,227.7473,227.7473,51868.83265729,0.4102642936518148
Philippines,2023,2023,10,2023-W10,374,2023,14,378,4,xgboost_epidemiology,1196.0,1412.0513,2022.0,555.1233766233767,216.05130000000008,216.05130000000008,46678.16423169003,0.38919510346360364
Philippines,2023,2023,11,2023-W11,375,2023,15,379,4,xgboost_epidemiology,1197.0,1347.4683,2022.0,555.1233766233767,150.4683,150.4683,22640.70930489,0.27105379873434005
Philippines,2023,2023,12,2023-W12,376,2023,16,380,4,xgboost_epidemiology,1482.0,1347.4683,2022.0,555.1233766233767,-134.5317,134.5317,18098.778304890002,0.2423455859818222
Philippines,2023,2023,13,2023-W13,377,2023,17,381,4,xgboost_epidemiology,1684.0,1645.5719,2022.0,555.1233766233767,-38.428100000000086,38.428100000000086,1476.7188696100065,0.06922443121337263
Philippines,2023,2023,14,2023-W14,378,2023,18,382,4,xgboost_epidemiology,1746.0,1729.3442,2022.0,555.1233766233767,-16.6558,16.6558,277.41567363999997,0.030003780603352476
Philippines,2023,2023,15,2023-W15,379,2023,19,383,4,xgboost_epidemiology,1727.0,1729.3442,2022.0,555.1233766233767,2.3442000000000007,2.3442000000000007,5.495273640000003,0.004222845044391677
Philippines,2023,2023,16,2023-W16,380,2023,20,384,4,xgboost_epidemiology,1794.0,1893.9125,2022.0,555.1233766233767,99.91249999999991,99.91249999999991,9982.507656249982,0.17998251237001234
Philippines,2023,2023,17,2023-W17,381,2023,21,385,4,xgboost_epidemiology,2269.0,2415.6182,2022.0,555.1233766233767,146.6181999999999,146.6181999999999,21496.896571239966,0.264118223397162
Philippines,2023,2023,18,2023-W18,382,2023,22,386,4,xgboost_epidemiology,2552.0,2844.6274,2022.0,555.1233766233767,292.62739999999985,292.62739999999985,85630.79523075992,0.5271393933722465
Philippines,2023,2023,19,2023-W19,383,2023,23,387,4,xgboost_epidemiology,207.0,3003.7935,2022.0,555.1233766233767,2796.7935,2796.7935,7822053.881642251,5.038147586239165
Philippines,2023,2023,20,2023-W20,384,2023,24,388,4,xgboost_epidemiology,162.0,3242.2913,2022.0,555.1233766233767,3080.2913,3080.2913,9488194.492855689,5.548840905847535
Philippines,2023,2023,21,2023-W21,385,2023,25,389,4,xgboost_epidemiology,132.0,3821.3474,2022.0,555.1233766233767,3689.3474,3689.3474,13611284.23788676,6.6459953865409584
Philippines,2023,2023,22,2023-W22,386,2023,26,390,4,xgboost_epidemiology,181.0,4130.875,2022.0,555.1233766233767,3949.875,3949.875,15601512.515625,7.115310156862286
Philippines,2023,2023,23,2023-W23,387,2023,27,391,4,xgboost_epidemiology,271.0,1821.7671,2022.0,555.1233766233767,1550.7671,1550.7671,2404878.59844241,2.793553947291464
Philippines,2023,2023,24,2023-W24,388,2023,28,392,4,xgboost_epidemiology,147.0,1376.3678,2022.0,555.1233766233767,1229.3678,1229.3678,1511345.18767684,2.2145848144205686
Philippines,2023,2023,25,2023-W25,389,2023,29,393,4,xgboost_epidemiology,735.0,1342.7288,2022.0,555.1233766233767,607.7288000000001,607.7288000000001,369334.29434944014,1.0947634806817252
Philippines,2023,2023,26,2023-W26,390,2023,30,394,4,xgboost_epidemiology,715.0,1342.7288,2022.0,555.1233766233767,627.7288000000001,627.7288000000001,394043.44634944014,1.1307915076793507
Philippines,2023,2023,27,2023-W27,391,2023,31,395,4,xgboost_epidemiology,893.0,1342.7288,2022.0,555.1233766233767,449.7288000000001,449.7288000000001,202255.99354944009,0.8101420674004843
Philippines,2023,2023,28,2023-W28,392,2023,32,396,4,xgboost_epidemiology,2955.0,1342.7288,2022.0,555.1233766233767,-1612.2712,1612.2712,2599418.42234944,2.9043475160546968
Philippines,2023,2023,29,2023-W29,393,2023,33,397,4,xgboost_epidemiology,3355.0,1313.5631,2022.0,555.1233766233767,-2041.4369,2041.4369,4167464.61668161,3.6774471873574375
Philippines,2023,2023,30,2023-W30,394,2023,34,398,4,xgboost_epidemiology,3591.0,1250.4344,2022.0,555.1233766233767,-2340.5656,2340.5656,5478247.327903359,4.2162980313256675
Philippines,2023,2023,31,2023-W31,395,2023,35,399,4,xgboost_epidemiology,3356.0,1483.0205,2022.0,555.1233766233767,-1872.9795,1872.9795,3508052.2074202495,3.373987799599948
Philippines,2023,2023,32,2023-W32,396,2023,36,400,4,xgboost_epidemiology,3393.0,3366.331,2022.0,555.1233766233767,-26.66899999999987,26.66899999999987,711.235560999993,0.04804157259998339
Philippines,2023,2023,33,2023-W33,397,2023,37,401,4,xgboost_epidemiology,3179.0,3971.5964,2022.0,555.1233766233767,792.5963999999999,792.5963999999999,628209.0532929598,1.4277842248710357
Philippines,2023,2023,34,2023-W34,398,2023,38,402,4,xgboost_epidemiology,3142.0,4200.2036,2022.0,555.1233766233767,1058.2035999999998,1058.2035999999998,1119794.8590529596,1.9062493934892204
Philippines,2023,2023,35,2023-W35,399,2023,39,403,4,xgboost_epidemiology,3318.0,3875.3696,2022.0,555.1233766233767,557.3696,557.3696,310660.87100415997,1.004046349822784
Philippines,2023,2023,36,2023-W36,400,2023,40,404,4,xgboost_epidemiology,2578.0,3589.6194,2022.0,555.1233766233767,1011.6194,1011.6194,1023373.8104563601,1.8223325527260816
Philippines,2023,2023,37,2023-W37,401,2023,41,405,4,xgboost_epidemiology,2720.0,3158.6907,2022.0,555.1233766233767,438.6907000000001,438.6907000000001,192449.5302664901,0.79025801916036
Philippines,2023,2023,38,2023-W38,402,2023,42,406,4,xgboost_epidemiology,3430.0,3158.6907,2022.0,555.1233766233767,-271.3092999999999,271.3092999999999,73608.73626648994,0.48873693925534256
Philippines,2023,2023,39,2023-W39,403,2023,43,407,4,xgboost_epidemiology,2672.0,2771.1863,2022.0,555.1233766233767,99.18629999999985,99.18629999999985,9837.92210768997,0.17867433470972846
Philippines,2023,2023,40,2023-W40,404,2023,44,408,4,xgboost_epidemiology,1939.0,2525.273,2022.0,555.1233766233767,586.2730000000001,586.2730000000001,343716.03052900016,1.0561129735989427
Philippines,2023,2023,41,2023-W41,405,2023,45,409,4,xgboost_epidemiology,2607.0,2587.1296,2022.0,555.1233766233767,-19.87039999999979,19.87039999999979,394.8327961599917,0.035794565382680436
Singapore,2025,2024,52,2024-W52,468,2025,1,469,1,xgboost_climate,97.0,87.34582,2024.0,36.20128479657387,-9.654179999999997,9.654179999999997,93.20319147239994,0.2666805903229622
Singapore,2025,2025,1,2025-W01,469,2025,2,470,1,xgboost_climate,118.0,100.18317,2024.0,36.20128479657387,-17.816829999999996,17.816829999999996,317.43943124889984,0.4921601567490831
Singapore,2025,2025,2,2025-W02,470,2025,3,471,1,xgboost_climate,99.0,116.12679,2024.0,36.20128479657387,17.12679,17.12679,293.3269357041,0.4730989548089436
Singapore,2025,2025,3,2025-W03,471,2025,4,472,1,xgboost_climate,118.0,104.52747,2024.0,36.20128479657387,-13.472530000000006,13.472530000000006,181.50906460090016,0.37215612859339897
Singapore,2025,2025,4,2025-W04,472,2025,5,473,1,xgboost_climate,54.0,114.70422,2024.0,36.20128479657387,60.70422000000001,60.70422000000001,3685.0023258084007,1.6768526404826691
Singapore,2025,2025,5,2025-W05,473,2025,6,474,1,xgboost_climate,113.0,61.50552,2024.0,36.20128479657387,-51.49448,51.49448,2651.6814704704,1.4224489624985215
Singapore,2025,2025,6,2025-W06,474,2025,7,475,1,xgboost_climate,114.0,92.6954,2024.0,36.20128479657387,-21.304599999999994,21.304599999999994,453.88598115999974,0.5885039749201466
Singapore,2025,2025,7,2025-W07,475,2025,8,476,1,xgboost_climate,71.0,121.30916,2024.0,36.20128479657387,50.309160000000006,50.309160000000006,2531.0115799056007,1.3897064781734298
Singapore,2025,2025,8,2025-W08,476,2025,9,477,1,xgboost_climate,82.0,82.57736,2024.0,36.20128479657387,0.5773599999999988,0.5773599999999988,0.3333445695999986,0.01594860522891278
Singapore,2025,2025,9,2025-W09,477,2025,10,478,1,xgboost_climate,86.0,70.697556,2024.0,36.20128479657387,-15.302443999999994,15.302443999999994,234.1647923731358,0.4227044450490949
Singapore,2025,2025,10,2025-W10,478,2025,11,479,1,xgboost_climate,72.0,72.039635,2024.0,36.20128479657387,0.039635000000004084,0.039635000000004084,0.0015709332250003238,0.0010948506447416247
Singapore,2025,2025,11,2025-W11,479,2025,12,480,1,xgboost_climate,100.0,67.22647,2024.0,36.20128479657387,-32.773529999999994,32.773529999999994,1074.1042686608996,0.9053140015379154
Singapore,2025,2025,12,2025-W12,480,2025,13,481,1,xgboost_climate,98.0,91.55062,2024.0,36.20128479657387,-6.449380000000005,6.449380000000005,41.594502384400066,0.17815334555779028
Singapore,2025,2025,13,2025-W13,481,2025,14,482,1,xgboost_climate,87.0,108.54755,2024.0,36.20128479657387,21.54755,21.54755,464.29691100250005,0.5952150626996333
Singapore,2025,2025,14,2025-W14,482,2025,15,483,1,xgboost_climate,92.0,88.9128,2024.0,36.20128479657387,-3.0871999999999957,3.0871999999999957,9.530803839999974,0.08527874127528677
Singapore,2025,2025,15,2025-W15,483,2025,16,484,1,xgboost_climate,94.0,94.82685,2024.0,36.20128479657387,0.8268499999999932,0.8268499999999932,0.6836809224999888,0.02284034958003057
Singapore,2025,2025,16,2025-W16,484,2025,17,485,1,xgboost_climate,107.0,106.17017,2024.0,36.20128479657387,-0.8298300000000012,0.8298300000000012,0.688617828900002,0.02292266710043775
Singapore,2025,2025,17,2025-W17,485,2025,18,486,1,xgboost_climate,89.0,114.48203,2024.0,36.20128479657387,25.482029999999995,25.482029999999995,649.3338529208997,0.7038984981663314
Singapore,2025,2025,18,2025-W18,486,2025,19,487,1,xgboost_climate,105.0,90.38013,2024.0,36.20128479657387,-14.619870000000006,14.619870000000006,213.74059881690016,0.4038494788832369
Singapore,2025,2025,19,2025-W19,487,2025,20,488,1,xgboost_climate,103.0,101.38242,2024.0,36.20128479657387,-1.6175800000000038,1.6175800000000038,2.6165650564000122,0.04468294451673973
Singapore,2025,2025,20,2025-W20,488,2025,21,489,1,xgboost_climate,118.0,113.20043,2024.0,36.20128479657387,-4.799570000000003,4.799570000000003,23.035872184900025,0.13258010114752167
Singapore,2025,2025,21,2025-W21,489,2025,22,490,1,xgboost_climate,117.0,122.118355,2024.0,36.20128479657387,5.118354999999994,5.118354999999994,26.19755790602494,0.14138600408139107
Singapore,2025,2025,22,2025-W22,490,2025,23,491,1,xgboost_climate,118.0,123.347855,2024.0,36.20128479657387,5.347854999999996,5.347854999999996,28.599553101024952,0.14772555808588655
Singapore,2025,2025,23,2025-W23,491,2025,24,492,1,xgboost_climate,125.0,122.64479,2024.0,36.20128479657387,-2.3552099999999996,2.3552099999999996,5.547014144099998,0.0650587406837809
Singapore,2025,2025,24,2025-W24,492,2025,25,493,1,xgboost_climate,106.0,116.38079,2024.0,36.20128479657387,10.380790000000005,10.380790000000005,107.76080102410009,0.28675197740447195
Singapore,2025,2025,25,2025-W25,493,2025,26,494,1,xgboost_climate,100.0,116.4057,2024.0,36.20128479657387,16.405699999999996,16.405699999999996,269.1469924899999,0.4531800485034898
Singapore,2025,2025,26,2025-W26,494,2025,27,495,1,xgboost_climate,119.0,101.597015,2024.0,36.20128479657387,-17.402985,17.402985,302.86388691022506,0.4807283801608897
Singapore,2025,2025,27,2025-W27,495,2025,28,496,1,xgboost_climate,112.0,112.95701,2024.0,36.20128479657387,0.9570099999999968,0.9570099999999968,0.9158681400999938,0.026435802082100942
Singapore,2025,2025,28,2025-W28,496,2025,29,497,1,xgboost_climate,86.0,116.04165,2024.0,36.20128479657387,30.041650000000004,30.041650000000004,902.5007347225003,0.8298503815213536
Singapore,2025,2025,29,2025-W29,497,2025,30,498,1,xgboost_climate,77.0,85.55868,2024.0,36.20128479657387,8.558679999999995,8.558679999999995,73.25100334239993,0.23641923340825732
Singapore,2025,2025,30,2025-W30,498,2025,31,499,1,xgboost_climate,71.0,73.68153,2024.0,36.20128479657387,2.681529999999995,2.681529999999995,7.190603140899974,0.07407278540163242
Singapore,2025,2025,31,2025-W31,499,2025,32,500,1,xgboost_climate,73.0,69.70382,2024.0,36.20128479657387,-3.2961800000000068,3.2961800000000068,10.864802592400045,0.09105146456879235
Singapore,2025,2025,32,2025-W32,500,2025,33,501,1,xgboost_climate,62.0,70.52351,2024.0,36.20128479657387,8.523510000000002,8.523510000000002,72.65022272010003,0.23544772092748142
Singapore,2025,2025,33,2025-W33,501,2025,34,502,1,xgboost_climate,47.0,63.681923,2024.0,36.20128479657387,16.681922999999998,16.681922999999998,278.2865549779289,0.4608102473086478
Singapore,2025,2025,34,2025-W34,502,2025,35,503,1,xgboost_climate,51.0,53.631092,2024.0,36.20128479657387,2.6310920000000024,2.6310920000000024,6.9226451124640125,0.07267951993375141
Singapore,2025,2025,35,2025-W35,503,2025,36,504,1,xgboost_climate,42.0,51.27254,2024.0,36.20128479657387,9.27254,9.27254,85.97999805159999,0.2561384230450728
Singapore,2025,2025,36,2025-W36,504,2025,37,505,1,xgboost_climate,49.0,49.430897,2024.0,36.20128479657387,0.43089700000000164,0.43089700000000164,0.1856722246090014,0.011902809594226947
Singapore,2025,2025,37,2025-W37,505,2025,38,506,1,xgboost_climate,45.0,50.55089,2024.0,36.20128479657387,5.5508900000000025,5.5508900000000025,30.812379792100028,0.15333406068851305
Singapore,2025,2025,38,2025-W38,506,2025,39,507,1,xgboost_climate,40.0,50.775734,2024.0,36.20128479657387,10.775734,10.775734,116.11644323875599,0.29766164545131907
Singapore,2025,2025,39,2025-W39,507,2025,40,508,1,xgboost_climate,55.0,50.216053,2024.0,36.20128479657387,-4.783946999999998,4.783946999999998,22.88614889880898,0.13214854187862293
Singapore,2025,2025,40,2025-W40,508,2025,41,509,1,xgboost_climate,33.0,55.376884,2024.0,36.20128479657387,22.376883999999997,22.376883999999997,500.7249375494559,0.6181240286288892
Singapore,2025,2025,41,2025-W41,509,2025,42,510,1,xgboost_climate,47.0,51.639618,2024.0,36.20128479657387,4.639617999999999,4.639617999999999,21.526055185923987,0.1281616944280137
Singapore,2025,2025,42,2025-W42,510,2025,43,511,1,xgboost_climate,36.0,48.67493,2024.0,36.20128479657387,12.674930000000003,12.674930000000003,160.65385050490008,0.35012376138649015
Singapore,2025,2025,43,2025-W43,511,2025,44,512,1,xgboost_climate,53.0,44.49807,2024.0,36.20128479657387,-8.501930000000002,8.501930000000002,72.28281372490002,0.23485160948775588
Singapore,2025,2025,44,2025-W44,512,2025,45,513,1,xgboost_climate,55.0,54.40894,2024.0,36.20128479657387,-0.5910599999999988,0.5910599999999988,0.3493519235999986,0.016327044836152813
Singapore,2025,2025,45,2025-W45,513,2025,46,514,1,xgboost_climate,39.0,54.933647,2024.0,36.20128479657387,15.933647,15.933647,253.881106720609,0.4401403731811192
Singapore,2025,2025,46,2025-W46,514,2025,47,515,1,xgboost_climate,39.0,52.139442,2024.0,36.20128479657387,13.139442000000003,13.139442000000003,172.64493607136407,0.36295512918490486
Singapore,2025,2025,47,2025-W47,515,2025,48,516,1,xgboost_climate,27.0,46.753773,2024.0,36.20128479657387,19.753773000000002,19.753773000000002,390.2115477355291,0.545664970483852
Singapore,2025,2025,48,2025-W48,516,2025,49,517,1,xgboost_climate,38.0,45.46316,2024.0,36.20128479657387,7.463160000000002,7.463160000000002,55.69875718560003,0.20615732402697273
Singapore,2025,2025,49,2025-W49,517,2025,50,518,1,xgboost_climate,46.0,45.280064,2024.0,36.20128479657387,-0.719935999999997,0.719935999999997,0.5183078440959957,0.019887028983792656
Singapore,2025,2025,50,2025-W50,518,2025,51,519,1,xgboost_climate,41.0,49.627357,2024.0,36.20128479657387,8.627357000000003,8.627357000000003,74.43128880544906,0.23831632077368994
Singapore,2025,2025,51,2025-W51,519,2025,52,520,1,xgboost_climate,32.0,48.910736,2024.0,36.20128479657387,16.910736,16.910736,285.972992061696,0.46713082408612333
Singapore,2025,2024,52,2024-W52,468,2025,1,469,1,xgboost_epidemiology,97.0,86.7227,2024.0,36.20128479657387,-10.277299999999997,10.277299999999997,105.62289528999993,0.2838932390867147
Singapore,2025,2025,1,2025-W01,469,2025,2,470,1,xgboost_epidemiology,118.0,100.93878,2024.0,36.20128479657387,-17.061220000000006,17.061220000000006,291.0852278884002,0.47128769312670077
Singapore,2025,2025,2,2025-W02,470,2025,3,471,1,xgboost_epidemiology,99.0,113.205986,2024.0,36.20128479657387,14.205985999999996,14.205985999999996,201.8100382321959,0.3924166249852123
Singapore,2025,2025,3,2025-W03,471,2025,4,472,1,xgboost_epidemiology,118.0,110.70882,2024.0,36.20128479657387,-7.291179999999997,7.291179999999997,53.16130579239996,0.20140666390630538
Singapore,2025,2025,4,2025-W04,472,2025,5,473,1,xgboost_epidemiology,54.0,115.72352,2024.0,36.20128479657387,61.72351999999999,61.72351999999999,3809.7929211903993,1.7050090997279073
Singapore,2025,2025,5,2025-W05,473,2025,6,474,1,xgboost_epidemiology,113.0,68.193436,2024.0,36.20128479657387,-44.806563999999995,44.806563999999995,2007.6281774860954,1.2377064585354312
Singapore,2025,2025,6,2025-W06,474,2025,7,475,1,xgboost_epidemiology,114.0,88.15258,2024.0,36.20128479657387,-25.84742,25.84742,668.0891206563999,0.7139917863480422
Singapore,2025,2025,7,2025-W07,475,2025,8,476,1,xgboost_epidemiology,71.0,115.30827,2024.0,36.20128479657387,44.30826999999999,44.30826999999999,1963.2227903928995,1.2239419194368861
Singapore,2025,2025,8,2025-W08,476,2025,9,477,1,xgboost_epidemiology,82.0,83.74427,2024.0,36.20128479657387,1.7442700000000002,1.7442700000000002,3.042477832900001,0.04818254406719509
Singapore,2025,2025,9,2025-W09,477,2025,10,478,1,xgboost_epidemiology,86.0,71.444016,2024.0,36.20128479657387,-14.555983999999995,14.555983999999995,211.87667020825586,0.40208473488702223
Singapore,2025,2025,10,2025-W10,478,2025,11,479,1,xgboost_epidemiology,72.0,74.41151,2024.0,36.20128479657387,2.411510000000007,2.411510000000007,5.815380480100034,0.06661393410623467
Singapore,2025,2025,11,2025-W11,479,2025,12,480,1,xgboost_epidemiology,100.0,72.32904,2024.0,36.20128479657387,-27.670959999999994,27.670959999999994,765.6820273215997,0.7643640317047201
Singapore,2025,2025,12,2025-W12,480,2025,13,481,1,xgboost_epidemiology,98.0,87.91602,2024.0,36.20128479657387,-10.083979999999997,10.083979999999997,101.68665264039994,0.2785530971252809
Singapore,2025,2025,13,2025-W13,481,2025,14,482,1,xgboost_epidemiology,87.0,101.35118,2024.0,36.20128479657387,14.35118,14.35118,205.95636739239998,0.39642736661540284
Singapore,2025,2025,14,2025-W14,482,2025,15,483,1,xgboost_epidemiology,92.0,83.45326,2024.0,36.20128479657387,-8.54674,8.54674,73.0467646276,0.2360894108600497
Singapore,2025,2025,15,2025-W15,483,2025,16,484,1,xgboost_epidemiology,94.0,94.845085,2024.0,36.20128479657387,0.8450849999999974,0.8450849999999974,0.7141686572249957,0.023344060984265873
Singapore,2025,2025,16,2025-W16,484,2025,17,485,1,xgboost_epidemiology,107.0,101.49433,2024.0,36.20128479657387,-5.505669999999995,5.505669999999995,30.312402148899945,0.15208493375133075
Singapore,2025,2025,17,2025-W17,485,2025,18,486,1,xgboost_epidemiology,89.0,109.9335,2024.0,36.20128479657387,20.933499999999995,20.933499999999995,438.21142224999977,0.5782529575298709
Singapore,2025,2025,18,2025-W18,486,2025,19,487,1,xgboost_epidemiology,105.0,92.22901,2024.0,36.20128479657387,-12.770989999999998,12.770989999999998,163.09818558009994,0.3527772583698095
Singapore,2025,2025,19,2025-W19,487,2025,20,488,1,xgboost_epidemiology,103.0,102.85442,2024.0,36.20128479657387,-0.14557999999999538,0.14557999999999538,0.021193536399998655,0.004021404235182648
Singapore,2025,2025,20,2025-W20,488,2025,21,489,1,xgboost_epidemiology,118.0,107.641,2024.0,36.20128479657387,-10.358999999999995,10.358999999999995,107.30888099999989,0.28615006506565704
Singapore,2025,2025,21,2025-W21,489,2025,22,490,1,xgboost_epidemiology,117.0,117.16831,2024.0,36.20128479657387,0.1683100000000053,0.1683100000000053,0.02832825610000178,0.00464928250325343
Singapore,2025,2025,22,2025-W22,490,2025,23,491,1,xgboost_epidemiology,118.0,121.920494,2024.0,36.20128479657387,3.920494000000005,3.920494000000005,15.370273204036039,0.10829709558736558
Singapore,2025,2025,23,2025-W23,491,2025,24,492,1,xgboost_epidemiology,125.0,121.920494,2024.0,36.20128479657387,-3.079505999999995,3.079505999999995,9.483357204035968,0.08506620738199443
Singapore,2025,2025,24,2025-W24,492,2025,25,493,1,xgboost_epidemiology,106.0,122.35776,2024.0,36.20128479657387,16.35776,16.35776,267.5763122176,0.45185578611143973
Singapore,2025,2025,25,2025-W25,493,2025,26,494,1,xgboost_epidemiology,100.0,118.74148,2024.0,36.20128479657387,18.741479999999996,18.741479999999996,351.24307259039983,0.5177020679048857
Singapore,2025,2025,26,2025-W26,494,2025,27,495,1,xgboost_epidemiology,119.0,105.2423,2024.0,36.20128479657387,-13.7577,13.7577,189.27430929,0.3800334733230806
Singapore,2025,2025,27,2025-W27,495,2025,28,496,1,xgboost_epidemiology,112.0,111.642525,2024.0,36.20128479657387,-0.35747499999999377,0.35747499999999377,0.12778837562499554,0.00987464953271011
Singapore,2025,2025,28,2025-W28,496,2025,29,497,1,xgboost_epidemiology,86.0,114.52604,2024.0,36.20128479657387,28.526039999999995,28.526039999999995,813.7349580815996,0.7879841878622973
Singapore,2025,2025,29,2025-W29,497,2025,30,498,1,xgboost_epidemiology,77.0,88.999275,2024.0,36.20128479657387,11.999274999999997,11.999274999999997,143.98260052562495,0.3314599210339524
Singapore,2025,2025,30,2025-W30,498,2025,31,499,1,xgboost_epidemiology,71.0,75.01431,2024.0,36.20128479657387,4.014309999999995,4.014309999999995,16.114684776099956,0.11088860582041865
Singapore,2025,2025,31,2025-W31,499,2025,32,500,1,xgboost_epidemiology,73.0,71.72374,2024.0,36.20128479657387,-1.2762599999999935,1.2762599999999935,1.6288395875999835,0.03525454986395345
Singapore,2025,2025,32,2025-W32,500,2025,33,501,1,xgboost_epidemiology,62.0,70.44835,2024.0,36.20128479657387,8.448350000000005,8.448350000000005,71.37461772250008,0.2333715515201705
Singapore,2025,2025,33,2025-W33,501,2025,34,502,1,xgboost_epidemiology,47.0,65.55905,2024.0,36.20128479657387,18.55905,18.55905,344.43833690249994,0.5126627439962144
Singapore,2025,2025,34,2025-W34,502,2025,35,503,1,xgboost_epidemiology,51.0,54.992275,2024.0,36.20128479657387,3.9922749999999994,3.9922749999999994,15.938259675624995,0.11027992576600022
Singapore,2025,2025,35,2025-W35,503,2025,36,504,1,xgboost_epidemiology,42.0,51.447662,2024.0,36.20128479657387,9.447662000000001,9.447662000000001,89.25831726624402,0.2609758756654443
Singapore,2025,2025,36,2025-W36,504,2025,37,505,1,xgboost_epidemiology,49.0,50.381374,2024.0,36.20128479657387,1.381374000000001,1.381374000000001,1.9081941278760028,0.03815814846799956
Singapore,2025,2025,37,2025-W37,505,2025,38,506,1,xgboost_epidemiology,45.0,53.236977,2024.0,36.20128479657387,8.236977000000003,8.236977000000003,67.84779009852905,0.22753272560037865
Singapore,2025,2025,38,2025-W38,506,2025,39,507,1,xgboost_epidemiology,40.0,49.00116,2024.0,36.20128479657387,9.001159999999999,9.001159999999999,81.02088134559997,0.2486420040222406
Singapore,2025,2025,39,2025-W39,507,2025,40,508,1,xgboost_epidemiology,55.0,47.130642,2024.0,36.20128479657387,-7.869357999999998,7.869357999999998,61.92679533216398,0.21737786501833667
Singapore,2025,2025,40,2025-W40,508,2025,41,509,1,xgboost_epidemiology,33.0,52.81471,2024.0,36.20128479657387,19.814709999999998,19.814709999999998,392.62273238409995,0.5473482532828582
Singapore,2025,2025,41,2025-W41,509,2025,42,510,1,xgboost_epidemiology,47.0,47.341488,2024.0,36.20128479657387,0.34148799999999824,0.34148799999999824,0.1166140541439988,0.009433035372057209
Singapore,2025,2025,42,2025-W42,510,2025,43,511,1,xgboost_epidemiology,36.0,47.7554,2024.0,36.20128479657387,11.755400000000002,11.755400000000002,138.18942916000003,0.32472328167514497
Singapore,2025,2025,43,2025-W43,511,2025,44,512,1,xgboost_epidemiology,53.0,42.381065,2024.0,36.20128479657387,-10.618935,10.618935,112.76178053422501,0.29333033508813444
Singapore,2025,2025,44,2025-W44,512,2025,45,513,1,xgboost_epidemiology,55.0,49.285763,2024.0,36.20128479657387,-5.714236999999997,5.714236999999997,32.652504492168966,0.15784624860996088
Singapore,2025,2025,45,2025-W45,513,2025,46,514,1,xgboost_epidemiology,39.0,52.392395,2024.0,36.20128479657387,13.392395,13.392395,179.35624383602502,0.3699425331243346
Singapore,2025,2025,46,2025-W46,514,2025,47,515,1,xgboost_epidemiology,39.0,48.10476,2024.0,36.20128479657387,9.104759999999999,9.104759999999999,82.89665465759998,0.25150378090618714
Singapore,2025,2025,47,2025-W47,515,2025,48,516,1,xgboost_epidemiology,27.0,44.308125,2024.0,36.20128479657387,17.308124999999997,17.308124999999997,299.5711910156249,0.4781080311723648
Singapore,2025,2025,48,2025-W48,516,2025,49,517,1,xgboost_epidemiology,38.0,42.176197,2024.0,36.20128479657387,4.176197000000002,4.176197000000002,17.440621382809017,0.11536046368153324
Singapore,2025,2025,49,2025-W49,517,2025,50,518,1,xgboost_epidemiology,46.0,43.96593,2024.0,36.20128479657387,-2.03407,2.03407,4.137440764899999,0.05618778481012658
Singapore,2025,2025,50,2025-W50,518,2025,51,519,1,xgboost_epidemiology,41.0,46.261757,2024.0,36.20128479657387,5.261757000000003,5.261757000000003,27.68608672704903,0.14534724470602162
Singapore,2025,2025,51,2025-W51,519,2025,52,520,1,xgboost_epidemiology,32.0,50.99118,2024.0,36.20128479657387,18.99118,18.99118,360.6649177924,0.524599613155093
Singapore,2025,2024,51,2024-W51,467,2025,1,469,2,xgboost_climate,97.0,127.624016,2024.0,36.20128479657387,30.624015999999997,30.624015999999997,937.8303559682558,0.8459372691352183
Singapore,2025,2024,52,2024-W52,468,2025,2,470,2,xgboost_climate,118.0,102.659294,2024.0,36.20128479657387,-15.340705999999997,15.340705999999997,235.33726057843592,0.4237613688631255
Singapore,2025,2025,1,2025-W01,469,2025,3,471,2,xgboost_climate,99.0,116.52198,2024.0,36.20128479657387,17.52198,17.52198,307.01978312039995,0.48401541819472377
Singapore,2025,2025,2,2025-W02,470,2025,4,472,2,xgboost_climate,118.0,120.98741,2024.0,36.20128479657387,2.987409999999997,2.987409999999997,8.924618508099982,0.0825222092748136
Singapore,2025,2025,3,2025-W03,471,2025,5,473,2,xgboost_climate,54.0,95.585014,2024.0,36.20128479657387,41.585014,41.585014,1729.313389380196,1.1487165230095826
Singapore,2025,2025,4,2025-W04,472,2025,6,474,2,xgboost_climate,113.0,112.91213,2024.0,36.20128479657387,-0.08786999999999523,0.08786999999999523,0.007721136899999162,0.0024272619188452486
Singapore,2025,2025,5,2025-W05,473,2025,7,475,2,xgboost_climate,114.0,52.577934,2024.0,36.20128479657387,-61.422066,61.422066,3772.670191708356,1.696681936708861
Singapore,2025,2025,6,2025-W06,474,2025,8,476,2,xgboost_climate,71.0,102.059975,2024.0,36.20128479657387,31.059974999999994,31.059974999999994,964.7220470006247,0.8579799080208209
Singapore,2025,2025,7,2025-W07,475,2025,9,477,2,xgboost_climate,82.0,128.98477,2024.0,36.20128479657387,46.98477,46.98477,2207.5686119528996,1.297875759493671
Singapore,2025,2025,8,2025-W08,476,2025,10,478,2,xgboost_climate,86.0,67.83513,2024.0,36.20128479657387,-18.164869999999993,18.164869999999993,329.96250211689977,0.5017741801727196
Singapore,2025,2025,9,2025-W09,477,2025,11,479,2,xgboost_climate,72.0,60.585716,2024.0,36.20128479657387,-11.414284000000002,11.414284000000002,130.28587923265604,0.31530052218147414
Singapore,2025,2025,10,2025-W10,478,2025,12,480,2,xgboost_climate,100.0,60.51739,2024.0,36.20128479657387,-39.48261,39.48261,1558.8764924121,1.090641125635869
Singapore,2025,2025,11,2025-W11,479,2025,13,481,2,xgboost_climate,98.0,54.83436,2024.0,36.20128479657387,-43.16564,43.16564,1863.2724766096003,1.1923786750266179
Singapore,2025,2025,12,2025-W12,480,2025,14,482,2,xgboost_climate,87.0,95.9795,2024.0,36.20128479657387,8.979500000000002,8.979500000000002,80.63142025000003,0.2480436827161955
Singapore,2025,2025,13,2025-W13,481,2025,15,483,2,xgboost_climate,92.0,109.092155,2024.0,36.20128479657387,17.092155000000005,17.092155000000005,292.1417625440252,0.47214222080918034
Singapore,2025,2025,14,2025-W14,482,2025,16,484,2,xgboost_climate,94.0,84.31084,2024.0,36.20128479657387,-9.689160000000001,9.689160000000001,93.87982150560002,0.2676468543712292
Singapore,2025,2025,15,2025-W15,483,2025,17,485,2,xgboost_climate,107.0,89.01443,2024.0,36.20128479657387,-17.985569999999996,17.985569999999996,323.48072822489985,0.49682131728380446
Singapore,2025,2025,16,2025-W16,484,2025,18,486,2,xgboost_climate,89.0,105.99203,2024.0,36.20128479657387,16.99203,16.99203,288.7290835209,0.46937643499349346
Singapore,2025,2025,17,2025-W17,485,2025,19,487,2,xgboost_climate,105.0,113.810265,2024.0,36.20128479657387,8.810265000000001,8.810265000000001,77.62076937022502,0.24336884863362124
Singapore,2025,2025,18,2025-W18,486,2025,20,488,2,xgboost_climate,103.0,85.56083,2024.0,36.20128479657387,-17.439170000000004,17.439170000000004,304.12465028890017,0.4817279303205964
Singapore,2025,2025,19,2025-W19,487,2025,21,489,2,xgboost_climate,118.0,103.32858,2024.0,36.20128479657387,-14.671419999999998,14.671419999999998,215.25056481639993,0.40527346149296106
Singapore,2025,2025,20,2025-W20,488,2025,22,490,2,xgboost_climate,117.0,113.44689,2024.0,36.20128479657387,-3.5531100000000038,3.5531100000000038,12.624590672100027,0.09814872648763763
Singapore,2025,2025,21,2025-W21,489,2025,23,491,2,xgboost_climate,118.0,131.70287,2024.0,36.20128479657387,13.70286999999999,13.70286999999999,187.76864623689974,0.37851888619425034
Singapore,2025,2025,22,2025-W22,490,2025,24,492,2,xgboost_climate,125.0,134.19856,2024.0,36.20128479657387,9.198559999999986,9.198559999999986,84.61350607359975,0.25409484916597624
Singapore,2025,2025,23,2025-W23,491,2025,25,493,2,xgboost_climate,106.0,131.17354,2024.0,36.20128479657387,25.173540000000003,25.173540000000003,633.7071161316002,0.6953769774044719
Singapore,2025,2025,24,2025-W24,492,2025,26,494,2,xgboost_climate,100.0,132.74437,2024.0,36.20128479657387,32.74437,32.74437,1072.1937666969002,0.9045085052644033
Singapore,2025,2025,25,2025-W25,493,2025,27,495,2,xgboost_climate,119.0,126.32849,2024.0,36.20128479657387,7.328490000000002,7.328490000000002,53.706765680100034,0.20243729031113222
Singapore,2025,2025,26,2025-W26,494,2025,28,496,2,xgboost_climate,112.0,99.10416,2024.0,36.20128479657387,-12.895840000000007,12.895840000000007,166.30268930560018,0.3562260309949133
Singapore,2025,2025,27,2025-W27,495,2025,29,497,2,xgboost_climate,86.0,113.76341,2024.0,36.20128479657387,27.763409999999993,27.763409999999993,770.8069348280997,0.7669178084703654
Singapore,2025,2025,28,2025-W28,496,2025,30,498,2,xgboost_climate,77.0,124.94472,2024.0,36.20128479657387,47.944720000000004,47.944720000000004,2298.6961758784005,1.3243927741630193
Singapore,2025,2025,29,2025-W29,497,2025,31,499,2,xgboost_climate,71.0,81.74234,2024.0,36.20128479657387,10.742339999999999,10.742339999999999,115.39786867559997,0.2967391920028392
Singapore,2025,2025,30,2025-W30,498,2025,32,500,2,xgboost_climate,73.0,68.13757,2024.0,36.20128479657387,-4.862430000000003,4.862430000000003,23.643225504900034,0.13431650360818653
Singapore,2025,2025,31,2025-W31,499,2025,33,501,2,xgboost_climate,62.0,68.16471,2024.0,36.20128479657387,6.1647099999999995,6.1647099999999995,38.003649384099994,0.17028981249260616
Singapore,2025,2025,32,2025-W32,500,2025,34,502,2,xgboost_climate,47.0,60.304825,2024.0,36.20128479657387,13.304825000000001,13.304825000000001,177.01836828062503,0.3675235582041879
Singapore,2025,2025,33,2025-W33,501,2025,35,503,2,xgboost_climate,51.0,62.26518,2024.0,36.20128479657387,11.26518,11.26518,126.90428043240001,0.3111817733349107
Singapore,2025,2025,34,2025-W34,502,2025,36,504,2,xgboost_climate,42.0,49.50155,2024.0,36.20128479657387,7.501550000000002,7.501550000000002,56.27325240250003,0.2072177836271147
Singapore,2025,2025,35,2025-W35,503,2025,37,505,2,xgboost_climate,49.0,56.82671,2024.0,36.20128479657387,7.8267099999999985,7.8267099999999985,61.257389424099976,0.21619978528333134
Singapore,2025,2025,36,2025-W36,504,2025,38,506,2,xgboost_climate,45.0,52.376904,2024.0,36.20128479657387,7.376904000000003,7.376904000000003,54.418712625216045,0.20377464616112634
Singapore,2025,2025,37,2025-W37,505,2025,39,507,2,xgboost_climate,40.0,54.01422,2024.0,36.20128479657387,14.014220000000002,14.014220000000002,196.39836220840004,0.38711940967703784
Singapore,2025,2025,38,2025-W38,506,2025,40,508,2,xgboost_climate,55.0,54.235676,2024.0,36.20128479657387,-0.764324000000002,0.764324000000002,0.5841911769760031,0.0211131733112505
Singapore,2025,2025,39,2025-W39,507,2025,41,509,2,xgboost_climate,33.0,46.914383,2024.0,36.20128479657387,13.914383,13.914383,193.61005427068903,0.3843615793801018
Singapore,2025,2025,40,2025-W40,508,2025,42,510,2,xgboost_climate,47.0,56.37867,2024.0,36.20128479657387,9.37867,9.37867,87.95945096889999,0.25907008695137823
Singapore,2025,2025,41,2025-W41,509,2025,43,511,2,xgboost_climate,36.0,44.44773,2024.0,36.20128479657387,8.44773,8.44773,71.3641421529,0.23335442505619308
Singapore,2025,2025,42,2025-W42,510,2025,44,512,2,xgboost_climate,53.0,40.042004,2024.0,36.20128479657387,-12.957996000000001,12.957996000000001,167.90966033601603,0.35794298663196505
Singapore,2025,2025,43,2025-W43,511,2025,45,513,2,xgboost_climate,55.0,46.254074,2024.0,36.20128479657387,-8.745925999999997,8.745925999999997,76.49122159747596,0.24159159126937177
Singapore,2025,2025,44,2025-W44,512,2025,46,514,2,xgboost_climate,39.0,49.980843,2024.0,36.20128479657387,10.980843,10.980843,120.578912990649,0.3033274388382823
Singapore,2025,2025,45,2025-W45,513,2025,47,515,2,xgboost_climate,39.0,56.91126,2024.0,36.20128479657387,17.91126,17.91126,320.8132347875999,0.49476862770613983
Singapore,2025,2025,46,2025-W46,514,2025,48,516,2,xgboost_climate,27.0,45.765854,2024.0,36.20128479657387,18.765853999999997,18.765853999999997,352.1572763493159,0.5183753589258251
Singapore,2025,2025,47,2025-W47,515,2025,49,517,2,xgboost_climate,38.0,45.332848,2024.0,36.20128479657387,7.3328479999999985,7.3328479999999985,53.77065979110398,0.20255767277889505
Singapore,2025,2025,48,2025-W48,516,2025,50,518,2,xgboost_climate,46.0,47.89915,2024.0,36.20128479657387,1.8991499999999988,1.8991499999999988,3.6067707224999954,0.05246084526203712
Singapore,2025,2025,49,2025-W49,517,2025,51,519,2,xgboost_climate,41.0,46.892513,2024.0,36.20128479657387,5.892513000000001,5.892513000000001,34.72170945516901,0.16277082520998465
Singapore,2025,2025,50,2025-W50,518,2025,52,520,2,xgboost_climate,32.0,54.58704,2024.0,36.20128479657387,22.587040000000002,22.587040000000002,510.1743759616001,0.6239292369572934
Singapore,2025,2024,51,2024-W51,467,2025,1,469,2,xgboost_epidemiology,97.0,123.8221,2024.0,36.20128479657387,26.822100000000006,26.822100000000006,719.4250484100003,0.740915692653496
Singapore,2025,2024,52,2024-W52,468,2025,2,470,2,xgboost_epidemiology,118.0,95.46125,2024.0,36.20128479657387,-22.538749999999993,22.538749999999993,507.9952515624997,0.6225953064000945
Singapore,2025,2025,1,2025-W01,469,2025,3,471,2,xgboost_epidemiology,99.0,118.89894,2024.0,36.20128479657387,19.898939999999996,19.898939999999996,395.96781312359985,0.5496749662841595
Singapore,2025,2025,2,2025-W02,470,2025,4,472,2,xgboost_epidemiology,118.0,126.30991,2024.0,36.20128479657387,8.309910000000002,8.309910000000002,69.05460420810003,0.2295473778540164
Singapore,2025,2025,3,2025-W03,471,2025,5,473,2,xgboost_epidemiology,54.0,110.898186,2024.0,36.20128479657387,56.898185999999995,56.898185999999995,3237.4035700905956,1.5717173111321425
Singapore,2025,2025,4,2025-W04,472,2025,6,474,2,xgboost_epidemiology,113.0,125.64951,2024.0,36.20128479657387,12.649510000000006,12.649510000000006,160.01010324010016,0.34942157636342147
Singapore,2025,2025,5,2025-W05,473,2025,7,475,2,xgboost_epidemiology,114.0,64.29513,2024.0,36.20128479657387,-49.70487,49.70487,2470.5741017169,1.3730139766946647
Singapore,2025,2025,6,2025-W06,474,2025,8,476,2,xgboost_epidemiology,71.0,102.87329,2024.0,36.20128479657387,31.873289999999997,31.873289999999997,1015.9066154240999,0.880446375842896
Singapore,2025,2025,7,2025-W07,475,2025,9,477,2,xgboost_epidemiology,82.0,122.30136,2024.0,36.20128479657387,40.30136,40.30136,1624.1996178496001,1.1132577262510353
Singapore,2025,2025,8,2025-W08,476,2025,10,478,2,xgboost_epidemiology,86.0,76.0211,2024.0,36.20128479657387,-9.978899999999996,9.978899999999996,99.57844520999991,0.2756504377144208
Singapore,2025,2025,9,2025-W09,477,2025,11,479,2,xgboost_epidemiology,72.0,67.71779,2024.0,36.20128479657387,-4.282210000000006,4.282210000000006,18.337322484100053,0.11828889565834633
Singapore,2025,2025,10,2025-W10,478,2025,12,480,2,xgboost_epidemiology,100.0,70.286026,2024.0,36.20128479657387,-29.713973999999993,29.713973999999993,882.9202508726756,0.8207988795693836
Singapore,2025,2025,11,2025-W11,479,2025,13,481,2,xgboost_epidemiology,98.0,65.13758,2024.0,36.20128479657387,-32.86242,32.86242,1079.9386482564,0.9077694392523366
Singapore,2025,2025,12,2025-W12,480,2025,14,482,2,xgboost_epidemiology,87.0,88.01024,2024.0,36.20128479657387,1.010239999999996,1.010239999999996,1.020584857599992,0.027906191884537926
Singapore,2025,2025,13,2025-W13,481,2025,15,483,2,xgboost_epidemiology,92.0,102.61274,2024.0,36.20128479657387,10.612740000000002,10.612740000000002,112.63025030760005,0.2931592085650066
Singapore,2025,2025,14,2025-W14,482,2025,16,484,2,xgboost_epidemiology,94.0,79.91747,2024.0,36.20128479657387,-14.082530000000006,14.082530000000006,198.31765120090014,0.3890063592807289
Singapore,2025,2025,15,2025-W15,483,2025,17,485,2,xgboost_epidemiology,107.0,87.591545,2024.0,36.20128479657387,-19.408455000000004,19.408455000000004,376.68812548702516,0.5361261377617416
Singapore,2025,2025,16,2025-W16,484,2025,18,486,2,xgboost_epidemiology,89.0,98.7564,2024.0,36.20128479657387,9.7564,9.7564,95.18734095999999,0.2695042470128948
Singapore,2025,2025,17,2025-W17,485,2025,19,487,2,xgboost_epidemiology,105.0,114.853226,2024.0,36.20128479657387,9.853226000000006,9.853226000000006,97.08606260707613,0.2721789034662252
Singapore,2025,2025,18,2025-W18,486,2025,20,488,2,xgboost_epidemiology,103.0,86.466995,2024.0,36.20128479657387,-16.533005000000003,16.533005000000003,273.3402543300251,0.4566966364012778
Singapore,2025,2025,19,2025-W19,487,2025,21,489,2,xgboost_epidemiology,118.0,96.28607,2024.0,36.20128479657387,-21.713930000000005,21.713930000000005,471.4947560449002,0.5998110321779252
Singapore,2025,2025,20,2025-W20,488,2025,22,490,2,xgboost_epidemiology,117.0,108.41708,2024.0,36.20128479657387,-8.582920000000001,8.582920000000001,73.66651572640002,0.23708882290311137
Singapore,2025,2025,21,2025-W21,489,2025,23,491,2,xgboost_epidemiology,118.0,126.55972,2024.0,36.20128479657387,8.559719999999999,8.559719999999999,73.26880647839998,0.23644796167041285
Singapore,2025,2025,22,2025-W22,490,2025,24,492,2,xgboost_epidemiology,125.0,132.18338,2024.0,36.20128479657387,7.18338,7.18338,51.60094822439999,0.19842886904057733
Singapore,2025,2025,23,2025-W23,491,2025,25,493,2,xgboost_epidemiology,106.0,131.68712,2024.0,36.20128479657387,25.687119999999993,25.687119999999993,659.8281338943997,0.7095637667100436
Singapore,2025,2025,24,2025-W24,492,2025,26,494,2,xgboost_epidemiology,100.0,132.22841,2024.0,36.20128479657387,32.22841,32.22841,1038.6704111280999,0.8902559724358216
Singapore,2025,2025,25,2025-W25,493,2025,27,495,2,xgboost_epidemiology,119.0,119.21942,2024.0,36.20128479657387,0.2194199999999995,0.2194199999999995,0.04814513639999978,0.006061110848219553
Singapore,2025,2025,26,2025-W26,494,2025,28,496,2,xgboost_epidemiology,112.0,101.766525,2024.0,36.20128479657387,-10.233474999999999,10.233474999999999,104.72401057562497,0.2826826466934816
Singapore,2025,2025,27,2025-W27,495,2025,29,497,2,xgboost_epidemiology,86.0,112.676636,2024.0,36.20128479657387,26.676636000000002,26.676636000000002,711.6429082764961,0.7368974927244766
Singapore,2025,2025,28,2025-W28,496,2025,30,498,2,xgboost_epidemiology,77.0,122.62663,2024.0,36.20128479657387,45.626630000000006,45.626630000000006,2081.7893651569007,1.260359411451556
Singapore,2025,2025,29,2025-W29,497,2025,31,499,2,xgboost_epidemiology,71.0,89.67168,2024.0,36.20128479657387,18.671679999999995,18.671679999999995,348.6316340223998,0.5157739595409913
Singapore,2025,2025,30,2025-W30,498,2025,32,500,2,xgboost_epidemiology,73.0,71.440765,2024.0,36.20128479657387,-1.559235000000001,1.559235000000001,2.4312137852250033,0.043071261386490034
Singapore,2025,2025,31,2025-W31,499,2025,33,501,2,xgboost_epidemiology,62.0,69.81378,2024.0,36.20128479657387,7.813779999999994,7.813779999999994,61.05515788839991,0.2158426156394178
Singapore,2025,2025,32,2025-W32,500,2025,34,502,2,xgboost_epidemiology,47.0,68.79964,2024.0,36.20128479657387,21.799639999999997,21.799639999999997,475.22430412959983,0.6021786277061398
Singapore,2025,2025,33,2025-W33,501,2025,35,503,2,xgboost_epidemiology,51.0,68.28172,2024.0,36.20128479657387,17.281720000000007,17.281720000000007,298.6578461584002,0.47737863717023565
Singapore,2025,2025,34,2025-W34,502,2025,36,504,2,xgboost_epidemiology,42.0,53.764034,2024.0,36.20128479657387,11.764034000000002,11.764034000000002,138.39249595315604,0.3249617814976932
Singapore,2025,2025,35,2025-W35,503,2025,37,505,2,xgboost_epidemiology,49.0,55.089382,2024.0,36.20128479657387,6.0893820000000005,6.0893820000000005,37.080573141924006,0.16820900236602393
Singapore,2025,2025,36,2025-W36,504,2025,38,506,2,xgboost_epidemiology,45.0,54.707027,2024.0,36.20128479657387,9.707026999999997,9.707026999999997,94.22637317872893,0.2681404003903939
Singapore,2025,2025,37,2025-W37,505,2025,39,507,2,xgboost_epidemiology,40.0,54.693165,2024.0,36.20128479657387,14.693165,14.693165,215.889097717225,0.40587413078197093
Singapore,2025,2025,38,2025-W38,506,2025,40,508,2,xgboost_epidemiology,55.0,55.98247,2024.0,36.20128479657387,0.9824699999999993,0.9824699999999993,0.9652473008999986,0.02713909203832957
Singapore,2025,2025,39,2025-W39,507,2025,41,509,2,xgboost_epidemiology,33.0,52.818047,2024.0,36.20128479657387,19.818047,19.818047,392.754986894209,0.5474404323317166
Singapore,2025,2025,40,2025-W40,508,2025,42,510,2,xgboost_epidemiology,47.0,58.94944,2024.0,36.20128479657387,11.949440000000003,11.949440000000003,142.78911631360006,0.3300833124334557
Singapore,2025,2025,41,2025-W41,509,2025,43,511,2,xgboost_epidemiology,36.0,50.117718,2024.0,36.20128479657387,14.117718000000004,14.117718000000004,199.3099615275241,0.38997836898142685
Singapore,2025,2025,42,2025-W42,510,2025,44,512,2,xgboost_epidemiology,53.0,48.70052,2024.0,36.20128479657387,-4.299480000000003,4.299480000000003,18.48552827040002,0.11876595055010064
Singapore,2025,2025,43,2025-W43,511,2025,45,513,2,xgboost_epidemiology,55.0,47.63231,2024.0,36.20128479657387,-7.367690000000003,7.367690000000003,54.28285593610005,0.20352012480776066
Singapore,2025,2025,44,2025-W44,512,2025,46,514,2,xgboost_epidemiology,39.0,48.58342,2024.0,36.20128479657387,9.583419999999997,9.583419999999997,91.84193889639994,0.2647259635632319
Singapore,2025,2025,45,2025-W45,513,2025,47,515,2,xgboost_epidemiology,39.0,58.02322,2024.0,36.20128479657387,19.023220000000002,19.023220000000002,361.88289916840006,0.5254846646161128
Singapore,2025,2025,46,2025-W46,514,2025,48,516,2,xgboost_epidemiology,27.0,47.89858,2024.0,36.20128479657387,20.898580000000003,20.898580000000003,436.7506460164001,0.577288350881344
Singapore,2025,2025,47,2025-W47,515,2025,49,517,2,xgboost_epidemiology,38.0,47.08176,2024.0,36.20128479657387,9.081760000000003,9.081760000000003,82.47836469760004,0.2508684443392879
Singapore,2025,2025,48,2025-W48,516,2025,50,518,2,xgboost_epidemiology,46.0,47.389668,2024.0,36.20128479657387,1.3896680000000003,1.3896680000000003,1.931177150224001,0.03838725635868923
Singapore,2025,2025,49,2025-W49,517,2025,51,519,2,xgboost_epidemiology,41.0,46.32202,2024.0,36.20128479657387,5.322020000000002,5.322020000000002,28.32389688040002,0.1470119093812848
Singapore,2025,2025,50,2025-W50,518,2025,52,520,2,xgboost_epidemiology,32.0,51.181095,2024.0,36.20128479657387,19.181095,19.181095,367.914405399025,0.5298456976812966
Singapore,2025,2024,49,2024-W49,465,2025,1,469,4,xgboost_climate,97.0,142.9661,2024.0,36.20128479657387,45.96610000000001,45.96610000000001,2112.882349210001,1.2697367029457
Singapore,2025,2024,50,2024-W50,466,2025,2,470,4,xgboost_climate,118.0,165.65413,2024.0,36.20128479657387,47.65413000000001,47.65413000000001,2270.916106056901,1.3163657109901814
Singapore,2025,2024,51,2024-W51,467,2025,3,471,4,xgboost_climate,99.0,190.59833,2024.0,36.20128479657387,91.59833,91.59833,8390.254058788902,2.530250805039631
Singapore,2025,2024,52,2024-W52,468,2025,4,472,4,xgboost_climate,118.0,95.614815,2024.0,36.20128479657387,-22.385185000000007,22.385185000000007,501.0965074842253,0.618353329882882
Singapore,2025,2025,1,2025-W01,469,2025,5,473,4,xgboost_climate,54.0,111.432976,2024.0,36.20128479657387,57.432976,57.432976,3298.5467322165755,1.5864899912457116
Singapore,2025,2025,2,2025-W02,470,2025,6,474,4,xgboost_climate,113.0,125.63061,2024.0,36.20128479657387,12.630610000000004,12.630610000000004,159.5323089721001,0.34889949544540416
Singapore,2025,2025,3,2025-W03,471,2025,7,475,4,xgboost_climate,114.0,96.27865,2024.0,36.20128479657387,-17.72135,17.72135,314.04624582250005,0.48952268129658116
Singapore,2025,2025,4,2025-W04,472,2025,8,476,4,xgboost_climate,71.0,100.24513,2024.0,36.20128479657387,29.245130000000003,29.245130000000003,855.2776287169002,0.80784784750976
Singapore,2025,2025,5,2025-W05,473,2025,9,477,4,xgboost_climate,82.0,61.78967,2024.0,36.20128479657387,-20.21033,20.21033,408.4574387089,0.5582765947001065
Singapore,2025,2025,6,2025-W06,474,2025,10,478,4,xgboost_climate,86.0,98.349434,2024.0,36.20128479657387,12.349434000000002,12.349434000000002,152.50852012035605,0.3411324782917308
Singapore,2025,2025,7,2025-W07,475,2025,11,479,4,xgboost_climate,72.0,123.67357,2024.0,36.20128479657387,51.67357,51.67357,2670.1578365449,1.4273960244883475
Singapore,2025,2025,8,2025-W08,476,2025,12,480,4,xgboost_climate,100.0,52.97578,2024.0,36.20128479657387,-47.02422,47.02422,2211.2772666084,1.2989654998225484
Singapore,2025,2025,9,2025-W09,477,2025,13,481,4,xgboost_climate,98.0,66.23197,2024.0,36.20128479657387,-31.768029999999996,31.768029999999996,1009.2077300808998,0.8775387442328167
Singapore,2025,2025,10,2025-W10,478,2025,14,482,4,xgboost_climate,87.0,60.845245,2024.0,36.20128479657387,-26.154755,26.154755,684.071209110025,0.722481402164912
Singapore,2025,2025,11,2025-W11,479,2025,15,483,4,xgboost_climate,92.0,56.556126,2024.0,36.20128479657387,-35.443874,35.443874,1256.268204127876,0.9790777923814031
Singapore,2025,2025,12,2025-W12,480,2025,16,484,4,xgboost_climate,94.0,96.925835,2024.0,36.20128479657387,2.9258350000000064,2.9258350000000064,8.560510447225038,0.08082130279190838
Singapore,2025,2025,13,2025-W13,481,2025,17,485,4,xgboost_climate,107.0,109.32122,2024.0,36.20128479657387,2.3212199999999967,2.3212199999999967,5.3880622883999845,0.0641198237312196
Singapore,2025,2025,14,2025-W14,482,2025,18,486,4,xgboost_climate,89.0,94.0246,2024.0,36.20128479657387,5.024600000000007,5.024600000000007,25.246605160000065,0.1387961788714068
Singapore,2025,2025,15,2025-W15,483,2025,19,487,4,xgboost_climate,105.0,88.34315,2024.0,36.20128479657387,-16.656850000000006,16.656850000000006,277.4506519225002,0.46011764758074075
Singapore,2025,2025,16,2025-W16,484,2025,20,488,4,xgboost_climate,103.0,87.607895,2024.0,36.20128479657387,-15.392105,15.392105,236.91689633102501,0.4251811803501716
Singapore,2025,2025,17,2025-W17,485,2025,21,489,4,xgboost_climate,118.0,118.90609,2024.0,36.20128479657387,0.9060900000000061,0.9060900000000061,0.820999088100011,0.025029222169644084
Singapore,2025,2025,18,2025-W18,486,2025,22,490,4,xgboost_climate,117.0,89.22189,2024.0,36.20128479657387,-27.778109999999998,27.778109999999998,771.6233951720999,0.7673238714066012
Singapore,2025,2025,19,2025-W19,487,2025,23,491,4,xgboost_climate,118.0,122.83484,2024.0,36.20128479657387,4.83484,4.83484,23.375677825599997,0.1335543759611972
Singapore,2025,2025,20,2025-W20,488,2025,24,492,4,xgboost_climate,125.0,131.21759,2024.0,36.20128479657387,6.217590000000001,6.217590000000001,38.658425408100015,0.17175053412989477
Singapore,2025,2025,21,2025-W21,489,2025,25,493,4,xgboost_climate,106.0,141.02692,2024.0,36.20128479657387,35.02691999999999,35.02691999999999,1226.8851246863992,0.9675601348633619
Singapore,2025,2025,22,2025-W22,490,2025,26,494,4,xgboost_climate,100.0,140.66342,2024.0,36.20128479657387,40.66342,40.66342,1653.5137260964002,1.1232590287471904
Singapore,2025,2025,23,2025-W23,491,2025,27,495,4,xgboost_climate,119.0,106.09252,2024.0,36.20128479657387,-12.907480000000007,12.907480000000007,166.6030399504002,0.3565475665444223
Singapore,2025,2025,24,2025-W24,492,2025,28,496,4,xgboost_climate,112.0,131.64821,2024.0,36.20128479657387,19.648210000000006,19.648210000000006,386.05215620410024,0.5427489690050872
Singapore,2025,2025,25,2025-W25,493,2025,29,497,4,xgboost_climate,86.0,121.97789,2024.0,36.20128479657387,35.97789,35.97789,1294.4085688521002,0.9938290920383297
Singapore,2025,2025,26,2025-W26,494,2025,30,498,4,xgboost_climate,77.0,97.15219,2024.0,36.20128479657387,20.152190000000004,20.152190000000004,406.1107617961002,0.5566705743523012
Singapore,2025,2025,27,2025-W27,495,2025,31,499,4,xgboost_climate,71.0,100.67397,2024.0,36.20128479657387,29.673969999999997,29.673969999999997,880.5444955608998,0.8196938359162428
Singapore,2025,2025,28,2025-W28,496,2025,32,500,4,xgboost_climate,73.0,103.39526,2024.0,36.20128479657387,30.395259999999993,30.395259999999993,923.8718304675996,0.8396182668874954
Singapore,2025,2025,29,2025-W29,497,2025,33,501,4,xgboost_climate,62.0,74.800545,2024.0,36.20128479657387,12.800545,12.800545,163.853952297025,0.3535936658582752
Singapore,2025,2025,30,2025-W30,498,2025,34,502,4,xgboost_climate,47.0,60.602665,2024.0,36.20128479657387,13.602665000000002,13.602665000000002,185.03249510222506,0.37575089051224425
Singapore,2025,2025,31,2025-W31,499,2025,35,503,4,xgboost_climate,51.0,64.36852,2024.0,36.20128479657387,13.368520000000004,13.368520000000004,178.7173269904001,0.3692830261445642
Singapore,2025,2025,32,2025-W32,500,2025,36,504,4,xgboost_climate,42.0,58.269802,2024.0,36.20128479657387,16.269802,16.269802,264.70645711920395,0.44942609333964273
Singapore,2025,2025,33,2025-W33,501,2025,37,505,4,xgboost_climate,49.0,75.77221,2024.0,36.20128479657387,26.77221,26.77221,716.7512282841001,0.7395375647699043
Singapore,2025,2025,34,2025-W34,502,2025,38,506,4,xgboost_climate,45.0,62.673595,2024.0,36.20128479657387,17.673595,17.673595,312.35596022402495,0.4882035292203951
Singapore,2025,2025,35,2025-W35,503,2025,39,507,4,xgboost_climate,40.0,71.87797,2024.0,36.20128479657387,31.877970000000005,31.877970000000005,1016.2049713209003,0.8805756530225958
Singapore,2025,2025,36,2025-W36,504,2025,40,508,4,xgboost_climate,55.0,56.92468,2024.0,36.20128479657387,1.9246800000000022,1.9246800000000022,3.7043931024000085,0.05316606885129546
Singapore,2025,2025,37,2025-W37,505,2025,41,509,4,xgboost_climate,33.0,65.084526,2024.0,36.20128479657387,32.084526,32.084526,1029.4168086446757,0.8862814173666154
Singapore,2025,2025,38,2025-W38,506,2025,42,510,4,xgboost_climate,47.0,64.32883,2024.0,36.20128479657387,17.328829999999996,17.328829999999996,300.28834916889986,0.47867997219921915
Singapore,2025,2025,39,2025-W39,507,2025,43,511,4,xgboost_climate,36.0,48.121864,2024.0,36.20128479657387,12.121864000000002,12.121864000000002,146.93958683449605,0.3348462373121969
Singapore,2025,2025,40,2025-W40,508,2025,44,512,4,xgboost_climate,53.0,51.592564,2024.0,36.20128479657387,-1.407435999999997,1.407435999999997,1.9808760940959915,0.03887806766828337
Singapore,2025,2025,41,2025-W41,509,2025,45,513,4,xgboost_climate,55.0,38.534683,2024.0,36.20128479657387,-16.465317,16.465317,271.106663910489,0.45482686850822196
Singapore,2025,2025,42,2025-W42,510,2025,46,514,4,xgboost_climate,39.0,42.29063,2024.0,36.20128479657387,3.29063,3.29063,10.828245796900001,0.09089815509286645
Singapore,2025,2025,43,2025-W43,511,2025,47,515,4,xgboost_climate,39.0,44.977818,2024.0,36.20128479657387,5.977817999999999,5.977817999999999,35.73430804112399,0.1651272332899562
Singapore,2025,2025,44,2025-W44,512,2025,48,516,4,xgboost_climate,27.0,48.295822,2024.0,36.20128479657387,21.295822,21.295822,453.51203465568403,0.5882614973382232
Singapore,2025,2025,45,2025-W45,513,2025,49,517,4,xgboost_climate,38.0,47.943893,2024.0,36.20128479657387,9.943893000000003,9.943893000000003,98.88100799544905,0.27468342783627125
Singapore,2025,2025,46,2025-W46,514,2025,50,518,4,xgboost_climate,46.0,55.630013,2024.0,36.20128479657387,9.630012999999998,9.630012999999998,92.73715038016897,0.26601301733112503
Singapore,2025,2025,47,2025-W47,515,2025,51,519,4,xgboost_climate,41.0,50.26128,2024.0,36.20128479657387,9.26128,9.26128,85.77130723839998,0.25582738436058206
Singapore,2025,2025,48,2025-W48,516,2025,52,520,4,xgboost_climate,32.0,60.284805,2024.0,36.20128479657387,28.284805,28.284805,800.0301938880249,0.7813204740920383
Singapore,2025,2024,49,2024-W49,465,2025,1,469,4,xgboost_epidemiology,97.0,142.19183,2024.0,36.20128479657387,45.19183000000001,45.19183000000001,2042.301498748901,1.2483487880042592
Singapore,2025,2024,50,2024-W50,466,2025,2,470,4,xgboost_epidemiology,118.0,137.41446,2024.0,36.20128479657387,19.41445999999999,19.41445999999999,376.92125709159967,0.5362920158523599
Singapore,2025,2024,51,2024-W51,467,2025,3,471,4,xgboost_epidemiology,99.0,134.80397,2024.0,36.20128479657387,35.80396999999999,35.80396999999999,1281.9242677608995,0.9890248426594107
Singapore,2025,2024,52,2024-W52,468,2025,4,472,4,xgboost_epidemiology,118.0,98.63865,2024.0,36.20128479657387,-19.36135,19.36135,374.86187382250006,0.5348249408494027
Singapore,2025,2025,1,2025-W01,469,2025,5,473,4,xgboost_epidemiology,54.0,118.96848,2024.0,36.20128479657387,64.96848,64.96848,4220.9033935104,1.7946456973855438
Singapore,2025,2025,2,2025-W02,470,2025,6,474,4,xgboost_epidemiology,113.0,163.2004,2024.0,36.20128479657387,50.2004,50.2004,2520.08016016,1.3867021649118658
Singapore,2025,2025,3,2025-W03,471,2025,7,475,4,xgboost_epidemiology,114.0,132.59,2024.0,36.20128479657387,18.590000000000003,18.590000000000003,345.5881000000001,0.513517686028629
Singapore,2025,2025,4,2025-W04,472,2025,8,476,4,xgboost_epidemiology,71.0,144.36234,2024.0,36.20128479657387,73.36233999999999,73.36233999999999,5382.032930275598,2.026512053708742
Singapore,2025,2025,5,2025-W05,473,2025,9,477,4,xgboost_epidemiology,82.0,81.90513,2024.0,36.20128479657387,-0.09487000000000023,0.09487000000000023,0.009000316900000045,0.002620625221814747
Singapore,2025,2025,6,2025-W06,474,2025,10,478,4,xgboost_epidemiology,86.0,115.44123,2024.0,36.20128479657387,29.441230000000004,29.441230000000004,866.7860239129003,0.8132647823258017
Singapore,2025,2025,7,2025-W07,475,2025,11,479,4,xgboost_epidemiology,72.0,139.6051,2024.0,36.20128479657387,67.6051,67.6051,4570.449546009999,1.8674779190819828
Singapore,2025,2025,8,2025-W08,476,2025,12,480,4,xgboost_epidemiology,100.0,79.41424,2024.0,36.20128479657387,-20.585759999999993,20.585759999999993,423.7735147775997,0.568647221104933
Singapore,2025,2025,9,2025-W09,477,2025,13,481,4,xgboost_epidemiology,98.0,73.91619,2024.0,36.20128479657387,-24.08381,24.08381,580.0299041160999,0.6652750070980717
Singapore,2025,2025,10,2025-W10,478,2025,14,482,4,xgboost_epidemiology,87.0,74.98742,2024.0,36.20128479657387,-12.01258,12.01258,144.3020782564,0.3318274494262392
Singapore,2025,2025,11,2025-W11,479,2025,15,483,4,xgboost_epidemiology,92.0,69.884995,2024.0,36.20128479657387,-22.115004999999996,22.115004999999996,489.07344615002484,0.6108900588548444
Singapore,2025,2025,12,2025-W12,480,2025,16,484,4,xgboost_epidemiology,94.0,100.105995,2024.0,36.20128479657387,6.105994999999993,6.105994999999993,37.283174940024914,0.168667908730628
Singapore,2025,2025,13,2025-W13,481,2025,17,485,4,xgboost_epidemiology,107.0,117.96458,2024.0,36.20128479657387,10.964579999999998,10.964579999999998,120.22201457639996,0.3028782006388264
Singapore,2025,2025,14,2025-W14,482,2025,18,486,4,xgboost_epidemiology,89.0,87.703224,2024.0,36.20128479657387,-1.2967759999999942,1.2967759999999942,1.6816279941759849,0.035821270081627665
Singapore,2025,2025,15,2025-W15,483,2025,19,487,4,xgboost_epidemiology,105.0,91.99206,2024.0,36.20128479657387,-13.007940000000005,13.007940000000005,169.20650304360012,0.3593226061753225
Singapore,2025,2025,16,2025-W16,484,2025,20,488,4,xgboost_epidemiology,103.0,95.95259,2024.0,36.20128479657387,-7.047409999999999,7.047409999999999,49.66598770809999,0.19467292499704247
Singapore,2025,2025,17,2025-W17,485,2025,21,489,4,xgboost_epidemiology,118.0,128.7906,2024.0,36.20128479657387,10.790600000000012,10.790600000000012,116.43704836000026,0.29807229386016837
Singapore,2025,2025,18,2025-W18,486,2025,22,490,4,xgboost_epidemiology,117.0,85.1077,2024.0,36.20128479657387,-31.892300000000006,31.892300000000006,1017.1187992900004,0.8809714953271031
Singapore,2025,2025,19,2025-W19,487,2025,23,491,4,xgboost_epidemiology,118.0,105.72889,2024.0,36.20128479657387,-12.271109999999993,12.271109999999993,150.58014063209984,0.33896890867147744
Singapore,2025,2025,20,2025-W20,488,2025,24,492,4,xgboost_epidemiology,125.0,118.70917,2024.0,36.20128479657387,-6.29083,6.29083,39.574542088899996,0.17377366674553413
Singapore,2025,2025,21,2025-W21,489,2025,25,493,4,xgboost_epidemiology,106.0,145.60312,2024.0,36.20128479657387,39.60311999999999,39.60311999999999,1568.4071137343992,1.0939700130131313
Singapore,2025,2025,22,2025-W22,490,2025,26,494,4,xgboost_epidemiology,100.0,146.21776,2024.0,36.20128479657387,46.21776,46.21776,2136.0813394176,1.2766883899207382
Singapore,2025,2025,23,2025-W23,491,2025,27,495,4,xgboost_epidemiology,119.0,135.96362,2024.0,36.20128479657387,16.96361999999999,16.96361999999999,287.7644035043997,0.4685916562167276
Singapore,2025,2025,24,2025-W24,492,2025,28,496,4,xgboost_epidemiology,112.0,142.34158,2024.0,36.20128479657387,30.341579999999993,30.341579999999993,920.6114768963996,0.8381354465870104
Singapore,2025,2025,25,2025-W25,493,2025,29,497,4,xgboost_epidemiology,86.0,125.541695,2024.0,36.20128479657387,39.541695000000004,39.541695000000004,1563.5456434730254,1.0922732500295755
Singapore,2025,2025,26,2025-W26,494,2025,30,498,4,xgboost_epidemiology,77.0,111.88395,2024.0,36.20128479657387,34.88395,34.88395,1216.8899676024998,0.963610827516858
Singapore,2025,2025,27,2025-W27,495,2025,31,499,4,xgboost_epidemiology,71.0,134.43658,2024.0,36.20128479657387,63.43657999999999,63.43657999999999,4024.199682096399,1.752329519697149
Singapore,2025,2025,28,2025-W28,496,2025,32,500,4,xgboost_epidemiology,73.0,129.92831,2024.0,36.20128479657387,56.92831000000001,56.92831000000001,3240.8324794561013,1.572549436294807
Singapore,2025,2025,29,2025-W29,497,2025,33,501,4,xgboost_epidemiology,62.0,88.067856,2024.0,36.20128479657387,26.067856000000006,26.067856000000006,679.5331164367363,0.7200809624985215
Singapore,2025,2025,30,2025-W30,498,2025,34,502,4,xgboost_epidemiology,47.0,75.45066,2024.0,36.20128479657387,28.45066,28.45066,809.4400544355999,0.7859019413226074
Singapore,2025,2025,31,2025-W31,499,2025,35,503,4,xgboost_epidemiology,51.0,73.42398,2024.0,36.20128479657387,22.42398,22.42398,502.8348790404,0.6194249769312671
Singapore,2025,2025,32,2025-W32,500,2025,36,504,4,xgboost_epidemiology,42.0,72.899124,2024.0,36.20128479657387,30.899124,30.899124,954.7558639673761,0.8535366679285462
Singapore,2025,2025,33,2025-W33,501,2025,37,505,4,xgboost_epidemiology,49.0,72.52837,2024.0,36.20128479657387,23.528369999999995,23.528369999999995,553.5841948568998,0.6499319052407428
Singapore,2025,2025,34,2025-W34,502,2025,38,506,4,xgboost_epidemiology,45.0,71.32228,2024.0,36.20128479657387,26.322280000000006,26.322280000000006,692.8624243984003,0.7271090003549038
Singapore,2025,2025,35,2025-W35,503,2025,39,507,4,xgboost_epidemiology,40.0,71.757484,2024.0,36.20128479657387,31.757484000000005,31.757484000000005,1008.5377900102563,0.8772474286052291
Singapore,2025,2025,36,2025-W36,504,2025,40,508,4,xgboost_epidemiology,55.0,71.757484,2024.0,36.20128479657387,16.757484000000005,16.757484000000005,280.8132700102562,0.46289749367088623
Singapore,2025,2025,37,2025-W37,505,2025,41,509,4,xgboost_epidemiology,33.0,71.36937,2024.0,36.20128479657387,38.36937,38.36937,1472.2085541969002,1.0598897308647819
Singapore,2025,2025,38,2025-W38,506,2025,42,510,4,xgboost_epidemiology,47.0,73.82779,2024.0,36.20128479657387,26.827789999999993,26.827789999999993,719.7303162840997,0.7410728693954808
Singapore,2025,2025,39,2025-W39,507,2025,43,511,4,xgboost_epidemiology,36.0,62.04519,2024.0,36.20128479657387,26.045189999999998,26.045189999999998,678.3519221360999,0.7194548521235065
Singapore,2025,2025,40,2025-W40,508,2025,44,512,4,xgboost_epidemiology,53.0,61.78847,2024.0,36.20128479657387,8.788469999999997,8.788469999999997,77.23720494089994,0.24276679817816152
Singapore,2025,2025,41,2025-W41,509,2025,45,513,4,xgboost_epidemiology,55.0,57.53366,2024.0,36.20128479657387,2.5336599999999976,2.5336599999999976,6.419432995599988,0.06998812374304975
Singapore,2025,2025,42,2025-W42,510,2025,46,514,4,xgboost_epidemiology,39.0,57.31561,2024.0,36.20128479657387,18.31561,18.31561,335.4615696721,0.5059381207855199
Singapore,2025,2025,43,2025-W43,511,2025,47,515,4,xgboost_epidemiology,39.0,56.916145,2024.0,36.20128479657387,17.916145,17.916145,320.988251661025,0.4949035676682835
Singapore,2025,2025,44,2025-W44,512,2025,48,516,4,xgboost_epidemiology,27.0,57.5326,2024.0,36.20128479657387,30.532600000000002,30.532600000000002,932.2396627600001,0.8434120548917545
Singapore,2025,2025,45,2025-W45,513,2025,49,517,4,xgboost_epidemiology,38.0,56.939957,2024.0,36.20128479657387,18.939957,18.939957,358.721971161849,0.5231846633739501
Singapore,2025,2025,46,2025-W46,514,2025,50,518,4,xgboost_epidemiology,46.0,56.939957,2024.0,36.20128479657387,10.939957,10.939957,119.68265916184899,0.3021980314089672
Singapore,2025,2025,47,2025-W47,515,2025,51,519,4,xgboost_epidemiology,41.0,57.854088,2024.0,36.20128479657387,16.854087999999997,16.854087999999997,284.0602823117439,0.4655660177451792
Singapore,2025,2025,48,2025-W48,516,2025,52,520,4,xgboost_epidemiology,32.0,57.450935,2024.0,36.20128479657387,25.450935,25.450935,647.750092374225,0.7030395507512127
Sri Lanka,2024,2024,9,2024-W09,425,2024,10,426,1,xgboost_climate,1136.0,1327.8802,2023.0,209.19323671497585,191.88020000000006,191.88020000000006,36818.011152040024,0.917239022700506
Sri Lanka,2024,2024,10,2024-W10,426,2024,11,427,1,xgboost_climate,975.0,1106.8914,2023.0,209.19323671497585,131.89139999999998,131.89139999999998,17395.341393959992,0.6304764057917464
Sri Lanka,2024,2024,11,2024-W11,427,2024,12,428,1,xgboost_climate,1004.0,792.3778,2023.0,209.19323671497585,-211.62220000000002,211.62220000000002,44783.95553284001,1.0116110985382076
Sri Lanka,2024,2024,12,2024-W12,428,2024,13,429,1,xgboost_climate,747.0,826.5793,2023.0,209.19323671497585,79.57929999999999,79.57929999999999,6332.864988489999,0.38041048195275146
Sri Lanka,2024,2024,13,2024-W13,429,2024,14,430,1,xgboost_climate,664.0,739.28955,2023.0,209.19323671497585,75.28954999999996,75.28954999999996,5668.516339202494,0.3599043218714637
Sri Lanka,2024,2024,14,2024-W14,430,2024,15,431,1,xgboost_climate,614.0,685.1927,2023.0,209.19323671497585,71.19269999999995,71.19269999999995,5068.400533289992,0.3403202757314733
Sri Lanka,2024,2024,15,2024-W15,431,2024,16,432,1,xgboost_climate,427.0,587.8921,2023.0,209.19323671497585,160.89210000000003,160.89210000000003,25886.26784241001,0.7691075606770894
Sri Lanka,2024,2024,16,2024-W16,432,2024,17,433,1,xgboost_climate,576.0,512.12085,2023.0,209.19323671497585,-63.87914999999998,63.87914999999998,4080.5458047224975,0.3053595374454425
Sri Lanka,2024,2024,17,2024-W17,433,2024,18,434,1,xgboost_climate,537.0,496.73615,2023.0,209.19323671497585,-40.26384999999999,40.26384999999999,1621.1776168224992,0.1924720446620326
Sri Lanka,2024,2024,18,2024-W18,434,2024,19,435,1,xgboost_climate,571.0,534.2574,2023.0,209.19323671497585,-36.74260000000004,36.74260000000004,1350.0186547600028,0.17563952151121187
Sri Lanka,2024,2024,19,2024-W19,435,2024,20,436,1,xgboost_climate,589.0,661.78235,2023.0,209.19323671497585,72.78234999999995,72.78234999999995,5297.270471522493,0.34791923076923054
Sri Lanka,2024,2024,20,2024-W20,436,2024,21,437,1,xgboost_climate,663.0,676.50433,2023.0,209.19323671497585,13.504329999999982,13.504329999999982,182.3669287488995,0.06455433364893878
Sri Lanka,2024,2024,21,2024-W21,437,2024,22,438,1,xgboost_climate,493.0,845.57074,2023.0,209.19323671497585,352.57074,352.57074,124306.1267041476,1.6853830723044592
Sri Lanka,2024,2024,22,2024-W22,438,2024,23,439,1,xgboost_climate,648.0,616.34344,2023.0,209.19323671497585,-31.656560000000013,31.656560000000013,1002.1377910336008,0.15132688081657167
Sri Lanka,2024,2024,23,2024-W23,439,2024,24,440,1,xgboost_climate,640.0,680.52795,2023.0,209.19323671497585,40.52795000000003,40.52795000000003,1642.5147312025026,0.1937345137750273
Sri Lanka,2024,2024,24,2024-W24,440,2024,25,441,1,xgboost_climate,677.0,801.0374,2023.0,209.19323671497585,124.03740000000005,124.03740000000005,15385.276598760012,0.5929321709812255
Sri Lanka,2024,2024,25,2024-W25,441,2024,26,442,1,xgboost_climate,683.0,857.4819,2023.0,209.19323671497585,174.4819,174.4819,30443.933427609998,0.8340704639401426
Sri Lanka,2024,2024,26,2024-W26,442,2024,27,443,1,xgboost_climate,875.0,879.0949,2023.0,209.19323671497585,4.094900000000052,4.094900000000052,16.76820601000043,0.019574724614923003
Sri Lanka,2024,2024,27,2024-W27,443,2024,28,444,1,xgboost_climate,935.0,876.414,2023.0,209.19323671497585,-58.58600000000001,58.58600000000001,3432.3193960000017,0.2800568551832437
Sri Lanka,2024,2024,28,2024-W28,444,2024,29,445,1,xgboost_climate,989.0,976.5499,2023.0,209.19323671497585,-12.45010000000002,12.45010000000002,155.0049900100005,0.05951483038126698
Sri Lanka,2024,2024,29,2024-W29,445,2024,30,446,1,xgboost_climate,992.0,1070.1096,2023.0,209.19323671497585,78.1096,78.1096,6101.10961216,0.3733849202133801
Sri Lanka,2024,2024,30,2024-W30,446,2024,31,447,1,xgboost_climate,1031.0,1047.9625,2023.0,209.19323671497585,16.96250000000009,16.96250000000009,287.7264062500031,0.08108531741449827
Sri Lanka,2024,2024,31,2024-W31,447,2024,32,448,1,xgboost_climate,1004.0,1082.0743,2023.0,209.19323671497585,78.0743,78.0743,6095.596320489999,0.37321617670831114
Sri Lanka,2024,2024,32,2024-W32,448,2024,33,449,1,xgboost_climate,960.0,1043.6399,2023.0,209.19323671497585,83.6398999999999,83.6398999999999,6995.632872009983,0.39982124333187025
Sri Lanka,2024,2024,33,2024-W33,449,2024,34,450,1,xgboost_climate,911.0,942.73413,2023.0,209.19323671497585,31.73413000000005,31.73413000000005,1007.0550068569032,0.1516976863034896
Sri Lanka,2024,2024,34,2024-W34,450,2024,35,451,1,xgboost_climate,857.0,911.0891,2023.0,209.19323671497585,54.08910000000003,54.08910000000003,2925.630738810003,0.25856046232362667
Sri Lanka,2024,2024,35,2024-W35,451,2024,36,452,1,xgboost_climate,854.0,796.12933,2023.0,209.19323671497585,-57.87067000000002,57.87067000000002,3349.014446248902,0.27663738516961883
Sri Lanka,2024,2024,36,2024-W36,452,2024,37,453,1,xgboost_climate,733.0,798.63434,2023.0,209.19323671497585,65.63433999999995,65.63433999999995,4307.866587235594,0.31374981825739534
Sri Lanka,2024,2024,37,2024-W37,453,2024,38,454,1,xgboost_climate,694.0,782.62823,2023.0,209.19323671497585,88.62823000000003,88.62823000000003,7854.963152932905,0.4236668039165879
Sri Lanka,2024,2024,38,2024-W38,454,2024,39,455,1,xgboost_climate,671.0,676.51465,2023.0,209.19323671497585,5.5146499999999605,5.5146499999999605,30.411364622499566,0.0263615119044868
Sri Lanka,2024,2024,39,2024-W39,455,2024,40,456,1,xgboost_climate,657.0,709.48175,2023.0,209.19323671497585,52.481750000000034,52.481750000000034,2754.3340830625034,0.2508768965198718
Sri Lanka,2024,2024,40,2024-W40,456,2024,41,457,1,xgboost_climate,686.0,640.2369,2023.0,209.19323671497585,-45.76310000000001,45.76310000000001,2094.261321610001,0.21875994041983238
Sri Lanka,2024,2024,41,2024-W41,457,2024,42,458,1,xgboost_climate,707.0,709.6613,2023.0,209.19323671497585,2.661299999999983,2.661299999999983,7.082517689999909,0.012721730596032526
Sri Lanka,2024,2024,42,2024-W42,458,2024,43,459,1,xgboost_climate,668.0,720.4892,2023.0,209.19323671497585,52.48919999999998,52.48919999999998,2755.1161166399984,0.25091250952589883
Sri Lanka,2024,2024,43,2024-W43,459,2024,44,460,1,xgboost_climate,672.0,707.7939,2023.0,209.19323671497585,35.79390000000001,35.79390000000001,1281.2032772100006,0.17110448005911832
Sri Lanka,2024,2024,44,2024-W44,460,2024,45,461,1,xgboost_climate,669.0,749.2555,2023.0,209.19323671497585,80.25549999999998,80.25549999999998,6440.945280249997,0.38364290003002094
Sri Lanka,2024,2024,45,2024-W45,461,2024,46,462,1,xgboost_climate,696.0,900.54724,2023.0,209.19323671497585,204.54724,204.54724,41839.573391617596,0.9777908846962103
Sri Lanka,2024,2024,46,2024-W46,462,2024,47,463,1,xgboost_climate,626.0,794.3695,2023.0,209.19323671497585,168.36950000000002,168.36950000000002,28348.288530250007,0.8048515460822576
Sri Lanka,2024,2024,47,2024-W47,463,2024,48,464,1,xgboost_climate,913.0,689.0866,2023.0,209.19323671497585,-223.91340000000002,223.91340000000002,50137.21069956001,1.070366344133201
Sri Lanka,2024,2024,48,2024-W48,464,2024,49,465,1,xgboost_climate,832.0,1172.7352,2023.0,209.19323671497585,340.7352000000001,340.7352000000001,116100.47651904005,1.6288060042029424
Sri Lanka,2024,2024,49,2024-W49,465,2024,50,466,1,xgboost_climate,736.0,918.2524,2023.0,209.19323671497585,182.25239999999997,182.25239999999997,33215.93730575999,0.871215546267002
Sri Lanka,2024,2024,50,2024-W50,466,2024,51,467,1,xgboost_climate,915.0,858.42474,2023.0,209.19323671497585,-56.57525999999996,56.57525999999996,3200.760044067595,0.27044497656051525
Sri Lanka,2024,2024,9,2024-W09,425,2024,10,426,1,xgboost_epidemiology,1136.0,1379.4536,2023.0,209.19323671497585,243.45360000000005,243.45360000000005,59269.65535296003,1.1637737616331434
Sri Lanka,2024,2024,10,2024-W10,426,2024,11,427,1,xgboost_epidemiology,975.0,1119.41,2023.0,209.19323671497585,144.41000000000008,144.41000000000008,20854.248100000023,0.6903186846176943
Sri Lanka,2024,2024,11,2024-W11,427,2024,12,428,1,xgboost_epidemiology,1004.0,860.7375,2023.0,209.19323671497585,-143.26250000000005,143.26250000000005,20524.143906250014,0.6848333256356375
Sri Lanka,2024,2024,12,2024-W12,428,2024,13,429,1,xgboost_epidemiology,747.0,913.3653,2023.0,209.19323671497585,166.36530000000005,166.36530000000005,27677.413044090015,0.7952709304205253
Sri Lanka,2024,2024,13,2024-W13,429,2024,14,430,1,xgboost_epidemiology,664.0,700.7525,2023.0,209.19323671497585,36.752500000000055,36.752500000000055,1350.746256250004,0.1756868461769395
Sri Lanka,2024,2024,14,2024-W14,430,2024,15,431,1,xgboost_epidemiology,614.0,668.29926,2023.0,209.19323671497585,54.299260000000004,54.299260000000004,2948.4096365476003,0.25956508371244486
Sri Lanka,2024,2024,15,2024-W15,431,2024,16,432,1,xgboost_epidemiology,427.0,553.05695,2023.0,209.19323671497585,126.05695000000003,126.05695000000003,15890.354643302508,0.6025861637761819
Sri Lanka,2024,2024,16,2024-W16,432,2024,17,433,1,xgboost_epidemiology,576.0,471.43597,2023.0,209.19323671497585,-104.56403,104.56403,10933.6363698409,0.4998442188762903
Sri Lanka,2024,2024,17,2024-W17,433,2024,18,434,1,xgboost_epidemiology,537.0,502.0218,2023.0,209.19323671497585,-34.978200000000015,34.978200000000015,1223.474475240001,0.16720521441932437
Sri Lanka,2024,2024,18,2024-W18,434,2024,19,435,1,xgboost_epidemiology,571.0,504.3336,2023.0,209.19323671497585,-66.66640000000001,66.66640000000001,4444.408888960002,0.3186833429554535
Sri Lanka,2024,2024,19,2024-W19,435,2024,20,436,1,xgboost_epidemiology,589.0,581.29114,2023.0,209.19323671497585,-7.708859999999959,7.708859999999959,59.426522499599365,0.03685042652933957
Sri Lanka,2024,2024,20,2024-W20,436,2024,21,437,1,xgboost_epidemiology,663.0,595.5288,2023.0,209.19323671497585,-67.47119999999995,67.47119999999995,4552.362829439994,0.32253050366025426
Sri Lanka,2024,2024,21,2024-W21,437,2024,22,438,1,xgboost_epidemiology,493.0,679.8949,2023.0,209.19323671497585,186.8949,186.8949,34929.703646010006,0.893407946331663
Sri Lanka,2024,2024,22,2024-W22,438,2024,23,439,1,xgboost_epidemiology,648.0,539.4872,2023.0,209.19323671497585,-108.51279999999997,108.51279999999997,11775.027763839993,0.5187204027434588
Sri Lanka,2024,2024,23,2024-W23,439,2024,24,440,1,xgboost_epidemiology,640.0,527.916,2023.0,209.19323671497585,-112.08399999999995,112.08399999999995,12562.823055999988,0.5357917003440867
Sri Lanka,2024,2024,24,2024-W24,440,2024,25,441,1,xgboost_epidemiology,677.0,636.4125,2023.0,209.19323671497585,-40.58749999999998,40.58749999999998,1647.3451562499981,0.19401917880978212
Sri Lanka,2024,2024,25,2024-W25,441,2024,26,442,1,xgboost_epidemiology,683.0,701.6797,2023.0,209.19323671497585,18.679700000000025,18.679700000000025,348.93119209000093,0.08929399579705806
Sri Lanka,2024,2024,26,2024-W26,442,2024,27,443,1,xgboost_epidemiology,875.0,716.8068,2023.0,209.19323671497585,-158.19320000000005,158.19320000000005,25025.088526240015,0.7562060919566775
Sri Lanka,2024,2024,27,2024-W27,443,2024,28,444,1,xgboost_epidemiology,935.0,869.3983,2023.0,209.19323671497585,-65.60170000000005,65.60170000000005,4303.583042890006,0.31359379026857287
Sri Lanka,2024,2024,28,2024-W28,444,2024,29,445,1,xgboost_epidemiology,989.0,953.2377,2023.0,209.19323671497585,-35.76229999999998,35.76229999999998,1278.9421012899986,0.1709534235503313
Sri Lanka,2024,2024,29,2024-W29,445,2024,30,446,1,xgboost_epidemiology,992.0,1015.62,2023.0,209.19323671497585,23.620000000000005,23.620000000000005,557.9044000000002,0.11290996004895737
Sri Lanka,2024,2024,30,2024-W30,446,2024,31,447,1,xgboost_epidemiology,1031.0,1050.2268,2023.0,209.19323671497585,19.226799999999912,19.226799999999912,369.66983823999664,0.0919092811121627
Sri Lanka,2024,2024,31,2024-W31,447,2024,32,448,1,xgboost_epidemiology,1004.0,1065.4653,2023.0,209.19323671497585,61.46530000000007,61.46530000000007,3777.9831040900085,0.29382068447913573
Sri Lanka,2024,2024,32,2024-W32,448,2024,33,449,1,xgboost_epidemiology,960.0,1027.7988,2023.0,209.19323671497585,67.79880000000003,67.79880000000003,4596.677281440004,0.32409651987160254
Sri Lanka,2024,2024,33,2024-W33,449,2024,34,450,1,xgboost_epidemiology,911.0,954.8448,2023.0,209.19323671497585,43.844799999999964,43.844799999999964,1922.3664870399969,0.20958994988799834
Sri Lanka,2024,2024,34,2024-W34,450,2024,35,451,1,xgboost_epidemiology,857.0,914.0156,2023.0,209.19323671497585,57.01559999999995,57.01559999999995,3250.778643359994,0.27254992032884534
Sri Lanka,2024,2024,35,2024-W35,451,2024,36,452,1,xgboost_epidemiology,854.0,798.2127,2023.0,209.19323671497585,-55.78729999999996,55.78729999999996,3112.2228412899954,0.26667831559014366
Sri Lanka,2024,2024,36,2024-W36,452,2024,37,453,1,xgboost_epidemiology,733.0,785.8577,2023.0,209.19323671497585,52.85770000000002,52.85770000000002,2793.936449290002,0.25267403875020217
Sri Lanka,2024,2024,37,2024-W37,453,2024,38,454,1,xgboost_epidemiology,694.0,749.3714,2023.0,209.19323671497585,55.371399999999994,55.371399999999994,3065.991937959999,0.26469020160266027
Sri Lanka,2024,2024,38,2024-W38,454,2024,39,455,1,xgboost_epidemiology,671.0,715.9827,2023.0,209.19323671497585,44.98270000000002,44.98270000000002,2023.443299290002,0.21502941828510735
Sri Lanka,2024,2024,39,2024-W39,455,2024,40,456,1,xgboost_epidemiology,657.0,683.9674,2023.0,209.19323671497585,26.967399999999998,26.967399999999998,727.2406627599999,0.12891143338798697
Sri Lanka,2024,2024,40,2024-W40,456,2024,41,457,1,xgboost_epidemiology,686.0,639.955,2023.0,209.19323671497585,-46.04499999999996,46.04499999999996,2120.142024999996,0.2201074983257509
Sri Lanka,2024,2024,41,2024-W41,457,2024,42,458,1,xgboost_epidemiology,707.0,678.0827,2023.0,209.19323671497585,-28.917299999999955,28.917299999999955,836.2102392899974,0.1382324804286075
Sri Lanka,2024,2024,42,2024-W42,458,2024,43,459,1,xgboost_epidemiology,668.0,716.5242,2023.0,209.19323671497585,48.52419999999995,48.52419999999995,2354.5979856399954,0.2319587418885525
Sri Lanka,2024,2024,43,2024-W43,459,2024,44,460,1,xgboost_epidemiology,672.0,698.69025,2023.0,209.19323671497585,26.690249999999992,26.690249999999992,712.3694450624996,0.12758658176107887
Sri Lanka,2024,2024,44,2024-W44,460,2024,45,461,1,xgboost_epidemiology,669.0,689.0958,2023.0,209.19323671497585,20.095800000000054,20.095800000000054,403.8411776400022,0.09606333510380369
Sri Lanka,2024,2024,45,2024-W45,461,2024,46,462,1,xgboost_epidemiology,696.0,730.07513,2023.0,209.19323671497585,34.075129999999945,34.075129999999945,1161.1144845168963,0.16288829665381124
Sri Lanka,2024,2024,46,2024-W46,462,2024,47,463,1,xgboost_epidemiology,626.0,757.4469,2023.0,209.19323671497585,131.44690000000003,131.44690000000003,17278.287519610007,0.6283515761032724
Sri Lanka,2024,2024,47,2024-W47,463,2024,48,464,1,xgboost_epidemiology,913.0,686.87067,2023.0,209.19323671497585,-226.12932999999998,226.12932999999998,51134.47388624889,1.0809590862064982
Sri Lanka,2024,2024,48,2024-W48,464,2024,49,465,1,xgboost_epidemiology,832.0,928.52203,2023.0,209.19323671497585,96.52202999999997,96.52202999999997,9316.502275320894,0.4614012934438721
Sri Lanka,2024,2024,49,2024-W49,465,2024,50,466,1,xgboost_epidemiology,736.0,836.2243,2023.0,209.19323671497585,100.22429999999997,100.22429999999997,10044.910310489995,0.47909914093711736
Sri Lanka,2024,2024,50,2024-W50,466,2024,51,467,1,xgboost_epidemiology,915.0,809.1453,2023.0,209.19323671497585,-105.85469999999998,105.85469999999998,11205.217512089996,0.5060139690090755
Sri Lanka,2024,2023,51,2023-W51,415,2024,1,417,2,xgboost_climate,2760.0,3871.246,2023.0,209.19323671497585,1111.246,1111.246,1234867.6725160002,5.312055100108537
Sri Lanka,2024,2024,9,2024-W09,425,2024,11,427,2,xgboost_climate,975.0,1277.9629,2023.0,209.19323671497585,302.9629,302.9629,91786.51877641,1.4482442394291388
Sri Lanka,2024,2024,10,2024-W10,426,2024,12,428,2,xgboost_climate,1004.0,842.40784,2023.0,209.19323671497585,-161.59216000000004,161.59216000000004,26112.026173465612,0.7724540359790316
Sri Lanka,2024,2024,11,2024-W11,427,2024,13,429,2,xgboost_climate,747.0,670.76154,2023.0,209.19323671497585,-76.23846000000003,76.23846000000003,5812.3027831716045,0.36444036718010314
Sri Lanka,2024,2024,12,2024-W12,428,2024,14,430,2,xgboost_climate,664.0,702.5463,2023.0,209.19323671497585,38.546299999999974,38.546299999999974,1485.817243689998,0.18426169318522953
Sri Lanka,2024,2024,13,2024-W13,429,2024,15,431,2,xgboost_climate,614.0,619.41315,2023.0,209.19323671497585,5.413149999999973,5.413149999999973,29.30219292249971,0.02587631457404786
Sri Lanka,2024,2024,14,2024-W14,430,2024,16,432,2,xgboost_climate,427.0,656.4332,2023.0,209.19323671497585,229.43320000000006,229.43320000000006,52639.59326224003,1.096752474424405
Sri Lanka,2024,2024,15,2024-W15,431,2024,17,433,2,xgboost_climate,576.0,477.57828,2023.0,209.19323671497585,-98.42172,98.42172,9686.8349677584,0.47048232316467675
Sri Lanka,2024,2024,16,2024-W16,432,2024,18,434,2,xgboost_climate,537.0,499.16553,2023.0,209.19323671497585,-37.83447000000001,37.83447000000001,1431.4471201809008,0.18085895411403372
Sri Lanka,2024,2024,17,2024-W17,433,2024,19,435,2,xgboost_climate,571.0,609.61017,2023.0,209.19323671497585,38.61017000000004,38.61017000000004,1490.745227428903,0.18456700898321152
Sri Lanka,2024,2024,18,2024-W18,434,2024,20,436,2,xgboost_climate,589.0,541.5625,2023.0,209.19323671497585,-47.4375,47.4375,2250.31640625,0.22676402327783293
Sri Lanka,2024,2024,19,2024-W19,435,2024,21,437,2,xgboost_climate,663.0,676.56665,2023.0,209.19323671497585,13.566649999999981,13.566649999999981,184.0539922224995,0.06485224002955906
Sri Lanka,2024,2024,20,2024-W20,436,2024,22,438,2,xgboost_climate,493.0,669.3021,2023.0,209.19323671497585,176.3021,176.3021,31082.430464409998,0.8427715100570399
Sri Lanka,2024,2024,21,2024-W21,437,2024,23,439,2,xgboost_climate,648.0,952.38495,2023.0,209.19323671497585,304.38495,304.38495,92650.1977865025,1.4550420213380135
Sri Lanka,2024,2024,22,2024-W22,438,2024,24,440,2,xgboost_climate,640.0,685.87946,2023.0,209.19323671497585,45.879459999999995,45.879459999999995,2104.9248498915995,0.21931617255155528
Sri Lanka,2024,2024,23,2024-W23,439,2024,25,441,2,xgboost_climate,677.0,778.73987,2023.0,209.19323671497585,101.73987,101.73987,10351.001147616898,0.4863439736276932
Sri Lanka,2024,2024,24,2024-W24,440,2024,26,442,2,xgboost_climate,683.0,884.3994,2023.0,209.19323671497585,201.3994,201.3994,40561.71832036001,0.9627433618917858
Sri Lanka,2024,2024,25,2024-W25,441,2024,27,443,2,xgboost_climate,875.0,926.57654,2023.0,209.19323671497585,51.57654000000002,51.57654000000002,2660.1394783716023,0.24654974897813095
Sri Lanka,2024,2024,26,2024-W26,442,2024,28,444,2,xgboost_climate,935.0,918.3313,2023.0,209.19323671497585,-16.668699999999944,16.668699999999944,277.84555968999814,0.07968087430432044
Sri Lanka,2024,2024,27,2024-W27,443,2024,29,445,2,xgboost_climate,989.0,910.7204,2023.0,209.19323671497585,-78.27959999999996,78.27959999999996,6127.695776159993,0.37419756598849946
Sri Lanka,2024,2024,28,2024-W28,444,2024,30,446,2,xgboost_climate,992.0,985.5384,2023.0,209.19323671497585,-6.461599999999976,6.461599999999976,41.752274559999684,0.030888187885365792
Sri Lanka,2024,2024,29,2024-W29,445,2024,31,447,2,xgboost_climate,1031.0,1112.1089,2023.0,209.19323671497585,81.10889999999995,81.10889999999995,6578.653659209992,0.3877223818211207
Sri Lanka,2024,2024,30,2024-W30,446,2024,32,448,2,xgboost_climate,1004.0,1002.0479,2023.0,209.19323671497585,-1.952099999999973,1.952099999999973,3.8106944099998947,0.009331563633004513
Sri Lanka,2024,2024,31,2024-W31,447,2024,33,449,2,xgboost_climate,960.0,1069.8712,2023.0,209.19323671497585,109.87120000000004,109.87120000000004,12071.68058944001,0.5252139205135905
Sri Lanka,2024,2024,32,2024-W32,448,2024,34,450,2,xgboost_climate,911.0,1135.1443,2023.0,209.19323671497585,224.14429999999993,224.14429999999993,50240.66722248997,1.0714701083065834
Sri Lanka,2024,2024,33,2024-W33,449,2024,35,451,2,xgboost_climate,857.0,861.0293,2023.0,209.19323671497585,4.029300000000035,4.029300000000035,16.23525849000028,0.019261138951112096
Sri Lanka,2024,2024,34,2024-W34,450,2024,36,452,2,xgboost_climate,854.0,925.76044,2023.0,209.19323671497585,71.76044000000002,71.76044000000002,5149.560748993603,0.3430342258042169
Sri Lanka,2024,2024,35,2024-W35,451,2024,37,453,2,xgboost_climate,733.0,772.708,2023.0,209.19323671497585,39.70799999999997,39.70799999999997,1576.7252639999977,0.18981493199085497
Sri Lanka,2024,2024,36,2024-W36,452,2024,38,454,2,xgboost_climate,694.0,833.16315,2023.0,209.19323671497585,139.16314999999997,139.16314999999997,19366.382317922493,0.6652373288224833
Sri Lanka,2024,2024,37,2024-W37,453,2024,39,455,2,xgboost_climate,671.0,844.9896,2023.0,209.19323671497585,173.9896,173.9896,30272.380908159997,0.8317171373807819
Sri Lanka,2024,2024,38,2024-W38,454,2024,40,456,2,xgboost_climate,657.0,657.5213,2023.0,209.19323671497585,0.5212999999999965,0.5212999999999965,0.2717536899999964,0.0024919543680576237
Sri Lanka,2024,2024,39,2024-W39,455,2024,41,457,2,xgboost_climate,686.0,693.1793,2023.0,209.19323671497585,7.179300000000012,7.179300000000012,51.54234849000017,0.034318987137149905
Sri Lanka,2024,2024,40,2024-W40,456,2024,42,458,2,xgboost_climate,707.0,593.5053,2023.0,209.19323671497585,-113.49469999999997,113.49469999999997,12881.046928089992,0.5425352261967992
Sri Lanka,2024,2024,41,2024-W41,457,2024,43,459,2,xgboost_climate,668.0,677.1996,2023.0,209.19323671497585,9.199600000000032,9.199600000000032,84.63264016000059,0.04397656513405553
Sri Lanka,2024,2024,42,2024-W42,458,2024,44,460,2,xgboost_climate,672.0,710.31903,2023.0,209.19323671497585,38.31903,38.31903,1468.3480601408999,0.18317528138928016
Sri Lanka,2024,2024,43,2024-W43,459,2024,45,461,2,xgboost_climate,669.0,775.8766,2023.0,209.19323671497585,106.87660000000005,106.87660000000005,11422.607627560012,0.5108989261713971
Sri Lanka,2024,2024,44,2024-W44,460,2024,46,462,2,xgboost_climate,696.0,746.71796,2023.0,209.19323671497585,50.71795999999995,50.71795999999995,2572.311466561595,0.24244550539223586
Sri Lanka,2024,2024,45,2024-W45,461,2024,47,463,2,xgboost_climate,626.0,951.21094,2023.0,209.19323671497585,325.21094000000005,325.21094000000005,105762.15549568363,1.554595861256726
Sri Lanka,2024,2024,46,2024-W46,462,2024,48,464,2,xgboost_climate,913.0,899.3319,2023.0,209.19323671497585,-13.668099999999981,13.668099999999981,186.8169576099995,0.06533719834653479
Sri Lanka,2024,2024,47,2024-W47,463,2024,49,465,2,xgboost_climate,832.0,861.72546,2023.0,209.19323671497585,29.725459999999998,29.725459999999998,883.6029722115999,0.14209570283814052
Sri Lanka,2024,2024,48,2024-W48,464,2024,50,466,2,xgboost_climate,736.0,1217.8241,2023.0,209.19323671497585,481.82410000000004,481.82410000000004,232154.46334081003,2.303248936563287
Sri Lanka,2024,2024,49,2024-W49,465,2024,51,467,2,xgboost_climate,915.0,867.70166,2023.0,209.19323671497585,-47.29834000000005,47.29834000000005,2237.132966755605,0.2260988010068589
Sri Lanka,2024,2023,51,2023-W51,415,2024,1,417,2,xgboost_epidemiology,2760.0,2694.624,2023.0,209.19323671497585,-65.3760000000002,65.3760000000002,4274.021376000027,0.3125148834953708
Sri Lanka,2024,2024,9,2024-W09,425,2024,11,427,2,xgboost_epidemiology,975.0,1245.1729,2023.0,209.19323671497585,270.1729,270.1729,72993.39589441002,1.2914992102163823
Sri Lanka,2024,2024,10,2024-W10,426,2024,12,428,2,xgboost_epidemiology,1004.0,991.4669,2023.0,209.19323671497585,-12.53309999999999,12.53309999999999,157.07859560999975,0.059911592730295775
Sri Lanka,2024,2024,11,2024-W11,427,2024,13,429,2,xgboost_epidemiology,747.0,868.0165,2023.0,209.19323671497585,121.01649999999995,121.01649999999995,14644.993272249989,0.5784914555573514
Sri Lanka,2024,2024,12,2024-W12,428,2024,14,430,2,xgboost_epidemiology,664.0,819.3872,2023.0,209.19323671497585,155.3872,155.3872,24145.181923840002,0.7427926563979401
Sri Lanka,2024,2024,13,2024-W13,429,2024,15,431,2,xgboost_epidemiology,614.0,634.2848,2023.0,209.19323671497585,20.28480000000002,20.28480000000002,411.47311104000073,0.0969668059949658
Sri Lanka,2024,2024,14,2024-W14,430,2024,16,432,2,xgboost_epidemiology,427.0,699.4123,2023.0,209.19323671497585,272.41229999999996,272.41229999999996,74208.46119128997,1.3022041452093387
Sri Lanka,2024,2024,15,2024-W15,431,2024,17,433,2,xgboost_epidemiology,576.0,514.8198,2023.0,209.19323671497585,-61.18020000000001,61.18020000000001,3743.0168720400015,0.29245782971156736
Sri Lanka,2024,2024,16,2024-W16,432,2024,18,434,2,xgboost_epidemiology,537.0,476.88116,2023.0,209.19323671497585,-60.11883999999998,60.11883999999998,3614.274922945597,0.2873842431240329
Sri Lanka,2024,2024,17,2024-W17,433,2024,19,435,2,xgboost_epidemiology,571.0,581.63855,2023.0,209.19323671497585,10.63855000000001,10.63855000000001,113.1787461025002,0.050855133593515504
Sri Lanka,2024,2024,18,2024-W18,434,2024,20,436,2,xgboost_epidemiology,589.0,584.9957,2023.0,209.19323671497585,-4.004299999999944,4.004299999999944,16.03441848999955,0.019141632219476443
Sri Lanka,2024,2024,19,2024-W19,435,2024,21,437,2,xgboost_epidemiology,663.0,619.5717,2023.0,209.19323671497585,-43.428300000000036,43.428300000000036,1886.017240890003,0.2075989677389559
Sri Lanka,2024,2024,20,2024-W20,436,2024,22,438,2,xgboost_epidemiology,493.0,621.4803,2023.0,209.19323671497585,128.48030000000006,128.48030000000006,16507.187488090014,0.6141704293005106
Sri Lanka,2024,2024,21,2024-W21,437,2024,23,439,2,xgboost_epidemiology,648.0,701.7008,2023.0,209.19323671497585,53.70079999999996,53.70079999999996,2883.7759206399955,0.2567042837678681
Sri Lanka,2024,2024,22,2024-W22,438,2024,24,440,2,xgboost_epidemiology,640.0,536.91144,2023.0,209.19323671497585,-103.08856000000003,103.08856000000003,10627.251202873606,0.49279107498325764
Sri Lanka,2024,2024,23,2024-W23,439,2024,25,441,2,xgboost_epidemiology,677.0,638.9991,2023.0,209.19323671497585,-38.0009,38.0009,1444.0684008100002,0.18165453432787568
Sri Lanka,2024,2024,24,2024-W24,440,2024,26,442,2,xgboost_epidemiology,683.0,650.1197,2023.0,209.19323671497585,-32.880300000000034,32.880300000000034,1081.1141280900022,0.1571766875274232
Sri Lanka,2024,2024,25,2024-W25,441,2024,27,443,2,xgboost_epidemiology,875.0,705.37335,2023.0,209.19323671497585,-169.62665000000004,169.62665000000004,28773.200390222515,0.8108610615892665
Sri Lanka,2024,2024,26,2024-W26,442,2024,28,444,2,xgboost_epidemiology,935.0,710.8653,2023.0,209.19323671497585,-224.13469999999995,224.13469999999995,50236.36374408998,1.0714242177216355
Sri Lanka,2024,2024,27,2024-W27,443,2024,29,445,2,xgboost_epidemiology,989.0,811.55133,2023.0,209.19323671497585,-177.44867,177.44867,31488.030484768897,0.8482524233886797
Sri Lanka,2024,2024,28,2024-W28,444,2024,30,446,2,xgboost_epidemiology,992.0,874.7024,2023.0,209.19323671497585,-117.29759999999999,117.29759999999999,13758.726965759997,0.5607141121862226
Sri Lanka,2024,2024,29,2024-W29,445,2024,31,447,2,xgboost_epidemiology,1031.0,938.8738,2023.0,209.19323671497585,-92.12620000000004,92.12620000000004,8487.236726440007,0.44038804239891016
Sri Lanka,2024,2024,30,2024-W30,446,2024,32,448,2,xgboost_epidemiology,1004.0,958.3612,2023.0,209.19323671497585,-45.63879999999995,45.63879999999995,2082.900065439995,0.21816575295014176
Sri Lanka,2024,2024,31,2024-W31,447,2024,33,449,2,xgboost_epidemiology,960.0,980.46674,2023.0,209.19323671497585,20.46673999999996,20.46673999999996,418.88744622759833,0.097836528185114
Sri Lanka,2024,2024,32,2024-W32,448,2024,34,450,2,xgboost_epidemiology,911.0,1017.8834,2023.0,209.19323671497585,106.88340000000005,106.88340000000005,11424.06119556001,0.5109314320024019
Sri Lanka,2024,2024,33,2024-W33,449,2024,35,451,2,xgboost_epidemiology,857.0,887.11237,2023.0,209.19323671497585,30.112370000000055,30.112370000000055,906.7548270169034,0.14394523681962015
Sri Lanka,2024,2024,34,2024-W34,450,2024,36,452,2,xgboost_epidemiology,854.0,882.7709,2023.0,209.19323671497585,28.770899999999983,28.770899999999983,827.764686809999,0.13753264900815176
Sri Lanka,2024,2024,35,2024-W35,451,2024,37,453,2,xgboost_epidemiology,733.0,802.5261,2023.0,209.19323671497585,69.52610000000004,69.52610000000004,4833.878581210006,0.33235347897374334
Sri Lanka,2024,2024,36,2024-W36,452,2024,38,454,2,xgboost_epidemiology,694.0,789.7552,2023.0,209.19323671497585,95.75519999999995,95.75519999999995,9169.05832703999,0.4577356395630785
Sri Lanka,2024,2024,37,2024-W37,453,2024,39,455,2,xgboost_epidemiology,671.0,713.1364,2023.0,209.19323671497585,42.13639999999998,42.13639999999998,1775.4762049599983,0.2014233378749739
Sri Lanka,2024,2024,38,2024-W38,454,2024,40,456,2,xgboost_epidemiology,657.0,713.1364,2023.0,209.19323671497585,56.13639999999998,56.13639999999998,3151.295404959998,0.268347107590698
Sri Lanka,2024,2024,39,2024-W39,455,2024,41,457,2,xgboost_epidemiology,686.0,697.2061,2023.0,209.19323671497585,11.206099999999992,11.206099999999992,125.57667720999983,0.05356817541509822
Sri Lanka,2024,2024,40,2024-W40,456,2024,42,458,2,xgboost_epidemiology,707.0,638.6846,2023.0,209.19323671497585,-68.31539999999995,68.31539999999995,4666.993877159994,0.3265660069741124
Sri Lanka,2024,2024,41,2024-W41,457,2024,43,459,2,xgboost_epidemiology,668.0,697.33734,2023.0,209.19323671497585,29.33734000000004,29.33734000000004,860.6795182756024,0.14024038473085024
Sri Lanka,2024,2024,42,2024-W42,458,2024,44,460,2,xgboost_epidemiology,672.0,711.9918,2023.0,209.19323671497585,39.99180000000001,39.99180000000001,1599.3440672400009,0.19117157240837823
Sri Lanka,2024,2024,43,2024-W43,459,2024,45,461,2,xgboost_epidemiology,669.0,701.72424,2023.0,209.19323671497585,32.72424000000001,32.72424000000001,1070.8758835776007,0.15643067870586339
Sri Lanka,2024,2024,44,2024-W44,460,2024,46,462,2,xgboost_epidemiology,696.0,702.2029,2023.0,209.19323671497585,6.2029,6.2029,38.47596840999999,0.029651532226404636
Sri Lanka,2024,2024,45,2024-W45,461,2024,47,463,2,xgboost_epidemiology,626.0,721.67883,2023.0,209.19323671497585,95.67882999999995,95.67882999999995,9154.43851016889,0.45737057039927925
Sri Lanka,2024,2024,46,2024-W46,462,2024,48,464,2,xgboost_epidemiology,913.0,774.2587,2023.0,209.19323671497585,-138.74130000000002,138.74130000000002,19249.148325690006,0.6632207722328708
Sri Lanka,2024,2024,47,2024-W47,463,2024,49,465,2,xgboost_epidemiology,832.0,732.67163,2023.0,209.19323671497585,-99.32836999999995,99.32836999999995,9866.12508685689,0.4748163542941595
Sri Lanka,2024,2024,48,2024-W48,464,2024,50,466,2,xgboost_epidemiology,736.0,914.7672,2023.0,209.19323671497585,178.7672,178.7672,31957.71179584,0.8545553518231993
Sri Lanka,2024,2024,49,2024-W49,465,2024,51,467,2,xgboost_epidemiology,915.0,854.2655,2023.0,209.19323671497585,-60.734500000000025,60.734500000000025,3688.6794902500033,0.2903272636999747
Sri Lanka,2024,2023,49,2023-W49,413,2024,1,417,4,xgboost_climate,2760.0,2349.6975,2023.0,209.19323671497585,-410.3024999999998,410.3024999999998,168348.1415062498,1.961356430270419
Sri Lanka,2024,2023,50,2023-W50,414,2024,2,418,4,xgboost_climate,2656.0,2717.8267,2023.0,209.19323671497585,61.82670000000007,61.82670000000007,3822.540832890009,0.2955482737916545
Sri Lanka,2024,2023,51,2023-W51,415,2024,3,419,4,xgboost_climate,2913.0,3302.6028,2023.0,209.19323671497585,389.6028000000001,389.6028000000001,151790.3417678401,1.8624062905572367
Sri Lanka,2024,2024,9,2024-W09,425,2024,13,429,4,xgboost_climate,747.0,794.93024,2023.0,209.19323671497585,47.930240000000026,47.930240000000026,2297.3079064576027,0.22911945315567062
Sri Lanka,2024,2024,10,2024-W10,426,2024,14,430,4,xgboost_climate,664.0,658.16754,2023.0,209.19323671497585,-5.832459999999969,5.832459999999969,34.01758965159964,0.02788072927972643
Sri Lanka,2024,2024,11,2024-W11,427,2024,15,431,4,xgboost_climate,614.0,367.12375,2023.0,209.19323671497585,-246.87625000000003,246.87625000000003,60947.88281406251,1.180134950234395
Sri Lanka,2024,2024,12,2024-W12,428,2024,16,432,4,xgboost_climate,427.0,365.47775,2023.0,209.19323671497585,-61.522249999999985,61.522249999999985,3784.987245062498,0.29409292081380034
Sri Lanka,2024,2024,13,2024-W13,429,2024,17,433,4,xgboost_climate,576.0,360.2009,2023.0,209.19323671497585,-215.7991,215.7991,46569.25156081001,1.0315778052328939
Sri Lanka,2024,2024,14,2024-W14,430,2024,18,434,4,xgboost_climate,537.0,871.6245,2023.0,209.19323671497585,334.6245,334.6245,111973.55600025001,1.5995952128028081
Sri Lanka,2024,2024,15,2024-W15,431,2024,19,435,4,xgboost_climate,571.0,389.04062,2023.0,209.19323671497585,-181.95938,181.95938,33109.215969984405,0.8698148317668521
Sri Lanka,2024,2024,16,2024-W16,432,2024,20,436,4,xgboost_climate,589.0,545.0677,2023.0,209.19323671497585,-43.932300000000055,43.932300000000055,1930.0469832900048,0.21000822344872205
Sri Lanka,2024,2024,17,2024-W17,433,2024,21,437,4,xgboost_climate,663.0,594.7298,2023.0,209.19323671497585,-68.27020000000005,68.27020000000005,4660.820208040006,0.32634993880331636
Sri Lanka,2024,2024,18,2024-W18,434,2024,22,438,4,xgboost_climate,493.0,622.57446,2023.0,209.19323671497585,129.57446000000004,129.57446000000004,16789.540684291613,0.6194008087199503
Sri Lanka,2024,2024,19,2024-W19,435,2024,23,439,4,xgboost_climate,648.0,753.3093,2023.0,209.19323671497585,105.30930000000001,105.30930000000001,11090.048666490002,0.5034068101517216
Sri Lanka,2024,2024,20,2024-W20,436,2024,24,440,4,xgboost_climate,640.0,835.7414,2023.0,209.19323671497585,195.7414,195.7414,38314.69567396,0.9356965983881024
Sri Lanka,2024,2024,21,2024-W21,437,2024,25,441,4,xgboost_climate,677.0,978.00903,2023.0,209.19323671497585,301.00903000000005,301.00903000000005,90606.43614154094,1.4389042147195346
Sri Lanka,2024,2024,22,2024-W22,438,2024,26,442,4,xgboost_climate,683.0,971.8472,2023.0,209.19323671497585,288.84720000000004,288.84720000000004,83432.70494784003,1.380767392559407
Sri Lanka,2024,2024,23,2024-W23,439,2024,27,443,4,xgboost_climate,875.0,906.15704,2023.0,209.19323671497585,31.157040000000052,31.157040000000052,970.7611415616033,0.1489390407131148
Sri Lanka,2024,2024,24,2024-W24,440,2024,28,444,4,xgboost_climate,935.0,951.90454,2023.0,209.19323671497585,16.904539999999997,16.904539999999997,285.7634726115999,0.08080825300787473
Sri Lanka,2024,2024,25,2024-W25,441,2024,29,445,4,xgboost_climate,989.0,1019.8165,2023.0,209.19323671497585,30.81650000000002,30.81650000000002,949.6566722500012,0.1473111678174723
Sri Lanka,2024,2024,26,2024-W26,442,2024,30,446,4,xgboost_climate,992.0,1047.5034,2023.0,209.19323671497585,55.503400000000056,55.503400000000056,3080.6274115600063,0.2653211971456946
Sri Lanka,2024,2024,27,2024-W27,443,2024,31,447,4,xgboost_climate,1031.0,937.39734,2023.0,209.19323671497585,-93.60266000000001,93.60266000000001,8761.457959075602,0.44744591875851564
Sri Lanka,2024,2024,28,2024-W28,444,2024,32,448,4,xgboost_climate,1004.0,967.01025,2023.0,209.19323671497585,-36.98974999999996,36.98974999999996,1368.241605062497,0.1768209650601573
Sri Lanka,2024,2024,29,2024-W29,445,2024,33,449,4,xgboost_climate,960.0,997.1127,2023.0,209.19323671497585,37.11270000000002,37.11270000000002,1377.3525012900013,0.17740869916633958
Sri Lanka,2024,2024,30,2024-W30,446,2024,34,450,4,xgboost_climate,911.0,941.62506,2023.0,209.19323671497585,30.625059999999962,30.625059999999962,937.8943000035977,0.14639603306930218
Sri Lanka,2024,2024,31,2024-W31,447,2024,35,451,4,xgboost_climate,857.0,851.2736,2023.0,209.19323671497585,-5.726400000000012,5.726400000000012,32.79165696000014,0.02737373392143737
Sri Lanka,2024,2024,32,2024-W32,448,2024,36,452,4,xgboost_climate,854.0,1071.667,2023.0,209.19323671497585,217.66699999999992,217.66699999999992,47378.922888999965,1.0405068701937505
Sri Lanka,2024,2024,33,2024-W33,449,2024,37,453,4,xgboost_climate,733.0,916.03534,2023.0,209.19323671497585,183.03534000000002,183.03534000000002,33501.935688915604,0.8749582102856616
Sri Lanka,2024,2024,34,2024-W34,450,2024,38,454,4,xgboost_climate,694.0,922.6889,2023.0,209.19323671497585,228.6889,228.6889,52298.61298321,1.093194520010161
Sri Lanka,2024,2024,35,2024-W35,451,2024,39,455,4,xgboost_climate,671.0,854.11334,2023.0,209.19323671497585,183.11334,183.11334,33530.4952859556,0.8753310712883633
Sri Lanka,2024,2024,36,2024-W36,452,2024,40,456,4,xgboost_climate,657.0,825.57874,2023.0,209.19323671497585,168.57874000000004,168.57874000000004,28418.791579987614,0.8058517696233519
Sri Lanka,2024,2024,37,2024-W37,453,2024,41,457,4,xgboost_climate,686.0,974.6327,2023.0,209.19323671497585,288.6327,288.6327,83308.83550929,1.3797420248019767
Sri Lanka,2024,2024,38,2024-W38,454,2024,42,458,4,xgboost_climate,707.0,686.4257,2023.0,209.19323671497585,-20.574299999999994,20.574299999999994,423.3018204899997,0.09835069394730155
Sri Lanka,2024,2024,39,2024-W39,455,2024,43,459,4,xgboost_climate,668.0,662.13416,2023.0,209.19323671497585,-5.865840000000048,5.865840000000048,34.40807890560057,0.028040294667806154
Sri Lanka,2024,2024,40,2024-W40,456,2024,44,460,4,xgboost_climate,672.0,539.5849,2023.0,209.19323671497585,-132.41510000000005,132.41510000000005,17533.758708010013,0.6329798328060414
Sri Lanka,2024,2024,41,2024-W41,457,2024,45,461,4,xgboost_climate,669.0,793.7102,2023.0,209.19323671497585,124.71019999999999,124.71019999999999,15552.633984039996,0.5961483361429923
Sri Lanka,2024,2024,42,2024-W42,458,2024,46,462,4,xgboost_climate,696.0,819.18146,2023.0,209.19323671497585,123.18146000000002,123.18146000000002,15173.672087731604,0.5888405473061913
Sri Lanka,2024,2024,43,2024-W43,459,2024,47,463,4,xgboost_climate,626.0,928.2136,2023.0,209.19323671497585,302.21360000000004,302.21360000000004,91333.06002496002,1.4446623836685681
Sri Lanka,2024,2024,44,2024-W44,460,2024,48,464,4,xgboost_climate,913.0,912.17883,2023.0,209.19323671497585,-0.8211700000000519,0.8211700000000519,0.6743201689000853,0.003925413712676044
Sri Lanka,2024,2024,45,2024-W45,461,2024,49,465,4,xgboost_climate,832.0,1009.79297,2023.0,209.19323671497585,177.79296999999997,177.79296999999997,31610.34018142089,0.8498982700967599
Sri Lanka,2024,2024,46,2024-W46,462,2024,50,466,4,xgboost_climate,736.0,997.1993,2023.0,209.19323671497585,261.1993,261.1993,68225.07432048999,1.2486029859363093
Sri Lanka,2024,2024,47,2024-W47,463,2024,51,467,4,xgboost_climate,915.0,946.47614,2023.0,209.19323671497585,31.476139999999987,31.476139999999987,990.7473892995991,0.15046442463570647
Sri Lanka,2024,2023,49,2023-W49,413,2024,1,417,4,xgboost_epidemiology,2760.0,1599.6663,2023.0,209.19323671497585,-1160.3337,1160.3337,1346374.2953556897,5.546707523728148
Sri Lanka,2024,2023,50,2023-W50,414,2024,2,418,4,xgboost_epidemiology,2656.0,1815.8568,2023.0,209.19323671497585,-840.1432,840.1432,705840.59650624,4.016110717502252
Sri Lanka,2024,2023,51,2023-W51,415,2024,3,419,4,xgboost_epidemiology,2913.0,2405.919,2023.0,209.19323671497585,-507.08100000000013,507.08100000000013,257131.14056100012,2.4239837193727922
Sri Lanka,2024,2024,9,2024-W09,425,2024,13,429,4,xgboost_epidemiology,747.0,1048.9148,2023.0,209.19323671497585,301.9148,301.9148,91152.54645904001,1.443234039212064
Sri Lanka,2024,2024,10,2024-W10,426,2024,14,430,4,xgboost_epidemiology,664.0,861.42316,2023.0,209.19323671497585,197.42316000000005,197.42316000000005,38975.90410438562,0.9437358640278967
Sri Lanka,2024,2024,11,2024-W11,427,2024,15,431,4,xgboost_epidemiology,614.0,472.60275,2023.0,209.19323671497585,-141.39724999999999,141.39724999999999,19993.182307562496,0.6759169283883333
Sri Lanka,2024,2024,12,2024-W12,428,2024,16,432,4,xgboost_epidemiology,427.0,440.31415,2023.0,209.19323671497585,13.314149999999984,13.314149999999984,177.26659022249956,0.06364522204004333
Sri Lanka,2024,2024,13,2024-W13,429,2024,17,433,4,xgboost_epidemiology,576.0,362.03397,2023.0,209.19323671497585,-213.96603,213.96603,45781.4619939609,1.0228152370505508
Sri Lanka,2024,2024,14,2024-W14,430,2024,18,434,4,xgboost_epidemiology,537.0,686.3883,2023.0,209.19323671497585,149.38829999999996,149.38829999999996,22316.864176889987,0.7141162991016786
Sri Lanka,2024,2024,15,2024-W15,431,2024,19,435,4,xgboost_epidemiology,571.0,312.3812,2023.0,209.19323671497585,-258.6188,258.6188,66883.68371344001,1.2362675010969217
Sri Lanka,2024,2024,16,2024-W16,432,2024,20,436,4,xgboost_epidemiology,589.0,537.9148,2023.0,209.19323671497585,-51.085199999999986,51.085199999999986,2609.6976590399986,0.24420101147726478
Sri Lanka,2024,2024,17,2024-W17,433,2024,21,437,4,xgboost_epidemiology,663.0,546.33307,2023.0,209.19323671497585,-116.66692999999998,116.66692999999998,13611.172555624895,0.5576993397686071
Sri Lanka,2024,2024,18,2024-W18,434,2024,22,438,4,xgboost_epidemiology,493.0,610.2426,2023.0,209.19323671497585,117.24260000000004,117.24260000000004,13745.827254760008,0.5604511973766253
Sri Lanka,2024,2024,19,2024-W19,435,2024,23,439,4,xgboost_epidemiology,648.0,610.2426,2023.0,209.19323671497585,-37.75739999999996,37.75739999999996,1425.621254759997,0.18049053876174842
Sri Lanka,2024,2024,20,2024-W20,436,2024,24,440,4,xgboost_epidemiology,640.0,609.9731,2023.0,209.19323671497585,-30.026899999999955,30.026899999999955,901.6147236099973,0.14353666720550518
Sri Lanka,2024,2024,21,2024-W21,437,2024,25,441,4,xgboost_epidemiology,677.0,748.3595,2023.0,209.19323671497585,71.35950000000003,71.35950000000003,5092.178240250004,0.3411176246449439
Sri Lanka,2024,2024,22,2024-W22,438,2024,26,442,4,xgboost_epidemiology,683.0,601.4179,2023.0,209.19323671497585,-81.58209999999997,81.58209999999997,6655.639040409995,0.38998440523751227
Sri Lanka,2024,2024,23,2024-W23,439,2024,27,443,4,xgboost_epidemiology,875.0,617.8383,2023.0,209.19323671497585,-257.1617,257.1617,66132.13994688999,1.2293021707502945
Sri Lanka,2024,2024,24,2024-W24,440,2024,28,444,4,xgboost_epidemiology,935.0,609.7861,2023.0,209.19323671497585,-325.21389999999997,325.21389999999997,105764.08075320997,1.5546100108537513
Sri Lanka,2024,2024,25,2024-W25,441,2024,29,445,4,xgboost_epidemiology,989.0,734.1319,2023.0,209.19323671497585,-254.86810000000003,254.86810000000003,64957.74839761001,1.2183381451631528
Sri Lanka,2024,2024,26,2024-W26,442,2024,30,446,4,xgboost_epidemiology,992.0,734.1319,2023.0,209.19323671497585,-257.8681,257.8681,66495.95699761002,1.2326789529593793
Sri Lanka,2024,2024,27,2024-W27,443,2024,31,447,4,xgboost_epidemiology,1031.0,805.30646,2023.0,209.19323671497585,-225.69353999999998,225.69353999999998,50937.57399773159,1.0788758926633257
Sri Lanka,2024,2024,28,2024-W28,444,2024,32,448,4,xgboost_epidemiology,1004.0,823.424,2023.0,209.19323671497585,-180.57600000000002,180.57600000000002,32607.691776000007,0.8632019028704709
Sri Lanka,2024,2024,29,2024-W29,445,2024,33,449,4,xgboost_epidemiology,960.0,875.6934,2023.0,209.19323671497585,-84.3066,84.3066,7107.60280356,0.40300824885111886
Sri Lanka,2024,2024,30,2024-W30,446,2024,34,450,4,xgboost_epidemiology,911.0,876.0765,2023.0,209.19323671497585,-34.92349999999999,34.92349999999999,1219.6508522499994,0.16694373369050639
Sri Lanka,2024,2024,31,2024-W31,447,2024,35,451,4,xgboost_epidemiology,857.0,934.2453,2023.0,209.19323671497585,77.24530000000004,77.24530000000004,5966.836372090007,0.36925333348728745
Sri Lanka,2024,2024,32,2024-W32,448,2024,36,452,4,xgboost_epidemiology,854.0,889.83826,2023.0,209.19323671497585,35.83825999999999,35.83825999999999,1284.3808798275993,0.1713165328037318
Sri Lanka,2024,2024,33,2024-W33,449,2024,37,453,4,xgboost_epidemiology,733.0,848.2275,2023.0,209.19323671497585,115.22749999999996,115.22749999999996,13277.376756249992,0.5508184767798996
Sri Lanka,2024,2024,34,2024-W34,450,2024,38,454,4,xgboost_epidemiology,694.0,848.2275,2023.0,209.19323671497585,154.22749999999996,154.22749999999996,23786.121756249988,0.7372489781308452
Sri Lanka,2024,2024,35,2024-W35,451,2024,39,455,4,xgboost_epidemiology,671.0,740.9494,2023.0,209.19323671497585,69.94939999999997,69.94939999999997,4892.918560359995,0.33437696695379054
Sri Lanka,2024,2024,36,2024-W36,452,2024,40,456,4,xgboost_epidemiology,657.0,749.31775,2023.0,209.19323671497585,92.31775000000005,92.31775000000005,8522.566965062508,0.4413037029766993
Sri Lanka,2024,2024,37,2024-W37,453,2024,41,457,4,xgboost_epidemiology,686.0,737.3974,2023.0,209.19323671497585,51.39739999999995,51.39739999999995,2641.6927267599945,0.24569341154192526
Sri Lanka,2024,2024,38,2024-W38,454,2024,42,458,4,xgboost_epidemiology,707.0,732.331,2023.0,209.19323671497585,25.331000000000017,25.331000000000017,641.6595610000008,0.12108900076207199
Sri Lanka,2024,2024,39,2024-W39,455,2024,43,459,4,xgboost_epidemiology,668.0,729.657,2023.0,209.19323671497585,61.65700000000004,61.65700000000004,3801.5856490000047,0.29473706209731443
Sri Lanka,2024,2024,40,2024-W40,456,2024,44,460,4,xgboost_epidemiology,672.0,618.52716,2023.0,209.19323671497585,-53.47284000000002,53.47284000000002,2859.344617665602,0.25561457358612577
Sri Lanka,2024,2024,41,2024-W41,457,2024,45,461,4,xgboost_epidemiology,669.0,729.657,2023.0,209.19323671497585,60.65700000000004,60.65700000000004,3679.271649000005,0.28995679283190556
Sri Lanka,2024,2024,42,2024-W42,458,2024,46,462,4,xgboost_epidemiology,696.0,722.9957,2023.0,209.19323671497585,26.995700000000056,26.995700000000056,728.767818490003,0.1290467150081983
Sri Lanka,2024,2024,43,2024-W43,459,2024,47,463,4,xgboost_epidemiology,626.0,729.657,2023.0,209.19323671497585,103.65700000000004,103.65700000000004,10744.773649000008,0.4955083712444867
Sri Lanka,2024,2024,44,2024-W44,460,2024,48,464,4,xgboost_epidemiology,913.0,759.8463,2023.0,209.19323671497585,-153.15369999999996,153.15369999999996,23456.05582368999,0.7321159249936492
Sri Lanka,2024,2024,45,2024-W45,461,2024,49,465,4,xgboost_epidemiology,832.0,817.34534,2023.0,209.19323671497585,-14.654660000000035,14.654660000000035,214.75905971560104,0.07005322079301682
Sri Lanka,2024,2024,46,2024-W46,462,2024,50,466,4,xgboost_epidemiology,736.0,869.67725,2023.0,209.19323671497585,133.67724999999996,133.67724999999996,17869.607167562488,0.6390132496593767
Sri Lanka,2024,2024,47,2024-W47,463,2024,51,467,4,xgboost_epidemiology,915.0,779.5724,2023.0,209.19323671497585,-135.42759999999998,135.42759999999998,18340.634841759995,0.6473803939680852
