setting,validation_year,test_year,source_year,source_week,week_label,analysis_week,target_analysis_week,horizon_weeks,model,actual,predicted
Brazil,2022,2023,2023,1,2023-W01,365,366,1,xgboost_climate,30645.0,19165.22
Brazil,2022,2023,2023,2,2023-W02,366,367,1,xgboost_climate,36999.0,27954.014
Brazil,2022,2023,2023,3,2023-W03,367,368,1,xgboost_climate,42470.0,37773.72
Brazil,2022,2023,2023,4,2023-W04,368,369,1,xgboost_climate,52668.0,39620.56
Brazil,2022,2023,2023,5,2023-W05,369,370,1,xgboost_climate,64987.0,55076.746
Brazil,2022,2023,2023,6,2023-W06,370,371,1,xgboost_climate,66762.0,69838.664
Brazil,2022,2023,2023,7,2023-W07,371,372,1,xgboost_climate,77027.0,65195.45
Brazil,2022,2023,2023,8,2023-W08,372,373,1,xgboost_climate,98392.0,86357.164
Brazil,2022,2023,2023,9,2023-W09,373,374,1,xgboost_climate,115216.0,117428.96
Brazil,2022,2023,2023,10,2023-W10,374,375,1,xgboost_climate,131868.0,124325.7
Brazil,2022,2023,2023,11,2023-W11,375,376,1,xgboost_climate,160054.0,138230.64
Brazil,2022,2023,2023,12,2023-W12,376,377,1,xgboost_climate,171176.0,142579.56
Brazil,2022,2023,2023,13,2023-W13,377,378,1,xgboost_climate,161477.0,141053.17
Brazil,2022,2023,2023,14,2023-W14,378,379,1,xgboost_climate,186718.0,141035.69
Brazil,2022,2023,2023,15,2023-W15,379,380,1,xgboost_climate,165002.0,138965.69
Brazil,2022,2023,2023,16,2023-W16,380,381,1,xgboost_climate,148400.0,131706.98
Brazil,2022,2023,2023,17,2023-W17,381,382,1,xgboost_climate,158352.0,124213.7
Brazil,2022,2023,2023,18,2023-W18,382,383,1,xgboost_climate,144376.0,106098.14
Brazil,2022,2023,2023,19,2023-W19,383,384,1,xgboost_climate,121825.0,98568.016
Brazil,2022,2023,2023,20,2023-W20,384,385,1,xgboost_climate,90703.0,82253.91
Brazil,2022,2023,2023,21,2023-W21,385,386,1,xgboost_climate,72095.0,65933.2
Brazil,2022,2023,2023,22,2023-W22,386,387,1,xgboost_climate,55721.0,57818.438
Brazil,2022,2023,2023,23,2023-W23,387,388,1,xgboost_climate,48059.0,45353.438
Brazil,2022,2023,2023,24,2023-W24,388,389,1,xgboost_climate,39160.0,41471.38
Brazil,2022,2023,2023,25,2023-W25,389,390,1,xgboost_climate,33459.0,31769.514
Brazil,2022,2023,2023,26,2023-W26,390,391,1,xgboost_climate,27767.0,27593.936
Brazil,2022,2023,2023,27,2023-W27,391,392,1,xgboost_climate,24236.0,23816.287
Brazil,2022,2023,2023,28,2023-W28,392,393,1,xgboost_climate,20558.0,22422.018
Brazil,2022,2023,2023,29,2023-W29,393,394,1,xgboost_climate,18393.0,18757.695
Brazil,2022,2023,2023,30,2023-W30,394,395,1,xgboost_climate,19179.0,16231.332
Brazil,2022,2023,2023,31,2023-W31,395,396,1,xgboost_climate,17728.0,16943.209
Brazil,2022,2023,2023,32,2023-W32,396,397,1,xgboost_climate,17804.0,15935.537
Brazil,2022,2023,2023,33,2023-W33,397,398,1,xgboost_climate,17132.0,16645.393
Brazil,2022,2023,2023,34,2023-W34,398,399,1,xgboost_climate,15933.0,15562.627
Brazil,2022,2023,2023,35,2023-W35,399,400,1,xgboost_climate,14827.0,15798.524
Brazil,2022,2023,2023,36,2023-W36,400,401,1,xgboost_climate,17637.0,14587.194
Brazil,2022,2023,2023,37,2023-W37,401,402,1,xgboost_climate,18790.0,15206.547
Brazil,2022,2023,2023,38,2023-W38,402,403,1,xgboost_climate,17681.0,16746.186
Brazil,2022,2023,2023,39,2023-W39,403,404,1,xgboost_climate,19313.0,15946.544
Brazil,2022,2023,2023,40,2023-W40,404,405,1,xgboost_climate,17341.0,18334.059
Brazil,2022,2023,2023,41,2023-W41,405,406,1,xgboost_climate,21013.0,16728.053
Brazil,2022,2023,2023,42,2023-W42,406,407,1,xgboost_climate,19662.0,17714.953
Brazil,2022,2023,2023,43,2023-W43,407,408,1,xgboost_climate,18785.0,19998.115
Brazil,2022,2023,2023,44,2023-W44,408,409,1,xgboost_climate,24393.0,17978.518
Brazil,2022,2023,2023,45,2023-W45,409,410,1,xgboost_climate,22124.0,22180.53
Brazil,2022,2023,2023,46,2023-W46,410,411,1,xgboost_climate,27767.0,21255.914
Brazil,2022,2023,2023,47,2023-W47,411,412,1,xgboost_climate,30045.0,25147.154
Brazil,2022,2023,2023,48,2023-W48,412,413,1,xgboost_climate,33247.0,31363.432
Brazil,2022,2023,2023,49,2023-W49,413,414,1,xgboost_climate,40789.0,30876.76
Brazil,2022,2023,2023,50,2023-W50,414,415,1,xgboost_climate,38305.0,32483.16
Brazil,2022,2023,2023,51,2023-W51,415,416,1,xgboost_climate,2146.0,37942.582
Brazil,2022,2023,2023,1,2023-W01,365,366,1,xgboost_epidemiology,30645.0,25169.156
Brazil,2022,2023,2023,2,2023-W02,366,367,1,xgboost_epidemiology,36999.0,28369.527
Brazil,2022,2023,2023,3,2023-W03,367,368,1,xgboost_epidemiology,42470.0,39324.332
Brazil,2022,2023,2023,4,2023-W04,368,369,1,xgboost_epidemiology,52668.0,42843.266
Brazil,2022,2023,2023,5,2023-W05,369,370,1,xgboost_epidemiology,64987.0,52346.562
Brazil,2022,2023,2023,6,2023-W06,370,371,1,xgboost_epidemiology,66762.0,59223.746
Brazil,2022,2023,2023,7,2023-W07,371,372,1,xgboost_epidemiology,77027.0,70990.66
Brazil,2022,2023,2023,8,2023-W08,372,373,1,xgboost_epidemiology,98392.0,88120.914
Brazil,2022,2023,2023,9,2023-W09,373,374,1,xgboost_epidemiology,115216.0,110248.82
Brazil,2022,2023,2023,10,2023-W10,374,375,1,xgboost_epidemiology,131868.0,124901.84
Brazil,2022,2023,2023,11,2023-W11,375,376,1,xgboost_epidemiology,160054.0,133237.78
Brazil,2022,2023,2023,12,2023-W12,376,377,1,xgboost_epidemiology,171176.0,144992.38
Brazil,2022,2023,2023,13,2023-W13,377,378,1,xgboost_epidemiology,161477.0,144458.1
Brazil,2022,2023,2023,14,2023-W14,378,379,1,xgboost_epidemiology,186718.0,137313.02
Brazil,2022,2023,2023,15,2023-W15,379,380,1,xgboost_epidemiology,165002.0,131008.95
Brazil,2022,2023,2023,16,2023-W16,380,381,1,xgboost_epidemiology,148400.0,129199.31
Brazil,2022,2023,2023,17,2023-W17,381,382,1,xgboost_epidemiology,158352.0,125075.76
Brazil,2022,2023,2023,18,2023-W18,382,383,1,xgboost_epidemiology,144376.0,97337.65
Brazil,2022,2023,2023,19,2023-W19,383,384,1,xgboost_epidemiology,121825.0,89501.55
Brazil,2022,2023,2023,20,2023-W20,384,385,1,xgboost_epidemiology,90703.0,80810.48
Brazil,2022,2023,2023,21,2023-W21,385,386,1,xgboost_epidemiology,72095.0,67441.195
Brazil,2022,2023,2023,22,2023-W22,386,387,1,xgboost_epidemiology,55721.0,59906.668
Brazil,2022,2023,2023,23,2023-W23,387,388,1,xgboost_epidemiology,48059.0,47460.105
Brazil,2022,2023,2023,24,2023-W24,388,389,1,xgboost_epidemiology,39160.0,43682.836
Brazil,2022,2023,2023,25,2023-W25,389,390,1,xgboost_epidemiology,33459.0,32897.62
Brazil,2022,2023,2023,26,2023-W26,390,391,1,xgboost_epidemiology,27767.0,27806.336
Brazil,2022,2023,2023,27,2023-W27,391,392,1,xgboost_epidemiology,24236.0,23536.451
Brazil,2022,2023,2023,28,2023-W28,392,393,1,xgboost_epidemiology,20558.0,21009.506
Brazil,2022,2023,2023,29,2023-W29,393,394,1,xgboost_epidemiology,18393.0,18153.748
Brazil,2022,2023,2023,30,2023-W30,394,395,1,xgboost_epidemiology,19179.0,16735.584
Brazil,2022,2023,2023,31,2023-W31,395,396,1,xgboost_epidemiology,17728.0,16419.04
Brazil,2022,2023,2023,32,2023-W32,396,397,1,xgboost_epidemiology,17804.0,15678.038
Brazil,2022,2023,2023,33,2023-W33,397,398,1,xgboost_epidemiology,17132.0,15906.246
Brazil,2022,2023,2023,34,2023-W34,398,399,1,xgboost_epidemiology,15933.0,15528.852
Brazil,2022,2023,2023,35,2023-W35,399,400,1,xgboost_epidemiology,14827.0,15385.633
Brazil,2022,2023,2023,36,2023-W36,400,401,1,xgboost_epidemiology,17637.0,13996.136
Brazil,2022,2023,2023,37,2023-W37,401,402,1,xgboost_epidemiology,18790.0,16026.178
Brazil,2022,2023,2023,38,2023-W38,402,403,1,xgboost_epidemiology,17681.0,17411.127
Brazil,2022,2023,2023,39,2023-W39,403,404,1,xgboost_epidemiology,19313.0,16714.035
Brazil,2022,2023,2023,40,2023-W40,404,405,1,xgboost_epidemiology,17341.0,19426.688
Brazil,2022,2023,2023,41,2023-W41,405,406,1,xgboost_epidemiology,21013.0,17506.67
Brazil,2022,2023,2023,42,2023-W42,406,407,1,xgboost_epidemiology,19662.0,19279.14
Brazil,2022,2023,2023,43,2023-W43,407,408,1,xgboost_epidemiology,18785.0,20195.725
Brazil,2022,2023,2023,44,2023-W44,408,409,1,xgboost_epidemiology,24393.0,18430.535
Brazil,2022,2023,2023,45,2023-W45,409,410,1,xgboost_epidemiology,22124.0,23601.277
Brazil,2022,2023,2023,46,2023-W46,410,411,1,xgboost_epidemiology,27767.0,23736.582
Brazil,2022,2023,2023,47,2023-W47,411,412,1,xgboost_epidemiology,30045.0,26283.857
Brazil,2022,2023,2023,48,2023-W48,412,413,1,xgboost_epidemiology,33247.0,31935.012
Brazil,2022,2023,2023,49,2023-W49,413,414,1,xgboost_epidemiology,40789.0,31313.818
Brazil,2022,2023,2023,50,2023-W50,414,415,1,xgboost_epidemiology,38305.0,30611.934
Brazil,2022,2023,2023,51,2023-W51,415,416,1,xgboost_epidemiology,2146.0,27365.643
Brazil,2022,2023,2023,1,2023-W01,365,367,2,xgboost_climate,36999.0,23036.684
Brazil,2022,2023,2023,2,2023-W02,366,368,2,xgboost_climate,42470.0,30888.717
Brazil,2022,2023,2023,3,2023-W03,367,369,2,xgboost_climate,52668.0,40025.527
Brazil,2022,2023,2023,4,2023-W04,368,370,2,xgboost_climate,64987.0,41869.3
Brazil,2022,2023,2023,5,2023-W05,369,371,2,xgboost_climate,66762.0,59764.58
Brazil,2022,2023,2023,6,2023-W06,370,372,2,xgboost_climate,77027.0,92339.67
Brazil,2022,2023,2023,7,2023-W07,371,373,2,xgboost_climate,98392.0,86165.98
Brazil,2022,2023,2023,8,2023-W08,372,374,2,xgboost_climate,115216.0,109954.5
Brazil,2022,2023,2023,9,2023-W09,373,375,2,xgboost_climate,131868.0,128356.94
Brazil,2022,2023,2023,10,2023-W10,374,376,2,xgboost_climate,160054.0,133540.67
Brazil,2022,2023,2023,11,2023-W11,375,377,2,xgboost_climate,171176.0,138350.12
Brazil,2022,2023,2023,12,2023-W12,376,378,2,xgboost_climate,161477.0,134056.69
Brazil,2022,2023,2023,13,2023-W13,377,379,2,xgboost_climate,186718.0,126440.1
Brazil,2022,2023,2023,14,2023-W14,378,380,2,xgboost_climate,165002.0,136918.5
Brazil,2022,2023,2023,15,2023-W15,379,381,2,xgboost_climate,148400.0,133793.7
Brazil,2022,2023,2023,16,2023-W16,380,382,2,xgboost_climate,158352.0,122313.71
Brazil,2022,2023,2023,17,2023-W17,381,383,2,xgboost_climate,144376.0,113097.99
Brazil,2022,2023,2023,18,2023-W18,382,384,2,xgboost_climate,121825.0,75713.43
Brazil,2022,2023,2023,19,2023-W19,383,385,2,xgboost_climate,90703.0,63302.418
Brazil,2022,2023,2023,20,2023-W20,384,386,2,xgboost_climate,72095.0,53324.277
Brazil,2022,2023,2023,21,2023-W21,385,387,2,xgboost_climate,55721.0,49900.543
Brazil,2022,2023,2023,22,2023-W22,386,388,2,xgboost_climate,48059.0,43822.16
Brazil,2022,2023,2023,23,2023-W23,387,389,2,xgboost_climate,39160.0,35207.23
Brazil,2022,2023,2023,24,2023-W24,388,390,2,xgboost_climate,33459.0,32705.574
Brazil,2022,2023,2023,25,2023-W25,389,391,2,xgboost_climate,27767.0,27276.035
Brazil,2022,2023,2023,26,2023-W26,390,392,2,xgboost_climate,24236.0,24062.637
Brazil,2022,2023,2023,27,2023-W27,391,393,2,xgboost_climate,20558.0,20774.154
Brazil,2022,2023,2023,28,2023-W28,392,394,2,xgboost_climate,18393.0,20029.057
Brazil,2022,2023,2023,29,2023-W29,393,395,2,xgboost_climate,19179.0,16975.348
Brazil,2022,2023,2023,30,2023-W30,394,396,2,xgboost_climate,17728.0,15812.83
Brazil,2022,2023,2023,31,2023-W31,395,397,2,xgboost_climate,17804.0,15705.7705
Brazil,2022,2023,2023,32,2023-W32,396,398,2,xgboost_climate,17132.0,15025.447
Brazil,2022,2023,2023,33,2023-W33,397,399,2,xgboost_climate,15933.0,15657.447
Brazil,2022,2023,2023,34,2023-W34,398,400,2,xgboost_climate,14827.0,15790.345
Brazil,2022,2023,2023,35,2023-W35,399,401,2,xgboost_climate,17637.0,14597.813
Brazil,2022,2023,2023,36,2023-W36,400,402,2,xgboost_climate,18790.0,14170.087
Brazil,2022,2023,2023,37,2023-W37,401,403,2,xgboost_climate,17681.0,15208.404
Brazil,2022,2023,2023,38,2023-W38,402,404,2,xgboost_climate,19313.0,15474.726
Brazil,2022,2023,2023,39,2023-W39,403,405,2,xgboost_climate,17341.0,14555.036
Brazil,2022,2023,2023,40,2023-W40,404,406,2,xgboost_climate,21013.0,16792.871
Brazil,2022,2023,2023,41,2023-W41,405,407,2,xgboost_climate,19662.0,15973.943
Brazil,2022,2023,2023,42,2023-W42,406,408,2,xgboost_climate,18785.0,15877.827
Brazil,2022,2023,2023,43,2023-W43,407,409,2,xgboost_climate,24393.0,17725.602
Brazil,2022,2023,2023,44,2023-W44,408,410,2,xgboost_climate,22124.0,16115.874
Brazil,2022,2023,2023,45,2023-W45,409,411,2,xgboost_climate,27767.0,21157.236
Brazil,2022,2023,2023,46,2023-W46,410,412,2,xgboost_climate,30045.0,19842.557
Brazil,2022,2023,2023,47,2023-W47,411,413,2,xgboost_climate,33247.0,21298.264
Brazil,2022,2023,2023,48,2023-W48,412,414,2,xgboost_climate,40789.0,28880.844
Brazil,2022,2023,2023,49,2023-W49,413,415,2,xgboost_climate,38305.0,24161.473
Brazil,2022,2023,2023,50,2023-W50,414,416,2,xgboost_climate,2146.0,31348.24
Brazil,2022,2023,2023,1,2023-W01,365,367,2,xgboost_epidemiology,36999.0,27304.326
Brazil,2022,2023,2023,2,2023-W02,366,368,2,xgboost_epidemiology,42470.0,27905.242
Brazil,2022,2023,2023,3,2023-W03,367,369,2,xgboost_epidemiology,52668.0,45484.816
Brazil,2022,2023,2023,4,2023-W04,368,370,2,xgboost_epidemiology,64987.0,47668.316
Brazil,2022,2023,2023,5,2023-W05,369,371,2,xgboost_epidemiology,66762.0,59358.72
Brazil,2022,2023,2023,6,2023-W06,370,372,2,xgboost_epidemiology,77027.0,75887.72
Brazil,2022,2023,2023,7,2023-W07,371,373,2,xgboost_epidemiology,98392.0,88511.22
Brazil,2022,2023,2023,8,2023-W08,372,374,2,xgboost_epidemiology,115216.0,102243.37
Brazil,2022,2023,2023,9,2023-W09,373,375,2,xgboost_epidemiology,131868.0,121124.234
Brazil,2022,2023,2023,10,2023-W10,374,376,2,xgboost_epidemiology,160054.0,131410.0
Brazil,2022,2023,2023,11,2023-W11,375,377,2,xgboost_epidemiology,171176.0,138146.95
Brazil,2022,2023,2023,12,2023-W12,376,378,2,xgboost_epidemiology,161477.0,137891.34
Brazil,2022,2023,2023,13,2023-W13,377,379,2,xgboost_epidemiology,186718.0,135205.95
Brazil,2022,2023,2023,14,2023-W14,378,380,2,xgboost_epidemiology,165002.0,122545.71
Brazil,2022,2023,2023,15,2023-W15,379,381,2,xgboost_epidemiology,148400.0,118004.984
Brazil,2022,2023,2023,16,2023-W16,380,382,2,xgboost_epidemiology,158352.0,118026.484
Brazil,2022,2023,2023,17,2023-W17,381,383,2,xgboost_epidemiology,144376.0,109180.0
Brazil,2022,2023,2023,18,2023-W18,382,384,2,xgboost_epidemiology,121825.0,67740.555
Brazil,2022,2023,2023,19,2023-W19,383,385,2,xgboost_epidemiology,90703.0,55660.973
Brazil,2022,2023,2023,20,2023-W20,384,386,2,xgboost_epidemiology,72095.0,56877.53
Brazil,2022,2023,2023,21,2023-W21,385,387,2,xgboost_epidemiology,55721.0,52393.312
Brazil,2022,2023,2023,22,2023-W22,386,388,2,xgboost_epidemiology,48059.0,47240.504
Brazil,2022,2023,2023,23,2023-W23,387,389,2,xgboost_epidemiology,39160.0,40736.89
Brazil,2022,2023,2023,24,2023-W24,388,390,2,xgboost_epidemiology,33459.0,34393.797
Brazil,2022,2023,2023,25,2023-W25,389,391,2,xgboost_epidemiology,27767.0,28495.238
Brazil,2022,2023,2023,26,2023-W26,390,392,2,xgboost_epidemiology,24236.0,25850.178
Brazil,2022,2023,2023,27,2023-W27,391,393,2,xgboost_epidemiology,20558.0,20694.818
Brazil,2022,2023,2023,28,2023-W28,392,394,2,xgboost_epidemiology,18393.0,18312.6
Brazil,2022,2023,2023,29,2023-W29,393,395,2,xgboost_epidemiology,19179.0,16224.46
Brazil,2022,2023,2023,30,2023-W30,394,396,2,xgboost_epidemiology,17728.0,15137.973
Brazil,2022,2023,2023,31,2023-W31,395,397,2,xgboost_epidemiology,17804.0,15754.378
Brazil,2022,2023,2023,32,2023-W32,396,398,2,xgboost_epidemiology,17132.0,14753.02
Brazil,2022,2023,2023,33,2023-W33,397,399,2,xgboost_epidemiology,15933.0,15539.652
Brazil,2022,2023,2023,34,2023-W34,398,400,2,xgboost_epidemiology,14827.0,15416.699
Brazil,2022,2023,2023,35,2023-W35,399,401,2,xgboost_epidemiology,17637.0,14625.769
Brazil,2022,2023,2023,36,2023-W36,400,402,2,xgboost_epidemiology,18790.0,13442.005
Brazil,2022,2023,2023,37,2023-W37,401,403,2,xgboost_epidemiology,17681.0,14129.317
Brazil,2022,2023,2023,38,2023-W38,402,404,2,xgboost_epidemiology,19313.0,16493.434
Brazil,2022,2023,2023,39,2023-W39,403,405,2,xgboost_epidemiology,17341.0,16978.246
Brazil,2022,2023,2023,40,2023-W40,404,406,2,xgboost_epidemiology,21013.0,18968.068
Brazil,2022,2023,2023,41,2023-W41,405,407,2,xgboost_epidemiology,19662.0,17042.182
Brazil,2022,2023,2023,42,2023-W42,406,408,2,xgboost_epidemiology,18785.0,19330.895
Brazil,2022,2023,2023,43,2023-W43,407,409,2,xgboost_epidemiology,24393.0,20321.969
Brazil,2022,2023,2023,44,2023-W44,408,410,2,xgboost_epidemiology,22124.0,18441.227
Brazil,2022,2023,2023,45,2023-W45,409,411,2,xgboost_epidemiology,27767.0,26463.523
Brazil,2022,2023,2023,46,2023-W46,410,412,2,xgboost_epidemiology,30045.0,22907.312
Brazil,2022,2023,2023,47,2023-W47,411,413,2,xgboost_epidemiology,33247.0,26824.988
Brazil,2022,2023,2023,48,2023-W48,412,414,2,xgboost_epidemiology,40789.0,32169.746
Brazil,2022,2023,2023,49,2023-W49,413,415,2,xgboost_epidemiology,38305.0,28379.865
Brazil,2022,2023,2023,50,2023-W50,414,416,2,xgboost_epidemiology,2146.0,32079.121
Brazil,2022,2023,2023,1,2023-W01,365,369,4,xgboost_climate,52668.0,36183.24
Brazil,2022,2023,2023,2,2023-W02,366,370,4,xgboost_climate,64987.0,41578.066
Brazil,2022,2023,2023,3,2023-W03,367,371,4,xgboost_climate,66762.0,49642.23
Brazil,2022,2023,2023,4,2023-W04,368,372,4,xgboost_climate,77027.0,42736.55
Brazil,2022,2023,2023,5,2023-W05,369,373,4,xgboost_climate,98392.0,76750.06
Brazil,2022,2023,2023,6,2023-W06,370,374,4,xgboost_climate,115216.0,118548.9
Brazil,2022,2023,2023,7,2023-W07,371,375,4,xgboost_climate,131868.0,108149.5
Brazil,2022,2023,2023,8,2023-W08,372,376,4,xgboost_climate,160054.0,108329.52
Brazil,2022,2023,2023,9,2023-W09,373,377,4,xgboost_climate,171176.0,142687.02
Brazil,2022,2023,2023,10,2023-W10,374,378,4,xgboost_climate,161477.0,127110.75
Brazil,2022,2023,2023,11,2023-W11,375,379,4,xgboost_climate,186718.0,135376.0
Brazil,2022,2023,2023,12,2023-W12,376,380,4,xgboost_climate,165002.0,129273.75
Brazil,2022,2023,2023,13,2023-W13,377,381,4,xgboost_climate,148400.0,114411.63
Brazil,2022,2023,2023,14,2023-W14,378,382,4,xgboost_climate,158352.0,117969.54
Brazil,2022,2023,2023,15,2023-W15,379,383,4,xgboost_climate,144376.0,127657.914
Brazil,2022,2023,2023,16,2023-W16,380,384,4,xgboost_climate,121825.0,117105.53
Brazil,2022,2023,2023,17,2023-W17,381,385,4,xgboost_climate,90703.0,70422.08
Brazil,2022,2023,2023,18,2023-W18,382,386,4,xgboost_climate,72095.0,51830.43
Brazil,2022,2023,2023,19,2023-W19,383,387,4,xgboost_climate,55721.0,45639.027
Brazil,2022,2023,2023,20,2023-W20,384,388,4,xgboost_climate,48059.0,42994.18
Brazil,2022,2023,2023,21,2023-W21,385,389,4,xgboost_climate,39160.0,38090.836
Brazil,2022,2023,2023,22,2023-W22,386,390,4,xgboost_climate,33459.0,33032.715
Brazil,2022,2023,2023,23,2023-W23,387,391,4,xgboost_climate,27767.0,24843.86
Brazil,2022,2023,2023,24,2023-W24,388,392,4,xgboost_climate,24236.0,23764.646
Brazil,2022,2023,2023,25,2023-W25,389,393,4,xgboost_climate,20558.0,21900.582
Brazil,2022,2023,2023,26,2023-W26,390,394,4,xgboost_climate,18393.0,20970.129
Brazil,2022,2023,2023,27,2023-W27,391,395,4,xgboost_climate,19179.0,16975.105
Brazil,2022,2023,2023,28,2023-W28,392,396,4,xgboost_climate,17728.0,17461.113
Brazil,2022,2023,2023,29,2023-W29,393,397,4,xgboost_climate,17804.0,14364.437
Brazil,2022,2023,2023,30,2023-W30,394,398,4,xgboost_climate,17132.0,11849.711
Brazil,2022,2023,2023,31,2023-W31,395,399,4,xgboost_climate,15933.0,13459.194
Brazil,2022,2023,2023,32,2023-W32,396,400,4,xgboost_climate,14827.0,13298.675
Brazil,2022,2023,2023,33,2023-W33,397,401,4,xgboost_climate,17637.0,12935.62
Brazil,2022,2023,2023,34,2023-W34,398,402,4,xgboost_climate,18790.0,13622.666
Brazil,2022,2023,2023,35,2023-W35,399,403,4,xgboost_climate,17681.0,12547.159
Brazil,2022,2023,2023,36,2023-W36,400,404,4,xgboost_climate,19313.0,12994.045
Brazil,2022,2023,2023,37,2023-W37,401,405,4,xgboost_climate,17341.0,12987.193
Brazil,2022,2023,2023,38,2023-W38,402,406,4,xgboost_climate,21013.0,13021.189
Brazil,2022,2023,2023,39,2023-W39,403,407,4,xgboost_climate,19662.0,13032.421
Brazil,2022,2023,2023,40,2023-W40,404,408,4,xgboost_climate,18785.0,13405.439
Brazil,2022,2023,2023,41,2023-W41,405,409,4,xgboost_climate,24393.0,13233.06
Brazil,2022,2023,2023,42,2023-W42,406,410,4,xgboost_climate,22124.0,14197.968
Brazil,2022,2023,2023,43,2023-W43,407,411,4,xgboost_climate,27767.0,15596.832
Brazil,2022,2023,2023,44,2023-W44,408,412,4,xgboost_climate,30045.0,14148.034
Brazil,2022,2023,2023,45,2023-W45,409,413,4,xgboost_climate,33247.0,16968.76
Brazil,2022,2023,2023,46,2023-W46,410,414,4,xgboost_climate,40789.0,15762.013
Brazil,2022,2023,2023,47,2023-W47,411,415,4,xgboost_climate,38305.0,15587.374
Brazil,2022,2023,2023,48,2023-W48,412,416,4,xgboost_climate,2146.0,15417.097
Brazil,2022,2023,2023,1,2023-W01,365,369,4,xgboost_epidemiology,52668.0,43032.74
Brazil,2022,2023,2023,2,2023-W02,366,370,4,xgboost_epidemiology,64987.0,41873.055
Brazil,2022,2023,2023,3,2023-W03,367,371,4,xgboost_epidemiology,66762.0,49168.043
Brazil,2022,2023,2023,4,2023-W04,368,372,4,xgboost_epidemiology,77027.0,43575.65
Brazil,2022,2023,2023,5,2023-W05,369,373,4,xgboost_epidemiology,98392.0,84983.37
Brazil,2022,2023,2023,6,2023-W06,370,374,4,xgboost_epidemiology,115216.0,112694.45
Brazil,2022,2023,2023,7,2023-W07,371,375,4,xgboost_epidemiology,131868.0,122538.82
Brazil,2022,2023,2023,8,2023-W08,372,376,4,xgboost_epidemiology,160054.0,121535.125
Brazil,2022,2023,2023,9,2023-W09,373,377,4,xgboost_epidemiology,171176.0,137089.53
Brazil,2022,2023,2023,10,2023-W10,374,378,4,xgboost_epidemiology,161477.0,140488.11
Brazil,2022,2023,2023,11,2023-W11,375,379,4,xgboost_epidemiology,186718.0,139729.02
Brazil,2022,2023,2023,12,2023-W12,376,380,4,xgboost_epidemiology,165002.0,132644.56
Brazil,2022,2023,2023,13,2023-W13,377,381,4,xgboost_epidemiology,148400.0,126965.49
Brazil,2022,2023,2023,14,2023-W14,378,382,4,xgboost_epidemiology,158352.0,109594.57
Brazil,2022,2023,2023,15,2023-W15,379,383,4,xgboost_epidemiology,144376.0,96910.27
Brazil,2022,2023,2023,16,2023-W16,380,384,4,xgboost_epidemiology,121825.0,90649.46
Brazil,2022,2023,2023,17,2023-W17,381,385,4,xgboost_epidemiology,90703.0,62139.74
Brazil,2022,2023,2023,18,2023-W18,382,386,4,xgboost_epidemiology,72095.0,42076.492
Brazil,2022,2023,2023,19,2023-W19,383,387,4,xgboost_epidemiology,55721.0,35187.258
Brazil,2022,2023,2023,20,2023-W20,384,388,4,xgboost_epidemiology,48059.0,37986.574
Brazil,2022,2023,2023,21,2023-W21,385,389,4,xgboost_epidemiology,39160.0,39021.465
Brazil,2022,2023,2023,22,2023-W22,386,390,4,xgboost_epidemiology,33459.0,32195.404
Brazil,2022,2023,2023,23,2023-W23,387,391,4,xgboost_epidemiology,27767.0,27861.895
Brazil,2022,2023,2023,24,2023-W24,388,392,4,xgboost_epidemiology,24236.0,23030.643
Brazil,2022,2023,2023,25,2023-W25,389,393,4,xgboost_epidemiology,20558.0,19394.162
Brazil,2022,2023,2023,26,2023-W26,390,394,4,xgboost_epidemiology,18393.0,19958.18
Brazil,2022,2023,2023,27,2023-W27,391,395,4,xgboost_epidemiology,19179.0,15770.282
Brazil,2022,2023,2023,28,2023-W28,392,396,4,xgboost_epidemiology,17728.0,15260.77
Brazil,2022,2023,2023,29,2023-W29,393,397,4,xgboost_epidemiology,17804.0,14074.216
Brazil,2022,2023,2023,30,2023-W30,394,398,4,xgboost_epidemiology,17132.0,12434.747
Brazil,2022,2023,2023,31,2023-W31,395,399,4,xgboost_epidemiology,15933.0,12680.649
Brazil,2022,2023,2023,32,2023-W32,396,400,4,xgboost_epidemiology,14827.0,13020.245
Brazil,2022,2023,2023,33,2023-W33,397,401,4,xgboost_epidemiology,17637.0,13135.383
Brazil,2022,2023,2023,34,2023-W34,398,402,4,xgboost_epidemiology,18790.0,13297.33
Brazil,2022,2023,2023,35,2023-W35,399,403,4,xgboost_epidemiology,17681.0,12399.952
Brazil,2022,2023,2023,36,2023-W36,400,404,4,xgboost_epidemiology,19313.0,13157.187
Brazil,2022,2023,2023,37,2023-W37,401,405,4,xgboost_epidemiology,17341.0,14581.436
Brazil,2022,2023,2023,38,2023-W38,402,406,4,xgboost_epidemiology,21013.0,15639.105
Brazil,2022,2023,2023,39,2023-W39,403,407,4,xgboost_epidemiology,19662.0,15585.68
Brazil,2022,2023,2023,40,2023-W40,404,408,4,xgboost_epidemiology,18785.0,18504.033
Brazil,2022,2023,2023,41,2023-W41,405,409,4,xgboost_epidemiology,24393.0,18650.912
Brazil,2022,2023,2023,42,2023-W42,406,410,4,xgboost_epidemiology,22124.0,21894.527
Brazil,2022,2023,2023,43,2023-W43,407,411,4,xgboost_epidemiology,27767.0,23690.469
Brazil,2022,2023,2023,44,2023-W44,408,412,4,xgboost_epidemiology,30045.0,22513.385
Brazil,2022,2023,2023,45,2023-W45,409,413,4,xgboost_epidemiology,33247.0,33254.58
Brazil,2022,2023,2023,46,2023-W46,410,414,4,xgboost_epidemiology,40789.0,29383.855
Brazil,2022,2023,2023,47,2023-W47,411,415,4,xgboost_epidemiology,38305.0,25435.488
Brazil,2022,2023,2023,48,2023-W48,412,416,4,xgboost_epidemiology,2146.0,34922.68
Colombia,2022,2023,2023,1,2023-W01,365,366,1,xgboost_climate,2389.0,1152.7631
Colombia,2022,2023,2023,2,2023-W02,366,367,1,xgboost_climate,2177.0,1344.6799
Colombia,2022,2023,2023,3,2023-W03,367,368,1,xgboost_climate,2237.0,1823.5358
Colombia,2022,2023,2023,4,2023-W04,368,369,1,xgboost_climate,2016.0,1745.8967
Colombia,2022,2023,2023,5,2023-W05,369,370,1,xgboost_climate,1870.0,1725.2163
Colombia,2022,2023,2023,6,2023-W06,370,371,1,xgboost_climate,1918.0,1494.4559
Colombia,2022,2023,2023,7,2023-W07,371,372,1,xgboost_climate,2294.0,1474.347
Colombia,2022,2023,2023,8,2023-W08,372,373,1,xgboost_climate,1311.0,1681.0085
Colombia,2022,2023,2023,9,2023-W09,373,374,1,xgboost_climate,1735.0,1209.2477
Colombia,2022,2023,2023,10,2023-W10,374,375,1,xgboost_climate,1752.0,1402.4849
Colombia,2022,2023,2023,11,2023-W11,375,376,1,xgboost_climate,2015.0,1655.5466
Colombia,2022,2023,2023,12,2023-W12,376,377,1,xgboost_climate,2217.0,1915.8907
Colombia,2022,2023,2023,13,2023-W13,377,378,1,xgboost_climate,1627.0,1868.4723
Colombia,2022,2023,2023,14,2023-W14,378,379,1,xgboost_climate,1682.0,1481.2476
Colombia,2022,2023,2023,15,2023-W15,379,380,1,xgboost_climate,1751.0,1556.2163
Colombia,2022,2023,2023,16,2023-W16,380,381,1,xgboost_climate,2144.0,1688.2465
Colombia,2022,2023,2023,17,2023-W17,381,382,1,xgboost_climate,2689.0,2053.4683
Colombia,2022,2023,2023,18,2023-W18,382,383,1,xgboost_climate,2729.0,2171.036
Colombia,2022,2023,2023,19,2023-W19,383,384,1,xgboost_climate,2179.0,2257.6665
Colombia,2022,2023,2023,20,2023-W20,384,385,1,xgboost_climate,2133.0,2200.2554
Colombia,2022,2023,2023,21,2023-W21,385,386,1,xgboost_climate,2569.0,2303.689
Colombia,2022,2023,2023,22,2023-W22,386,387,1,xgboost_climate,2152.0,2117.6018
Colombia,2022,2023,2023,23,2023-W23,387,388,1,xgboost_climate,2079.0,2327.7703
Colombia,2022,2023,2023,24,2023-W24,388,389,1,xgboost_climate,2082.0,2103.9766
Colombia,2022,2023,2023,25,2023-W25,389,390,1,xgboost_climate,1768.0,2131.6997
Colombia,2022,2023,2023,26,2023-W26,390,391,1,xgboost_climate,2203.0,1668.856
Colombia,2022,2023,2023,27,2023-W27,391,392,1,xgboost_climate,2617.0,2069.2925
Colombia,2022,2023,2023,28,2023-W28,392,393,1,xgboost_climate,2458.0,2025.6753
Colombia,2022,2023,2023,29,2023-W29,393,394,1,xgboost_climate,2609.0,2089.2314
Colombia,2022,2023,2023,30,2023-W30,394,395,1,xgboost_climate,2595.0,2019.6125
Colombia,2022,2023,2023,31,2023-W31,395,396,1,xgboost_climate,2876.0,2161.7861
Colombia,2022,2023,2023,32,2023-W32,396,397,1,xgboost_climate,2474.0,2150.537
Colombia,2022,2023,2023,33,2023-W33,397,398,1,xgboost_climate,2299.0,2187.3367
Colombia,2022,2023,2023,34,2023-W34,398,399,1,xgboost_climate,2504.0,2188.8167
Colombia,2022,2023,2023,35,2023-W35,399,400,1,xgboost_climate,2559.0,2094.5854
Colombia,2022,2023,2023,36,2023-W36,400,401,1,xgboost_climate,2681.0,2038.9622
Colombia,2022,2023,2023,37,2023-W37,401,402,1,xgboost_climate,2677.0,2285.43
Colombia,2022,2023,2023,38,2023-W38,402,403,1,xgboost_climate,2809.0,2239.8608
Colombia,2022,2023,2023,39,2023-W39,403,404,1,xgboost_climate,2984.0,2321.54
Colombia,2022,2023,2023,40,2023-W40,404,405,1,xgboost_climate,2632.0,2334.6997
Colombia,2022,2023,2023,41,2023-W41,405,406,1,xgboost_climate,2964.0,2334.6997
Colombia,2022,2023,2023,42,2023-W42,406,407,1,xgboost_climate,2969.0,2339.8486
Colombia,2022,2023,2023,43,2023-W43,407,408,1,xgboost_climate,2852.0,2342.9404
Colombia,2022,2023,2023,44,2023-W44,408,409,1,xgboost_climate,3322.0,2355.556
Colombia,2022,2023,2023,45,2023-W45,409,410,1,xgboost_climate,3638.0,2361.1382
Colombia,2022,2023,2023,46,2023-W46,410,411,1,xgboost_climate,3999.0,2364.8547
Colombia,2022,2023,2023,47,2023-W47,411,412,1,xgboost_climate,3916.0,2364.8547
Colombia,2022,2023,2023,48,2023-W48,412,413,1,xgboost_climate,4130.0,2240.2358
Colombia,2022,2023,2023,49,2023-W49,413,414,1,xgboost_climate,4650.0,2094.8384
Colombia,2022,2023,2023,50,2023-W50,414,415,1,xgboost_climate,3922.0,2091.8982
Colombia,2022,2023,2023,51,2023-W51,415,416,1,xgboost_climate,3859.0,2159.742
Colombia,2022,2023,2023,1,2023-W01,365,366,1,xgboost_epidemiology,2389.0,1293.6777
Colombia,2022,2023,2023,2,2023-W02,366,367,1,xgboost_epidemiology,2177.0,1368.8206
Colombia,2022,2023,2023,3,2023-W03,367,368,1,xgboost_epidemiology,2237.0,1972.6008
Colombia,2022,2023,2023,4,2023-W04,368,369,1,xgboost_epidemiology,2016.0,2131.4375
Colombia,2022,2023,2023,5,2023-W05,369,370,1,xgboost_epidemiology,1870.0,2209.4905
Colombia,2022,2023,2023,6,2023-W06,370,371,1,xgboost_epidemiology,1918.0,1821.435
Colombia,2022,2023,2023,7,2023-W07,371,372,1,xgboost_epidemiology,2294.0,1821.2683
Colombia,2022,2023,2023,8,2023-W08,372,373,1,xgboost_epidemiology,1311.0,2147.027
Colombia,2022,2023,2023,9,2023-W09,373,374,1,xgboost_epidemiology,1735.0,1477.232
Colombia,2022,2023,2023,10,2023-W10,374,375,1,xgboost_epidemiology,1752.0,1634.0878
Colombia,2022,2023,2023,11,2023-W11,375,376,1,xgboost_epidemiology,2015.0,1678.5913
Colombia,2022,2023,2023,12,2023-W12,376,377,1,xgboost_epidemiology,2217.0,1999.9731
Colombia,2022,2023,2023,13,2023-W13,377,378,1,xgboost_epidemiology,1627.0,2063.869
Colombia,2022,2023,2023,14,2023-W14,378,379,1,xgboost_epidemiology,1682.0,1640.1852
Colombia,2022,2023,2023,15,2023-W15,379,380,1,xgboost_epidemiology,1751.0,1633.5327
Colombia,2022,2023,2023,16,2023-W16,380,381,1,xgboost_epidemiology,2144.0,1681.3895
Colombia,2022,2023,2023,17,2023-W17,381,382,1,xgboost_epidemiology,2689.0,2068.782
Colombia,2022,2023,2023,18,2023-W18,382,383,1,xgboost_epidemiology,2729.0,2102.1355
Colombia,2022,2023,2023,19,2023-W19,383,384,1,xgboost_epidemiology,2179.0,2270.6895
Colombia,2022,2023,2023,20,2023-W20,384,385,1,xgboost_epidemiology,2133.0,2236.3044
Colombia,2022,2023,2023,21,2023-W21,385,386,1,xgboost_epidemiology,2569.0,2202.3955
Colombia,2022,2023,2023,22,2023-W22,386,387,1,xgboost_epidemiology,2152.0,2217.097
Colombia,2022,2023,2023,23,2023-W23,387,388,1,xgboost_epidemiology,2079.0,2152.1638
Colombia,2022,2023,2023,24,2023-W24,388,389,1,xgboost_epidemiology,2082.0,2019.6521
Colombia,2022,2023,2023,25,2023-W25,389,390,1,xgboost_epidemiology,1768.0,2008.0509
Colombia,2022,2023,2023,26,2023-W26,390,391,1,xgboost_epidemiology,2203.0,1672.5331
Colombia,2022,2023,2023,27,2023-W27,391,392,1,xgboost_epidemiology,2617.0,1966.438
Colombia,2022,2023,2023,28,2023-W28,392,393,1,xgboost_epidemiology,2458.0,1969.9413
Colombia,2022,2023,2023,29,2023-W29,393,394,1,xgboost_epidemiology,2609.0,2147.8018
Colombia,2022,2023,2023,30,2023-W30,394,395,1,xgboost_epidemiology,2595.0,2160.7004
Colombia,2022,2023,2023,31,2023-W31,395,396,1,xgboost_epidemiology,2876.0,2302.1445
Colombia,2022,2023,2023,32,2023-W32,396,397,1,xgboost_epidemiology,2474.0,2296.6577
Colombia,2022,2023,2023,33,2023-W33,397,398,1,xgboost_epidemiology,2299.0,2303.3672
Colombia,2022,2023,2023,34,2023-W34,398,399,1,xgboost_epidemiology,2504.0,2288.045
Colombia,2022,2023,2023,35,2023-W35,399,400,1,xgboost_epidemiology,2559.0,2287.1348
Colombia,2022,2023,2023,36,2023-W36,400,401,1,xgboost_epidemiology,2681.0,2256.6587
Colombia,2022,2023,2023,37,2023-W37,401,402,1,xgboost_epidemiology,2677.0,2199.1838
Colombia,2022,2023,2023,38,2023-W38,402,403,1,xgboost_epidemiology,2809.0,2261.2808
Colombia,2022,2023,2023,39,2023-W39,403,404,1,xgboost_epidemiology,2984.0,2255.891
Colombia,2022,2023,2023,40,2023-W40,404,405,1,xgboost_epidemiology,2632.0,2255.891
Colombia,2022,2023,2023,41,2023-W41,405,406,1,xgboost_epidemiology,2964.0,2255.891
Colombia,2022,2023,2023,42,2023-W42,406,407,1,xgboost_epidemiology,2969.0,2255.891
Colombia,2022,2023,2023,43,2023-W43,407,408,1,xgboost_epidemiology,2852.0,2291.8977
Colombia,2022,2023,2023,44,2023-W44,408,409,1,xgboost_epidemiology,3322.0,2309.4175
Colombia,2022,2023,2023,45,2023-W45,409,410,1,xgboost_epidemiology,3638.0,2312.5405
Colombia,2022,2023,2023,46,2023-W46,410,411,1,xgboost_epidemiology,3999.0,2305.8044
Colombia,2022,2023,2023,47,2023-W47,411,412,1,xgboost_epidemiology,3916.0,2305.8044
Colombia,2022,2023,2023,48,2023-W48,412,413,1,xgboost_epidemiology,4130.0,2303.8022
Colombia,2022,2023,2023,49,2023-W49,413,414,1,xgboost_epidemiology,4650.0,2206.539
Colombia,2022,2023,2023,50,2023-W50,414,415,1,xgboost_epidemiology,3922.0,1776.1058
Colombia,2022,2023,2023,51,2023-W51,415,416,1,xgboost_epidemiology,3859.0,1830.0996
Colombia,2022,2023,2023,1,2023-W01,365,367,2,xgboost_climate,2177.0,1078.3499
Colombia,2022,2023,2023,2,2023-W02,366,368,2,xgboost_climate,2237.0,1610.3408
Colombia,2022,2023,2023,3,2023-W03,367,369,2,xgboost_climate,2016.0,1463.2064
Colombia,2022,2023,2023,4,2023-W04,368,370,2,xgboost_climate,1870.0,1602.5433
Colombia,2022,2023,2023,5,2023-W05,369,371,2,xgboost_climate,1918.0,1527.245
Colombia,2022,2023,2023,6,2023-W06,370,372,2,xgboost_climate,2294.0,1459.3575
Colombia,2022,2023,2023,7,2023-W07,371,373,2,xgboost_climate,1311.0,1461.9705
Colombia,2022,2023,2023,8,2023-W08,372,374,2,xgboost_climate,1735.0,1655.2915
Colombia,2022,2023,2023,9,2023-W09,373,375,2,xgboost_climate,1752.0,1263.6334
Colombia,2022,2023,2023,10,2023-W10,374,376,2,xgboost_climate,2015.0,1510.1334
Colombia,2022,2023,2023,11,2023-W11,375,377,2,xgboost_climate,2217.0,1563.8541
Colombia,2022,2023,2023,12,2023-W12,376,378,2,xgboost_climate,1627.0,1608.9952
Colombia,2022,2023,2023,13,2023-W13,377,379,2,xgboost_climate,1682.0,1681.8252
Colombia,2022,2023,2023,14,2023-W14,378,380,2,xgboost_climate,1751.0,1574.2026
Colombia,2022,2023,2023,15,2023-W15,379,381,2,xgboost_climate,2144.0,1615.998
Colombia,2022,2023,2023,16,2023-W16,380,382,2,xgboost_climate,2689.0,1569.3333
Colombia,2022,2023,2023,17,2023-W17,381,383,2,xgboost_climate,2729.0,1839.1984
Colombia,2022,2023,2023,18,2023-W18,382,384,2,xgboost_climate,2179.0,1959.7379
Colombia,2022,2023,2023,19,2023-W19,383,385,2,xgboost_climate,2133.0,2156.932
Colombia,2022,2023,2023,20,2023-W20,384,386,2,xgboost_climate,2569.0,1995.1035
Colombia,2022,2023,2023,21,2023-W21,385,387,2,xgboost_climate,2152.0,1991.3008
Colombia,2022,2023,2023,22,2023-W22,386,388,2,xgboost_climate,2079.0,1926.5479
Colombia,2022,2023,2023,23,2023-W23,387,389,2,xgboost_climate,2082.0,1987.2968
Colombia,2022,2023,2023,24,2023-W24,388,390,2,xgboost_climate,1768.0,1823.7394
Colombia,2022,2023,2023,25,2023-W25,389,391,2,xgboost_climate,2203.0,1787.4281
Colombia,2022,2023,2023,26,2023-W26,390,392,2,xgboost_climate,2617.0,1623.3063
Colombia,2022,2023,2023,27,2023-W27,391,393,2,xgboost_climate,2458.0,1754.0355
Colombia,2022,2023,2023,28,2023-W28,392,394,2,xgboost_climate,2609.0,1746.3391
Colombia,2022,2023,2023,29,2023-W29,393,395,2,xgboost_climate,2595.0,1894.5144
Colombia,2022,2023,2023,30,2023-W30,394,396,2,xgboost_climate,2876.0,1791.1237
Colombia,2022,2023,2023,31,2023-W31,395,397,2,xgboost_climate,2474.0,1980.6239
Colombia,2022,2023,2023,32,2023-W32,396,398,2,xgboost_climate,2299.0,2002.7507
Colombia,2022,2023,2023,33,2023-W33,397,399,2,xgboost_climate,2504.0,2096.483
Colombia,2022,2023,2023,34,2023-W34,398,400,2,xgboost_climate,2559.0,2039.5391
Colombia,2022,2023,2023,35,2023-W35,399,401,2,xgboost_climate,2681.0,2107.426
Colombia,2022,2023,2023,36,2023-W36,400,402,2,xgboost_climate,2677.0,2099.2683
Colombia,2022,2023,2023,37,2023-W37,401,403,2,xgboost_climate,2809.0,2226.868
Colombia,2022,2023,2023,38,2023-W38,402,404,2,xgboost_climate,2984.0,2112.611
Colombia,2022,2023,2023,39,2023-W39,403,405,2,xgboost_climate,2632.0,2198.0657
Colombia,2022,2023,2023,40,2023-W40,404,406,2,xgboost_climate,2964.0,2196.132
Colombia,2022,2023,2023,41,2023-W41,405,407,2,xgboost_climate,2969.0,2170.0583
Colombia,2022,2023,2023,42,2023-W42,406,408,2,xgboost_climate,2852.0,2211.148
Colombia,2022,2023,2023,43,2023-W43,407,409,2,xgboost_climate,3322.0,2227.345
Colombia,2022,2023,2023,44,2023-W44,408,410,2,xgboost_climate,3638.0,2211.148
Colombia,2022,2023,2023,45,2023-W45,409,411,2,xgboost_climate,3999.0,2235.1248
Colombia,2022,2023,2023,46,2023-W46,410,412,2,xgboost_climate,3916.0,2227.345
Colombia,2022,2023,2023,47,2023-W47,411,413,2,xgboost_climate,4130.0,2211.148
Colombia,2022,2023,2023,48,2023-W48,412,414,2,xgboost_climate,4650.0,2120.0208
Colombia,2022,2023,2023,49,2023-W49,413,415,2,xgboost_climate,3922.0,2101.1077
Colombia,2022,2023,2023,50,2023-W50,414,416,2,xgboost_climate,3859.0,2110.2842
Colombia,2022,2023,2023,1,2023-W01,365,367,2,xgboost_epidemiology,2177.0,1158.2551
Colombia,2022,2023,2023,2,2023-W02,366,368,2,xgboost_epidemiology,2237.0,1732.2733
Colombia,2022,2023,2023,3,2023-W03,367,369,2,xgboost_epidemiology,2016.0,1432.0809
Colombia,2022,2023,2023,4,2023-W04,368,370,2,xgboost_epidemiology,1870.0,1889.6578
Colombia,2022,2023,2023,5,2023-W05,369,371,2,xgboost_epidemiology,1918.0,1865.3851
Colombia,2022,2023,2023,6,2023-W06,370,372,2,xgboost_epidemiology,2294.0,1727.0208
Colombia,2022,2023,2023,7,2023-W07,371,373,2,xgboost_epidemiology,1311.0,1760.7089
Colombia,2022,2023,2023,8,2023-W08,372,374,2,xgboost_epidemiology,1735.0,2142.196
Colombia,2022,2023,2023,9,2023-W09,373,375,2,xgboost_epidemiology,1752.0,1515.6725
Colombia,2022,2023,2023,10,2023-W10,374,376,2,xgboost_epidemiology,2015.0,1781.1974
Colombia,2022,2023,2023,11,2023-W11,375,377,2,xgboost_epidemiology,2217.0,1737.7277
Colombia,2022,2023,2023,12,2023-W12,376,378,2,xgboost_epidemiology,1627.0,1929.7814
Colombia,2022,2023,2023,13,2023-W13,377,379,2,xgboost_epidemiology,1682.0,1923.2042
Colombia,2022,2023,2023,14,2023-W14,378,380,2,xgboost_epidemiology,1751.0,1724.544
Colombia,2022,2023,2023,15,2023-W15,379,381,2,xgboost_epidemiology,2144.0,1685.3298
Colombia,2022,2023,2023,16,2023-W16,380,382,2,xgboost_epidemiology,2689.0,1774.5117
Colombia,2022,2023,2023,17,2023-W17,381,383,2,xgboost_epidemiology,2729.0,1964.7987
Colombia,2022,2023,2023,18,2023-W18,382,384,2,xgboost_epidemiology,2179.0,2156.3188
Colombia,2022,2023,2023,19,2023-W19,383,385,2,xgboost_epidemiology,2133.0,2170.5078
Colombia,2022,2023,2023,20,2023-W20,384,386,2,xgboost_epidemiology,2569.0,2001.381
Colombia,2022,2023,2023,21,2023-W21,385,387,2,xgboost_epidemiology,2152.0,1884.5107
Colombia,2022,2023,2023,22,2023-W22,386,388,2,xgboost_epidemiology,2079.0,2021.9938
Colombia,2022,2023,2023,23,2023-W23,387,389,2,xgboost_epidemiology,2082.0,1895.0143
Colombia,2022,2023,2023,24,2023-W24,388,390,2,xgboost_epidemiology,1768.0,1778.3646
Colombia,2022,2023,2023,25,2023-W25,389,391,2,xgboost_epidemiology,2203.0,1790.5605
Colombia,2022,2023,2023,26,2023-W26,390,392,2,xgboost_epidemiology,2617.0,1646.0493
Colombia,2022,2023,2023,27,2023-W27,391,393,2,xgboost_epidemiology,2458.0,1738.4723
Colombia,2022,2023,2023,28,2023-W28,392,394,2,xgboost_epidemiology,2609.0,1991.1478
Colombia,2022,2023,2023,29,2023-W29,393,395,2,xgboost_epidemiology,2595.0,1986.637
Colombia,2022,2023,2023,30,2023-W30,394,396,2,xgboost_epidemiology,2876.0,1978.5254
Colombia,2022,2023,2023,31,2023-W31,395,397,2,xgboost_epidemiology,2474.0,2180.2327
Colombia,2022,2023,2023,32,2023-W32,396,398,2,xgboost_epidemiology,2299.0,2194.7715
Colombia,2022,2023,2023,33,2023-W33,397,399,2,xgboost_epidemiology,2504.0,2207.3096
Colombia,2022,2023,2023,34,2023-W34,398,400,2,xgboost_epidemiology,2559.0,2215.7656
Colombia,2022,2023,2023,35,2023-W35,399,401,2,xgboost_epidemiology,2681.0,2310.365
Colombia,2022,2023,2023,36,2023-W36,400,402,2,xgboost_epidemiology,2677.0,2310.365
Colombia,2022,2023,2023,37,2023-W37,401,403,2,xgboost_epidemiology,2809.0,2249.4348
Colombia,2022,2023,2023,38,2023-W38,402,404,2,xgboost_epidemiology,2984.0,2285.3254
Colombia,2022,2023,2023,39,2023-W39,403,405,2,xgboost_epidemiology,2632.0,2294.6218
Colombia,2022,2023,2023,40,2023-W40,404,406,2,xgboost_epidemiology,2964.0,2287.5198
Colombia,2022,2023,2023,41,2023-W41,405,407,2,xgboost_epidemiology,2969.0,2278.1697
Colombia,2022,2023,2023,42,2023-W42,406,408,2,xgboost_epidemiology,2852.0,2288.8538
Colombia,2022,2023,2023,43,2023-W43,407,409,2,xgboost_epidemiology,3322.0,2273.702
Colombia,2022,2023,2023,44,2023-W44,408,410,2,xgboost_epidemiology,3638.0,2267.9539
Colombia,2022,2023,2023,45,2023-W45,409,411,2,xgboost_epidemiology,3999.0,2267.9539
Colombia,2022,2023,2023,46,2023-W46,410,412,2,xgboost_epidemiology,3916.0,2265.4636
Colombia,2022,2023,2023,47,2023-W47,411,413,2,xgboost_epidemiology,4130.0,2254.6162
Colombia,2022,2023,2023,48,2023-W48,412,414,2,xgboost_epidemiology,4650.0,2180.294
Colombia,2022,2023,2023,49,2023-W49,413,415,2,xgboost_epidemiology,3922.0,1738.8414
Colombia,2022,2023,2023,50,2023-W50,414,416,2,xgboost_epidemiology,3859.0,1782.6512
Colombia,2022,2023,2023,1,2023-W01,365,369,4,xgboost_climate,2016.0,1126.7184
Colombia,2022,2023,2023,2,2023-W02,366,370,4,xgboost_climate,1870.0,1326.0541
Colombia,2022,2023,2023,3,2023-W03,367,371,4,xgboost_climate,1918.0,1364.5652
Colombia,2022,2023,2023,4,2023-W04,368,372,4,xgboost_climate,2294.0,1524.9026
Colombia,2022,2023,2023,5,2023-W05,369,373,4,xgboost_climate,1311.0,1764.1531
Colombia,2022,2023,2023,6,2023-W06,370,374,4,xgboost_climate,1735.0,1625.0809
Colombia,2022,2023,2023,7,2023-W07,371,375,4,xgboost_climate,1752.0,1601.8469
Colombia,2022,2023,2023,8,2023-W08,372,376,4,xgboost_climate,2015.0,1632.9669
Colombia,2022,2023,2023,9,2023-W09,373,377,4,xgboost_climate,2217.0,1479.3362
Colombia,2022,2023,2023,10,2023-W10,374,378,4,xgboost_climate,1627.0,1657.9797
Colombia,2022,2023,2023,11,2023-W11,375,379,4,xgboost_climate,1682.0,1659.9371
Colombia,2022,2023,2023,12,2023-W12,376,380,4,xgboost_climate,1751.0,1564.3818
Colombia,2022,2023,2023,13,2023-W13,377,381,4,xgboost_climate,2144.0,1741.1486
Colombia,2022,2023,2023,14,2023-W14,378,382,4,xgboost_climate,2689.0,1680.6404
Colombia,2022,2023,2023,15,2023-W15,379,383,4,xgboost_climate,2729.0,1683.802
Colombia,2022,2023,2023,16,2023-W16,380,384,4,xgboost_climate,2179.0,1812.3792
Colombia,2022,2023,2023,17,2023-W17,381,385,4,xgboost_climate,2133.0,1919.3407
Colombia,2022,2023,2023,18,2023-W18,382,386,4,xgboost_climate,2569.0,1918.6422
Colombia,2022,2023,2023,19,2023-W19,383,387,4,xgboost_climate,2152.0,2181.1638
Colombia,2022,2023,2023,20,2023-W20,384,388,4,xgboost_climate,2079.0,2000.2766
Colombia,2022,2023,2023,21,2023-W21,385,389,4,xgboost_climate,2082.0,2185.5938
Colombia,2022,2023,2023,22,2023-W22,386,390,4,xgboost_climate,1768.0,1964.004
Colombia,2022,2023,2023,23,2023-W23,387,391,4,xgboost_climate,2203.0,2157.532
Colombia,2022,2023,2023,24,2023-W24,388,392,4,xgboost_climate,2617.0,1836.9491
Colombia,2022,2023,2023,25,2023-W25,389,393,4,xgboost_climate,2458.0,1817.2391
Colombia,2022,2023,2023,26,2023-W26,390,394,4,xgboost_climate,2609.0,1867.4786
Colombia,2022,2023,2023,27,2023-W27,391,395,4,xgboost_climate,2595.0,1690.2719
Colombia,2022,2023,2023,28,2023-W28,392,396,4,xgboost_climate,2876.0,1489.9929
Colombia,2022,2023,2023,29,2023-W29,393,397,4,xgboost_climate,2474.0,1585.1997
Colombia,2022,2023,2023,30,2023-W30,394,398,4,xgboost_climate,2299.0,1709.5563
Colombia,2022,2023,2023,31,2023-W31,395,399,4,xgboost_climate,2504.0,1896.066
Colombia,2022,2023,2023,32,2023-W32,396,400,4,xgboost_climate,2559.0,2080.3855
Colombia,2022,2023,2023,33,2023-W33,397,401,4,xgboost_climate,2681.0,2037.7466
Colombia,2022,2023,2023,34,2023-W34,398,402,4,xgboost_climate,2677.0,2075.4902
Colombia,2022,2023,2023,35,2023-W35,399,403,4,xgboost_climate,2809.0,2294.38
Colombia,2022,2023,2023,36,2023-W36,400,404,4,xgboost_climate,2984.0,2051.6763
Colombia,2022,2023,2023,37,2023-W37,401,405,4,xgboost_climate,2632.0,2208.4
Colombia,2022,2023,2023,38,2023-W38,402,406,4,xgboost_climate,2964.0,2134.7437
Colombia,2022,2023,2023,39,2023-W39,403,407,4,xgboost_climate,2969.0,2273.0837
Colombia,2022,2023,2023,40,2023-W40,404,408,4,xgboost_climate,2852.0,2296.7573
Colombia,2022,2023,2023,41,2023-W41,405,409,4,xgboost_climate,3322.0,2120.3171
Colombia,2022,2023,2023,42,2023-W42,406,410,4,xgboost_climate,3638.0,2458.8264
Colombia,2022,2023,2023,43,2023-W43,407,411,4,xgboost_climate,3999.0,2404.9045
Colombia,2022,2023,2023,44,2023-W44,408,412,4,xgboost_climate,3916.0,2349.628
Colombia,2022,2023,2023,45,2023-W45,409,413,4,xgboost_climate,4130.0,2417.8213
Colombia,2022,2023,2023,46,2023-W46,410,414,4,xgboost_climate,4650.0,2225.9546
Colombia,2022,2023,2023,47,2023-W47,411,415,4,xgboost_climate,3922.0,1940.7129
Colombia,2022,2023,2023,48,2023-W48,412,416,4,xgboost_climate,3859.0,1817.9685
Colombia,2022,2023,2023,1,2023-W01,365,369,4,xgboost_epidemiology,2016.0,1310.1106
Colombia,2022,2023,2023,2,2023-W02,366,370,4,xgboost_epidemiology,1870.0,1745.726
Colombia,2022,2023,2023,3,2023-W03,367,371,4,xgboost_epidemiology,1918.0,1164.3038
Colombia,2022,2023,2023,4,2023-W04,368,372,4,xgboost_epidemiology,2294.0,1389.8083
Colombia,2022,2023,2023,5,2023-W05,369,373,4,xgboost_epidemiology,1311.0,1239.5642
Colombia,2022,2023,2023,6,2023-W06,370,374,4,xgboost_epidemiology,1735.0,1623.5154
Colombia,2022,2023,2023,7,2023-W07,371,375,4,xgboost_epidemiology,1752.0,1816.4408
Colombia,2022,2023,2023,8,2023-W08,372,376,4,xgboost_epidemiology,2015.0,2031.4684
Colombia,2022,2023,2023,9,2023-W09,373,377,4,xgboost_epidemiology,2217.0,1788.1045
Colombia,2022,2023,2023,10,2023-W10,374,378,4,xgboost_epidemiology,1627.0,1799.5195
Colombia,2022,2023,2023,11,2023-W11,375,379,4,xgboost_epidemiology,1682.0,1773.4495
Colombia,2022,2023,2023,12,2023-W12,376,380,4,xgboost_epidemiology,1751.0,1918.3181
Colombia,2022,2023,2023,13,2023-W13,377,381,4,xgboost_epidemiology,2144.0,1779.5657
Colombia,2022,2023,2023,14,2023-W14,378,382,4,xgboost_epidemiology,2689.0,1672.6177
Colombia,2022,2023,2023,15,2023-W15,379,383,4,xgboost_epidemiology,2729.0,1767.4396
Colombia,2022,2023,2023,16,2023-W16,380,384,4,xgboost_epidemiology,2179.0,1899.2864
Colombia,2022,2023,2023,17,2023-W17,381,385,4,xgboost_epidemiology,2133.0,1930.8486
Colombia,2022,2023,2023,18,2023-W18,382,386,4,xgboost_epidemiology,2569.0,1909.7408
Colombia,2022,2023,2023,19,2023-W19,383,387,4,xgboost_epidemiology,2152.0,1716.2577
Colombia,2022,2023,2023,20,2023-W20,384,388,4,xgboost_epidemiology,2079.0,1608.8846
Colombia,2022,2023,2023,21,2023-W21,385,389,4,xgboost_epidemiology,2082.0,1600.3405
Colombia,2022,2023,2023,22,2023-W22,386,390,4,xgboost_epidemiology,1768.0,1653.0098
Colombia,2022,2023,2023,23,2023-W23,387,391,4,xgboost_epidemiology,2203.0,1523.3339
Colombia,2022,2023,2023,24,2023-W24,388,392,4,xgboost_epidemiology,2617.0,1540.5133
Colombia,2022,2023,2023,25,2023-W25,389,393,4,xgboost_epidemiology,2458.0,1542.1003
Colombia,2022,2023,2023,26,2023-W26,390,394,4,xgboost_epidemiology,2609.0,1593.5559
Colombia,2022,2023,2023,27,2023-W27,391,395,4,xgboost_epidemiology,2595.0,1584.9373
Colombia,2022,2023,2023,28,2023-W28,392,396,4,xgboost_epidemiology,2876.0,1627.0004
Colombia,2022,2023,2023,29,2023-W29,393,397,4,xgboost_epidemiology,2474.0,1574.2786
Colombia,2022,2023,2023,30,2023-W30,394,398,4,xgboost_epidemiology,2299.0,1559.2771
Colombia,2022,2023,2023,31,2023-W31,395,399,4,xgboost_epidemiology,2504.0,1882.0085
Colombia,2022,2023,2023,32,2023-W32,396,400,4,xgboost_epidemiology,2559.0,1945.8276
Colombia,2022,2023,2023,33,2023-W33,397,401,4,xgboost_epidemiology,2681.0,2039.7512
Colombia,2022,2023,2023,34,2023-W34,398,402,4,xgboost_epidemiology,2677.0,2051.1792
Colombia,2022,2023,2023,35,2023-W35,399,403,4,xgboost_epidemiology,2809.0,2190.8413
Colombia,2022,2023,2023,36,2023-W36,400,404,4,xgboost_epidemiology,2984.0,2205.5667
Colombia,2022,2023,2023,37,2023-W37,401,405,4,xgboost_epidemiology,2632.0,1936.5453
Colombia,2022,2023,2023,38,2023-W38,402,406,4,xgboost_epidemiology,2964.0,2219.5847
Colombia,2022,2023,2023,39,2023-W39,403,407,4,xgboost_epidemiology,2969.0,2230.8489
Colombia,2022,2023,2023,40,2023-W40,404,408,4,xgboost_epidemiology,2852.0,2305.931
Colombia,2022,2023,2023,41,2023-W41,405,409,4,xgboost_epidemiology,3322.0,2281.2876
Colombia,2022,2023,2023,42,2023-W42,406,410,4,xgboost_epidemiology,3638.0,2295.9434
Colombia,2022,2023,2023,43,2023-W43,407,411,4,xgboost_epidemiology,3999.0,2295.5427
Colombia,2022,2023,2023,44,2023-W44,408,412,4,xgboost_epidemiology,3916.0,2286.6372
Colombia,2022,2023,2023,45,2023-W45,409,413,4,xgboost_epidemiology,4130.0,2260.3909
Colombia,2022,2023,2023,46,2023-W46,410,414,4,xgboost_epidemiology,4650.0,2082.0347
Colombia,2022,2023,2023,47,2023-W47,411,415,4,xgboost_epidemiology,3922.0,1666.4283
Colombia,2022,2023,2023,48,2023-W48,412,416,4,xgboost_epidemiology,3859.0,1665.6128
Mexico,2022,2023,2023,1,2023-W01,365,366,1,xgboost_climate,900.0,324.5015
Mexico,2022,2023,2023,2,2023-W02,366,367,1,xgboost_climate,806.0,415.50046
Mexico,2022,2023,2023,3,2023-W03,367,368,1,xgboost_climate,886.0,298.3647
Mexico,2022,2023,2023,4,2023-W04,368,369,1,xgboost_climate,826.0,383.5987
Mexico,2022,2023,2023,5,2023-W05,369,370,1,xgboost_climate,829.0,579.08795
Mexico,2022,2023,2023,6,2023-W06,370,371,1,xgboost_climate,863.0,548.5363
Mexico,2022,2023,2023,7,2023-W07,371,372,1,xgboost_climate,847.0,630.18854
Mexico,2022,2023,2023,8,2023-W08,372,373,1,xgboost_climate,1031.0,639.1893
Mexico,2022,2023,2023,9,2023-W09,373,374,1,xgboost_climate,1078.0,632.9663
Mexico,2022,2023,2023,10,2023-W10,374,375,1,xgboost_climate,895.0,523.65784
Mexico,2022,2023,2023,11,2023-W11,375,376,1,xgboost_climate,951.0,716.73083
Mexico,2022,2023,2023,12,2023-W12,376,377,1,xgboost_climate,936.0,868.4741
Mexico,2022,2023,2023,13,2023-W13,377,378,1,xgboost_climate,655.0,679.9222
Mexico,2022,2023,2023,14,2023-W14,378,379,1,xgboost_climate,941.0,512.53845
Mexico,2022,2023,2023,15,2023-W15,379,380,1,xgboost_climate,1109.0,751.11273
Mexico,2022,2023,2023,16,2023-W16,380,381,1,xgboost_climate,1048.0,1040.3961
Mexico,2022,2023,2023,17,2023-W17,381,382,1,xgboost_climate,1091.0,942.9659
Mexico,2022,2023,2023,18,2023-W18,382,383,1,xgboost_climate,1223.0,1051.7412
Mexico,2022,2023,2023,19,2023-W19,383,384,1,xgboost_climate,1381.0,1149.4323
Mexico,2022,2023,2023,20,2023-W20,384,385,1,xgboost_climate,1501.0,1262.0527
Mexico,2022,2023,2023,21,2023-W21,385,386,1,xgboost_climate,1864.0,1507.7395
Mexico,2022,2023,2023,22,2023-W22,386,387,1,xgboost_climate,2210.0,1677.2871
Mexico,2022,2023,2023,23,2023-W23,387,388,1,xgboost_climate,2410.0,1906.5874
Mexico,2022,2023,2023,24,2023-W24,388,389,1,xgboost_climate,2932.0,2359.294
Mexico,2022,2023,2023,25,2023-W25,389,390,1,xgboost_climate,3086.0,2480.4502
Mexico,2022,2023,2023,26,2023-W26,390,391,1,xgboost_climate,3460.0,3006.3967
Mexico,2022,2023,2023,27,2023-W27,391,392,1,xgboost_climate,4109.0,3145.691
Mexico,2022,2023,2023,28,2023-W28,392,393,1,xgboost_climate,4701.0,4002.0552
Mexico,2022,2023,2023,29,2023-W29,393,394,1,xgboost_climate,4807.0,4631.0195
Mexico,2022,2023,2023,30,2023-W30,394,395,1,xgboost_climate,5426.0,4782.15
Mexico,2022,2023,2023,31,2023-W31,395,396,1,xgboost_climate,7016.0,5486.665
Mexico,2022,2023,2023,32,2023-W32,396,397,1,xgboost_climate,8307.0,6548.3794
Mexico,2022,2023,2023,33,2023-W33,397,398,1,xgboost_climate,9892.0,9241.344
Mexico,2022,2023,2023,34,2023-W34,398,399,1,xgboost_climate,12946.0,9958.429
Mexico,2022,2023,2023,35,2023-W35,399,400,1,xgboost_climate,15379.0,13405.03
Mexico,2022,2023,2023,36,2023-W36,400,401,1,xgboost_climate,15067.0,13608.329
Mexico,2022,2023,2023,37,2023-W37,401,402,1,xgboost_climate,18425.0,13898.551
Mexico,2022,2023,2023,38,2023-W38,402,403,1,xgboost_climate,17723.0,14567.396
Mexico,2022,2023,2023,39,2023-W39,403,404,1,xgboost_climate,18141.0,13882.918
Mexico,2022,2023,2023,40,2023-W40,404,405,1,xgboost_climate,17289.0,14288.33
Mexico,2022,2023,2023,41,2023-W41,405,406,1,xgboost_climate,15234.0,14369.355
Mexico,2022,2023,2023,42,2023-W42,406,407,1,xgboost_climate,11399.0,13011.928
Mexico,2022,2023,2023,43,2023-W43,407,408,1,xgboost_climate,8997.0,12492.888
Mexico,2022,2023,2023,44,2023-W44,408,409,1,xgboost_climate,9098.0,9509.488
Mexico,2022,2023,2023,45,2023-W45,409,410,1,xgboost_climate,4057.0,8604.804
Mexico,2022,2023,2023,46,2023-W46,410,411,1,xgboost_climate,6719.0,4246.873
Mexico,2022,2023,2023,47,2023-W47,411,412,1,xgboost_climate,7376.0,5145.313
Mexico,2022,2023,2023,48,2023-W48,412,413,1,xgboost_climate,6300.0,5078.478
Mexico,2022,2023,2023,49,2023-W49,413,414,1,xgboost_climate,5415.0,2943.9507
Mexico,2022,2023,2023,50,2023-W50,414,415,1,xgboost_climate,4036.0,2151.0645
Mexico,2022,2023,2023,51,2023-W51,415,416,1,xgboost_climate,3606.0,1741.0347
Mexico,2022,2023,2023,1,2023-W01,365,366,1,xgboost_epidemiology,900.0,379.91925
Mexico,2022,2023,2023,2,2023-W02,366,367,1,xgboost_epidemiology,806.0,491.35626
Mexico,2022,2023,2023,3,2023-W03,367,368,1,xgboost_epidemiology,886.0,296.75284
Mexico,2022,2023,2023,4,2023-W04,368,369,1,xgboost_epidemiology,826.0,460.98367
Mexico,2022,2023,2023,5,2023-W05,369,370,1,xgboost_epidemiology,829.0,747.11487
Mexico,2022,2023,2023,6,2023-W06,370,371,1,xgboost_epidemiology,863.0,764.7011
Mexico,2022,2023,2023,7,2023-W07,371,372,1,xgboost_epidemiology,847.0,792.6325
Mexico,2022,2023,2023,8,2023-W08,372,373,1,xgboost_epidemiology,1031.0,811.42426
Mexico,2022,2023,2023,9,2023-W09,373,374,1,xgboost_epidemiology,1078.0,918.24316
Mexico,2022,2023,2023,10,2023-W10,374,375,1,xgboost_epidemiology,895.0,977.603
Mexico,2022,2023,2023,11,2023-W11,375,376,1,xgboost_epidemiology,951.0,863.8863
Mexico,2022,2023,2023,12,2023-W12,376,377,1,xgboost_epidemiology,936.0,928.93524
Mexico,2022,2023,2023,13,2023-W13,377,378,1,xgboost_epidemiology,655.0,901.1553
Mexico,2022,2023,2023,14,2023-W14,378,379,1,xgboost_epidemiology,941.0,782.8039
Mexico,2022,2023,2023,15,2023-W15,379,380,1,xgboost_epidemiology,1109.0,928.71313
Mexico,2022,2023,2023,16,2023-W16,380,381,1,xgboost_epidemiology,1048.0,987.5222
Mexico,2022,2023,2023,17,2023-W17,381,382,1,xgboost_epidemiology,1091.0,1067.3904
Mexico,2022,2023,2023,18,2023-W18,382,383,1,xgboost_epidemiology,1223.0,1178.5658
Mexico,2022,2023,2023,19,2023-W19,383,384,1,xgboost_epidemiology,1381.0,1161.112
Mexico,2022,2023,2023,20,2023-W20,384,385,1,xgboost_epidemiology,1501.0,1261.5397
Mexico,2022,2023,2023,21,2023-W21,385,386,1,xgboost_epidemiology,1864.0,1451.2412
Mexico,2022,2023,2023,22,2023-W22,386,387,1,xgboost_epidemiology,2210.0,1825.8899
Mexico,2022,2023,2023,23,2023-W23,387,388,1,xgboost_epidemiology,2410.0,2009.7386
Mexico,2022,2023,2023,24,2023-W24,388,389,1,xgboost_epidemiology,2932.0,2197.3477
Mexico,2022,2023,2023,25,2023-W25,389,390,1,xgboost_epidemiology,3086.0,2431.1611
Mexico,2022,2023,2023,26,2023-W26,390,391,1,xgboost_epidemiology,3460.0,2669.6868
Mexico,2022,2023,2023,27,2023-W27,391,392,1,xgboost_epidemiology,4109.0,2512.965
Mexico,2022,2023,2023,28,2023-W28,392,393,1,xgboost_epidemiology,4701.0,2957.636
Mexico,2022,2023,2023,29,2023-W29,393,394,1,xgboost_epidemiology,4807.0,3477.1335
Mexico,2022,2023,2023,30,2023-W30,394,395,1,xgboost_epidemiology,5426.0,4116.7964
Mexico,2022,2023,2023,31,2023-W31,395,396,1,xgboost_epidemiology,7016.0,4449.141
Mexico,2022,2023,2023,32,2023-W32,396,397,1,xgboost_epidemiology,8307.0,5506.9556
Mexico,2022,2023,2023,33,2023-W33,397,398,1,xgboost_epidemiology,9892.0,7047.2705
Mexico,2022,2023,2023,34,2023-W34,398,399,1,xgboost_epidemiology,12946.0,8080.768
Mexico,2022,2023,2023,35,2023-W35,399,400,1,xgboost_epidemiology,15379.0,10186.844
Mexico,2022,2023,2023,36,2023-W36,400,401,1,xgboost_epidemiology,15067.0,10297.09
Mexico,2022,2023,2023,37,2023-W37,401,402,1,xgboost_epidemiology,18425.0,10426.671
Mexico,2022,2023,2023,38,2023-W38,402,403,1,xgboost_epidemiology,17723.0,10426.671
Mexico,2022,2023,2023,39,2023-W39,403,404,1,xgboost_epidemiology,18141.0,10323.926
Mexico,2022,2023,2023,40,2023-W40,404,405,1,xgboost_epidemiology,17289.0,10323.926
Mexico,2022,2023,2023,41,2023-W41,405,406,1,xgboost_epidemiology,15234.0,10323.926
Mexico,2022,2023,2023,42,2023-W42,406,407,1,xgboost_epidemiology,11399.0,10260.542
Mexico,2022,2023,2023,43,2023-W43,407,408,1,xgboost_epidemiology,8997.0,9815.212
Mexico,2022,2023,2023,44,2023-W44,408,409,1,xgboost_epidemiology,9098.0,7389.3286
Mexico,2022,2023,2023,45,2023-W45,409,410,1,xgboost_epidemiology,4057.0,7236.938
Mexico,2022,2023,2023,46,2023-W46,410,411,1,xgboost_epidemiology,6719.0,3988.0464
Mexico,2022,2023,2023,47,2023-W47,411,412,1,xgboost_epidemiology,7376.0,4576.762
Mexico,2022,2023,2023,48,2023-W48,412,413,1,xgboost_epidemiology,6300.0,5109.317
Mexico,2022,2023,2023,49,2023-W49,413,414,1,xgboost_epidemiology,5415.0,3394.2046
Mexico,2022,2023,2023,50,2023-W50,414,415,1,xgboost_epidemiology,4036.0,3015.744
Mexico,2022,2023,2023,51,2023-W51,415,416,1,xgboost_epidemiology,3606.0,2209.2195
Mexico,2022,2023,2023,1,2023-W01,365,367,2,xgboost_climate,806.0,502.85193
Mexico,2022,2023,2023,2,2023-W02,366,368,2,xgboost_climate,886.0,512.4552
Mexico,2022,2023,2023,3,2023-W03,367,369,2,xgboost_climate,826.0,506.3385
Mexico,2022,2023,2023,4,2023-W04,368,370,2,xgboost_climate,829.0,560.70966
Mexico,2022,2023,2023,5,2023-W05,369,371,2,xgboost_climate,863.0,630.1723
Mexico,2022,2023,2023,6,2023-W06,370,372,2,xgboost_climate,847.0,601.23694
Mexico,2022,2023,2023,7,2023-W07,371,373,2,xgboost_climate,1031.0,652.2998
Mexico,2022,2023,2023,8,2023-W08,372,374,2,xgboost_climate,1078.0,690.9994
Mexico,2022,2023,2023,9,2023-W09,373,375,2,xgboost_climate,895.0,633.5004
Mexico,2022,2023,2023,10,2023-W10,374,376,2,xgboost_climate,951.0,896.3587
Mexico,2022,2023,2023,11,2023-W11,375,377,2,xgboost_climate,936.0,948.4108
Mexico,2022,2023,2023,12,2023-W12,376,378,2,xgboost_climate,655.0,846.44556
Mexico,2022,2023,2023,13,2023-W13,377,379,2,xgboost_climate,941.0,536.4061
Mexico,2022,2023,2023,14,2023-W14,378,380,2,xgboost_climate,1109.0,769.33856
Mexico,2022,2023,2023,15,2023-W15,379,381,2,xgboost_climate,1048.0,919.84753
Mexico,2022,2023,2023,16,2023-W16,380,382,2,xgboost_climate,1091.0,950.6735
Mexico,2022,2023,2023,17,2023-W17,381,383,2,xgboost_climate,1223.0,1002.0565
Mexico,2022,2023,2023,18,2023-W18,382,384,2,xgboost_climate,1381.0,999.7032
Mexico,2022,2023,2023,19,2023-W19,383,385,2,xgboost_climate,1501.0,1078.6
Mexico,2022,2023,2023,20,2023-W20,384,386,2,xgboost_climate,1864.0,1122.9084
Mexico,2022,2023,2023,21,2023-W21,385,387,2,xgboost_climate,2210.0,1487.3796
Mexico,2022,2023,2023,22,2023-W22,386,388,2,xgboost_climate,2410.0,1790.5836
Mexico,2022,2023,2023,23,2023-W23,387,389,2,xgboost_climate,2932.0,2103.5088
Mexico,2022,2023,2023,24,2023-W24,388,390,2,xgboost_climate,3086.0,2592.5012
Mexico,2022,2023,2023,25,2023-W25,389,391,2,xgboost_climate,3460.0,2863.502
Mexico,2022,2023,2023,26,2023-W26,390,392,2,xgboost_climate,4109.0,3378.5918
Mexico,2022,2023,2023,27,2023-W27,391,393,2,xgboost_climate,4701.0,3582.234
Mexico,2022,2023,2023,28,2023-W28,392,394,2,xgboost_climate,4807.0,3760.541
Mexico,2022,2023,2023,29,2023-W29,393,395,2,xgboost_climate,5426.0,4323.9473
Mexico,2022,2023,2023,30,2023-W30,394,396,2,xgboost_climate,7016.0,4302.5195
Mexico,2022,2023,2023,31,2023-W31,395,397,2,xgboost_climate,8307.0,5349.8696
Mexico,2022,2023,2023,32,2023-W32,396,398,2,xgboost_climate,9892.0,8102.177
Mexico,2022,2023,2023,33,2023-W33,397,399,2,xgboost_climate,12946.0,10441.928
Mexico,2022,2023,2023,34,2023-W34,398,400,2,xgboost_climate,15379.0,10949.891
Mexico,2022,2023,2023,35,2023-W35,399,401,2,xgboost_climate,15067.0,11402.143
Mexico,2022,2023,2023,36,2023-W36,400,402,2,xgboost_climate,18425.0,11760.472
Mexico,2022,2023,2023,37,2023-W37,401,403,2,xgboost_climate,17723.0,11760.472
Mexico,2022,2023,2023,38,2023-W38,402,404,2,xgboost_climate,18141.0,10817.634
Mexico,2022,2023,2023,39,2023-W39,403,405,2,xgboost_climate,17289.0,10472.667
Mexico,2022,2023,2023,40,2023-W40,404,406,2,xgboost_climate,15234.0,10943.251
Mexico,2022,2023,2023,41,2023-W41,405,407,2,xgboost_climate,11399.0,10120.353
Mexico,2022,2023,2023,42,2023-W42,406,408,2,xgboost_climate,8997.0,10766.457
Mexico,2022,2023,2023,43,2023-W43,407,409,2,xgboost_climate,9098.0,9234.005
Mexico,2022,2023,2023,44,2023-W44,408,410,2,xgboost_climate,4057.0,8165.263
Mexico,2022,2023,2023,45,2023-W45,409,411,2,xgboost_climate,6719.0,7750.3823
Mexico,2022,2023,2023,46,2023-W46,410,412,2,xgboost_climate,7376.0,3209.7375
Mexico,2022,2023,2023,47,2023-W47,411,413,2,xgboost_climate,6300.0,3854.583
Mexico,2022,2023,2023,48,2023-W48,412,414,2,xgboost_climate,5415.0,1710.648
Mexico,2022,2023,2023,49,2023-W49,413,415,2,xgboost_climate,4036.0,1038.3577
Mexico,2022,2023,2023,50,2023-W50,414,416,2,xgboost_climate,3606.0,953.09985
Mexico,2022,2023,2023,1,2023-W01,365,367,2,xgboost_epidemiology,806.0,414.6071
Mexico,2022,2023,2023,2,2023-W02,366,368,2,xgboost_epidemiology,886.0,245.44308
Mexico,2022,2023,2023,3,2023-W03,367,369,2,xgboost_epidemiology,826.0,431.48914
Mexico,2022,2023,2023,4,2023-W04,368,370,2,xgboost_epidemiology,829.0,237.57182
Mexico,2022,2023,2023,5,2023-W05,369,371,2,xgboost_epidemiology,863.0,725.5227
Mexico,2022,2023,2023,6,2023-W06,370,372,2,xgboost_epidemiology,847.0,726.9066
Mexico,2022,2023,2023,7,2023-W07,371,373,2,xgboost_epidemiology,1031.0,698.2786
Mexico,2022,2023,2023,8,2023-W08,372,374,2,xgboost_epidemiology,1078.0,773.7609
Mexico,2022,2023,2023,9,2023-W09,373,375,2,xgboost_epidemiology,895.0,786.73206
Mexico,2022,2023,2023,10,2023-W10,374,376,2,xgboost_epidemiology,951.0,817.7306
Mexico,2022,2023,2023,11,2023-W11,375,377,2,xgboost_epidemiology,936.0,912.6697
Mexico,2022,2023,2023,12,2023-W12,376,378,2,xgboost_epidemiology,655.0,817.74194
Mexico,2022,2023,2023,13,2023-W13,377,379,2,xgboost_epidemiology,941.0,808.2758
Mexico,2022,2023,2023,14,2023-W14,378,380,2,xgboost_epidemiology,1109.0,826.9586
Mexico,2022,2023,2023,15,2023-W15,379,381,2,xgboost_epidemiology,1048.0,828.0189
Mexico,2022,2023,2023,16,2023-W16,380,382,2,xgboost_epidemiology,1091.0,1017.56915
Mexico,2022,2023,2023,17,2023-W17,381,383,2,xgboost_epidemiology,1223.0,1213.4998
Mexico,2022,2023,2023,18,2023-W18,382,384,2,xgboost_epidemiology,1381.0,1235.7499
Mexico,2022,2023,2023,19,2023-W19,383,385,2,xgboost_epidemiology,1501.0,1369.3118
Mexico,2022,2023,2023,20,2023-W20,384,386,2,xgboost_epidemiology,1864.0,1463.0236
Mexico,2022,2023,2023,21,2023-W21,385,387,2,xgboost_epidemiology,2210.0,1526.3992
Mexico,2022,2023,2023,22,2023-W22,386,388,2,xgboost_epidemiology,2410.0,2117.125
Mexico,2022,2023,2023,23,2023-W23,387,389,2,xgboost_epidemiology,2932.0,2622.996
Mexico,2022,2023,2023,24,2023-W24,388,390,2,xgboost_epidemiology,3086.0,2935.862
Mexico,2022,2023,2023,25,2023-W25,389,391,2,xgboost_epidemiology,3460.0,3200.2686
Mexico,2022,2023,2023,26,2023-W26,390,392,2,xgboost_epidemiology,4109.0,3276.5188
Mexico,2022,2023,2023,27,2023-W27,391,393,2,xgboost_epidemiology,4701.0,3579.928
Mexico,2022,2023,2023,28,2023-W28,392,394,2,xgboost_epidemiology,4807.0,3446.4678
Mexico,2022,2023,2023,29,2023-W29,393,395,2,xgboost_epidemiology,5426.0,5049.491
Mexico,2022,2023,2023,30,2023-W30,394,396,2,xgboost_epidemiology,7016.0,5110.56
Mexico,2022,2023,2023,31,2023-W31,395,397,2,xgboost_epidemiology,8307.0,5414.2915
Mexico,2022,2023,2023,32,2023-W32,396,398,2,xgboost_epidemiology,9892.0,8443.328
Mexico,2022,2023,2023,33,2023-W33,397,399,2,xgboost_epidemiology,12946.0,11487.218
Mexico,2022,2023,2023,34,2023-W34,398,400,2,xgboost_epidemiology,15379.0,12341.467
Mexico,2022,2023,2023,35,2023-W35,399,401,2,xgboost_epidemiology,15067.0,12388.379
Mexico,2022,2023,2023,36,2023-W36,400,402,2,xgboost_epidemiology,18425.0,13222.715
Mexico,2022,2023,2023,37,2023-W37,401,403,2,xgboost_epidemiology,17723.0,13292.74
Mexico,2022,2023,2023,38,2023-W38,402,404,2,xgboost_epidemiology,18141.0,13292.74
Mexico,2022,2023,2023,39,2023-W39,403,405,2,xgboost_epidemiology,17289.0,13605.617
Mexico,2022,2023,2023,40,2023-W40,404,406,2,xgboost_epidemiology,15234.0,13249.313
Mexico,2022,2023,2023,41,2023-W41,405,407,2,xgboost_epidemiology,11399.0,12447.6455
Mexico,2022,2023,2023,42,2023-W42,406,408,2,xgboost_epidemiology,8997.0,10677.856
Mexico,2022,2023,2023,43,2023-W43,407,409,2,xgboost_epidemiology,9098.0,9656.199
Mexico,2022,2023,2023,44,2023-W44,408,410,2,xgboost_epidemiology,4057.0,8149.7803
Mexico,2022,2023,2023,45,2023-W45,409,411,2,xgboost_epidemiology,6719.0,7350.877
Mexico,2022,2023,2023,46,2023-W46,410,412,2,xgboost_epidemiology,7376.0,2751.3276
Mexico,2022,2023,2023,47,2023-W47,411,413,2,xgboost_epidemiology,6300.0,4297.913
Mexico,2022,2023,2023,48,2023-W48,412,414,2,xgboost_epidemiology,5415.0,2339.3643
Mexico,2022,2023,2023,49,2023-W49,413,415,2,xgboost_epidemiology,4036.0,1609.9252
Mexico,2022,2023,2023,50,2023-W50,414,416,2,xgboost_epidemiology,3606.0,1048.9854
Mexico,2022,2023,2023,1,2023-W01,365,369,4,xgboost_climate,826.0,478.54202
Mexico,2022,2023,2023,2,2023-W02,366,370,4,xgboost_climate,829.0,526.06226
Mexico,2022,2023,2023,3,2023-W03,367,371,4,xgboost_climate,863.0,483.48334
Mexico,2022,2023,2023,4,2023-W04,368,372,4,xgboost_climate,847.0,574.80865
Mexico,2022,2023,2023,5,2023-W05,369,373,4,xgboost_climate,1031.0,563.89014
Mexico,2022,2023,2023,6,2023-W06,370,374,4,xgboost_climate,1078.0,561.69995
Mexico,2022,2023,2023,7,2023-W07,371,375,4,xgboost_climate,895.0,701.98126
Mexico,2022,2023,2023,8,2023-W08,372,376,4,xgboost_climate,951.0,799.8248
Mexico,2022,2023,2023,9,2023-W09,373,377,4,xgboost_climate,936.0,820.92993
Mexico,2022,2023,2023,10,2023-W10,374,378,4,xgboost_climate,655.0,867.3542
Mexico,2022,2023,2023,11,2023-W11,375,379,4,xgboost_climate,941.0,804.9651
Mexico,2022,2023,2023,12,2023-W12,376,380,4,xgboost_climate,1109.0,843.1272
Mexico,2022,2023,2023,13,2023-W13,377,381,4,xgboost_climate,1048.0,869.77484
Mexico,2022,2023,2023,14,2023-W14,378,382,4,xgboost_climate,1091.0,873.8051
Mexico,2022,2023,2023,15,2023-W15,379,383,4,xgboost_climate,1223.0,1010.13525
Mexico,2022,2023,2023,16,2023-W16,380,384,4,xgboost_climate,1381.0,769.1094
Mexico,2022,2023,2023,17,2023-W17,381,385,4,xgboost_climate,1501.0,1099.221
Mexico,2022,2023,2023,18,2023-W18,382,386,4,xgboost_climate,1864.0,1075.0127
Mexico,2022,2023,2023,19,2023-W19,383,387,4,xgboost_climate,2210.0,1503.5532
Mexico,2022,2023,2023,20,2023-W20,384,388,4,xgboost_climate,2410.0,1688.3206
Mexico,2022,2023,2023,21,2023-W21,385,389,4,xgboost_climate,2932.0,1801.1249
Mexico,2022,2023,2023,22,2023-W22,386,390,4,xgboost_climate,3086.0,1945.4016
Mexico,2022,2023,2023,23,2023-W23,387,391,4,xgboost_climate,3460.0,2522.9285
Mexico,2022,2023,2023,24,2023-W24,388,392,4,xgboost_climate,4109.0,2626.9004
Mexico,2022,2023,2023,25,2023-W25,389,393,4,xgboost_climate,4701.0,3212.5742
Mexico,2022,2023,2023,26,2023-W26,390,394,4,xgboost_climate,4807.0,3874.66
Mexico,2022,2023,2023,27,2023-W27,391,395,4,xgboost_climate,5426.0,4879.039
Mexico,2022,2023,2023,28,2023-W28,392,396,4,xgboost_climate,7016.0,4524.3833
Mexico,2022,2023,2023,29,2023-W29,393,397,4,xgboost_climate,8307.0,5006.113
Mexico,2022,2023,2023,30,2023-W30,394,398,4,xgboost_climate,9892.0,5970.957
Mexico,2022,2023,2023,31,2023-W31,395,399,4,xgboost_climate,12946.0,8211.577
Mexico,2022,2023,2023,32,2023-W32,396,400,4,xgboost_climate,15379.0,10341.458
Mexico,2022,2023,2023,33,2023-W33,397,401,4,xgboost_climate,15067.0,12912.914
Mexico,2022,2023,2023,34,2023-W34,398,402,4,xgboost_climate,18425.0,13270.598
Mexico,2022,2023,2023,35,2023-W35,399,403,4,xgboost_climate,17723.0,12749.822
Mexico,2022,2023,2023,36,2023-W36,400,404,4,xgboost_climate,18141.0,14570.676
Mexico,2022,2023,2023,37,2023-W37,401,405,4,xgboost_climate,17289.0,12149.5
Mexico,2022,2023,2023,38,2023-W38,402,406,4,xgboost_climate,15234.0,13147.177
Mexico,2022,2023,2023,39,2023-W39,403,407,4,xgboost_climate,11399.0,11352.38
Mexico,2022,2023,2023,40,2023-W40,404,408,4,xgboost_climate,8997.0,12633.798
Mexico,2022,2023,2023,41,2023-W41,405,409,4,xgboost_climate,9098.0,8174.677
Mexico,2022,2023,2023,42,2023-W42,406,410,4,xgboost_climate,4057.0,10163.349
Mexico,2022,2023,2023,43,2023-W43,407,411,4,xgboost_climate,6719.0,7814.933
Mexico,2022,2023,2023,44,2023-W44,408,412,4,xgboost_climate,7376.0,4536.808
Mexico,2022,2023,2023,45,2023-W45,409,413,4,xgboost_climate,6300.0,1564.7155
Mexico,2022,2023,2023,46,2023-W46,410,414,4,xgboost_climate,5415.0,919.6987
Mexico,2022,2023,2023,47,2023-W47,411,415,4,xgboost_climate,4036.0,419.90976
Mexico,2022,2023,2023,48,2023-W48,412,416,4,xgboost_climate,3606.0,574.00854
Mexico,2022,2023,2023,1,2023-W01,365,369,4,xgboost_epidemiology,826.0,420.8974
Mexico,2022,2023,2023,2,2023-W02,366,370,4,xgboost_epidemiology,829.0,463.623
Mexico,2022,2023,2023,3,2023-W03,367,371,4,xgboost_epidemiology,863.0,538.75397
Mexico,2022,2023,2023,4,2023-W04,368,372,4,xgboost_epidemiology,847.0,571.0435
Mexico,2022,2023,2023,5,2023-W05,369,373,4,xgboost_epidemiology,1031.0,489.99997
Mexico,2022,2023,2023,6,2023-W06,370,374,4,xgboost_epidemiology,1078.0,438.6517
Mexico,2022,2023,2023,7,2023-W07,371,375,4,xgboost_epidemiology,895.0,751.02484
Mexico,2022,2023,2023,8,2023-W08,372,376,4,xgboost_epidemiology,951.0,810.032
Mexico,2022,2023,2023,9,2023-W09,373,377,4,xgboost_epidemiology,936.0,777.6909
Mexico,2022,2023,2023,10,2023-W10,374,378,4,xgboost_epidemiology,655.0,869.4988
Mexico,2022,2023,2023,11,2023-W11,375,379,4,xgboost_epidemiology,941.0,801.09784
Mexico,2022,2023,2023,12,2023-W12,376,380,4,xgboost_epidemiology,1109.0,846.5672
Mexico,2022,2023,2023,13,2023-W13,377,381,4,xgboost_epidemiology,1048.0,856.6407
Mexico,2022,2023,2023,14,2023-W14,378,382,4,xgboost_epidemiology,1091.0,909.1623
Mexico,2022,2023,2023,15,2023-W15,379,383,4,xgboost_epidemiology,1223.0,1015.7276
Mexico,2022,2023,2023,16,2023-W16,380,384,4,xgboost_epidemiology,1381.0,1221.5144
Mexico,2022,2023,2023,17,2023-W17,381,385,4,xgboost_epidemiology,1501.0,1223.0292
Mexico,2022,2023,2023,18,2023-W18,382,386,4,xgboost_epidemiology,1864.0,1323.4255
Mexico,2022,2023,2023,19,2023-W19,383,387,4,xgboost_epidemiology,2210.0,1467.5829
Mexico,2022,2023,2023,20,2023-W20,384,388,4,xgboost_epidemiology,2410.0,1749.741
Mexico,2022,2023,2023,21,2023-W21,385,389,4,xgboost_epidemiology,2932.0,1893.8501
Mexico,2022,2023,2023,22,2023-W22,386,390,4,xgboost_epidemiology,3086.0,2262.9146
Mexico,2022,2023,2023,23,2023-W23,387,391,4,xgboost_epidemiology,3460.0,2722.89
Mexico,2022,2023,2023,24,2023-W24,388,392,4,xgboost_epidemiology,4109.0,3032.0486
Mexico,2022,2023,2023,25,2023-W25,389,393,4,xgboost_epidemiology,4701.0,3792.6255
Mexico,2022,2023,2023,26,2023-W26,390,394,4,xgboost_epidemiology,4807.0,4325.2837
Mexico,2022,2023,2023,27,2023-W27,391,395,4,xgboost_epidemiology,5426.0,4583.8184
Mexico,2022,2023,2023,28,2023-W28,392,396,4,xgboost_epidemiology,7016.0,4630.679
Mexico,2022,2023,2023,29,2023-W29,393,397,4,xgboost_epidemiology,8307.0,4818.364
Mexico,2022,2023,2023,30,2023-W30,394,398,4,xgboost_epidemiology,9892.0,4508.344
Mexico,2022,2023,2023,31,2023-W31,395,399,4,xgboost_epidemiology,12946.0,5524.022
Mexico,2022,2023,2023,32,2023-W32,396,400,4,xgboost_epidemiology,15379.0,7490.1836
Mexico,2022,2023,2023,33,2023-W33,397,401,4,xgboost_epidemiology,15067.0,10202.382
Mexico,2022,2023,2023,34,2023-W34,398,402,4,xgboost_epidemiology,18425.0,11044.93
Mexico,2022,2023,2023,35,2023-W35,399,403,4,xgboost_epidemiology,17723.0,11059.182
Mexico,2022,2023,2023,36,2023-W36,400,404,4,xgboost_epidemiology,18141.0,11059.182
Mexico,2022,2023,2023,37,2023-W37,401,405,4,xgboost_epidemiology,17289.0,11059.182
Mexico,2022,2023,2023,38,2023-W38,402,406,4,xgboost_epidemiology,15234.0,10602.03
Mexico,2022,2023,2023,39,2023-W39,403,407,4,xgboost_epidemiology,11399.0,10427.248
Mexico,2022,2023,2023,40,2023-W40,404,408,4,xgboost_epidemiology,8997.0,8702.884
Mexico,2022,2023,2023,41,2023-W41,405,409,4,xgboost_epidemiology,9098.0,7856.7637
Mexico,2022,2023,2023,42,2023-W42,406,410,4,xgboost_epidemiology,4057.0,7083.8306
Mexico,2022,2023,2023,43,2023-W43,407,411,4,xgboost_epidemiology,6719.0,6125.12
Mexico,2022,2023,2023,44,2023-W44,408,412,4,xgboost_epidemiology,7376.0,6409.226
Mexico,2022,2023,2023,45,2023-W45,409,413,4,xgboost_epidemiology,6300.0,4965.6597
Mexico,2022,2023,2023,46,2023-W46,410,414,4,xgboost_epidemiology,5415.0,1034.011
Mexico,2022,2023,2023,47,2023-W47,411,415,4,xgboost_epidemiology,4036.0,738.7814
Mexico,2022,2023,2023,48,2023-W48,412,416,4,xgboost_epidemiology,3606.0,820.38416
Peru,2022,2023,2023,1,2023-W01,365,366,1,xgboost_climate,1499.0,1462.1707
Peru,2022,2023,2023,2,2023-W02,366,367,1,xgboost_climate,1851.0,1487.029
Peru,2022,2023,2023,3,2023-W03,367,368,1,xgboost_climate,1757.0,1574.7594
Peru,2022,2023,2023,4,2023-W04,368,369,1,xgboost_climate,1914.0,1451.8445
Peru,2022,2023,2023,5,2023-W05,369,370,1,xgboost_climate,2142.0,1646.4955
Peru,2022,2023,2023,6,2023-W06,370,371,1,xgboost_climate,2303.0,2040.5785
Peru,2022,2023,2023,7,2023-W07,371,372,1,xgboost_climate,2513.0,2450.8352
Peru,2022,2023,2023,8,2023-W08,372,373,1,xgboost_climate,2545.0,2662.2449
Peru,2022,2023,2023,9,2023-W09,373,374,1,xgboost_climate,2528.0,2448.928
Peru,2022,2023,2023,10,2023-W10,374,375,1,xgboost_climate,3018.0,2387.4456
Peru,2022,2023,2023,11,2023-W11,375,376,1,xgboost_climate,3796.0,2745.491
Peru,2022,2023,2023,12,2023-W12,376,377,1,xgboost_climate,4099.0,3577.2993
Peru,2022,2023,2023,13,2023-W13,377,378,1,xgboost_climate,4430.0,3371.5215
Peru,2022,2023,2023,14,2023-W14,378,379,1,xgboost_climate,6520.0,4805.173
Peru,2022,2023,2023,15,2023-W15,379,380,1,xgboost_climate,7614.0,4847.342
Peru,2022,2023,2023,16,2023-W16,380,381,1,xgboost_climate,8594.0,4630.953
Peru,2022,2023,2023,17,2023-W17,381,382,1,xgboost_climate,11860.0,4251.2344
Peru,2022,2023,2023,18,2023-W18,382,383,1,xgboost_climate,15304.0,3897.3833
Peru,2022,2023,2023,19,2023-W19,383,384,1,xgboost_climate,20425.0,3962.7979
Peru,2022,2023,2023,20,2023-W20,384,385,1,xgboost_climate,18043.0,3335.2644
Peru,2022,2023,2023,21,2023-W21,385,386,1,xgboost_climate,17868.0,3770.196
Peru,2022,2023,2023,22,2023-W22,386,387,1,xgboost_climate,15637.0,3058.561
Peru,2022,2023,2023,23,2023-W23,387,388,1,xgboost_climate,13340.0,3461.6248
Peru,2022,2023,2023,24,2023-W24,388,389,1,xgboost_climate,11073.0,2506.8518
Peru,2022,2023,2023,25,2023-W25,389,390,1,xgboost_climate,8681.0,2955.0017
Peru,2022,2023,2023,26,2023-W26,390,391,1,xgboost_climate,8132.0,2244.9355
Peru,2022,2023,2023,27,2023-W27,391,392,1,xgboost_climate,7669.0,2432.045
Peru,2022,2023,2023,28,2023-W28,392,393,1,xgboost_climate,6815.0,2820.4167
Peru,2022,2023,2023,29,2023-W29,393,394,1,xgboost_climate,5158.0,2502.1768
Peru,2022,2023,2023,30,2023-W30,394,395,1,xgboost_climate,5423.0,2917.1577
Peru,2022,2023,2023,31,2023-W31,395,396,1,xgboost_climate,5060.0,2317.9082
Peru,2022,2023,2023,32,2023-W32,396,397,1,xgboost_climate,4380.0,2741.8186
Peru,2022,2023,2023,33,2023-W33,397,398,1,xgboost_climate,3824.0,2699.8103
Peru,2022,2023,2023,34,2023-W34,398,399,1,xgboost_climate,3466.0,2196.6003
Peru,2022,2023,2023,35,2023-W35,399,400,1,xgboost_climate,3368.0,2534.5884
Peru,2022,2023,2023,36,2023-W36,400,401,1,xgboost_climate,2883.0,2139.556
Peru,2022,2023,2023,37,2023-W37,401,402,1,xgboost_climate,2317.0,2319.4004
Peru,2022,2023,2023,38,2023-W38,402,403,1,xgboost_climate,2158.0,2087.0308
Peru,2022,2023,2023,39,2023-W39,403,404,1,xgboost_climate,2028.0,2335.8071
Peru,2022,2023,2023,40,2023-W40,404,405,1,xgboost_climate,1829.0,2019.3534
Peru,2022,2023,2023,41,2023-W41,405,406,1,xgboost_climate,1874.0,1758.7913
Peru,2022,2023,2023,42,2023-W42,406,407,1,xgboost_climate,1563.0,1514.5989
Peru,2022,2023,2023,43,2023-W43,407,408,1,xgboost_climate,1626.0,1549.8967
Peru,2022,2023,2023,44,2023-W44,408,409,1,xgboost_climate,1800.0,1618.2959
Peru,2022,2023,2023,45,2023-W45,409,410,1,xgboost_climate,1802.0,1435.0347
Peru,2022,2023,2023,46,2023-W46,410,411,1,xgboost_climate,1823.0,1466.4119
Peru,2022,2023,2023,47,2023-W47,411,412,1,xgboost_climate,1854.0,1521.1882
Peru,2022,2023,2023,48,2023-W48,412,413,1,xgboost_climate,1680.0,1534.787
Peru,2022,2023,2023,49,2023-W49,413,414,1,xgboost_climate,1784.0,1675.5874
Peru,2022,2023,2023,50,2023-W50,414,415,1,xgboost_climate,1651.0,1597.2196
Peru,2022,2023,2023,51,2023-W51,415,416,1,xgboost_climate,1310.0,1559.9326
Peru,2022,2023,2023,1,2023-W01,365,366,1,xgboost_epidemiology,1499.0,1219.683
Peru,2022,2023,2023,2,2023-W02,366,367,1,xgboost_epidemiology,1851.0,1280.4749
Peru,2022,2023,2023,3,2023-W03,367,368,1,xgboost_epidemiology,1757.0,1374.7623
Peru,2022,2023,2023,4,2023-W04,368,369,1,xgboost_epidemiology,1914.0,1383.5355
Peru,2022,2023,2023,5,2023-W05,369,370,1,xgboost_epidemiology,2142.0,1543.5463
Peru,2022,2023,2023,6,2023-W06,370,371,1,xgboost_epidemiology,2303.0,1965.6342
Peru,2022,2023,2023,7,2023-W07,371,372,1,xgboost_epidemiology,2513.0,2377.2356
Peru,2022,2023,2023,8,2023-W08,372,373,1,xgboost_epidemiology,2545.0,2714.7388
Peru,2022,2023,2023,9,2023-W09,373,374,1,xgboost_epidemiology,2528.0,2701.3457
Peru,2022,2023,2023,10,2023-W10,374,375,1,xgboost_epidemiology,3018.0,2701.3457
Peru,2022,2023,2023,11,2023-W11,375,376,1,xgboost_epidemiology,3796.0,2747.819
Peru,2022,2023,2023,12,2023-W12,376,377,1,xgboost_epidemiology,4099.0,3174.1838
Peru,2022,2023,2023,13,2023-W13,377,378,1,xgboost_epidemiology,4430.0,3460.04
Peru,2022,2023,2023,14,2023-W14,378,379,1,xgboost_epidemiology,6520.0,4220.9927
Peru,2022,2023,2023,15,2023-W15,379,380,1,xgboost_epidemiology,7614.0,4308.528
Peru,2022,2023,2023,16,2023-W16,380,381,1,xgboost_epidemiology,8594.0,4174.357
Peru,2022,2023,2023,17,2023-W17,381,382,1,xgboost_epidemiology,11860.0,4174.357
Peru,2022,2023,2023,18,2023-W18,382,383,1,xgboost_epidemiology,15304.0,4007.22
Peru,2022,2023,2023,19,2023-W19,383,384,1,xgboost_epidemiology,20425.0,3424.4905
Peru,2022,2023,2023,20,2023-W20,384,385,1,xgboost_epidemiology,18043.0,3348.501
Peru,2022,2023,2023,21,2023-W21,385,386,1,xgboost_epidemiology,17868.0,3348.501
Peru,2022,2023,2023,22,2023-W22,386,387,1,xgboost_epidemiology,15637.0,3252.9736
Peru,2022,2023,2023,23,2023-W23,387,388,1,xgboost_epidemiology,13340.0,3081.796
Peru,2022,2023,2023,24,2023-W24,388,389,1,xgboost_epidemiology,11073.0,2982.6145
Peru,2022,2023,2023,25,2023-W25,389,390,1,xgboost_epidemiology,8681.0,2787.1301
Peru,2022,2023,2023,26,2023-W26,390,391,1,xgboost_epidemiology,8132.0,2747.274
Peru,2022,2023,2023,27,2023-W27,391,392,1,xgboost_epidemiology,7669.0,2787.1301
Peru,2022,2023,2023,28,2023-W28,392,393,1,xgboost_epidemiology,6815.0,2982.6145
Peru,2022,2023,2023,29,2023-W29,393,394,1,xgboost_epidemiology,5158.0,2982.6145
Peru,2022,2023,2023,30,2023-W30,394,395,1,xgboost_epidemiology,5423.0,2702.694
Peru,2022,2023,2023,31,2023-W31,395,396,1,xgboost_epidemiology,5060.0,2736.7866
Peru,2022,2023,2023,32,2023-W32,396,397,1,xgboost_epidemiology,4380.0,2736.7866
Peru,2022,2023,2023,33,2023-W33,397,398,1,xgboost_epidemiology,3824.0,2722.2693
Peru,2022,2023,2023,34,2023-W34,398,399,1,xgboost_epidemiology,3466.0,2324.9893
Peru,2022,2023,2023,35,2023-W35,399,400,1,xgboost_epidemiology,3368.0,2215.066
Peru,2022,2023,2023,36,2023-W36,400,401,1,xgboost_epidemiology,2883.0,2199.6687
Peru,2022,2023,2023,37,2023-W37,401,402,1,xgboost_epidemiology,2317.0,2060.3372
Peru,2022,2023,2023,38,2023-W38,402,403,1,xgboost_epidemiology,2158.0,1828.4797
Peru,2022,2023,2023,39,2023-W39,403,404,1,xgboost_epidemiology,2028.0,1748.7395
Peru,2022,2023,2023,40,2023-W40,404,405,1,xgboost_epidemiology,1829.0,1734.5212
Peru,2022,2023,2023,41,2023-W41,405,406,1,xgboost_epidemiology,1874.0,1339.8108
Peru,2022,2023,2023,42,2023-W42,406,407,1,xgboost_epidemiology,1563.0,1317.3458
Peru,2022,2023,2023,43,2023-W43,407,408,1,xgboost_epidemiology,1626.0,1291.1472
Peru,2022,2023,2023,44,2023-W44,408,409,1,xgboost_epidemiology,1800.0,1307.2118
Peru,2022,2023,2023,45,2023-W45,409,410,1,xgboost_epidemiology,1802.0,1286.4711
Peru,2022,2023,2023,46,2023-W46,410,411,1,xgboost_epidemiology,1823.0,1356.606
Peru,2022,2023,2023,47,2023-W47,411,412,1,xgboost_epidemiology,1854.0,1414.396
Peru,2022,2023,2023,48,2023-W48,412,413,1,xgboost_epidemiology,1680.0,1465.4144
Peru,2022,2023,2023,49,2023-W49,413,414,1,xgboost_epidemiology,1784.0,1427.6031
Peru,2022,2023,2023,50,2023-W50,414,415,1,xgboost_epidemiology,1651.0,1427.6031
Peru,2022,2023,2023,51,2023-W51,415,416,1,xgboost_epidemiology,1310.0,1427.6031
Peru,2022,2023,2023,1,2023-W01,365,367,2,xgboost_climate,1851.0,1233.2566
Peru,2022,2023,2023,2,2023-W02,366,368,2,xgboost_climate,1757.0,1374.0028
Peru,2022,2023,2023,3,2023-W03,367,369,2,xgboost_climate,1914.0,1621.7695
Peru,2022,2023,2023,4,2023-W04,368,370,2,xgboost_climate,2142.0,1662.3077
Peru,2022,2023,2023,5,2023-W05,369,371,2,xgboost_climate,2303.0,1682.8583
Peru,2022,2023,2023,6,2023-W06,370,372,2,xgboost_climate,2513.0,2489.5352
Peru,2022,2023,2023,7,2023-W07,371,373,2,xgboost_climate,2545.0,2612.4485
Peru,2022,2023,2023,8,2023-W08,372,374,2,xgboost_climate,2528.0,2562.787
Peru,2022,2023,2023,9,2023-W09,373,375,2,xgboost_climate,3018.0,2283.1853
Peru,2022,2023,2023,10,2023-W10,374,376,2,xgboost_climate,3796.0,2911.793
Peru,2022,2023,2023,11,2023-W11,375,377,2,xgboost_climate,4099.0,2908.1257
Peru,2022,2023,2023,12,2023-W12,376,378,2,xgboost_climate,4430.0,4353.8545
Peru,2022,2023,2023,13,2023-W13,377,379,2,xgboost_climate,6520.0,4040.0364
Peru,2022,2023,2023,14,2023-W14,378,380,2,xgboost_climate,7614.0,4836.5713
Peru,2022,2023,2023,15,2023-W15,379,381,2,xgboost_climate,8594.0,3810.5764
Peru,2022,2023,2023,16,2023-W16,380,382,2,xgboost_climate,11860.0,4024.4968
Peru,2022,2023,2023,17,2023-W17,381,383,2,xgboost_climate,15304.0,4245.698
Peru,2022,2023,2023,18,2023-W18,382,384,2,xgboost_climate,20425.0,3224.0474
Peru,2022,2023,2023,19,2023-W19,383,385,2,xgboost_climate,18043.0,3252.3591
Peru,2022,2023,2023,20,2023-W20,384,386,2,xgboost_climate,17868.0,2372.8318
Peru,2022,2023,2023,21,2023-W21,385,387,2,xgboost_climate,15637.0,2589.1506
Peru,2022,2023,2023,22,2023-W22,386,388,2,xgboost_climate,13340.0,1675.0471
Peru,2022,2023,2023,23,2023-W23,387,389,2,xgboost_climate,11073.0,1678.874
Peru,2022,2023,2023,24,2023-W24,388,390,2,xgboost_climate,8681.0,1243.7938
Peru,2022,2023,2023,25,2023-W25,389,391,2,xgboost_climate,8132.0,1263.2422
Peru,2022,2023,2023,26,2023-W26,390,392,2,xgboost_climate,7669.0,925.46704
Peru,2022,2023,2023,27,2023-W27,391,393,2,xgboost_climate,6815.0,1292.5028
Peru,2022,2023,2023,28,2023-W28,392,394,2,xgboost_climate,5158.0,1119.9568
Peru,2022,2023,2023,29,2023-W29,393,395,2,xgboost_climate,5423.0,1391.466
Peru,2022,2023,2023,30,2023-W30,394,396,2,xgboost_climate,5060.0,1389.795
Peru,2022,2023,2023,31,2023-W31,395,397,2,xgboost_climate,4380.0,1462.648
Peru,2022,2023,2023,32,2023-W32,396,398,2,xgboost_climate,3824.0,1589.2915
Peru,2022,2023,2023,33,2023-W33,397,399,2,xgboost_climate,3466.0,1506.3898
Peru,2022,2023,2023,34,2023-W34,398,400,2,xgboost_climate,3368.0,1466.8835
Peru,2022,2023,2023,35,2023-W35,399,401,2,xgboost_climate,2883.0,1416.7865
Peru,2022,2023,2023,36,2023-W36,400,402,2,xgboost_climate,2317.0,1473.4552
Peru,2022,2023,2023,37,2023-W37,401,403,2,xgboost_climate,2158.0,1988.3949
Peru,2022,2023,2023,38,2023-W38,402,404,2,xgboost_climate,2028.0,1534.3184
Peru,2022,2023,2023,39,2023-W39,403,405,2,xgboost_climate,1829.0,1602.0326
Peru,2022,2023,2023,40,2023-W40,404,406,2,xgboost_climate,1874.0,1209.6697
Peru,2022,2023,2023,41,2023-W41,405,407,2,xgboost_climate,1563.0,1365.1188
Peru,2022,2023,2023,42,2023-W42,406,408,2,xgboost_climate,1626.0,1195.2574
Peru,2022,2023,2023,43,2023-W43,407,409,2,xgboost_climate,1800.0,1193.8823
Peru,2022,2023,2023,44,2023-W44,408,410,2,xgboost_climate,1802.0,1065.7684
Peru,2022,2023,2023,45,2023-W45,409,411,2,xgboost_climate,1823.0,1391.3424
Peru,2022,2023,2023,46,2023-W46,410,412,2,xgboost_climate,1854.0,1262.5624
Peru,2022,2023,2023,47,2023-W47,411,413,2,xgboost_climate,1680.0,1252.9253
Peru,2022,2023,2023,48,2023-W48,412,414,2,xgboost_climate,1784.0,1372.159
Peru,2022,2023,2023,49,2023-W49,413,415,2,xgboost_climate,1651.0,1494.6663
Peru,2022,2023,2023,50,2023-W50,414,416,2,xgboost_climate,1310.0,1502.3706
Peru,2022,2023,2023,1,2023-W01,365,367,2,xgboost_epidemiology,1851.0,1112.6249
Peru,2022,2023,2023,2,2023-W02,366,368,2,xgboost_epidemiology,1757.0,1182.7292
Peru,2022,2023,2023,3,2023-W03,367,369,2,xgboost_epidemiology,1914.0,1312.4803
Peru,2022,2023,2023,4,2023-W04,368,370,2,xgboost_epidemiology,2142.0,1541.2765
Peru,2022,2023,2023,5,2023-W05,369,371,2,xgboost_epidemiology,2303.0,1609.588
Peru,2022,2023,2023,6,2023-W06,370,372,2,xgboost_epidemiology,2513.0,2411.4182
Peru,2022,2023,2023,7,2023-W07,371,373,2,xgboost_epidemiology,2545.0,2460.609
Peru,2022,2023,2023,8,2023-W08,372,374,2,xgboost_epidemiology,2528.0,2525.2742
Peru,2022,2023,2023,9,2023-W09,373,375,2,xgboost_epidemiology,3018.0,2464.5005
Peru,2022,2023,2023,10,2023-W10,374,376,2,xgboost_epidemiology,3796.0,2464.5005
Peru,2022,2023,2023,11,2023-W11,375,377,2,xgboost_epidemiology,4099.0,2622.0918
Peru,2022,2023,2023,12,2023-W12,376,378,2,xgboost_epidemiology,4430.0,3269.4749
Peru,2022,2023,2023,13,2023-W13,377,379,2,xgboost_epidemiology,6520.0,3485.2563
Peru,2022,2023,2023,14,2023-W14,378,380,2,xgboost_epidemiology,7614.0,3692.9294
Peru,2022,2023,2023,15,2023-W15,379,381,2,xgboost_epidemiology,8594.0,3135.0708
Peru,2022,2023,2023,16,2023-W16,380,382,2,xgboost_epidemiology,11860.0,3068.164
Peru,2022,2023,2023,17,2023-W17,381,383,2,xgboost_epidemiology,15304.0,2839.564
Peru,2022,2023,2023,18,2023-W18,382,384,2,xgboost_epidemiology,20425.0,2820.4355
Peru,2022,2023,2023,19,2023-W19,383,385,2,xgboost_epidemiology,18043.0,2242.5935
Peru,2022,2023,2023,20,2023-W20,384,386,2,xgboost_epidemiology,17868.0,1960.8152
Peru,2022,2023,2023,21,2023-W21,385,387,2,xgboost_epidemiology,15637.0,1896.2722
Peru,2022,2023,2023,22,2023-W22,386,388,2,xgboost_epidemiology,13340.0,1682.139
Peru,2022,2023,2023,23,2023-W23,387,389,2,xgboost_epidemiology,11073.0,1527.8325
Peru,2022,2023,2023,24,2023-W24,388,390,2,xgboost_epidemiology,8681.0,1347.3037
Peru,2022,2023,2023,25,2023-W25,389,391,2,xgboost_epidemiology,8132.0,1347.3037
Peru,2022,2023,2023,26,2023-W26,390,392,2,xgboost_epidemiology,7669.0,1347.3037
Peru,2022,2023,2023,27,2023-W27,391,393,2,xgboost_epidemiology,6815.0,1337.709
Peru,2022,2023,2023,28,2023-W28,392,394,2,xgboost_epidemiology,5158.0,1337.709
Peru,2022,2023,2023,29,2023-W29,393,395,2,xgboost_epidemiology,5423.0,1466.1942
Peru,2022,2023,2023,30,2023-W30,394,396,2,xgboost_epidemiology,5060.0,1514.4912
Peru,2022,2023,2023,31,2023-W31,395,397,2,xgboost_epidemiology,4380.0,1666.2058
Peru,2022,2023,2023,32,2023-W32,396,398,2,xgboost_epidemiology,3824.0,1692.9692
Peru,2022,2023,2023,33,2023-W33,397,399,2,xgboost_epidemiology,3466.0,1754.7404
Peru,2022,2023,2023,34,2023-W34,398,400,2,xgboost_epidemiology,3368.0,1801.2546
Peru,2022,2023,2023,35,2023-W35,399,401,2,xgboost_epidemiology,2883.0,1784.0227
Peru,2022,2023,2023,36,2023-W36,400,402,2,xgboost_epidemiology,2317.0,1518.4196
Peru,2022,2023,2023,37,2023-W37,401,403,2,xgboost_epidemiology,2158.0,1512.4504
Peru,2022,2023,2023,38,2023-W38,402,404,2,xgboost_epidemiology,2028.0,1313.9398
Peru,2022,2023,2023,39,2023-W39,403,405,2,xgboost_epidemiology,1829.0,1470.3937
Peru,2022,2023,2023,40,2023-W40,404,406,2,xgboost_epidemiology,1874.0,1267.4733
Peru,2022,2023,2023,41,2023-W41,405,407,2,xgboost_epidemiology,1563.0,1181.6387
Peru,2022,2023,2023,42,2023-W42,406,408,2,xgboost_epidemiology,1626.0,1172.0442
Peru,2022,2023,2023,43,2023-W43,407,409,2,xgboost_epidemiology,1800.0,1095.8146
Peru,2022,2023,2023,44,2023-W44,408,410,2,xgboost_epidemiology,1802.0,1134.123
Peru,2022,2023,2023,45,2023-W45,409,411,2,xgboost_epidemiology,1823.0,1302.3738
Peru,2022,2023,2023,46,2023-W46,410,412,2,xgboost_epidemiology,1854.0,1378.6553
Peru,2022,2023,2023,47,2023-W47,411,413,2,xgboost_epidemiology,1680.0,1431.863
Peru,2022,2023,2023,48,2023-W48,412,414,2,xgboost_epidemiology,1784.0,1496.0027
Peru,2022,2023,2023,49,2023-W49,413,415,2,xgboost_epidemiology,1651.0,1411.0571
Peru,2022,2023,2023,50,2023-W50,414,416,2,xgboost_epidemiology,1310.0,1490.7062
Peru,2022,2023,2023,1,2023-W01,365,369,4,xgboost_climate,1914.0,1497.8147
Peru,2022,2023,2023,2,2023-W02,366,370,4,xgboost_climate,2142.0,1319.2545
Peru,2022,2023,2023,3,2023-W03,367,371,4,xgboost_climate,2303.0,1669.5138
Peru,2022,2023,2023,4,2023-W04,368,372,4,xgboost_climate,2513.0,1479.236
Peru,2022,2023,2023,5,2023-W05,369,373,4,xgboost_climate,2545.0,2368.3071
Peru,2022,2023,2023,6,2023-W06,370,374,4,xgboost_climate,2528.0,2450.6821
Peru,2022,2023,2023,7,2023-W07,371,375,4,xgboost_climate,3018.0,2527.3335
Peru,2022,2023,2023,8,2023-W08,372,376,4,xgboost_climate,3796.0,2772.9607
Peru,2022,2023,2023,9,2023-W09,373,377,4,xgboost_climate,4099.0,2601.8896
Peru,2022,2023,2023,10,2023-W10,374,378,4,xgboost_climate,4430.0,3549.8457
Peru,2022,2023,2023,11,2023-W11,375,379,4,xgboost_climate,6520.0,2917.8313
Peru,2022,2023,2023,12,2023-W12,376,380,4,xgboost_climate,7614.0,4290.2246
Peru,2022,2023,2023,13,2023-W13,377,381,4,xgboost_climate,8594.0,3238.4922
Peru,2022,2023,2023,14,2023-W14,378,382,4,xgboost_climate,11860.0,3860.7246
Peru,2022,2023,2023,15,2023-W15,379,383,4,xgboost_climate,15304.0,3239.1812
Peru,2022,2023,2023,16,2023-W16,380,384,4,xgboost_climate,20425.0,3090.2776
Peru,2022,2023,2023,17,2023-W17,381,385,4,xgboost_climate,18043.0,2519.383
Peru,2022,2023,2023,18,2023-W18,382,386,4,xgboost_climate,17868.0,2397.8665
Peru,2022,2023,2023,19,2023-W19,383,387,4,xgboost_climate,15637.0,1830.8394
Peru,2022,2023,2023,20,2023-W20,384,388,4,xgboost_climate,13340.0,1500.6891
Peru,2022,2023,2023,21,2023-W21,385,389,4,xgboost_climate,11073.0,1891.5836
Peru,2022,2023,2023,22,2023-W22,386,390,4,xgboost_climate,8681.0,946.93115
Peru,2022,2023,2023,23,2023-W23,387,391,4,xgboost_climate,8132.0,548.73315
Peru,2022,2023,2023,24,2023-W24,388,392,4,xgboost_climate,7669.0,397.96378
Peru,2022,2023,2023,25,2023-W25,389,393,4,xgboost_climate,6815.0,398.32483
Peru,2022,2023,2023,26,2023-W26,390,394,4,xgboost_climate,5158.0,570.73425
Peru,2022,2023,2023,27,2023-W27,391,395,4,xgboost_climate,5423.0,671.2172
Peru,2022,2023,2023,28,2023-W28,392,396,4,xgboost_climate,5060.0,654.4228
Peru,2022,2023,2023,29,2023-W29,393,397,4,xgboost_climate,4380.0,516.46747
Peru,2022,2023,2023,30,2023-W30,394,398,4,xgboost_climate,3824.0,517.77295
Peru,2022,2023,2023,31,2023-W31,395,399,4,xgboost_climate,3466.0,696.56683
Peru,2022,2023,2023,32,2023-W32,396,400,4,xgboost_climate,3368.0,553.8157
Peru,2022,2023,2023,33,2023-W33,397,401,4,xgboost_climate,2883.0,994.0879
Peru,2022,2023,2023,34,2023-W34,398,402,4,xgboost_climate,2317.0,975.7341
Peru,2022,2023,2023,35,2023-W35,399,403,4,xgboost_climate,2158.0,1157.3743
Peru,2022,2023,2023,36,2023-W36,400,404,4,xgboost_climate,2028.0,970.18195
Peru,2022,2023,2023,37,2023-W37,401,405,4,xgboost_climate,1829.0,1131.2174
Peru,2022,2023,2023,38,2023-W38,402,406,4,xgboost_climate,1874.0,1117.1306
Peru,2022,2023,2023,39,2023-W39,403,407,4,xgboost_climate,1563.0,1340.6442
Peru,2022,2023,2023,40,2023-W40,404,408,4,xgboost_climate,1626.0,1478.1797
Peru,2022,2023,2023,41,2023-W41,405,409,4,xgboost_climate,1800.0,1150.4514
Peru,2022,2023,2023,42,2023-W42,406,410,4,xgboost_climate,1802.0,1464.287
Peru,2022,2023,2023,43,2023-W43,407,411,4,xgboost_climate,1823.0,1296.6722
Peru,2022,2023,2023,44,2023-W44,408,412,4,xgboost_climate,1854.0,1285.7034
Peru,2022,2023,2023,45,2023-W45,409,413,4,xgboost_climate,1680.0,1549.2373
Peru,2022,2023,2023,46,2023-W46,410,414,4,xgboost_climate,1784.0,1753.6398
Peru,2022,2023,2023,47,2023-W47,411,415,4,xgboost_climate,1651.0,1898.6105
Peru,2022,2023,2023,48,2023-W48,412,416,4,xgboost_climate,1310.0,1978.5698
Peru,2022,2023,2023,1,2023-W01,365,369,4,xgboost_epidemiology,1914.0,1201.7378
Peru,2022,2023,2023,2,2023-W02,366,370,4,xgboost_epidemiology,2142.0,1217.207
Peru,2022,2023,2023,3,2023-W03,367,371,4,xgboost_epidemiology,2303.0,1296.8672
Peru,2022,2023,2023,4,2023-W04,368,372,4,xgboost_epidemiology,2513.0,1350.887
Peru,2022,2023,2023,5,2023-W05,369,373,4,xgboost_epidemiology,2545.0,1967.3698
Peru,2022,2023,2023,6,2023-W06,370,374,4,xgboost_epidemiology,2528.0,2489.0317
Peru,2022,2023,2023,7,2023-W07,371,375,4,xgboost_epidemiology,3018.0,2732.3152
Peru,2022,2023,2023,8,2023-W08,372,376,4,xgboost_epidemiology,3796.0,3152.8984
Peru,2022,2023,2023,9,2023-W09,373,377,4,xgboost_epidemiology,4099.0,2672.699
Peru,2022,2023,2023,10,2023-W10,374,378,4,xgboost_epidemiology,4430.0,2769.9717
Peru,2022,2023,2023,11,2023-W11,375,379,4,xgboost_epidemiology,6520.0,2486.7886
Peru,2022,2023,2023,12,2023-W12,376,380,4,xgboost_epidemiology,7614.0,2724.982
Peru,2022,2023,2023,13,2023-W13,377,381,4,xgboost_epidemiology,8594.0,2639.3088
Peru,2022,2023,2023,14,2023-W14,378,382,4,xgboost_epidemiology,11860.0,2557.9517
Peru,2022,2023,2023,15,2023-W15,379,383,4,xgboost_epidemiology,15304.0,2410.4797
Peru,2022,2023,2023,16,2023-W16,380,384,4,xgboost_epidemiology,20425.0,2374.5483
Peru,2022,2023,2023,17,2023-W17,381,385,4,xgboost_epidemiology,18043.0,2194.1465
Peru,2022,2023,2023,18,2023-W18,382,386,4,xgboost_epidemiology,17868.0,2115.882
Peru,2022,2023,2023,19,2023-W19,383,387,4,xgboost_epidemiology,15637.0,1942.5135
Peru,2022,2023,2023,20,2023-W20,384,388,4,xgboost_epidemiology,13340.0,1727.8918
Peru,2022,2023,2023,21,2023-W21,385,389,4,xgboost_epidemiology,11073.0,1199.849
Peru,2022,2023,2023,22,2023-W22,386,390,4,xgboost_epidemiology,8681.0,723.2412
Peru,2022,2023,2023,23,2023-W23,387,391,4,xgboost_epidemiology,8132.0,665.3788
Peru,2022,2023,2023,24,2023-W24,388,392,4,xgboost_epidemiology,7669.0,665.3788
Peru,2022,2023,2023,25,2023-W25,389,393,4,xgboost_epidemiology,6815.0,665.65717
Peru,2022,2023,2023,26,2023-W26,390,394,4,xgboost_epidemiology,5158.0,665.65717
Peru,2022,2023,2023,27,2023-W27,391,395,4,xgboost_epidemiology,5423.0,670.5342
Peru,2022,2023,2023,28,2023-W28,392,396,4,xgboost_epidemiology,5060.0,664.8483
Peru,2022,2023,2023,29,2023-W29,393,397,4,xgboost_epidemiology,4380.0,664.8483
Peru,2022,2023,2023,30,2023-W30,394,398,4,xgboost_epidemiology,3824.0,695.84344
Peru,2022,2023,2023,31,2023-W31,395,399,4,xgboost_epidemiology,3466.0,917.93243
Peru,2022,2023,2023,32,2023-W32,396,400,4,xgboost_epidemiology,3368.0,1241.5587
Peru,2022,2023,2023,33,2023-W33,397,401,4,xgboost_epidemiology,2883.0,1343.8043
Peru,2022,2023,2023,34,2023-W34,398,402,4,xgboost_epidemiology,2317.0,1446.4185
Peru,2022,2023,2023,35,2023-W35,399,403,4,xgboost_epidemiology,2158.0,1420.3145
Peru,2022,2023,2023,36,2023-W36,400,404,4,xgboost_epidemiology,2028.0,1408.3623
Peru,2022,2023,2023,37,2023-W37,401,405,4,xgboost_epidemiology,1829.0,1436.8031
Peru,2022,2023,2023,38,2023-W38,402,406,4,xgboost_epidemiology,1874.0,1497.3802
Peru,2022,2023,2023,39,2023-W39,403,407,4,xgboost_epidemiology,1563.0,1458.337
Peru,2022,2023,2023,40,2023-W40,404,408,4,xgboost_epidemiology,1626.0,1462.0842
Peru,2022,2023,2023,41,2023-W41,405,409,4,xgboost_epidemiology,1800.0,1370.8619
Peru,2022,2023,2023,42,2023-W42,406,410,4,xgboost_epidemiology,1802.0,1346.9012
Peru,2022,2023,2023,43,2023-W43,407,411,4,xgboost_epidemiology,1823.0,1389.5597
Peru,2022,2023,2023,44,2023-W44,408,412,4,xgboost_epidemiology,1854.0,1310.8699
Peru,2022,2023,2023,45,2023-W45,409,413,4,xgboost_epidemiology,1680.0,1294.1254
Peru,2022,2023,2023,46,2023-W46,410,414,4,xgboost_epidemiology,1784.0,1320.0593
Peru,2022,2023,2023,47,2023-W47,411,415,4,xgboost_epidemiology,1651.0,1445.7677
Peru,2022,2023,2023,48,2023-W48,412,416,4,xgboost_epidemiology,1310.0,1522.4467
Philippines,2022,2023,2023,9,2023-W09,373,374,1,xgboost_climate,575.0,727.5261
Philippines,2022,2023,2023,10,2023-W10,374,375,1,xgboost_climate,275.0,659.9452
Philippines,2022,2023,2023,11,2023-W11,375,376,1,xgboost_climate,141.0,650.23737
Philippines,2022,2023,2023,12,2023-W12,376,377,1,xgboost_climate,1196.0,623.1144
Philippines,2022,2023,2023,13,2023-W13,377,378,1,xgboost_climate,1196.0,1147.3278
Philippines,2022,2023,2023,14,2023-W14,378,379,1,xgboost_climate,1197.0,1297.566
Philippines,2022,2023,2023,15,2023-W15,379,380,1,xgboost_climate,1482.0,1299.2141
Philippines,2022,2023,2023,16,2023-W16,380,381,1,xgboost_climate,1684.0,1503.8611
Philippines,2022,2023,2023,17,2023-W17,381,382,1,xgboost_climate,1746.0,1729.8022
Philippines,2022,2023,2023,18,2023-W18,382,383,1,xgboost_climate,1727.0,2087.4958
Philippines,2022,2023,2023,19,2023-W19,383,384,1,xgboost_climate,1794.0,2028.4991
Philippines,2022,2023,2023,20,2023-W20,384,385,1,xgboost_climate,2269.0,2144.5203
Philippines,2022,2023,2023,21,2023-W21,385,386,1,xgboost_climate,2552.0,2591.0967
Philippines,2022,2023,2023,22,2023-W22,386,387,1,xgboost_climate,207.0,2827.5293
Philippines,2022,2023,2023,23,2023-W23,387,388,1,xgboost_climate,162.0,903.132
Philippines,2022,2023,2023,24,2023-W24,388,389,1,xgboost_climate,132.0,682.6276
Philippines,2022,2023,2023,25,2023-W25,389,390,1,xgboost_climate,181.0,682.6276
Philippines,2022,2023,2023,26,2023-W26,390,391,1,xgboost_climate,271.0,682.6276
Philippines,2022,2023,2023,27,2023-W27,391,392,1,xgboost_climate,147.0,682.6276
Philippines,2022,2023,2023,28,2023-W28,392,393,1,xgboost_climate,735.0,679.50183
Philippines,2022,2023,2023,29,2023-W29,393,394,1,xgboost_climate,715.0,783.0012
Philippines,2022,2023,2023,30,2023-W30,394,395,1,xgboost_climate,893.0,758.7402
Philippines,2022,2023,2023,31,2023-W31,395,396,1,xgboost_climate,2955.0,856.52985
Philippines,2022,2023,2023,32,2023-W32,396,397,1,xgboost_climate,3355.0,2303.121
Philippines,2022,2023,2023,33,2023-W33,397,398,1,xgboost_climate,3591.0,3622.609
Philippines,2022,2023,2023,34,2023-W34,398,399,1,xgboost_climate,3356.0,4116.1914
Philippines,2022,2023,2023,35,2023-W35,399,400,1,xgboost_climate,3393.0,3792.5713
Philippines,2022,2023,2023,36,2023-W36,400,401,1,xgboost_climate,3179.0,3474.5242
Philippines,2022,2023,2023,37,2023-W37,401,402,1,xgboost_climate,3142.0,3179.9182
Philippines,2022,2023,2023,38,2023-W38,402,403,1,xgboost_climate,3318.0,2991.2656
Philippines,2022,2023,2023,39,2023-W39,403,404,1,xgboost_climate,2578.0,3614.3037
Philippines,2022,2023,2023,40,2023-W40,404,405,1,xgboost_climate,2720.0,2671.6462
Philippines,2022,2023,2023,41,2023-W41,405,406,1,xgboost_climate,3430.0,2755.6646
Philippines,2022,2023,2023,42,2023-W42,406,407,1,xgboost_climate,2672.0,3369.5857
Philippines,2022,2023,2023,43,2023-W43,407,408,1,xgboost_climate,1939.0,2905.2764
Philippines,2022,2023,2023,44,2023-W44,408,409,1,xgboost_climate,2607.0,1767.7811
Philippines,2022,2023,2023,9,2023-W09,373,374,1,xgboost_epidemiology,575.0,741.4311
Philippines,2022,2023,2023,10,2023-W10,374,375,1,xgboost_epidemiology,275.0,620.95306
Philippines,2022,2023,2023,11,2023-W11,375,376,1,xgboost_epidemiology,141.0,592.90125
Philippines,2022,2023,2023,12,2023-W12,376,377,1,xgboost_epidemiology,1196.0,591.7585
Philippines,2022,2023,2023,13,2023-W13,377,378,1,xgboost_epidemiology,1196.0,1090.5706
Philippines,2022,2023,2023,14,2023-W14,378,379,1,xgboost_epidemiology,1197.0,1232.2742
Philippines,2022,2023,2023,15,2023-W15,379,380,1,xgboost_epidemiology,1482.0,1277.9037
Philippines,2022,2023,2023,16,2023-W16,380,381,1,xgboost_epidemiology,1684.0,1477.8046
Philippines,2022,2023,2023,17,2023-W17,381,382,1,xgboost_epidemiology,1746.0,1737.6879
Philippines,2022,2023,2023,18,2023-W18,382,383,1,xgboost_epidemiology,1727.0,1995.5251
Philippines,2022,2023,2023,19,2023-W19,383,384,1,xgboost_epidemiology,1794.0,1915.4868
Philippines,2022,2023,2023,20,2023-W20,384,385,1,xgboost_epidemiology,2269.0,2015.917
Philippines,2022,2023,2023,21,2023-W21,385,386,1,xgboost_epidemiology,2552.0,2511.429
Philippines,2022,2023,2023,22,2023-W22,386,387,1,xgboost_epidemiology,207.0,2895.0283
Philippines,2022,2023,2023,23,2023-W23,387,388,1,xgboost_epidemiology,162.0,876.8296
Philippines,2022,2023,2023,24,2023-W24,388,389,1,xgboost_epidemiology,132.0,635.6498
Philippines,2022,2023,2023,25,2023-W25,389,390,1,xgboost_epidemiology,181.0,607.37555
Philippines,2022,2023,2023,26,2023-W26,390,391,1,xgboost_epidemiology,271.0,605.48413
Philippines,2022,2023,2023,27,2023-W27,391,392,1,xgboost_epidemiology,147.0,601.8113
Philippines,2022,2023,2023,28,2023-W28,392,393,1,xgboost_epidemiology,735.0,600.43744
Philippines,2022,2023,2023,29,2023-W29,393,394,1,xgboost_epidemiology,715.0,709.9155
Philippines,2022,2023,2023,30,2023-W30,394,395,1,xgboost_epidemiology,893.0,684.1206
Philippines,2022,2023,2023,31,2023-W31,395,396,1,xgboost_epidemiology,2955.0,850.0983
Philippines,2022,2023,2023,32,2023-W32,396,397,1,xgboost_epidemiology,3355.0,2426.5186
Philippines,2022,2023,2023,33,2023-W33,397,398,1,xgboost_epidemiology,3591.0,3532.378
Philippines,2022,2023,2023,34,2023-W34,398,399,1,xgboost_epidemiology,3356.0,3972.502
Philippines,2022,2023,2023,35,2023-W35,399,400,1,xgboost_epidemiology,3393.0,3843.0398
Philippines,2022,2023,2023,36,2023-W36,400,401,1,xgboost_epidemiology,3179.0,3573.0227
Philippines,2022,2023,2023,37,2023-W37,401,402,1,xgboost_epidemiology,3142.0,3207.9192
Philippines,2022,2023,2023,38,2023-W38,402,403,1,xgboost_epidemiology,3318.0,2945.982
Philippines,2022,2023,2023,39,2023-W39,403,404,1,xgboost_epidemiology,2578.0,3332.6755
Philippines,2022,2023,2023,40,2023-W40,404,405,1,xgboost_epidemiology,2720.0,2369.375
Philippines,2022,2023,2023,41,2023-W41,405,406,1,xgboost_epidemiology,3430.0,2618.4731
Philippines,2022,2023,2023,42,2023-W42,406,407,1,xgboost_epidemiology,2672.0,3177.15
Philippines,2022,2023,2023,43,2023-W43,407,408,1,xgboost_epidemiology,1939.0,2513.223
Philippines,2022,2023,2023,44,2023-W44,408,409,1,xgboost_epidemiology,2607.0,1571.0249
Philippines,2022,2023,2023,9,2023-W09,373,375,2,xgboost_climate,275.0,907.96094
Philippines,2022,2023,2023,10,2023-W10,374,376,2,xgboost_climate,141.0,870.44775
Philippines,2022,2023,2023,11,2023-W11,375,377,2,xgboost_climate,1196.0,846.3316
Philippines,2022,2023,2023,12,2023-W12,376,378,2,xgboost_climate,1196.0,851.7651
Philippines,2022,2023,2023,13,2023-W13,377,379,2,xgboost_climate,1197.0,1193.2102
Philippines,2022,2023,2023,14,2023-W14,378,380,2,xgboost_climate,1482.0,1341.6533
Philippines,2022,2023,2023,15,2023-W15,379,381,2,xgboost_climate,1684.0,1338.101
Philippines,2022,2023,2023,16,2023-W16,380,382,2,xgboost_climate,1746.0,1563.267
Philippines,2022,2023,2023,17,2023-W17,381,383,2,xgboost_climate,1727.0,1995.588
Philippines,2022,2023,2023,18,2023-W18,382,384,2,xgboost_climate,1794.0,2462.6355
Philippines,2022,2023,2023,19,2023-W19,383,385,2,xgboost_climate,2269.0,2419.822
Philippines,2022,2023,2023,20,2023-W20,384,386,2,xgboost_climate,2552.0,2616.9873
Philippines,2022,2023,2023,21,2023-W21,385,387,2,xgboost_climate,207.0,2940.5823
Philippines,2022,2023,2023,22,2023-W22,386,388,2,xgboost_climate,162.0,3237.161
Philippines,2022,2023,2023,23,2023-W23,387,389,2,xgboost_climate,132.0,1157.4952
Philippines,2022,2023,2023,24,2023-W24,388,390,2,xgboost_climate,181.0,865.7805
Philippines,2022,2023,2023,25,2023-W25,389,391,2,xgboost_climate,271.0,870.1266
Philippines,2022,2023,2023,26,2023-W26,390,392,2,xgboost_climate,147.0,866.2179
Philippines,2022,2023,2023,27,2023-W27,391,393,2,xgboost_climate,735.0,881.94653
Philippines,2022,2023,2023,28,2023-W28,392,394,2,xgboost_climate,715.0,900.90155
Philippines,2022,2023,2023,29,2023-W29,393,395,2,xgboost_climate,893.0,917.31616
Philippines,2022,2023,2023,30,2023-W30,394,396,2,xgboost_climate,2955.0,887.577
Philippines,2022,2023,2023,31,2023-W31,395,397,2,xgboost_climate,3355.0,903.0988
Philippines,2022,2023,2023,32,2023-W32,396,398,2,xgboost_climate,3591.0,2447.4087
Philippines,2022,2023,2023,33,2023-W33,397,399,2,xgboost_climate,3356.0,3958.5625
Philippines,2022,2023,2023,34,2023-W34,398,400,2,xgboost_climate,3393.0,4233.4893
Philippines,2022,2023,2023,35,2023-W35,399,401,2,xgboost_climate,3179.0,4186.08
Philippines,2022,2023,2023,36,2023-W36,400,402,2,xgboost_climate,3142.0,4006.7727
Philippines,2022,2023,2023,37,2023-W37,401,403,2,xgboost_climate,3318.0,3561.1028
Philippines,2022,2023,2023,38,2023-W38,402,404,2,xgboost_climate,2578.0,3458.9082
Philippines,2022,2023,2023,39,2023-W39,403,405,2,xgboost_climate,2720.0,3773.5818
Philippines,2022,2023,2023,40,2023-W40,404,406,2,xgboost_climate,3430.0,2778.7803
Philippines,2022,2023,2023,41,2023-W41,405,407,2,xgboost_climate,2672.0,2800.0627
Philippines,2022,2023,2023,42,2023-W42,406,408,2,xgboost_climate,1939.0,3303.148
Philippines,2022,2023,2023,43,2023-W43,407,409,2,xgboost_climate,2607.0,2721.2527
Philippines,2022,2023,2023,9,2023-W09,373,375,2,xgboost_epidemiology,275.0,899.815
Philippines,2022,2023,2023,10,2023-W10,374,376,2,xgboost_epidemiology,141.0,859.287
Philippines,2022,2023,2023,11,2023-W11,375,377,2,xgboost_epidemiology,1196.0,785.1324
Philippines,2022,2023,2023,12,2023-W12,376,378,2,xgboost_epidemiology,1196.0,785.1324
Philippines,2022,2023,2023,13,2023-W13,377,379,2,xgboost_epidemiology,1197.0,1220.8914
Philippines,2022,2023,2023,14,2023-W14,378,380,2,xgboost_epidemiology,1482.0,1383.4999
Philippines,2022,2023,2023,15,2023-W15,379,381,2,xgboost_epidemiology,1684.0,1382.6788
Philippines,2022,2023,2023,16,2023-W16,380,382,2,xgboost_epidemiology,1746.0,1638.6661
Philippines,2022,2023,2023,17,2023-W17,381,383,2,xgboost_epidemiology,1727.0,1990.7252
Philippines,2022,2023,2023,18,2023-W18,382,384,2,xgboost_epidemiology,1794.0,2199.503
Philippines,2022,2023,2023,19,2023-W19,383,385,2,xgboost_epidemiology,2269.0,2138.2927
Philippines,2022,2023,2023,20,2023-W20,384,386,2,xgboost_epidemiology,2552.0,2272.653
Philippines,2022,2023,2023,21,2023-W21,385,387,2,xgboost_epidemiology,207.0,2754.386
Philippines,2022,2023,2023,22,2023-W22,386,388,2,xgboost_epidemiology,162.0,3179.1963
Philippines,2022,2023,2023,23,2023-W23,387,389,2,xgboost_epidemiology,132.0,1178.112
Philippines,2022,2023,2023,24,2023-W24,388,390,2,xgboost_epidemiology,181.0,827.48425
Philippines,2022,2023,2023,25,2023-W25,389,391,2,xgboost_epidemiology,271.0,790.0437
Philippines,2022,2023,2023,26,2023-W26,390,392,2,xgboost_epidemiology,147.0,790.0437
Philippines,2022,2023,2023,27,2023-W27,391,393,2,xgboost_epidemiology,735.0,785.46533
Philippines,2022,2023,2023,28,2023-W28,392,394,2,xgboost_epidemiology,715.0,815.6668
Philippines,2022,2023,2023,29,2023-W29,393,395,2,xgboost_epidemiology,893.0,806.7218
Philippines,2022,2023,2023,30,2023-W30,394,396,2,xgboost_epidemiology,2955.0,778.8146
Philippines,2022,2023,2023,31,2023-W31,395,397,2,xgboost_epidemiology,3355.0,993.5016
Philippines,2022,2023,2023,32,2023-W32,396,398,2,xgboost_epidemiology,3591.0,2450.474
Philippines,2022,2023,2023,33,2023-W33,397,399,2,xgboost_epidemiology,3356.0,3858.6187
Philippines,2022,2023,2023,34,2023-W34,398,400,2,xgboost_epidemiology,3393.0,4056.75
Philippines,2022,2023,2023,35,2023-W35,399,401,2,xgboost_epidemiology,3179.0,3980.707
Philippines,2022,2023,2023,36,2023-W36,400,402,2,xgboost_epidemiology,3142.0,3701.7542
Philippines,2022,2023,2023,37,2023-W37,401,403,2,xgboost_epidemiology,3318.0,3230.183
Philippines,2022,2023,2023,38,2023-W38,402,404,2,xgboost_epidemiology,2578.0,3130.9163
Philippines,2022,2023,2023,39,2023-W39,403,405,2,xgboost_epidemiology,2720.0,3239.215
Philippines,2022,2023,2023,40,2023-W40,404,406,2,xgboost_epidemiology,3430.0,2168.266
Philippines,2022,2023,2023,41,2023-W41,405,407,2,xgboost_epidemiology,2672.0,2266.284
Philippines,2022,2023,2023,42,2023-W42,406,408,2,xgboost_epidemiology,1939.0,3072.8215
Philippines,2022,2023,2023,43,2023-W43,407,409,2,xgboost_epidemiology,2607.0,2289.2776
Philippines,2022,2023,2023,9,2023-W09,373,377,4,xgboost_climate,1196.0,1055.8394
Philippines,2022,2023,2023,10,2023-W10,374,378,4,xgboost_climate,1196.0,943.2094
Philippines,2022,2023,2023,11,2023-W11,375,379,4,xgboost_climate,1197.0,795.79
Philippines,2022,2023,2023,12,2023-W12,376,380,4,xgboost_climate,1482.0,856.6934
Philippines,2022,2023,2023,13,2023-W13,377,381,4,xgboost_climate,1684.0,1137.8954
Philippines,2022,2023,2023,14,2023-W14,378,382,4,xgboost_climate,1746.0,1169.8541
Philippines,2022,2023,2023,15,2023-W15,379,383,4,xgboost_climate,1727.0,1241.7039
Philippines,2022,2023,2023,16,2023-W16,380,384,4,xgboost_climate,1794.0,1513.7659
Philippines,2022,2023,2023,17,2023-W17,381,385,4,xgboost_climate,2269.0,2463.1243
Philippines,2022,2023,2023,18,2023-W18,382,386,4,xgboost_climate,2552.0,3011.3367
Philippines,2022,2023,2023,19,2023-W19,383,387,4,xgboost_climate,207.0,3379.6008
Philippines,2022,2023,2023,20,2023-W20,384,388,4,xgboost_climate,162.0,3626.464
Philippines,2022,2023,2023,21,2023-W21,385,389,4,xgboost_climate,132.0,3864.247
Philippines,2022,2023,2023,22,2023-W22,386,390,4,xgboost_climate,181.0,4875.438
Philippines,2022,2023,2023,23,2023-W23,387,391,4,xgboost_climate,271.0,1260.7964
Philippines,2022,2023,2023,24,2023-W24,388,392,4,xgboost_climate,147.0,912.7621
Philippines,2022,2023,2023,25,2023-W25,389,393,4,xgboost_climate,735.0,886.1004
Philippines,2022,2023,2023,26,2023-W26,390,394,4,xgboost_climate,715.0,892.64923
Philippines,2022,2023,2023,27,2023-W27,391,395,4,xgboost_climate,893.0,928.4498
Philippines,2022,2023,2023,28,2023-W28,392,396,4,xgboost_climate,2955.0,896.7434
Philippines,2022,2023,2023,29,2023-W29,393,397,4,xgboost_climate,3355.0,912.75684
Philippines,2022,2023,2023,30,2023-W30,394,398,4,xgboost_climate,3591.0,803.30273
Philippines,2022,2023,2023,31,2023-W31,395,399,4,xgboost_climate,3356.0,976.30426
Philippines,2022,2023,2023,32,2023-W32,396,400,4,xgboost_climate,3393.0,2809.4734
Philippines,2022,2023,2023,33,2023-W33,397,401,4,xgboost_climate,3179.0,3719.7964
Philippines,2022,2023,2023,34,2023-W34,398,402,4,xgboost_climate,3142.0,3923.6782
Philippines,2022,2023,2023,35,2023-W35,399,403,4,xgboost_climate,3318.0,3565.5012
Philippines,2022,2023,2023,36,2023-W36,400,404,4,xgboost_climate,2578.0,3381.9841
Philippines,2022,2023,2023,37,2023-W37,401,405,4,xgboost_climate,2720.0,3126.2603
Philippines,2022,2023,2023,38,2023-W38,402,406,4,xgboost_climate,3430.0,3057.8726
Philippines,2022,2023,2023,39,2023-W39,403,407,4,xgboost_climate,2672.0,2969.7256
Philippines,2022,2023,2023,40,2023-W40,404,408,4,xgboost_climate,1939.0,2513.3645
Philippines,2022,2023,2023,41,2023-W41,405,409,4,xgboost_climate,2607.0,2668.1501
Philippines,2022,2023,2023,9,2023-W09,373,377,4,xgboost_epidemiology,1196.0,1431.7639
Philippines,2022,2023,2023,10,2023-W10,374,378,4,xgboost_epidemiology,1196.0,1374.6324
Philippines,2022,2023,2023,11,2023-W11,375,379,4,xgboost_epidemiology,1197.0,1259.6237
Philippines,2022,2023,2023,12,2023-W12,376,380,4,xgboost_epidemiology,1482.0,1259.6237
Philippines,2022,2023,2023,13,2023-W13,377,381,4,xgboost_epidemiology,1684.0,1627.8351
Philippines,2022,2023,2023,14,2023-W14,378,382,4,xgboost_epidemiology,1746.0,1682.2336
Philippines,2022,2023,2023,15,2023-W15,379,383,4,xgboost_epidemiology,1727.0,1682.2336
Philippines,2022,2023,2023,16,2023-W16,380,384,4,xgboost_epidemiology,1794.0,1818.8152
Philippines,2022,2023,2023,17,2023-W17,381,385,4,xgboost_epidemiology,2269.0,2236.0525
Philippines,2022,2023,2023,18,2023-W18,382,386,4,xgboost_epidemiology,2552.0,2709.8394
Philippines,2022,2023,2023,19,2023-W19,383,387,4,xgboost_epidemiology,207.0,2944.4167
Philippines,2022,2023,2023,20,2023-W20,384,388,4,xgboost_epidemiology,162.0,3138.7634
Philippines,2022,2023,2023,21,2023-W21,385,389,4,xgboost_epidemiology,132.0,3685.7253
Philippines,2022,2023,2023,22,2023-W22,386,390,4,xgboost_epidemiology,181.0,3841.5847
Philippines,2022,2023,2023,23,2023-W23,387,391,4,xgboost_epidemiology,271.0,1691.4376
Philippines,2022,2023,2023,24,2023-W24,388,392,4,xgboost_epidemiology,147.0,1313.7625
Philippines,2022,2023,2023,25,2023-W25,389,393,4,xgboost_epidemiology,735.0,1249.7073
Philippines,2022,2023,2023,26,2023-W26,390,394,4,xgboost_epidemiology,715.0,1234.6935
Philippines,2022,2023,2023,27,2023-W27,391,395,4,xgboost_epidemiology,893.0,1247.324
Philippines,2022,2023,2023,28,2023-W28,392,396,4,xgboost_epidemiology,2955.0,1247.324
Philippines,2022,2023,2023,29,2023-W29,393,397,4,xgboost_epidemiology,3355.0,1222.9423
Philippines,2022,2023,2023,30,2023-W30,394,398,4,xgboost_epidemiology,3591.0,1178.6553
Philippines,2022,2023,2023,31,2023-W31,395,399,4,xgboost_epidemiology,3356.0,1449.8645
Philippines,2022,2023,2023,32,2023-W32,396,400,4,xgboost_epidemiology,3393.0,3471.5754
Philippines,2022,2023,2023,33,2023-W33,397,401,4,xgboost_epidemiology,3179.0,4076.0986
Philippines,2022,2023,2023,34,2023-W34,398,402,4,xgboost_epidemiology,3142.0,4482.6367
Philippines,2022,2023,2023,35,2023-W35,399,403,4,xgboost_epidemiology,3318.0,3713.0925
Philippines,2022,2023,2023,36,2023-W36,400,404,4,xgboost_epidemiology,2578.0,3569.054
Philippines,2022,2023,2023,37,2023-W37,401,405,4,xgboost_epidemiology,2720.0,3287.2795
Philippines,2022,2023,2023,38,2023-W38,402,406,4,xgboost_epidemiology,3430.0,3199.02
Philippines,2022,2023,2023,39,2023-W39,403,407,4,xgboost_epidemiology,2672.0,2694.9363
Philippines,2022,2023,2023,40,2023-W40,404,408,4,xgboost_epidemiology,1939.0,2429.763
Philippines,2022,2023,2023,41,2023-W41,405,409,4,xgboost_epidemiology,2607.0,2548.909
Singapore,2024,2025,2025,1,2025-W01,469,470,1,xgboost_climate,118.0,97.97334
Singapore,2024,2025,2025,2,2025-W02,470,471,1,xgboost_climate,99.0,117.697525
Singapore,2024,2025,2025,3,2025-W03,471,472,1,xgboost_climate,118.0,106.304245
Singapore,2024,2025,2025,4,2025-W04,472,473,1,xgboost_climate,54.0,116.98094
Singapore,2024,2025,2025,5,2025-W05,473,474,1,xgboost_climate,113.0,64.720535
Singapore,2024,2025,2025,6,2025-W06,474,475,1,xgboost_climate,114.0,92.937416
Singapore,2024,2025,2025,7,2025-W07,475,476,1,xgboost_climate,71.0,120.78626
Singapore,2024,2025,2025,8,2025-W08,476,477,1,xgboost_climate,82.0,86.908325
Singapore,2024,2025,2025,9,2025-W09,477,478,1,xgboost_climate,86.0,69.87854
Singapore,2024,2025,2025,10,2025-W10,478,479,1,xgboost_climate,72.0,71.861534
Singapore,2024,2025,2025,11,2025-W11,479,480,1,xgboost_climate,100.0,69.48371
Singapore,2024,2025,2025,12,2025-W12,480,481,1,xgboost_climate,98.0,90.53656
Singapore,2024,2025,2025,13,2025-W13,481,482,1,xgboost_climate,87.0,108.44887
Singapore,2024,2025,2025,14,2025-W14,482,483,1,xgboost_climate,92.0,89.60944
Singapore,2024,2025,2025,15,2025-W15,483,484,1,xgboost_climate,94.0,93.95154
Singapore,2024,2025,2025,16,2025-W16,484,485,1,xgboost_climate,107.0,106.86609
Singapore,2024,2025,2025,17,2025-W17,485,486,1,xgboost_climate,89.0,116.60041
Singapore,2024,2025,2025,18,2025-W18,486,487,1,xgboost_climate,105.0,92.9772
Singapore,2024,2025,2025,19,2025-W19,487,488,1,xgboost_climate,103.0,100.5989
Singapore,2024,2025,2025,20,2025-W20,488,489,1,xgboost_climate,118.0,112.22643
Singapore,2024,2025,2025,21,2025-W21,489,490,1,xgboost_climate,117.0,121.71218
Singapore,2024,2025,2025,22,2025-W22,490,491,1,xgboost_climate,118.0,123.570465
Singapore,2024,2025,2025,23,2025-W23,491,492,1,xgboost_climate,125.0,123.33345
Singapore,2024,2025,2025,24,2025-W24,492,493,1,xgboost_climate,106.0,118.252815
Singapore,2024,2025,2025,25,2025-W25,493,494,1,xgboost_climate,100.0,118.585815
Singapore,2024,2025,2025,26,2025-W26,494,495,1,xgboost_climate,119.0,103.1786
Singapore,2024,2025,2025,27,2025-W27,495,496,1,xgboost_climate,112.0,113.40242
Singapore,2024,2025,2025,28,2025-W28,496,497,1,xgboost_climate,86.0,118.305084
Singapore,2024,2025,2025,29,2025-W29,497,498,1,xgboost_climate,77.0,86.595505
Singapore,2024,2025,2025,30,2025-W30,498,499,1,xgboost_climate,71.0,74.178856
Singapore,2024,2025,2025,31,2025-W31,499,500,1,xgboost_climate,73.0,70.537186
Singapore,2024,2025,2025,32,2025-W32,500,501,1,xgboost_climate,62.0,71.65389
Singapore,2024,2025,2025,33,2025-W33,501,502,1,xgboost_climate,47.0,64.62672
Singapore,2024,2025,2025,34,2025-W34,502,503,1,xgboost_climate,51.0,54.62957
Singapore,2024,2025,2025,35,2025-W35,503,504,1,xgboost_climate,42.0,52.298683
Singapore,2024,2025,2025,36,2025-W36,504,505,1,xgboost_climate,49.0,50.322018
Singapore,2024,2025,2025,37,2025-W37,505,506,1,xgboost_climate,45.0,51.07992
Singapore,2024,2025,2025,38,2025-W38,506,507,1,xgboost_climate,40.0,50.452023
Singapore,2024,2025,2025,39,2025-W39,507,508,1,xgboost_climate,55.0,50.855602
Singapore,2024,2025,2025,40,2025-W40,508,509,1,xgboost_climate,33.0,55.878147
Singapore,2024,2025,2025,41,2025-W41,509,510,1,xgboost_climate,47.0,52.256332
Singapore,2024,2025,2025,42,2025-W42,510,511,1,xgboost_climate,36.0,49.772667
Singapore,2024,2025,2025,43,2025-W43,511,512,1,xgboost_climate,53.0,46.03652
Singapore,2024,2025,2025,44,2025-W44,512,513,1,xgboost_climate,55.0,54.507286
Singapore,2024,2025,2025,45,2025-W45,513,514,1,xgboost_climate,39.0,55.63668
Singapore,2024,2025,2025,46,2025-W46,514,515,1,xgboost_climate,39.0,52.981144
Singapore,2024,2025,2025,47,2025-W47,515,516,1,xgboost_climate,27.0,47.934814
Singapore,2024,2025,2025,48,2025-W48,516,517,1,xgboost_climate,38.0,45.471447
Singapore,2024,2025,2025,49,2025-W49,517,518,1,xgboost_climate,46.0,46.47895
Singapore,2024,2025,2025,50,2025-W50,518,519,1,xgboost_climate,41.0,50.54981
Singapore,2024,2025,2025,51,2025-W51,519,520,1,xgboost_climate,32.0,50.698456
Singapore,2024,2025,2025,1,2025-W01,469,470,1,xgboost_epidemiology,118.0,99.751976
Singapore,2024,2025,2025,2,2025-W02,470,471,1,xgboost_epidemiology,99.0,113.56018
Singapore,2024,2025,2025,3,2025-W03,471,472,1,xgboost_epidemiology,118.0,111.61653
Singapore,2024,2025,2025,4,2025-W04,472,473,1,xgboost_epidemiology,54.0,117.32562
Singapore,2024,2025,2025,5,2025-W05,473,474,1,xgboost_epidemiology,113.0,70.01592
Singapore,2024,2025,2025,6,2025-W06,474,475,1,xgboost_epidemiology,114.0,87.44475
Singapore,2024,2025,2025,7,2025-W07,475,476,1,xgboost_epidemiology,71.0,116.29815
Singapore,2024,2025,2025,8,2025-W08,476,477,1,xgboost_epidemiology,82.0,85.38686
Singapore,2024,2025,2025,9,2025-W09,477,478,1,xgboost_epidemiology,86.0,71.64049
Singapore,2024,2025,2025,10,2025-W10,478,479,1,xgboost_epidemiology,72.0,74.49829
Singapore,2024,2025,2025,11,2025-W11,479,480,1,xgboost_epidemiology,100.0,73.024605
Singapore,2024,2025,2025,12,2025-W12,480,481,1,xgboost_epidemiology,98.0,87.952156
Singapore,2024,2025,2025,13,2025-W13,481,482,1,xgboost_epidemiology,87.0,102.65647
Singapore,2024,2025,2025,14,2025-W14,482,483,1,xgboost_epidemiology,92.0,85.19442
Singapore,2024,2025,2025,15,2025-W15,483,484,1,xgboost_epidemiology,94.0,95.06548
Singapore,2024,2025,2025,16,2025-W16,484,485,1,xgboost_epidemiology,107.0,101.6159
Singapore,2024,2025,2025,17,2025-W17,485,486,1,xgboost_epidemiology,89.0,110.64625
Singapore,2024,2025,2025,18,2025-W18,486,487,1,xgboost_epidemiology,105.0,92.960175
Singapore,2024,2025,2025,19,2025-W19,487,488,1,xgboost_epidemiology,103.0,101.79102
Singapore,2024,2025,2025,20,2025-W20,488,489,1,xgboost_epidemiology,118.0,108.752975
Singapore,2024,2025,2025,21,2025-W21,489,490,1,xgboost_epidemiology,117.0,119.078026
Singapore,2024,2025,2025,22,2025-W22,490,491,1,xgboost_epidemiology,118.0,123.03701
Singapore,2024,2025,2025,23,2025-W23,491,492,1,xgboost_epidemiology,125.0,123.03701
Singapore,2024,2025,2025,24,2025-W24,492,493,1,xgboost_epidemiology,106.0,123.16578
Singapore,2024,2025,2025,25,2025-W25,493,494,1,xgboost_epidemiology,100.0,119.01866
Singapore,2024,2025,2025,26,2025-W26,494,495,1,xgboost_epidemiology,119.0,104.961716
Singapore,2024,2025,2025,27,2025-W27,495,496,1,xgboost_epidemiology,112.0,112.06603
Singapore,2024,2025,2025,28,2025-W28,496,497,1,xgboost_epidemiology,86.0,114.53888
Singapore,2024,2025,2025,29,2025-W29,497,498,1,xgboost_epidemiology,77.0,89.03675
Singapore,2024,2025,2025,30,2025-W30,498,499,1,xgboost_epidemiology,71.0,75.55233
Singapore,2024,2025,2025,31,2025-W31,499,500,1,xgboost_epidemiology,73.0,72.320335
Singapore,2024,2025,2025,32,2025-W32,500,501,1,xgboost_epidemiology,62.0,71.023865
Singapore,2024,2025,2025,33,2025-W33,501,502,1,xgboost_epidemiology,47.0,65.782326
Singapore,2024,2025,2025,34,2025-W34,502,503,1,xgboost_epidemiology,51.0,55.07315
Singapore,2024,2025,2025,35,2025-W35,503,504,1,xgboost_epidemiology,42.0,51.995827
Singapore,2024,2025,2025,36,2025-W36,504,505,1,xgboost_epidemiology,49.0,50.86495
Singapore,2024,2025,2025,37,2025-W37,505,506,1,xgboost_epidemiology,45.0,52.69209
Singapore,2024,2025,2025,38,2025-W38,506,507,1,xgboost_epidemiology,40.0,48.88686
Singapore,2024,2025,2025,39,2025-W39,507,508,1,xgboost_epidemiology,55.0,47.614628
Singapore,2024,2025,2025,40,2025-W40,508,509,1,xgboost_epidemiology,33.0,52.977825
Singapore,2024,2025,2025,41,2025-W41,509,510,1,xgboost_epidemiology,47.0,47.043495
Singapore,2024,2025,2025,42,2025-W42,510,511,1,xgboost_epidemiology,36.0,48.33106
Singapore,2024,2025,2025,43,2025-W43,511,512,1,xgboost_epidemiology,53.0,42.418037
Singapore,2024,2025,2025,44,2025-W44,512,513,1,xgboost_epidemiology,55.0,49.49683
Singapore,2024,2025,2025,45,2025-W45,513,514,1,xgboost_epidemiology,39.0,52.14925
Singapore,2024,2025,2025,46,2025-W46,514,515,1,xgboost_epidemiology,39.0,48.954247
Singapore,2024,2025,2025,47,2025-W47,515,516,1,xgboost_epidemiology,27.0,44.55763
Singapore,2024,2025,2025,48,2025-W48,516,517,1,xgboost_epidemiology,38.0,41.905132
Singapore,2024,2025,2025,49,2025-W49,517,518,1,xgboost_epidemiology,46.0,44.09897
Singapore,2024,2025,2025,50,2025-W50,518,519,1,xgboost_epidemiology,41.0,46.803486
Singapore,2024,2025,2025,51,2025-W51,519,520,1,xgboost_epidemiology,32.0,50.270752
Singapore,2024,2025,2025,1,2025-W01,469,471,2,xgboost_climate,99.0,109.00615
Singapore,2024,2025,2025,2,2025-W02,470,472,2,xgboost_climate,118.0,122.505905
Singapore,2024,2025,2025,3,2025-W03,471,473,2,xgboost_climate,54.0,98.46908
Singapore,2024,2025,2025,4,2025-W04,472,474,2,xgboost_climate,113.0,117.136765
Singapore,2024,2025,2025,5,2025-W05,473,475,2,xgboost_climate,114.0,58.093933
Singapore,2024,2025,2025,6,2025-W06,474,476,2,xgboost_climate,71.0,98.36711
Singapore,2024,2025,2025,7,2025-W07,475,477,2,xgboost_climate,82.0,122.446556
Singapore,2024,2025,2025,8,2025-W08,476,478,2,xgboost_climate,86.0,75.18301
Singapore,2024,2025,2025,9,2025-W09,477,479,2,xgboost_climate,72.0,60.799435
Singapore,2024,2025,2025,10,2025-W10,478,480,2,xgboost_climate,100.0,63.150322
Singapore,2024,2025,2025,11,2025-W11,479,481,2,xgboost_climate,98.0,57.888283
Singapore,2024,2025,2025,12,2025-W12,480,482,2,xgboost_climate,87.0,94.46892
Singapore,2024,2025,2025,13,2025-W13,481,483,2,xgboost_climate,92.0,109.66068
Singapore,2024,2025,2025,14,2025-W14,482,484,2,xgboost_climate,94.0,82.708336
Singapore,2024,2025,2025,15,2025-W15,483,485,2,xgboost_climate,107.0,86.502495
Singapore,2024,2025,2025,16,2025-W16,484,486,2,xgboost_climate,89.0,104.09631
Singapore,2024,2025,2025,17,2025-W17,485,487,2,xgboost_climate,105.0,115.6419
Singapore,2024,2025,2025,18,2025-W18,486,488,2,xgboost_climate,103.0,88.659515
Singapore,2024,2025,2025,19,2025-W19,487,489,2,xgboost_climate,118.0,95.90202
Singapore,2024,2025,2025,20,2025-W20,488,490,2,xgboost_climate,117.0,112.3202
Singapore,2024,2025,2025,21,2025-W21,489,491,2,xgboost_climate,118.0,128.53662
Singapore,2024,2025,2025,22,2025-W22,490,492,2,xgboost_climate,125.0,133.88702
Singapore,2024,2025,2025,23,2025-W23,491,493,2,xgboost_climate,106.0,130.52734
Singapore,2024,2025,2025,24,2025-W24,492,494,2,xgboost_climate,100.0,128.67647
Singapore,2024,2025,2025,25,2025-W25,493,495,2,xgboost_climate,119.0,122.39888
Singapore,2024,2025,2025,26,2025-W26,494,496,2,xgboost_climate,112.0,104.71634
Singapore,2024,2025,2025,27,2025-W27,495,497,2,xgboost_climate,86.0,116.82678
Singapore,2024,2025,2025,28,2025-W28,496,498,2,xgboost_climate,77.0,124.24911
Singapore,2024,2025,2025,29,2025-W29,497,499,2,xgboost_climate,71.0,88.399185
Singapore,2024,2025,2025,30,2025-W30,498,500,2,xgboost_climate,73.0,72.26064
Singapore,2024,2025,2025,31,2025-W31,499,501,2,xgboost_climate,62.0,70.14733
Singapore,2024,2025,2025,32,2025-W32,500,502,2,xgboost_climate,47.0,65.22203
Singapore,2024,2025,2025,33,2025-W33,501,503,2,xgboost_climate,51.0,63.12237
Singapore,2024,2025,2025,34,2025-W34,502,504,2,xgboost_climate,42.0,52.958344
Singapore,2024,2025,2025,35,2025-W35,503,505,2,xgboost_climate,49.0,57.96125
Singapore,2024,2025,2025,36,2025-W36,504,506,2,xgboost_climate,45.0,56.17727
Singapore,2024,2025,2025,37,2025-W37,505,507,2,xgboost_climate,40.0,56.171543
Singapore,2024,2025,2025,38,2025-W38,506,508,2,xgboost_climate,55.0,53.129547
Singapore,2024,2025,2025,39,2025-W39,507,509,2,xgboost_climate,33.0,50.72702
Singapore,2024,2025,2025,40,2025-W40,508,510,2,xgboost_climate,47.0,59.358727
Singapore,2024,2025,2025,41,2025-W41,509,511,2,xgboost_climate,36.0,50.299206
Singapore,2024,2025,2025,42,2025-W42,510,512,2,xgboost_climate,53.0,46.61881
Singapore,2024,2025,2025,43,2025-W43,511,513,2,xgboost_climate,55.0,48.74195
Singapore,2024,2025,2025,44,2025-W44,512,514,2,xgboost_climate,39.0,55.384705
Singapore,2024,2025,2025,45,2025-W45,513,515,2,xgboost_climate,39.0,60.157322
Singapore,2024,2025,2025,46,2025-W46,514,516,2,xgboost_climate,27.0,50.90316
Singapore,2024,2025,2025,47,2025-W47,515,517,2,xgboost_climate,38.0,50.188515
Singapore,2024,2025,2025,48,2025-W48,516,518,2,xgboost_climate,46.0,52.636406
Singapore,2024,2025,2025,49,2025-W49,517,519,2,xgboost_climate,41.0,50.950367
Singapore,2024,2025,2025,50,2025-W50,518,520,2,xgboost_climate,32.0,56.086143
Singapore,2024,2025,2025,1,2025-W01,469,471,2,xgboost_epidemiology,99.0,111.38018
Singapore,2024,2025,2025,2,2025-W02,470,472,2,xgboost_epidemiology,118.0,126.90708
Singapore,2024,2025,2025,3,2025-W03,471,473,2,xgboost_epidemiology,54.0,111.54766
Singapore,2024,2025,2025,4,2025-W04,472,474,2,xgboost_epidemiology,113.0,125.22615
Singapore,2024,2025,2025,5,2025-W05,473,475,2,xgboost_epidemiology,114.0,68.10629
Singapore,2024,2025,2025,6,2025-W06,474,476,2,xgboost_epidemiology,71.0,103.32042
Singapore,2024,2025,2025,7,2025-W07,475,477,2,xgboost_epidemiology,82.0,124.1296
Singapore,2024,2025,2025,8,2025-W08,476,478,2,xgboost_epidemiology,86.0,80.1066
Singapore,2024,2025,2025,9,2025-W09,477,479,2,xgboost_epidemiology,72.0,69.29826
Singapore,2024,2025,2025,10,2025-W10,478,480,2,xgboost_epidemiology,100.0,71.72408
Singapore,2024,2025,2025,11,2025-W11,479,481,2,xgboost_epidemiology,98.0,66.282005
Singapore,2024,2025,2025,12,2025-W12,480,482,2,xgboost_epidemiology,87.0,86.00414
Singapore,2024,2025,2025,13,2025-W13,481,483,2,xgboost_epidemiology,92.0,105.9168
Singapore,2024,2025,2025,14,2025-W14,482,484,2,xgboost_epidemiology,94.0,83.40261
Singapore,2024,2025,2025,15,2025-W15,483,485,2,xgboost_epidemiology,107.0,86.479004
Singapore,2024,2025,2025,16,2025-W16,484,486,2,xgboost_epidemiology,89.0,103.11334
Singapore,2024,2025,2025,17,2025-W17,485,487,2,xgboost_epidemiology,105.0,119.230194
Singapore,2024,2025,2025,18,2025-W18,486,488,2,xgboost_epidemiology,103.0,89.2086
Singapore,2024,2025,2025,19,2025-W19,487,489,2,xgboost_epidemiology,118.0,97.65901
Singapore,2024,2025,2025,20,2025-W20,488,490,2,xgboost_epidemiology,117.0,109.596115
Singapore,2024,2025,2025,21,2025-W21,489,491,2,xgboost_epidemiology,118.0,129.6645
Singapore,2024,2025,2025,22,2025-W22,490,492,2,xgboost_epidemiology,125.0,134.48154
Singapore,2024,2025,2025,23,2025-W23,491,493,2,xgboost_epidemiology,106.0,133.31912
Singapore,2024,2025,2025,24,2025-W24,492,494,2,xgboost_epidemiology,100.0,134.1495
Singapore,2024,2025,2025,25,2025-W25,493,495,2,xgboost_epidemiology,119.0,119.338715
Singapore,2024,2025,2025,26,2025-W26,494,496,2,xgboost_epidemiology,112.0,99.60316
Singapore,2024,2025,2025,27,2025-W27,495,497,2,xgboost_epidemiology,86.0,111.72909
Singapore,2024,2025,2025,28,2025-W28,496,498,2,xgboost_epidemiology,77.0,121.886505
Singapore,2024,2025,2025,29,2025-W29,497,499,2,xgboost_epidemiology,71.0,89.005974
Singapore,2024,2025,2025,30,2025-W30,498,500,2,xgboost_epidemiology,73.0,72.96748
Singapore,2024,2025,2025,31,2025-W31,499,501,2,xgboost_epidemiology,62.0,69.770706
Singapore,2024,2025,2025,32,2025-W32,500,502,2,xgboost_epidemiology,47.0,69.32183
Singapore,2024,2025,2025,33,2025-W33,501,503,2,xgboost_epidemiology,51.0,68.34502
Singapore,2024,2025,2025,34,2025-W34,502,504,2,xgboost_epidemiology,42.0,54.45094
Singapore,2024,2025,2025,35,2025-W35,503,505,2,xgboost_epidemiology,49.0,56.18905
Singapore,2024,2025,2025,36,2025-W36,504,506,2,xgboost_epidemiology,45.0,55.886906
Singapore,2024,2025,2025,37,2025-W37,505,507,2,xgboost_epidemiology,40.0,54.968597
Singapore,2024,2025,2025,38,2025-W38,506,508,2,xgboost_epidemiology,55.0,56.007175
Singapore,2024,2025,2025,39,2025-W39,507,509,2,xgboost_epidemiology,33.0,53.00568
Singapore,2024,2025,2025,40,2025-W40,508,510,2,xgboost_epidemiology,47.0,58.890697
Singapore,2024,2025,2025,41,2025-W41,509,511,2,xgboost_epidemiology,36.0,49.183456
Singapore,2024,2025,2025,42,2025-W42,510,512,2,xgboost_epidemiology,53.0,49.273006
Singapore,2024,2025,2025,43,2025-W43,511,513,2,xgboost_epidemiology,55.0,48.096203
Singapore,2024,2025,2025,44,2025-W44,512,514,2,xgboost_epidemiology,39.0,49.26045
Singapore,2024,2025,2025,45,2025-W45,513,515,2,xgboost_epidemiology,39.0,58.384315
Singapore,2024,2025,2025,46,2025-W46,514,516,2,xgboost_epidemiology,27.0,48.172405
Singapore,2024,2025,2025,47,2025-W47,515,517,2,xgboost_epidemiology,38.0,47.378098
Singapore,2024,2025,2025,48,2025-W48,516,518,2,xgboost_epidemiology,46.0,47.502132
Singapore,2024,2025,2025,49,2025-W49,517,519,2,xgboost_epidemiology,41.0,46.723156
Singapore,2024,2025,2025,50,2025-W50,518,520,2,xgboost_epidemiology,32.0,51.29398
Singapore,2024,2025,2025,1,2025-W01,469,473,4,xgboost_climate,54.0,96.959694
Singapore,2024,2025,2025,2,2025-W02,470,474,4,xgboost_climate,113.0,127.61782
Singapore,2024,2025,2025,3,2025-W03,471,475,4,xgboost_climate,114.0,108.28391
Singapore,2024,2025,2025,4,2025-W04,472,476,4,xgboost_climate,71.0,127.65235
Singapore,2024,2025,2025,5,2025-W05,473,477,4,xgboost_climate,82.0,74.75353
Singapore,2024,2025,2025,6,2025-W06,474,478,4,xgboost_climate,86.0,103.09403
Singapore,2024,2025,2025,7,2025-W07,475,479,4,xgboost_climate,72.0,124.28542
Singapore,2024,2025,2025,8,2025-W08,476,480,4,xgboost_climate,100.0,72.79152
Singapore,2024,2025,2025,9,2025-W09,477,481,4,xgboost_climate,98.0,64.29609
Singapore,2024,2025,2025,10,2025-W10,478,482,4,xgboost_climate,87.0,68.69361
Singapore,2024,2025,2025,11,2025-W11,479,483,4,xgboost_climate,92.0,66.86492
Singapore,2024,2025,2025,12,2025-W12,480,484,4,xgboost_climate,94.0,99.87278
Singapore,2024,2025,2025,13,2025-W13,481,485,4,xgboost_climate,107.0,115.2699
Singapore,2024,2025,2025,14,2025-W14,482,486,4,xgboost_climate,89.0,91.68236
Singapore,2024,2025,2025,15,2025-W15,483,487,4,xgboost_climate,105.0,89.676216
Singapore,2024,2025,2025,16,2025-W16,484,488,4,xgboost_climate,103.0,94.36577
Singapore,2024,2025,2025,17,2025-W17,485,489,4,xgboost_climate,118.0,116.88095
Singapore,2024,2025,2025,18,2025-W18,486,490,4,xgboost_climate,117.0,89.7485
Singapore,2024,2025,2025,19,2025-W19,487,491,4,xgboost_climate,118.0,111.68588
Singapore,2024,2025,2025,20,2025-W20,488,492,4,xgboost_climate,125.0,127.68506
Singapore,2024,2025,2025,21,2025-W21,489,493,4,xgboost_climate,106.0,147.82092
Singapore,2024,2025,2025,22,2025-W22,490,494,4,xgboost_climate,100.0,150.27223
Singapore,2024,2025,2025,23,2025-W23,491,495,4,xgboost_climate,119.0,126.05284
Singapore,2024,2025,2025,24,2025-W24,492,496,4,xgboost_climate,112.0,134.92583
Singapore,2024,2025,2025,25,2025-W25,493,497,4,xgboost_climate,86.0,127.20371
Singapore,2024,2025,2025,26,2025-W26,494,498,4,xgboost_climate,77.0,111.371124
Singapore,2024,2025,2025,27,2025-W27,495,499,4,xgboost_climate,71.0,124.87574
Singapore,2024,2025,2025,28,2025-W28,496,500,4,xgboost_climate,73.0,121.750694
Singapore,2024,2025,2025,29,2025-W29,497,501,4,xgboost_climate,62.0,84.70148
Singapore,2024,2025,2025,30,2025-W30,498,502,4,xgboost_climate,47.0,69.558426
Singapore,2024,2025,2025,31,2025-W31,499,503,4,xgboost_climate,51.0,68.713524
Singapore,2024,2025,2025,32,2025-W32,500,504,4,xgboost_climate,42.0,66.61807
Singapore,2024,2025,2025,33,2025-W33,501,505,4,xgboost_climate,49.0,73.27005
Singapore,2024,2025,2025,34,2025-W34,502,506,4,xgboost_climate,45.0,70.30707
Singapore,2024,2025,2025,35,2025-W35,503,507,4,xgboost_climate,40.0,72.99429
Singapore,2024,2025,2025,36,2025-W36,504,508,4,xgboost_climate,55.0,66.262726
Singapore,2024,2025,2025,37,2025-W37,505,509,4,xgboost_climate,33.0,65.16023
Singapore,2024,2025,2025,38,2025-W38,506,510,4,xgboost_climate,47.0,66.54334
Singapore,2024,2025,2025,39,2025-W39,507,511,4,xgboost_climate,36.0,60.91748
Singapore,2024,2025,2025,40,2025-W40,508,512,4,xgboost_climate,53.0,57.94967
Singapore,2024,2025,2025,41,2025-W41,509,513,4,xgboost_climate,55.0,55.225334
Singapore,2024,2025,2025,42,2025-W42,510,514,4,xgboost_climate,39.0,57.529476
Singapore,2024,2025,2025,43,2025-W43,511,515,4,xgboost_climate,39.0,58.25067
Singapore,2024,2025,2025,44,2025-W44,512,516,4,xgboost_climate,27.0,59.89638
Singapore,2024,2025,2025,45,2025-W45,513,517,4,xgboost_climate,38.0,57.348457
Singapore,2024,2025,2025,46,2025-W46,514,518,4,xgboost_climate,46.0,63.55196
Singapore,2024,2025,2025,47,2025-W47,515,519,4,xgboost_climate,41.0,57.393105
Singapore,2024,2025,2025,48,2025-W48,516,520,4,xgboost_climate,32.0,62.616783
Singapore,2024,2025,2025,1,2025-W01,469,473,4,xgboost_epidemiology,54.0,108.4222
Singapore,2024,2025,2025,2,2025-W02,470,474,4,xgboost_epidemiology,113.0,146.02022
Singapore,2024,2025,2025,3,2025-W03,471,475,4,xgboost_epidemiology,114.0,124.336395
Singapore,2024,2025,2025,4,2025-W04,472,476,4,xgboost_epidemiology,71.0,135.30656
Singapore,2024,2025,2025,5,2025-W05,473,477,4,xgboost_epidemiology,82.0,86.26727
Singapore,2024,2025,2025,6,2025-W06,474,478,4,xgboost_epidemiology,86.0,108.4173
Singapore,2024,2025,2025,7,2025-W07,475,479,4,xgboost_epidemiology,72.0,136.45773
Singapore,2024,2025,2025,8,2025-W08,476,480,4,xgboost_epidemiology,100.0,77.24886
Singapore,2024,2025,2025,9,2025-W09,477,481,4,xgboost_epidemiology,98.0,68.6135
Singapore,2024,2025,2025,10,2025-W10,478,482,4,xgboost_epidemiology,87.0,70.63885
Singapore,2024,2025,2025,11,2025-W11,479,483,4,xgboost_epidemiology,92.0,69.10915
Singapore,2024,2025,2025,12,2025-W12,480,484,4,xgboost_epidemiology,94.0,96.3314
Singapore,2024,2025,2025,13,2025-W13,481,485,4,xgboost_epidemiology,107.0,115.699646
Singapore,2024,2025,2025,14,2025-W14,482,486,4,xgboost_epidemiology,89.0,85.1996
Singapore,2024,2025,2025,15,2025-W15,483,487,4,xgboost_epidemiology,105.0,88.71246
Singapore,2024,2025,2025,16,2025-W16,484,488,4,xgboost_epidemiology,103.0,91.39501
Singapore,2024,2025,2025,17,2025-W17,485,489,4,xgboost_epidemiology,118.0,123.86889
Singapore,2024,2025,2025,18,2025-W18,486,490,4,xgboost_epidemiology,117.0,82.12324
Singapore,2024,2025,2025,19,2025-W19,487,491,4,xgboost_epidemiology,118.0,99.74179
Singapore,2024,2025,2025,20,2025-W20,488,492,4,xgboost_epidemiology,125.0,116.14662
Singapore,2024,2025,2025,21,2025-W21,489,493,4,xgboost_epidemiology,106.0,145.35893
Singapore,2024,2025,2025,22,2025-W22,490,494,4,xgboost_epidemiology,100.0,145.62416
Singapore,2024,2025,2025,23,2025-W23,491,495,4,xgboost_epidemiology,119.0,134.84335
Singapore,2024,2025,2025,24,2025-W24,492,496,4,xgboost_epidemiology,112.0,141.27927
Singapore,2024,2025,2025,25,2025-W25,493,497,4,xgboost_epidemiology,86.0,121.69381
Singapore,2024,2025,2025,26,2025-W26,494,498,4,xgboost_epidemiology,77.0,106.54931
Singapore,2024,2025,2025,27,2025-W27,495,499,4,xgboost_epidemiology,71.0,130.0283
Singapore,2024,2025,2025,28,2025-W28,496,500,4,xgboost_epidemiology,73.0,128.27757
Singapore,2024,2025,2025,29,2025-W29,497,501,4,xgboost_epidemiology,62.0,86.16293
Singapore,2024,2025,2025,30,2025-W30,498,502,4,xgboost_epidemiology,47.0,74.86248
Singapore,2024,2025,2025,31,2025-W31,499,503,4,xgboost_epidemiology,51.0,72.26518
Singapore,2024,2025,2025,32,2025-W32,500,504,4,xgboost_epidemiology,42.0,71.1792
Singapore,2024,2025,2025,33,2025-W33,501,505,4,xgboost_epidemiology,49.0,70.26353
Singapore,2024,2025,2025,34,2025-W34,502,506,4,xgboost_epidemiology,45.0,70.241066
Singapore,2024,2025,2025,35,2025-W35,503,507,4,xgboost_epidemiology,40.0,70.68398
Singapore,2024,2025,2025,36,2025-W36,504,508,4,xgboost_epidemiology,55.0,70.68398
Singapore,2024,2025,2025,37,2025-W37,505,509,4,xgboost_epidemiology,33.0,67.80862
Singapore,2024,2025,2025,38,2025-W38,506,510,4,xgboost_epidemiology,47.0,72.78353
Singapore,2024,2025,2025,39,2025-W39,507,511,4,xgboost_epidemiology,36.0,60.015614
Singapore,2024,2025,2025,40,2025-W40,508,512,4,xgboost_epidemiology,53.0,59.571133
Singapore,2024,2025,2025,41,2025-W41,509,513,4,xgboost_epidemiology,55.0,55.14595
Singapore,2024,2025,2025,42,2025-W42,510,514,4,xgboost_epidemiology,39.0,55.26948
Singapore,2024,2025,2025,43,2025-W43,511,515,4,xgboost_epidemiology,39.0,54.878864
Singapore,2024,2025,2025,44,2025-W44,512,516,4,xgboost_epidemiology,27.0,55.493458
Singapore,2024,2025,2025,45,2025-W45,513,517,4,xgboost_epidemiology,38.0,54.525524
Singapore,2024,2025,2025,46,2025-W46,514,518,4,xgboost_epidemiology,46.0,54.525524
Singapore,2024,2025,2025,47,2025-W47,515,519,4,xgboost_epidemiology,41.0,55.250916
Singapore,2024,2025,2025,48,2025-W48,516,520,4,xgboost_epidemiology,32.0,54.860428
Sri Lanka,2023,2024,2024,9,2024-W09,425,426,1,xgboost_climate,1136.0,1359.0078
Sri Lanka,2023,2024,2024,10,2024-W10,426,427,1,xgboost_climate,975.0,1147.2188
Sri Lanka,2023,2024,2024,11,2024-W11,427,428,1,xgboost_climate,1004.0,895.71704
Sri Lanka,2023,2024,2024,12,2024-W12,428,429,1,xgboost_climate,747.0,933.49866
Sri Lanka,2023,2024,2024,13,2024-W13,429,430,1,xgboost_climate,664.0,760.5425
Sri Lanka,2023,2024,2024,14,2024-W14,430,431,1,xgboost_climate,614.0,666.0123
Sri Lanka,2023,2024,2024,15,2024-W15,431,432,1,xgboost_climate,427.0,598.24634
Sri Lanka,2023,2024,2024,16,2024-W16,432,433,1,xgboost_climate,576.0,512.2045
Sri Lanka,2023,2024,2024,17,2024-W17,433,434,1,xgboost_climate,537.0,518.76733
Sri Lanka,2023,2024,2024,18,2024-W18,434,435,1,xgboost_climate,571.0,531.90936
Sri Lanka,2023,2024,2024,19,2024-W19,435,436,1,xgboost_climate,589.0,632.37775
Sri Lanka,2023,2024,2024,20,2024-W20,436,437,1,xgboost_climate,663.0,664.0091
Sri Lanka,2023,2024,2024,21,2024-W21,437,438,1,xgboost_climate,493.0,780.75653
Sri Lanka,2023,2024,2024,22,2024-W22,438,439,1,xgboost_climate,648.0,565.67694
Sri Lanka,2023,2024,2024,23,2024-W23,439,440,1,xgboost_climate,640.0,635.1242
Sri Lanka,2023,2024,2024,24,2024-W24,440,441,1,xgboost_climate,677.0,660.76324
Sri Lanka,2023,2024,2024,25,2024-W25,441,442,1,xgboost_climate,683.0,738.54156
Sri Lanka,2023,2024,2024,26,2024-W26,442,443,1,xgboost_climate,875.0,753.29456
Sri Lanka,2023,2024,2024,27,2024-W27,443,444,1,xgboost_climate,935.0,873.80676
Sri Lanka,2023,2024,2024,28,2024-W28,444,445,1,xgboost_climate,989.0,981.1563
Sri Lanka,2023,2024,2024,29,2024-W29,445,446,1,xgboost_climate,992.0,1065.0332
Sri Lanka,2023,2024,2024,30,2024-W30,446,447,1,xgboost_climate,1031.0,1060.6696
Sri Lanka,2023,2024,2024,31,2024-W31,447,448,1,xgboost_climate,1004.0,1094.8219
Sri Lanka,2023,2024,2024,32,2024-W32,448,449,1,xgboost_climate,960.0,1048.1406
Sri Lanka,2023,2024,2024,33,2024-W33,449,450,1,xgboost_climate,911.0,938.35803
Sri Lanka,2023,2024,2024,34,2024-W34,450,451,1,xgboost_climate,857.0,930.81995
Sri Lanka,2023,2024,2024,35,2024-W35,451,452,1,xgboost_climate,854.0,800.7422
Sri Lanka,2023,2024,2024,36,2024-W36,452,453,1,xgboost_climate,733.0,807.1444
Sri Lanka,2023,2024,2024,37,2024-W37,453,454,1,xgboost_climate,694.0,752.79517
Sri Lanka,2023,2024,2024,38,2024-W38,454,455,1,xgboost_climate,671.0,684.0442
Sri Lanka,2023,2024,2024,39,2024-W39,455,456,1,xgboost_climate,657.0,686.09735
Sri Lanka,2023,2024,2024,40,2024-W40,456,457,1,xgboost_climate,686.0,651.1541
Sri Lanka,2023,2024,2024,41,2024-W41,457,458,1,xgboost_climate,707.0,681.9353
Sri Lanka,2023,2024,2024,42,2024-W42,458,459,1,xgboost_climate,668.0,722.5001
Sri Lanka,2023,2024,2024,43,2024-W43,459,460,1,xgboost_climate,672.0,730.3935
Sri Lanka,2023,2024,2024,44,2024-W44,460,461,1,xgboost_climate,669.0,709.9728
Sri Lanka,2023,2024,2024,45,2024-W45,461,462,1,xgboost_climate,696.0,813.6544
Sri Lanka,2023,2024,2024,46,2024-W46,462,463,1,xgboost_climate,626.0,757.19525
Sri Lanka,2023,2024,2024,47,2024-W47,463,464,1,xgboost_climate,913.0,744.7532
Sri Lanka,2023,2024,2024,48,2024-W48,464,465,1,xgboost_climate,832.0,1032.1357
Sri Lanka,2023,2024,2024,49,2024-W49,465,466,1,xgboost_climate,736.0,860.32544
Sri Lanka,2023,2024,2024,50,2024-W50,466,467,1,xgboost_climate,915.0,796.64374
Sri Lanka,2023,2024,2024,51,2024-W51,467,468,1,xgboost_climate,860.0,986.36334
Sri Lanka,2023,2024,2024,9,2024-W09,425,426,1,xgboost_epidemiology,1136.0,1379.4536
Sri Lanka,2023,2024,2024,10,2024-W10,426,427,1,xgboost_epidemiology,975.0,1119.41
Sri Lanka,2023,2024,2024,11,2024-W11,427,428,1,xgboost_epidemiology,1004.0,860.7375
Sri Lanka,2023,2024,2024,12,2024-W12,428,429,1,xgboost_epidemiology,747.0,913.3653
Sri Lanka,2023,2024,2024,13,2024-W13,429,430,1,xgboost_epidemiology,664.0,700.7525
Sri Lanka,2023,2024,2024,14,2024-W14,430,431,1,xgboost_epidemiology,614.0,668.29926
Sri Lanka,2023,2024,2024,15,2024-W15,431,432,1,xgboost_epidemiology,427.0,553.05695
Sri Lanka,2023,2024,2024,16,2024-W16,432,433,1,xgboost_epidemiology,576.0,471.43597
Sri Lanka,2023,2024,2024,17,2024-W17,433,434,1,xgboost_epidemiology,537.0,502.0218
Sri Lanka,2023,2024,2024,18,2024-W18,434,435,1,xgboost_epidemiology,571.0,504.3336
Sri Lanka,2023,2024,2024,19,2024-W19,435,436,1,xgboost_epidemiology,589.0,581.29114
Sri Lanka,2023,2024,2024,20,2024-W20,436,437,1,xgboost_epidemiology,663.0,595.5288
Sri Lanka,2023,2024,2024,21,2024-W21,437,438,1,xgboost_epidemiology,493.0,679.8949
Sri Lanka,2023,2024,2024,22,2024-W22,438,439,1,xgboost_epidemiology,648.0,539.4872
Sri Lanka,2023,2024,2024,23,2024-W23,439,440,1,xgboost_epidemiology,640.0,527.916
Sri Lanka,2023,2024,2024,24,2024-W24,440,441,1,xgboost_epidemiology,677.0,636.4125
Sri Lanka,2023,2024,2024,25,2024-W25,441,442,1,xgboost_epidemiology,683.0,701.6797
Sri Lanka,2023,2024,2024,26,2024-W26,442,443,1,xgboost_epidemiology,875.0,716.8068
Sri Lanka,2023,2024,2024,27,2024-W27,443,444,1,xgboost_epidemiology,935.0,869.3983
Sri Lanka,2023,2024,2024,28,2024-W28,444,445,1,xgboost_epidemiology,989.0,953.2377
Sri Lanka,2023,2024,2024,29,2024-W29,445,446,1,xgboost_epidemiology,992.0,1015.62
Sri Lanka,2023,2024,2024,30,2024-W30,446,447,1,xgboost_epidemiology,1031.0,1050.2268
Sri Lanka,2023,2024,2024,31,2024-W31,447,448,1,xgboost_epidemiology,1004.0,1065.4653
Sri Lanka,2023,2024,2024,32,2024-W32,448,449,1,xgboost_epidemiology,960.0,1027.7988
Sri Lanka,2023,2024,2024,33,2024-W33,449,450,1,xgboost_epidemiology,911.0,954.8448
Sri Lanka,2023,2024,2024,34,2024-W34,450,451,1,xgboost_epidemiology,857.0,914.0156
Sri Lanka,2023,2024,2024,35,2024-W35,451,452,1,xgboost_epidemiology,854.0,798.2127
Sri Lanka,2023,2024,2024,36,2024-W36,452,453,1,xgboost_epidemiology,733.0,785.8577
Sri Lanka,2023,2024,2024,37,2024-W37,453,454,1,xgboost_epidemiology,694.0,749.3714
Sri Lanka,2023,2024,2024,38,2024-W38,454,455,1,xgboost_epidemiology,671.0,715.9827
Sri Lanka,2023,2024,2024,39,2024-W39,455,456,1,xgboost_epidemiology,657.0,683.9674
Sri Lanka,2023,2024,2024,40,2024-W40,456,457,1,xgboost_epidemiology,686.0,639.955
Sri Lanka,2023,2024,2024,41,2024-W41,457,458,1,xgboost_epidemiology,707.0,678.0827
Sri Lanka,2023,2024,2024,42,2024-W42,458,459,1,xgboost_epidemiology,668.0,716.5242
Sri Lanka,2023,2024,2024,43,2024-W43,459,460,1,xgboost_epidemiology,672.0,698.69025
Sri Lanka,2023,2024,2024,44,2024-W44,460,461,1,xgboost_epidemiology,669.0,689.0958
Sri Lanka,2023,2024,2024,45,2024-W45,461,462,1,xgboost_epidemiology,696.0,730.07513
Sri Lanka,2023,2024,2024,46,2024-W46,462,463,1,xgboost_epidemiology,626.0,757.4469
Sri Lanka,2023,2024,2024,47,2024-W47,463,464,1,xgboost_epidemiology,913.0,686.87067
Sri Lanka,2023,2024,2024,48,2024-W48,464,465,1,xgboost_epidemiology,832.0,928.52203
Sri Lanka,2023,2024,2024,49,2024-W49,465,466,1,xgboost_epidemiology,736.0,836.2243
Sri Lanka,2023,2024,2024,50,2024-W50,466,467,1,xgboost_epidemiology,915.0,809.1453
Sri Lanka,2023,2024,2024,51,2024-W51,467,468,1,xgboost_epidemiology,860.0,952.82056
Sri Lanka,2023,2024,2024,9,2024-W09,425,427,2,xgboost_climate,975.0,1274.5577
Sri Lanka,2023,2024,2024,10,2024-W10,426,428,2,xgboost_climate,1004.0,905.6956
Sri Lanka,2023,2024,2024,11,2024-W11,427,429,2,xgboost_climate,747.0,747.1627
Sri Lanka,2023,2024,2024,12,2024-W12,428,430,2,xgboost_climate,664.0,752.5515
Sri Lanka,2023,2024,2024,13,2024-W13,429,431,2,xgboost_climate,614.0,659.51294
Sri Lanka,2023,2024,2024,14,2024-W14,430,432,2,xgboost_climate,427.0,640.2595
Sri Lanka,2023,2024,2024,15,2024-W15,431,433,2,xgboost_climate,576.0,488.29358
Sri Lanka,2023,2024,2024,16,2024-W16,432,434,2,xgboost_climate,537.0,485.9077
Sri Lanka,2023,2024,2024,17,2024-W17,433,435,2,xgboost_climate,571.0,580.7352
Sri Lanka,2023,2024,2024,18,2024-W18,434,436,2,xgboost_climate,589.0,552.17444
Sri Lanka,2023,2024,2024,19,2024-W19,435,437,2,xgboost_climate,663.0,632.5505
Sri Lanka,2023,2024,2024,20,2024-W20,436,438,2,xgboost_climate,493.0,669.4773
Sri Lanka,2023,2024,2024,21,2024-W21,437,439,2,xgboost_climate,648.0,879.1931
Sri Lanka,2023,2024,2024,22,2024-W22,438,440,2,xgboost_climate,640.0,685.9617
Sri Lanka,2023,2024,2024,23,2024-W23,439,441,2,xgboost_climate,677.0,701.47064
Sri Lanka,2023,2024,2024,24,2024-W24,440,442,2,xgboost_climate,683.0,773.1568
Sri Lanka,2023,2024,2024,25,2024-W25,441,443,2,xgboost_climate,875.0,845.90546
Sri Lanka,2023,2024,2024,26,2024-W26,442,444,2,xgboost_climate,935.0,823.6823
Sri Lanka,2023,2024,2024,27,2024-W27,443,445,2,xgboost_climate,989.0,931.907
Sri Lanka,2023,2024,2024,28,2024-W28,444,446,2,xgboost_climate,992.0,994.8702
Sri Lanka,2023,2024,2024,29,2024-W29,445,447,2,xgboost_climate,1031.0,1015.8139
Sri Lanka,2023,2024,2024,30,2024-W30,446,448,2,xgboost_climate,1004.0,1026.0989
Sri Lanka,2023,2024,2024,31,2024-W31,447,449,2,xgboost_climate,960.0,1045.9537
Sri Lanka,2023,2024,2024,32,2024-W32,448,450,2,xgboost_climate,911.0,1105.9303
Sri Lanka,2023,2024,2024,33,2024-W33,449,451,2,xgboost_climate,857.0,887.1073
Sri Lanka,2023,2024,2024,34,2024-W34,450,452,2,xgboost_climate,854.0,969.582
Sri Lanka,2023,2024,2024,35,2024-W35,451,453,2,xgboost_climate,733.0,855.37506
Sri Lanka,2023,2024,2024,36,2024-W36,452,454,2,xgboost_climate,694.0,854.65137
Sri Lanka,2023,2024,2024,37,2024-W37,453,455,2,xgboost_climate,671.0,825.5815
Sri Lanka,2023,2024,2024,38,2024-W38,454,456,2,xgboost_climate,657.0,674.1839
Sri Lanka,2023,2024,2024,39,2024-W39,455,457,2,xgboost_climate,686.0,716.21564
Sri Lanka,2023,2024,2024,40,2024-W40,456,458,2,xgboost_climate,707.0,604.64233
Sri Lanka,2023,2024,2024,41,2024-W41,457,459,2,xgboost_climate,668.0,662.0779
Sri Lanka,2023,2024,2024,42,2024-W42,458,460,2,xgboost_climate,672.0,701.56506
Sri Lanka,2023,2024,2024,43,2024-W43,459,461,2,xgboost_climate,669.0,754.9343
Sri Lanka,2023,2024,2024,44,2024-W44,460,462,2,xgboost_climate,696.0,738.14526
Sri Lanka,2023,2024,2024,45,2024-W45,461,463,2,xgboost_climate,626.0,828.6267
Sri Lanka,2023,2024,2024,46,2024-W46,462,464,2,xgboost_climate,913.0,831.9671
Sri Lanka,2023,2024,2024,47,2024-W47,463,465,2,xgboost_climate,832.0,844.494
Sri Lanka,2023,2024,2024,48,2024-W48,464,466,2,xgboost_climate,736.0,1086.6218
Sri Lanka,2023,2024,2024,49,2024-W49,465,467,2,xgboost_climate,915.0,900.7652
Sri Lanka,2023,2024,2024,50,2024-W50,466,468,2,xgboost_climate,860.0,935.30505
Sri Lanka,2023,2024,2024,9,2024-W09,425,427,2,xgboost_epidemiology,975.0,1304.4518
Sri Lanka,2023,2024,2024,10,2024-W10,426,428,2,xgboost_epidemiology,1004.0,951.48114
Sri Lanka,2023,2024,2024,11,2024-W11,427,429,2,xgboost_epidemiology,747.0,786.10126
Sri Lanka,2023,2024,2024,12,2024-W12,428,430,2,xgboost_epidemiology,664.0,728.57074
Sri Lanka,2023,2024,2024,13,2024-W13,429,431,2,xgboost_epidemiology,614.0,558.16077
Sri Lanka,2023,2024,2024,14,2024-W14,430,432,2,xgboost_epidemiology,427.0,661.75323
Sri Lanka,2023,2024,2024,15,2024-W15,431,433,2,xgboost_epidemiology,576.0,436.33853
Sri Lanka,2023,2024,2024,16,2024-W16,432,434,2,xgboost_epidemiology,537.0,449.78564
Sri Lanka,2023,2024,2024,17,2024-W17,433,435,2,xgboost_epidemiology,571.0,561.59076
Sri Lanka,2023,2024,2024,18,2024-W18,434,436,2,xgboost_epidemiology,589.0,552.56836
Sri Lanka,2023,2024,2024,19,2024-W19,435,437,2,xgboost_epidemiology,663.0,594.34644
Sri Lanka,2023,2024,2024,20,2024-W20,436,438,2,xgboost_epidemiology,493.0,587.91736
Sri Lanka,2023,2024,2024,21,2024-W21,437,439,2,xgboost_epidemiology,648.0,680.9272
Sri Lanka,2023,2024,2024,22,2024-W22,438,440,2,xgboost_epidemiology,640.0,502.24997
Sri Lanka,2023,2024,2024,23,2024-W23,439,441,2,xgboost_epidemiology,677.0,624.6319
Sri Lanka,2023,2024,2024,24,2024-W24,440,442,2,xgboost_epidemiology,683.0,665.6747
Sri Lanka,2023,2024,2024,25,2024-W25,441,443,2,xgboost_epidemiology,875.0,696.97345
Sri Lanka,2023,2024,2024,26,2024-W26,442,444,2,xgboost_epidemiology,935.0,698.46576
Sri Lanka,2023,2024,2024,27,2024-W27,443,445,2,xgboost_epidemiology,989.0,840.6718
Sri Lanka,2023,2024,2024,28,2024-W28,444,446,2,xgboost_epidemiology,992.0,898.23395
Sri Lanka,2023,2024,2024,29,2024-W29,445,447,2,xgboost_epidemiology,1031.0,952.3681
Sri Lanka,2023,2024,2024,30,2024-W30,446,448,2,xgboost_epidemiology,1004.0,971.1415
Sri Lanka,2023,2024,2024,31,2024-W31,447,449,2,xgboost_epidemiology,960.0,1020.2006
Sri Lanka,2023,2024,2024,32,2024-W32,448,450,2,xgboost_epidemiology,911.0,1030.9098
Sri Lanka,2023,2024,2024,33,2024-W33,449,451,2,xgboost_epidemiology,857.0,895.5319
Sri Lanka,2023,2024,2024,34,2024-W34,450,452,2,xgboost_epidemiology,854.0,891.1429
Sri Lanka,2023,2024,2024,35,2024-W35,451,453,2,xgboost_epidemiology,733.0,817.576
Sri Lanka,2023,2024,2024,36,2024-W36,452,454,2,xgboost_epidemiology,694.0,821.50195
Sri Lanka,2023,2024,2024,37,2024-W37,453,455,2,xgboost_epidemiology,671.0,740.95544
Sri Lanka,2023,2024,2024,38,2024-W38,454,456,2,xgboost_epidemiology,657.0,697.61707
Sri Lanka,2023,2024,2024,39,2024-W39,455,457,2,xgboost_epidemiology,686.0,677.5379
Sri Lanka,2023,2024,2024,40,2024-W40,456,458,2,xgboost_epidemiology,707.0,617.0692
Sri Lanka,2023,2024,2024,41,2024-W41,457,459,2,xgboost_epidemiology,668.0,676.3538
Sri Lanka,2023,2024,2024,42,2024-W42,458,460,2,xgboost_epidemiology,672.0,691.7773
Sri Lanka,2023,2024,2024,43,2024-W43,459,461,2,xgboost_epidemiology,669.0,682.0102
Sri Lanka,2023,2024,2024,44,2024-W44,460,462,2,xgboost_epidemiology,696.0,686.79584
Sri Lanka,2023,2024,2024,45,2024-W45,461,463,2,xgboost_epidemiology,626.0,706.283
Sri Lanka,2023,2024,2024,46,2024-W46,462,464,2,xgboost_epidemiology,913.0,783.3
Sri Lanka,2023,2024,2024,47,2024-W47,463,465,2,xgboost_epidemiology,832.0,722.89905
Sri Lanka,2023,2024,2024,48,2024-W48,464,466,2,xgboost_epidemiology,736.0,919.6978
Sri Lanka,2023,2024,2024,49,2024-W49,465,467,2,xgboost_epidemiology,915.0,881.4873
Sri Lanka,2023,2024,2024,50,2024-W50,466,468,2,xgboost_epidemiology,860.0,869.241
Sri Lanka,2023,2024,2024,9,2024-W09,425,429,4,xgboost_climate,747.0,912.1105
Sri Lanka,2023,2024,2024,10,2024-W10,426,430,4,xgboost_climate,664.0,752.4807
Sri Lanka,2023,2024,2024,11,2024-W11,427,431,4,xgboost_climate,614.0,455.94858
Sri Lanka,2023,2024,2024,12,2024-W12,428,432,4,xgboost_climate,427.0,434.13007
Sri Lanka,2023,2024,2024,13,2024-W13,429,433,4,xgboost_climate,576.0,424.98364
Sri Lanka,2023,2024,2024,14,2024-W14,430,434,4,xgboost_climate,537.0,831.3505
Sri Lanka,2023,2024,2024,15,2024-W15,431,435,4,xgboost_climate,571.0,442.70587
Sri Lanka,2023,2024,2024,16,2024-W16,432,436,4,xgboost_climate,589.0,551.5064
Sri Lanka,2023,2024,2024,17,2024-W17,433,437,4,xgboost_climate,663.0,588.298
Sri Lanka,2023,2024,2024,18,2024-W18,434,438,4,xgboost_climate,493.0,620.4924
Sri Lanka,2023,2024,2024,19,2024-W19,435,439,4,xgboost_climate,648.0,717.5023
Sri Lanka,2023,2024,2024,20,2024-W20,436,440,4,xgboost_climate,640.0,771.42816
Sri Lanka,2023,2024,2024,21,2024-W21,437,441,4,xgboost_climate,677.0,927.0849
Sri Lanka,2023,2024,2024,22,2024-W22,438,442,4,xgboost_climate,683.0,804.2141
Sri Lanka,2023,2024,2024,23,2024-W23,439,443,4,xgboost_climate,875.0,798.85895
Sri Lanka,2023,2024,2024,24,2024-W24,440,444,4,xgboost_climate,935.0,762.7462
Sri Lanka,2023,2024,2024,25,2024-W25,441,445,4,xgboost_climate,989.0,866.8525
Sri Lanka,2023,2024,2024,26,2024-W26,442,446,4,xgboost_climate,992.0,864.7809
Sri Lanka,2023,2024,2024,27,2024-W27,443,447,4,xgboost_climate,1031.0,879.6138
Sri Lanka,2023,2024,2024,28,2024-W28,444,448,4,xgboost_climate,1004.0,927.97394
Sri Lanka,2023,2024,2024,29,2024-W29,445,449,4,xgboost_climate,960.0,948.0388
Sri Lanka,2023,2024,2024,30,2024-W30,446,450,4,xgboost_climate,911.0,929.25854
Sri Lanka,2023,2024,2024,31,2024-W31,447,451,4,xgboost_climate,857.0,857.47534
Sri Lanka,2023,2024,2024,32,2024-W32,448,452,4,xgboost_climate,854.0,1025.4673
Sri Lanka,2023,2024,2024,33,2024-W33,449,453,4,xgboost_climate,733.0,887.91437
Sri Lanka,2023,2024,2024,34,2024-W34,450,454,4,xgboost_climate,694.0,905.9771
Sri Lanka,2023,2024,2024,35,2024-W35,451,455,4,xgboost_climate,671.0,856.50287
Sri Lanka,2023,2024,2024,36,2024-W36,452,456,4,xgboost_climate,657.0,784.7932
Sri Lanka,2023,2024,2024,37,2024-W37,453,457,4,xgboost_climate,686.0,846.7454
Sri Lanka,2023,2024,2024,38,2024-W38,454,458,4,xgboost_climate,707.0,690.41595
Sri Lanka,2023,2024,2024,39,2024-W39,455,459,4,xgboost_climate,668.0,697.5058
Sri Lanka,2023,2024,2024,40,2024-W40,456,460,4,xgboost_climate,672.0,581.7689
Sri Lanka,2023,2024,2024,41,2024-W41,457,461,4,xgboost_climate,669.0,789.267
Sri Lanka,2023,2024,2024,42,2024-W42,458,462,4,xgboost_climate,696.0,790.21497
Sri Lanka,2023,2024,2024,43,2024-W43,459,463,4,xgboost_climate,626.0,866.93317
Sri Lanka,2023,2024,2024,44,2024-W44,460,464,4,xgboost_climate,913.0,837.82275
Sri Lanka,2023,2024,2024,45,2024-W45,461,465,4,xgboost_climate,832.0,900.86066
Sri Lanka,2023,2024,2024,46,2024-W46,462,466,4,xgboost_climate,736.0,947.2228
Sri Lanka,2023,2024,2024,47,2024-W47,463,467,4,xgboost_climate,915.0,882.80164
Sri Lanka,2023,2024,2024,48,2024-W48,464,468,4,xgboost_climate,860.0,946.9592
Sri Lanka,2023,2024,2024,9,2024-W09,425,429,4,xgboost_epidemiology,747.0,1053.4272
Sri Lanka,2023,2024,2024,10,2024-W10,426,430,4,xgboost_epidemiology,664.0,836.60565
Sri Lanka,2023,2024,2024,11,2024-W11,427,431,4,xgboost_epidemiology,614.0,466.97375
Sri Lanka,2023,2024,2024,12,2024-W12,428,432,4,xgboost_epidemiology,427.0,419.71634
Sri Lanka,2023,2024,2024,13,2024-W13,429,433,4,xgboost_epidemiology,576.0,350.7495
Sri Lanka,2023,2024,2024,14,2024-W14,430,434,4,xgboost_epidemiology,537.0,702.25116
Sri Lanka,2023,2024,2024,15,2024-W15,431,435,4,xgboost_epidemiology,571.0,296.038
Sri Lanka,2023,2024,2024,16,2024-W16,432,436,4,xgboost_epidemiology,589.0,497.1481
Sri Lanka,2023,2024,2024,17,2024-W17,433,437,4,xgboost_epidemiology,663.0,531.2171
Sri Lanka,2023,2024,2024,18,2024-W18,434,438,4,xgboost_epidemiology,493.0,591.0111
Sri Lanka,2023,2024,2024,19,2024-W19,435,439,4,xgboost_epidemiology,648.0,591.0111
Sri Lanka,2023,2024,2024,20,2024-W20,436,440,4,xgboost_epidemiology,640.0,591.93463
Sri Lanka,2023,2024,2024,21,2024-W21,437,441,4,xgboost_epidemiology,677.0,742.8868
Sri Lanka,2023,2024,2024,22,2024-W22,438,442,4,xgboost_epidemiology,683.0,583.62787
Sri Lanka,2023,2024,2024,23,2024-W23,439,443,4,xgboost_epidemiology,875.0,607.8216
Sri Lanka,2023,2024,2024,24,2024-W24,440,444,4,xgboost_epidemiology,935.0,600.77997
Sri Lanka,2023,2024,2024,25,2024-W25,441,445,4,xgboost_epidemiology,989.0,728.8355
Sri Lanka,2023,2024,2024,26,2024-W26,442,446,4,xgboost_epidemiology,992.0,728.8355
Sri Lanka,2023,2024,2024,27,2024-W27,443,447,4,xgboost_epidemiology,1031.0,821.89307
Sri Lanka,2023,2024,2024,28,2024-W28,444,448,4,xgboost_epidemiology,1004.0,838.4149
Sri Lanka,2023,2024,2024,29,2024-W29,445,449,4,xgboost_epidemiology,960.0,879.7402
Sri Lanka,2023,2024,2024,30,2024-W30,446,450,4,xgboost_epidemiology,911.0,884.8995
Sri Lanka,2023,2024,2024,31,2024-W31,447,451,4,xgboost_epidemiology,857.0,949.1477
Sri Lanka,2023,2024,2024,32,2024-W32,448,452,4,xgboost_epidemiology,854.0,893.6589
Sri Lanka,2023,2024,2024,33,2024-W33,449,453,4,xgboost_epidemiology,733.0,846.3672
Sri Lanka,2023,2024,2024,34,2024-W34,450,454,4,xgboost_epidemiology,694.0,846.3672
Sri Lanka,2023,2024,2024,35,2024-W35,451,455,4,xgboost_epidemiology,671.0,739.7613
Sri Lanka,2023,2024,2024,36,2024-W36,452,456,4,xgboost_epidemiology,657.0,747.97723
Sri Lanka,2023,2024,2024,37,2024-W37,453,457,4,xgboost_epidemiology,686.0,747.97723
Sri Lanka,2023,2024,2024,38,2024-W38,454,458,4,xgboost_epidemiology,707.0,740.50024
Sri Lanka,2023,2024,2024,39,2024-W39,455,459,4,xgboost_epidemiology,668.0,724.0135
Sri Lanka,2023,2024,2024,40,2024-W40,456,460,4,xgboost_epidemiology,672.0,573.0251
Sri Lanka,2023,2024,2024,41,2024-W41,457,461,4,xgboost_epidemiology,669.0,724.0135
Sri Lanka,2023,2024,2024,42,2024-W42,458,462,4,xgboost_epidemiology,696.0,708.7764
Sri Lanka,2023,2024,2024,43,2024-W43,459,463,4,xgboost_epidemiology,626.0,724.0135
Sri Lanka,2023,2024,2024,44,2024-W44,460,464,4,xgboost_epidemiology,913.0,756.858
Sri Lanka,2023,2024,2024,45,2024-W45,461,465,4,xgboost_epidemiology,832.0,856.21466
Sri Lanka,2023,2024,2024,46,2024-W46,462,466,4,xgboost_epidemiology,736.0,901.52106
Sri Lanka,2023,2024,2024,47,2024-W47,463,467,4,xgboost_epidemiology,915.0,810.97034
Sri Lanka,2023,2024,2024,48,2024-W48,464,468,4,xgboost_epidemiology,860.0,939.8661
Taiwan,2023,2024,2024,1,2024-W01,417,418,1,xgboost_climate,40.0,48.916794
Taiwan,2023,2024,2024,2,2024-W02,418,419,1,xgboost_climate,24.0,48.74565
Taiwan,2023,2024,2024,3,2024-W03,419,420,1,xgboost_climate,12.0,31.86084
Taiwan,2023,2024,2024,4,2024-W04,420,421,1,xgboost_climate,7.0,30.135044
Taiwan,2023,2024,2024,5,2024-W05,421,422,1,xgboost_climate,4.0,4.3496904
Taiwan,2023,2024,2024,6,2024-W06,422,423,1,xgboost_climate,7.0,2.5215404
Taiwan,2023,2024,2024,7,2024-W07,423,424,1,xgboost_climate,18.0,0.8731902
Taiwan,2023,2024,2024,8,2024-W08,424,425,1,xgboost_climate,4.0,1.3482322
Taiwan,2023,2024,2024,9,2024-W09,425,426,1,xgboost_climate,1.0,2.0690162
Taiwan,2023,2024,2024,10,2024-W10,426,427,1,xgboost_climate,1.0,0.10547993
Taiwan,2023,2024,2024,11,2024-W11,427,428,1,xgboost_climate,0.0,0.08810333
Taiwan,2023,2024,2024,12,2024-W12,428,429,1,xgboost_climate,1.0,0.33359644
Taiwan,2023,2024,2024,13,2024-W13,429,430,1,xgboost_climate,3.0,0.29601035
Taiwan,2023,2024,2024,14,2024-W14,430,431,1,xgboost_climate,1.0,0.9239773
Taiwan,2023,2024,2024,15,2024-W15,431,432,1,xgboost_climate,6.0,0.25717083
Taiwan,2023,2024,2024,16,2024-W16,432,433,1,xgboost_climate,1.0,0.6700113
Taiwan,2023,2024,2024,17,2024-W17,433,434,1,xgboost_climate,1.0,0.38467973
Taiwan,2023,2024,2024,18,2024-W18,434,435,1,xgboost_climate,0.0,0.5810631
Taiwan,2023,2024,2024,19,2024-W19,435,436,1,xgboost_climate,0.0,0.38766474
Taiwan,2023,2024,2024,20,2024-W20,436,437,1,xgboost_climate,0.0,0.46150708
Taiwan,2023,2024,2024,21,2024-W21,437,438,1,xgboost_climate,0.0,0.5468182
Taiwan,2023,2024,2024,22,2024-W22,438,439,1,xgboost_climate,2.0,0.32206538
Taiwan,2023,2024,2024,23,2024-W23,439,440,1,xgboost_climate,0.0,3.4566066
Taiwan,2023,2024,2024,24,2024-W24,440,441,1,xgboost_climate,0.0,0.308886
Taiwan,2023,2024,2024,25,2024-W25,441,442,1,xgboost_climate,0.0,0.39955023
Taiwan,2023,2024,2024,26,2024-W26,442,443,1,xgboost_climate,0.0,0.39459464
Taiwan,2023,2024,2024,27,2024-W27,443,444,1,xgboost_climate,0.0,0.54483104
Taiwan,2023,2024,2024,28,2024-W28,444,445,1,xgboost_climate,0.0,0.35913026
Taiwan,2023,2024,2024,29,2024-W29,445,446,1,xgboost_climate,0.0,0.35899448
Taiwan,2023,2024,2024,30,2024-W30,446,447,1,xgboost_climate,0.0,0.016701894
Taiwan,2023,2024,2024,31,2024-W31,447,448,1,xgboost_climate,0.0,0.0
Taiwan,2023,2024,2024,32,2024-W32,448,449,1,xgboost_climate,0.0,0.0
Taiwan,2023,2024,2024,33,2024-W33,449,450,1,xgboost_climate,0.0,0.17301217
Taiwan,2023,2024,2024,34,2024-W34,450,451,1,xgboost_climate,0.0,0.31886932
Taiwan,2023,2024,2024,35,2024-W35,451,452,1,xgboost_climate,0.0,0.0
Taiwan,2023,2024,2024,36,2024-W36,452,453,1,xgboost_climate,3.0,0.10169499
Taiwan,2023,2024,2024,37,2024-W37,453,454,1,xgboost_climate,28.0,2.1898992
Taiwan,2023,2024,2024,38,2024-W38,454,455,1,xgboost_climate,31.0,19.941734
Taiwan,2023,2024,2024,39,2024-W39,455,456,1,xgboost_climate,5.0,44.305035
Taiwan,2023,2024,2024,40,2024-W40,456,457,1,xgboost_climate,4.0,5.861256
Taiwan,2023,2024,2024,41,2024-W41,457,458,1,xgboost_climate,3.0,2.3295426
Taiwan,2023,2024,2024,42,2024-W42,458,459,1,xgboost_climate,5.0,2.51668
Taiwan,2023,2024,2024,43,2024-W43,459,460,1,xgboost_climate,2.0,2.740841
Taiwan,2023,2024,2024,44,2024-W44,460,461,1,xgboost_climate,2.0,2.3900862
Taiwan,2023,2024,2024,45,2024-W45,461,462,1,xgboost_climate,0.0,2.0567725
Taiwan,2023,2024,2024,46,2024-W46,462,463,1,xgboost_climate,1.0,0.42919528
Taiwan,2023,2024,2024,47,2024-W47,463,464,1,xgboost_climate,1.0,0.5810846
Taiwan,2023,2024,2024,48,2024-W48,464,465,1,xgboost_climate,0.0,0.0818232
Taiwan,2023,2024,2024,49,2024-W49,465,466,1,xgboost_climate,2.0,0.6873578
Taiwan,2023,2024,2024,50,2024-W50,466,467,1,xgboost_climate,1.0,0.5055571
Taiwan,2023,2024,2024,51,2024-W51,467,468,1,xgboost_climate,1.0,1.741803
Taiwan,2023,2024,2024,1,2024-W01,417,418,1,xgboost_epidemiology,40.0,72.261024
Taiwan,2023,2024,2024,2,2024-W02,418,419,1,xgboost_epidemiology,24.0,48.00434
Taiwan,2023,2024,2024,3,2024-W03,419,420,1,xgboost_epidemiology,12.0,32.559067
Taiwan,2023,2024,2024,4,2024-W04,420,421,1,xgboost_epidemiology,7.0,19.92464
Taiwan,2023,2024,2024,5,2024-W05,421,422,1,xgboost_epidemiology,4.0,4.1729035
Taiwan,2023,2024,2024,6,2024-W06,422,423,1,xgboost_epidemiology,7.0,2.1838236
Taiwan,2023,2024,2024,7,2024-W07,423,424,1,xgboost_epidemiology,18.0,2.0488875
Taiwan,2023,2024,2024,8,2024-W08,424,425,1,xgboost_epidemiology,4.0,2.5021667
Taiwan,2023,2024,2024,9,2024-W09,425,426,1,xgboost_epidemiology,1.0,2.0355115
Taiwan,2023,2024,2024,10,2024-W10,426,427,1,xgboost_epidemiology,1.0,0.30030778
Taiwan,2023,2024,2024,11,2024-W11,427,428,1,xgboost_epidemiology,0.0,0.43700868
Taiwan,2023,2024,2024,12,2024-W12,428,429,1,xgboost_epidemiology,1.0,0.55984706
Taiwan,2023,2024,2024,13,2024-W13,429,430,1,xgboost_epidemiology,3.0,0.4446737
Taiwan,2023,2024,2024,14,2024-W14,430,431,1,xgboost_epidemiology,1.0,1.4504694
Taiwan,2023,2024,2024,15,2024-W15,431,432,1,xgboost_epidemiology,6.0,0.6716204
Taiwan,2023,2024,2024,16,2024-W16,432,433,1,xgboost_epidemiology,1.0,3.1836817
Taiwan,2023,2024,2024,17,2024-W17,433,434,1,xgboost_epidemiology,1.0,1.2178315
Taiwan,2023,2024,2024,18,2024-W18,434,435,1,xgboost_epidemiology,0.0,0.45537055
Taiwan,2023,2024,2024,19,2024-W19,435,436,1,xgboost_epidemiology,0.0,0.4365294
Taiwan,2023,2024,2024,20,2024-W20,436,437,1,xgboost_epidemiology,0.0,0.24714214
Taiwan,2023,2024,2024,21,2024-W21,437,438,1,xgboost_epidemiology,0.0,0.58186746
Taiwan,2023,2024,2024,22,2024-W22,438,439,1,xgboost_epidemiology,2.0,1.022022
Taiwan,2023,2024,2024,23,2024-W23,439,440,1,xgboost_epidemiology,0.0,2.4371808
Taiwan,2023,2024,2024,24,2024-W24,440,441,1,xgboost_epidemiology,0.0,0.3330998
Taiwan,2023,2024,2024,25,2024-W25,441,442,1,xgboost_epidemiology,0.0,0.929618
Taiwan,2023,2024,2024,26,2024-W26,442,443,1,xgboost_epidemiology,0.0,0.874555
Taiwan,2023,2024,2024,27,2024-W27,443,444,1,xgboost_epidemiology,0.0,1.6702302
Taiwan,2023,2024,2024,28,2024-W28,444,445,1,xgboost_epidemiology,0.0,0.32248643
Taiwan,2023,2024,2024,29,2024-W29,445,446,1,xgboost_epidemiology,0.0,0.31835872
Taiwan,2023,2024,2024,30,2024-W30,446,447,1,xgboost_epidemiology,0.0,0.2915318
Taiwan,2023,2024,2024,31,2024-W31,447,448,1,xgboost_epidemiology,0.0,0.12328849
Taiwan,2023,2024,2024,32,2024-W32,448,449,1,xgboost_epidemiology,0.0,0.09059737
Taiwan,2023,2024,2024,33,2024-W33,449,450,1,xgboost_epidemiology,0.0,0.07803327
Taiwan,2023,2024,2024,34,2024-W34,450,451,1,xgboost_epidemiology,0.0,0.017401537
Taiwan,2023,2024,2024,35,2024-W35,451,452,1,xgboost_epidemiology,0.0,0.020408086
Taiwan,2023,2024,2024,36,2024-W36,452,453,1,xgboost_epidemiology,3.0,0.092445835
Taiwan,2023,2024,2024,37,2024-W37,453,454,1,xgboost_epidemiology,28.0,2.158139
Taiwan,2023,2024,2024,38,2024-W38,454,455,1,xgboost_epidemiology,31.0,16.530067
Taiwan,2023,2024,2024,39,2024-W39,455,456,1,xgboost_epidemiology,5.0,24.713116
Taiwan,2023,2024,2024,40,2024-W40,456,457,1,xgboost_epidemiology,4.0,5.62684
Taiwan,2023,2024,2024,41,2024-W41,457,458,1,xgboost_epidemiology,3.0,4.0870037
Taiwan,2023,2024,2024,42,2024-W42,458,459,1,xgboost_epidemiology,5.0,1.0976713
Taiwan,2023,2024,2024,43,2024-W43,459,460,1,xgboost_epidemiology,2.0,0.75131416
Taiwan,2023,2024,2024,44,2024-W44,460,461,1,xgboost_epidemiology,2.0,0.7766254
Taiwan,2023,2024,2024,45,2024-W45,461,462,1,xgboost_epidemiology,0.0,0.44604486
Taiwan,2023,2024,2024,46,2024-W46,462,463,1,xgboost_epidemiology,1.0,0.62855285
Taiwan,2023,2024,2024,47,2024-W47,463,464,1,xgboost_epidemiology,1.0,0.55372167
Taiwan,2023,2024,2024,48,2024-W48,464,465,1,xgboost_epidemiology,0.0,0.12472867
Taiwan,2023,2024,2024,49,2024-W49,465,466,1,xgboost_epidemiology,2.0,0.0
Taiwan,2023,2024,2024,50,2024-W50,466,467,1,xgboost_epidemiology,1.0,0.4987116
Taiwan,2023,2024,2024,51,2024-W51,467,468,1,xgboost_epidemiology,1.0,1.925413
Taiwan,2023,2024,2024,1,2024-W01,417,419,2,xgboost_climate,24.0,34.616627
Taiwan,2023,2024,2024,2,2024-W02,418,420,2,xgboost_climate,12.0,27.943426
Taiwan,2023,2024,2024,3,2024-W03,419,421,2,xgboost_climate,7.0,23.183155
Taiwan,2023,2024,2024,4,2024-W04,420,422,2,xgboost_climate,4.0,16.122969
Taiwan,2023,2024,2024,5,2024-W05,421,423,2,xgboost_climate,7.0,2.7750072
Taiwan,2023,2024,2024,6,2024-W06,422,424,2,xgboost_climate,18.0,1.6802636
Taiwan,2023,2024,2024,7,2024-W07,423,425,2,xgboost_climate,4.0,1.9253482
Taiwan,2023,2024,2024,8,2024-W08,424,426,2,xgboost_climate,1.0,1.5666364
Taiwan,2023,2024,2024,9,2024-W09,425,427,2,xgboost_climate,1.0,0.7945149
Taiwan,2023,2024,2024,10,2024-W10,426,428,2,xgboost_climate,0.0,0.17784452
Taiwan,2023,2024,2024,11,2024-W11,427,429,2,xgboost_climate,1.0,0.28990653
Taiwan,2023,2024,2024,12,2024-W12,428,430,2,xgboost_climate,3.0,0.42264113
Taiwan,2023,2024,2024,13,2024-W13,429,431,2,xgboost_climate,1.0,0.61330193
Taiwan,2023,2024,2024,14,2024-W14,430,432,2,xgboost_climate,6.0,0.7223835
Taiwan,2023,2024,2024,15,2024-W15,431,433,2,xgboost_climate,1.0,0.20773803
Taiwan,2023,2024,2024,16,2024-W16,432,434,2,xgboost_climate,1.0,0.8209775
Taiwan,2023,2024,2024,17,2024-W17,433,435,2,xgboost_climate,0.0,0.36377013
Taiwan,2023,2024,2024,18,2024-W18,434,436,2,xgboost_climate,0.0,0.61528474
Taiwan,2023,2024,2024,19,2024-W19,435,437,2,xgboost_climate,0.0,0.13564551
Taiwan,2023,2024,2024,20,2024-W20,436,438,2,xgboost_climate,0.0,0.8999371
Taiwan,2023,2024,2024,21,2024-W21,437,439,2,xgboost_climate,2.0,1.2726578
Taiwan,2023,2024,2024,22,2024-W22,438,440,2,xgboost_climate,0.0,0.0
Taiwan,2023,2024,2024,23,2024-W23,439,441,2,xgboost_climate,0.0,2.5313497
Taiwan,2023,2024,2024,24,2024-W24,440,442,2,xgboost_climate,0.0,1.2688285
Taiwan,2023,2024,2024,25,2024-W25,441,443,2,xgboost_climate,0.0,1.1005702
Taiwan,2023,2024,2024,26,2024-W26,442,444,2,xgboost_climate,0.0,1.678896
Taiwan,2023,2024,2024,27,2024-W27,443,445,2,xgboost_climate,0.0,1.7005317
Taiwan,2023,2024,2024,28,2024-W28,444,446,2,xgboost_climate,0.0,1.0330913
Taiwan,2023,2024,2024,29,2024-W29,445,447,2,xgboost_climate,0.0,0.53805953
Taiwan,2023,2024,2024,30,2024-W30,446,448,2,xgboost_climate,0.0,0.0
Taiwan,2023,2024,2024,31,2024-W31,447,449,2,xgboost_climate,0.0,0.0
Taiwan,2023,2024,2024,32,2024-W32,448,450,2,xgboost_climate,0.0,0.0
Taiwan,2023,2024,2024,33,2024-W33,449,451,2,xgboost_climate,0.0,0.41673148
Taiwan,2023,2024,2024,34,2024-W34,450,452,2,xgboost_climate,0.0,0.98836386
Taiwan,2023,2024,2024,35,2024-W35,451,453,2,xgboost_climate,3.0,0.36801577
Taiwan,2023,2024,2024,36,2024-W36,452,454,2,xgboost_climate,28.0,1.0730352
Taiwan,2023,2024,2024,37,2024-W37,453,455,2,xgboost_climate,31.0,2.0478811
Taiwan,2023,2024,2024,38,2024-W38,454,456,2,xgboost_climate,5.0,21.811037
Taiwan,2023,2024,2024,39,2024-W39,455,457,2,xgboost_climate,4.0,32.07133
Taiwan,2023,2024,2024,40,2024-W40,456,458,2,xgboost_climate,3.0,5.0760584
Taiwan,2023,2024,2024,41,2024-W41,457,459,2,xgboost_climate,5.0,1.2743884
Taiwan,2023,2024,2024,42,2024-W42,458,460,2,xgboost_climate,2.0,1.9781169
Taiwan,2023,2024,2024,43,2024-W43,459,461,2,xgboost_climate,2.0,1.363532
Taiwan,2023,2024,2024,44,2024-W44,460,462,2,xgboost_climate,0.0,0.7669516
Taiwan,2023,2024,2024,45,2024-W45,461,463,2,xgboost_climate,1.0,1.087287
Taiwan,2023,2024,2024,46,2024-W46,462,464,2,xgboost_climate,1.0,0.1821191
Taiwan,2023,2024,2024,47,2024-W47,463,465,2,xgboost_climate,0.0,0.66804343
Taiwan,2023,2024,2024,48,2024-W48,464,466,2,xgboost_climate,2.0,0.7586456
Taiwan,2023,2024,2024,49,2024-W49,465,467,2,xgboost_climate,1.0,0.47467074
Taiwan,2023,2024,2024,50,2024-W50,466,468,2,xgboost_climate,1.0,2.4919689
Taiwan,2023,2024,2024,1,2024-W01,417,419,2,xgboost_epidemiology,24.0,61.505756
Taiwan,2023,2024,2024,2,2024-W02,418,420,2,xgboost_epidemiology,12.0,44.314724
Taiwan,2023,2024,2024,3,2024-W03,419,421,2,xgboost_epidemiology,7.0,37.397224
Taiwan,2023,2024,2024,4,2024-W04,420,422,2,xgboost_epidemiology,4.0,13.812774
Taiwan,2023,2024,2024,5,2024-W05,421,423,2,xgboost_epidemiology,7.0,3.448056
Taiwan,2023,2024,2024,6,2024-W06,422,424,2,xgboost_epidemiology,18.0,3.0161276
Taiwan,2023,2024,2024,7,2024-W07,423,425,2,xgboost_epidemiology,4.0,2.5654836
Taiwan,2023,2024,2024,8,2024-W08,424,426,2,xgboost_epidemiology,1.0,4.5562477
Taiwan,2023,2024,2024,9,2024-W09,425,427,2,xgboost_epidemiology,1.0,0.8938599
Taiwan,2023,2024,2024,10,2024-W10,426,428,2,xgboost_epidemiology,0.0,0.56167346
Taiwan,2023,2024,2024,11,2024-W11,427,429,2,xgboost_epidemiology,1.0,0.97724015
Taiwan,2023,2024,2024,12,2024-W12,428,430,2,xgboost_epidemiology,3.0,0.5503309
Taiwan,2023,2024,2024,13,2024-W13,429,431,2,xgboost_epidemiology,1.0,0.45930347
Taiwan,2023,2024,2024,14,2024-W14,430,432,2,xgboost_epidemiology,6.0,1.7897167
Taiwan,2023,2024,2024,15,2024-W15,431,433,2,xgboost_epidemiology,1.0,0.71328133
Taiwan,2023,2024,2024,16,2024-W16,432,434,2,xgboost_epidemiology,1.0,4.3104825
Taiwan,2023,2024,2024,17,2024-W17,433,435,2,xgboost_epidemiology,0.0,1.1318536
Taiwan,2023,2024,2024,18,2024-W18,434,436,2,xgboost_epidemiology,0.0,0.5560307
Taiwan,2023,2024,2024,19,2024-W19,435,437,2,xgboost_epidemiology,0.0,0.14830337
Taiwan,2023,2024,2024,20,2024-W20,436,438,2,xgboost_epidemiology,0.0,1.481516
Taiwan,2023,2024,2024,21,2024-W21,437,439,2,xgboost_epidemiology,2.0,1.7375945
Taiwan,2023,2024,2024,22,2024-W22,438,440,2,xgboost_epidemiology,0.0,0.52561677
Taiwan,2023,2024,2024,23,2024-W23,439,441,2,xgboost_epidemiology,0.0,5.090055
Taiwan,2023,2024,2024,24,2024-W24,440,442,2,xgboost_epidemiology,0.0,0.9579562
Taiwan,2023,2024,2024,25,2024-W25,441,443,2,xgboost_epidemiology,0.0,0.72350115
Taiwan,2023,2024,2024,26,2024-W26,442,444,2,xgboost_epidemiology,0.0,0.5739531
Taiwan,2023,2024,2024,27,2024-W27,443,445,2,xgboost_epidemiology,0.0,1.5393095
Taiwan,2023,2024,2024,28,2024-W28,444,446,2,xgboost_epidemiology,0.0,0.60257596
Taiwan,2023,2024,2024,29,2024-W29,445,447,2,xgboost_epidemiology,0.0,0.5468234
Taiwan,2023,2024,2024,30,2024-W30,446,448,2,xgboost_epidemiology,0.0,0.16375302
Taiwan,2023,2024,2024,31,2024-W31,447,449,2,xgboost_epidemiology,0.0,0.45547727
Taiwan,2023,2024,2024,32,2024-W32,448,450,2,xgboost_epidemiology,0.0,0.038165607
Taiwan,2023,2024,2024,33,2024-W33,449,451,2,xgboost_epidemiology,0.0,0.010852522
Taiwan,2023,2024,2024,34,2024-W34,450,452,2,xgboost_epidemiology,0.0,0.06791139
Taiwan,2023,2024,2024,35,2024-W35,451,453,2,xgboost_epidemiology,3.0,0.09448916
Taiwan,2023,2024,2024,36,2024-W36,452,454,2,xgboost_epidemiology,28.0,0.24193135
Taiwan,2023,2024,2024,37,2024-W37,453,455,2,xgboost_epidemiology,31.0,0.7642503
Taiwan,2023,2024,2024,38,2024-W38,454,456,2,xgboost_epidemiology,5.0,11.190455
Taiwan,2023,2024,2024,39,2024-W39,455,457,2,xgboost_epidemiology,4.0,17.899366
Taiwan,2023,2024,2024,40,2024-W40,456,458,2,xgboost_epidemiology,3.0,2.208646
Taiwan,2023,2024,2024,41,2024-W41,457,459,2,xgboost_epidemiology,5.0,0.4127581
Taiwan,2023,2024,2024,42,2024-W42,458,460,2,xgboost_epidemiology,2.0,0.3169872
Taiwan,2023,2024,2024,43,2024-W43,459,461,2,xgboost_epidemiology,2.0,0.4813343
Taiwan,2023,2024,2024,44,2024-W44,460,462,2,xgboost_epidemiology,0.0,0.4602634
Taiwan,2023,2024,2024,45,2024-W45,461,463,2,xgboost_epidemiology,1.0,0.80654067
Taiwan,2023,2024,2024,46,2024-W46,462,464,2,xgboost_epidemiology,1.0,0.7866567
Taiwan,2023,2024,2024,47,2024-W47,463,465,2,xgboost_epidemiology,0.0,0.24620213
Taiwan,2023,2024,2024,48,2024-W48,464,466,2,xgboost_epidemiology,2.0,0.0
Taiwan,2023,2024,2024,49,2024-W49,465,467,2,xgboost_epidemiology,1.0,0.14132062
Taiwan,2023,2024,2024,50,2024-W50,466,468,2,xgboost_epidemiology,1.0,0.89973795
Taiwan,2023,2024,2024,1,2024-W01,417,421,4,xgboost_climate,7.0,22.406057
Taiwan,2023,2024,2024,2,2024-W02,418,422,4,xgboost_climate,4.0,13.397312
Taiwan,2023,2024,2024,3,2024-W03,419,423,4,xgboost_climate,7.0,12.791383
Taiwan,2023,2024,2024,4,2024-W04,420,424,4,xgboost_climate,18.0,16.309164
Taiwan,2023,2024,2024,5,2024-W05,421,425,4,xgboost_climate,4.0,4.3625984
Taiwan,2023,2024,2024,6,2024-W06,422,426,4,xgboost_climate,1.0,2.0017772
Taiwan,2023,2024,2024,7,2024-W07,423,427,4,xgboost_climate,1.0,2.1143696
Taiwan,2023,2024,2024,8,2024-W08,424,428,4,xgboost_climate,0.0,0.77393997
Taiwan,2023,2024,2024,9,2024-W09,425,429,4,xgboost_climate,1.0,0.57519853
Taiwan,2023,2024,2024,10,2024-W10,426,430,4,xgboost_climate,3.0,0.1574357
Taiwan,2023,2024,2024,11,2024-W11,427,431,4,xgboost_climate,1.0,1.8254693
Taiwan,2023,2024,2024,12,2024-W12,428,432,4,xgboost_climate,6.0,0.7645026
Taiwan,2023,2024,2024,13,2024-W13,429,433,4,xgboost_climate,1.0,1.1403916
Taiwan,2023,2024,2024,14,2024-W14,430,434,4,xgboost_climate,1.0,0.8203977
Taiwan,2023,2024,2024,15,2024-W15,431,435,4,xgboost_climate,0.0,2.0583472
Taiwan,2023,2024,2024,16,2024-W16,432,436,4,xgboost_climate,0.0,4.2499
Taiwan,2023,2024,2024,17,2024-W17,433,437,4,xgboost_climate,0.0,0.32140577
Taiwan,2023,2024,2024,18,2024-W18,434,438,4,xgboost_climate,0.0,0.8061119
Taiwan,2023,2024,2024,19,2024-W19,435,439,4,xgboost_climate,2.0,1.3981533
Taiwan,2023,2024,2024,20,2024-W20,436,440,4,xgboost_climate,0.0,0.26937738
Taiwan,2023,2024,2024,21,2024-W21,437,441,4,xgboost_climate,0.0,0.5840881
Taiwan,2023,2024,2024,22,2024-W22,438,442,4,xgboost_climate,0.0,0.54180765
Taiwan,2023,2024,2024,23,2024-W23,439,443,4,xgboost_climate,0.0,9.636461
Taiwan,2023,2024,2024,24,2024-W24,440,444,4,xgboost_climate,0.0,2.8790615
Taiwan,2023,2024,2024,25,2024-W25,441,445,4,xgboost_climate,0.0,1.4703476
Taiwan,2023,2024,2024,26,2024-W26,442,446,4,xgboost_climate,0.0,0.8038694
Taiwan,2023,2024,2024,27,2024-W27,443,447,4,xgboost_climate,0.0,0.7764328
Taiwan,2023,2024,2024,28,2024-W28,444,448,4,xgboost_climate,0.0,0.28226298
Taiwan,2023,2024,2024,29,2024-W29,445,449,4,xgboost_climate,0.0,0.0
Taiwan,2023,2024,2024,30,2024-W30,446,450,4,xgboost_climate,0.0,0.0
Taiwan,2023,2024,2024,31,2024-W31,447,451,4,xgboost_climate,0.0,0.047551516
Taiwan,2023,2024,2024,32,2024-W32,448,452,4,xgboost_climate,0.0,0.7843226
Taiwan,2023,2024,2024,33,2024-W33,449,453,4,xgboost_climate,3.0,0.11336232
Taiwan,2023,2024,2024,34,2024-W34,450,454,4,xgboost_climate,28.0,1.1042808
Taiwan,2023,2024,2024,35,2024-W35,451,455,4,xgboost_climate,31.0,1.189904
Taiwan,2023,2024,2024,36,2024-W36,452,456,4,xgboost_climate,5.0,1.3665171
Taiwan,2023,2024,2024,37,2024-W37,453,457,4,xgboost_climate,4.0,2.57627
Taiwan,2023,2024,2024,38,2024-W38,454,458,4,xgboost_climate,3.0,24.90308
Taiwan,2023,2024,2024,39,2024-W39,455,459,4,xgboost_climate,5.0,16.137691
Taiwan,2023,2024,2024,40,2024-W40,456,460,4,xgboost_climate,2.0,2.7086525
Taiwan,2023,2024,2024,41,2024-W41,457,461,4,xgboost_climate,2.0,0.77025384
Taiwan,2023,2024,2024,42,2024-W42,458,462,4,xgboost_climate,0.0,1.4795434
Taiwan,2023,2024,2024,43,2024-W43,459,463,4,xgboost_climate,1.0,1.2402936
Taiwan,2023,2024,2024,44,2024-W44,460,464,4,xgboost_climate,1.0,0.10884031
Taiwan,2023,2024,2024,45,2024-W45,461,465,4,xgboost_climate,0.0,1.2518679
Taiwan,2023,2024,2024,46,2024-W46,462,466,4,xgboost_climate,2.0,0.46827266
Taiwan,2023,2024,2024,47,2024-W47,463,467,4,xgboost_climate,1.0,0.42720598
Taiwan,2023,2024,2024,48,2024-W48,464,468,4,xgboost_climate,1.0,2.1293395
Taiwan,2023,2024,2024,1,2024-W01,417,421,4,xgboost_epidemiology,7.0,14.650954
Taiwan,2023,2024,2024,2,2024-W02,418,422,4,xgboost_epidemiology,4.0,26.125265
Taiwan,2023,2024,2024,3,2024-W03,419,423,4,xgboost_epidemiology,7.0,15.854061
Taiwan,2023,2024,2024,4,2024-W04,420,424,4,xgboost_epidemiology,18.0,21.687752
Taiwan,2023,2024,2024,5,2024-W05,421,425,4,xgboost_epidemiology,4.0,5.145439
Taiwan,2023,2024,2024,6,2024-W06,422,426,4,xgboost_epidemiology,1.0,3.2820613
Taiwan,2023,2024,2024,7,2024-W07,423,427,4,xgboost_epidemiology,1.0,2.65964
Taiwan,2023,2024,2024,8,2024-W08,424,428,4,xgboost_epidemiology,0.0,1.9646443
Taiwan,2023,2024,2024,9,2024-W09,425,429,4,xgboost_epidemiology,1.0,1.1107495
Taiwan,2023,2024,2024,10,2024-W10,426,430,4,xgboost_epidemiology,3.0,0.76713777
Taiwan,2023,2024,2024,11,2024-W11,427,431,4,xgboost_epidemiology,1.0,0.6601707
Taiwan,2023,2024,2024,12,2024-W12,428,432,4,xgboost_epidemiology,6.0,0.15964432
Taiwan,2023,2024,2024,13,2024-W13,429,433,4,xgboost_epidemiology,1.0,0.10947242
Taiwan,2023,2024,2024,14,2024-W14,430,434,4,xgboost_epidemiology,1.0,3.5762303
Taiwan,2023,2024,2024,15,2024-W15,431,435,4,xgboost_epidemiology,0.0,2.8732364
Taiwan,2023,2024,2024,16,2024-W16,432,436,4,xgboost_epidemiology,0.0,12.648955
Taiwan,2023,2024,2024,17,2024-W17,433,437,4,xgboost_epidemiology,0.0,1.6533792
Taiwan,2023,2024,2024,18,2024-W18,434,438,4,xgboost_epidemiology,0.0,2.0427518
Taiwan,2023,2024,2024,19,2024-W19,435,439,4,xgboost_epidemiology,2.0,2.9884605
Taiwan,2023,2024,2024,20,2024-W20,436,440,4,xgboost_epidemiology,0.0,1.2910266
Taiwan,2023,2024,2024,21,2024-W21,437,441,4,xgboost_epidemiology,0.0,0.87741506
Taiwan,2023,2024,2024,22,2024-W22,438,442,4,xgboost_epidemiology,0.0,1.1375003
Taiwan,2023,2024,2024,23,2024-W23,439,443,4,xgboost_epidemiology,0.0,9.038038
Taiwan,2023,2024,2024,24,2024-W24,440,444,4,xgboost_epidemiology,0.0,3.8408248
Taiwan,2023,2024,2024,25,2024-W25,441,445,4,xgboost_epidemiology,0.0,1.2474642
Taiwan,2023,2024,2024,26,2024-W26,442,446,4,xgboost_epidemiology,0.0,0.7162167
Taiwan,2023,2024,2024,27,2024-W27,443,447,4,xgboost_epidemiology,0.0,0.5441015
Taiwan,2023,2024,2024,28,2024-W28,444,448,4,xgboost_epidemiology,0.0,0.4249497
Taiwan,2023,2024,2024,29,2024-W29,445,449,4,xgboost_epidemiology,0.0,0.32977784
Taiwan,2023,2024,2024,30,2024-W30,446,450,4,xgboost_epidemiology,0.0,0.2346135
Taiwan,2023,2024,2024,31,2024-W31,447,451,4,xgboost_epidemiology,0.0,0.352428
Taiwan,2023,2024,2024,32,2024-W32,448,452,4,xgboost_epidemiology,0.0,0.1461278
Taiwan,2023,2024,2024,33,2024-W33,449,453,4,xgboost_epidemiology,3.0,0.2407424
Taiwan,2023,2024,2024,34,2024-W34,450,454,4,xgboost_epidemiology,28.0,0.28064293
Taiwan,2023,2024,2024,35,2024-W35,451,455,4,xgboost_epidemiology,31.0,0.29299822
Taiwan,2023,2024,2024,36,2024-W36,452,456,4,xgboost_epidemiology,5.0,0.27444443
Taiwan,2023,2024,2024,37,2024-W37,453,457,4,xgboost_epidemiology,4.0,0.68062824
Taiwan,2023,2024,2024,38,2024-W38,454,458,4,xgboost_epidemiology,3.0,7.41374
Taiwan,2023,2024,2024,39,2024-W39,455,459,4,xgboost_epidemiology,5.0,9.3517275
Taiwan,2023,2024,2024,40,2024-W40,456,460,4,xgboost_epidemiology,2.0,0.9118087
Taiwan,2023,2024,2024,41,2024-W41,457,461,4,xgboost_epidemiology,2.0,0.09495957
Taiwan,2023,2024,2024,42,2024-W42,458,462,4,xgboost_epidemiology,0.0,0.23763673
Taiwan,2023,2024,2024,43,2024-W43,459,463,4,xgboost_epidemiology,1.0,0.19845606
Taiwan,2023,2024,2024,44,2024-W44,460,464,4,xgboost_epidemiology,1.0,0.23282644
Taiwan,2023,2024,2024,45,2024-W45,461,465,4,xgboost_epidemiology,0.0,0.544915
Taiwan,2023,2024,2024,46,2024-W46,462,466,4,xgboost_epidemiology,2.0,0.9937922
Taiwan,2023,2024,2024,47,2024-W47,463,467,4,xgboost_epidemiology,1.0,0.32387167
Taiwan,2023,2024,2024,48,2024-W48,464,468,4,xgboost_epidemiology,1.0,1.1543716
